{
    "domain": "aaxads.com",
    "owner": {
        "name": "Acceptable Ads Exchange",
        "displayName": "Acceptable Ads Exchange"
    },
    "source": [
        "DuckDuckGo-AU"
    ],
    "prevalence": 0.00501,
    "sites": 50,
    "subdomains": [
        "c",
        "l3"
    ],
    "cnames": [],
    "fingerprinting": 2,
    "resources": [
        {
            "rule": "aaxads\\.com\\/aax\\.js",
            "cookies": 0.00481,
            "fingerprinting": 2,
            "subdomains": [
                "c"
            ],
            "apis": {
                "Navigator.prototype.userAgent": 46,
                "Date.prototype.getTimezoneOffset": 46,
                "window.sessionStorage": 46,
                "Date.prototype.getTime": 46,
                "Document.cookie getter": 46,
                "window.localStorage": 43,
                "Document.cookie setter": 46,
                "Document.prototype.interestCohort": 46
            },
            "sites": 50,
            "prevalence": 0.00501,
            "cnames": [],
            "responseHashes": [
                "6740440e5d238fff49ecfca135958ae06ce023514a9ebb97e6a5c543f27eea36",
                "df1e25e3304c1bbea866454aa9c02dffce8c2dbe82717d3c4d65d13fc163fae5",
                "3d78f9fccde97c12871603f4b1bd56d7a348d8bec3448a121819fa642f386bfa",
                "1c8989c8278aad049587f716ae277235fdce2abf163753487c8bcb2c534cbdee",
                "119df37a1f1fc9e0785788fdad2ef0d21c2ae999636f2f9d46c3f29db8d60e46",
                "4773041abb29392e6ed8528dce0d5010ac1163edaaa7406ed315ba341123d88d",
                "8e546f29434c4ac09bc7cfef86a27f3572e4fa9e431bba8fb5b9146256cc8a9a",
                "5c795ba1acaa3edd21d8e7a92cba52ff95ce95760e254a6417a0d2e9c96ed3d2",
                "1072d71e854e54860601b057e53adcf884779f0c08d7da819484e9b7e529d87e",
                "aaad75cb23fc95622a705602621b082afc80d81e3654118c3cd5cdf6626a148b",
                "4c251a77219a86fe90810adef212922ce350dcad4368899695722989b341965b",
                "7304b30557e1f2bb035a05d5ca91542a0ff94cc6a25bb3367e0d6be7c7979507",
                "abce2a5e724f73cc2e4899703bc83ecfe09e5d412036d093c8d3c30095da135c",
                "dcb5c141a2343d01522395cbdb4d3b6ca8f60ed94d3a58778b5129d22465bbad",
                "1f7afbbbcb21bbde59c638ad13743da5ed544a027862df88fd0f652609a03401",
                "4d9308a318f9e35e246346eff5087e7485e7a58c95c63a96f365a317492019ab",
                "bbbb243b61bac8732f6e0f526237be33dc029ee6b4651937a0d94bea6dec5687",
                "b653f96a8b5940f37fca025d688019c7bd032b1c67c3c218ea87cd2bc208b0dd",
                "087f048be8769c4d8adecc00984eec61c2b22ab637c775f31b2b4a5e5f61661f",
                "dd64fbe211e1cc0a5cb29fc286c5194cb6866dad64fb9a98ebf68ccda760e6ac",
                "5b6e80b9c3aee2d2f68563f5a0c278e16b70c905b293640ae836c821902aff91",
                "3acb97c0a2b5ee7802e4e4ca34a77c8155238f077719067aeefba919bbcf9a5c",
                "23b0e775949ab7fd1987e5497f998ec01a2db3b4466086ec6c5f0136a4ad6904",
                "a20dea10ee3df8e4253c02a93a68b017ce60702a3e8c2ee4b5da5ccc5b725307",
                "b0911e0800fbb6a81742d254d5cb003a67e1f3909b6a8dddcffdc29a1fec26f3",
                "3e93e19619f539424675682619fc3499a57265a1b2802477f9075603d452f306",
                "a00f218a25d763b9e1bba2b6384ec049870adf3be732fd9f2259fd62188c870a",
                "5e7026a91814c0bda0e6f4eee3e68128335f050cb6bcc5c9ce4d092dc15f64dd",
                "e225c548fb6929db6912f1da07746fb20b622d275a9d321fcbc1b835eb525d81",
                "02123bea8ec94c86899a2e054709eb6a2e0b7a9680c230631ab2cddd0324ac15",
                "f0210345cd56450e8a39ebe0fc3bb1fc35b9fcde2a2b4f9d458f745a97593389",
                "5ea0cfd82cab8f044063c7b4a755af700d53f05e8ddc54f95508183096e938dc",
                "17f46640d419fda90f88fc99cfb4bfdcc956039b91d77800764857a782553d47",
                "bf33854d63526cd0b0bc6b00cb8edb4704bb824f405445a879fe745b82ae7a76",
                "f30ee232fdda62dc4b27962a87f313e9260de7896a5288e48f76ac343d319f2a",
                "9a9f842e2edc53c593d04865fedf0bb884e0c189b1fcdc34b1239423a7ea9839",
                "fe64dac13400f786fb339a111c7905b99c4451ed3562eb91543f76ecca439a2e",
                "b19bc2ba5bacd7d0360fc8dcbcd0e9eddb95f406952b7ce619dafb70c149c54d",
                "5b9b37379d313d367e535637b7312b849047e33b97b1bdba861d0fd8c2eb4727",
                "0498b6ef272a65ee19b43f22b026a5f0abb21c777c4e0bc3e18522f19ff7134d",
                "895b86e58cdf2b948bc38661605158ef08cce1a77f76ffc57a594871b810fa98",
                "81fa50f00af1f3d9965e2693842009c480723109ef7e0ac1834a33f5e43c769c",
                "898d2fc17204de9879f8a170a10a5ad1ddb239a4d43e23bc91353bb3b5d25bba",
                "0462eeb4e129ba37f7adb3497776df1137d44d126f255bf2994068b979ec8dcf",
                "0f3f2f6df4d034dc632f1dea6e75bcc447825c218300100eb8a173d36c97427f"
            ],
            "type": "Script",
            "firstPartyCookies": {
                "aasd": {
                    "ttl": null,
                    "length": 17,
                    "prevalence": 0.004611991177060357,
                    "uniqueness": 1
                },
                "__aaxsc": {
                    "ttl": null,
                    "length": 1,
                    "prevalence": 0.004511730499298175,
                    "uniqueness": 0.022222222222222223
                }
            },
            "firstPartyCookiesSent": {
                "get_top_level_domain_cookie": 0.000300782033286545
            },
            "exampleSites": [
                "seekingalpha.com",
                "thehill.com",
                "www.cosmopolitan.com",
                "www.forbes.com",
                "www.realclearpolitics.com",
                "www.prevention.com",
                "www.cars.com",
                "gamepress.gg",
                "ezgif.com",
                "www.motorsport.com",
                "www.popularmechanics.com",
                "www.realclearscience.com",
                "slashdot.org",
                "cleantechnica.com",
                "www.goodhousekeeping.com",
                "www.silverdoctors.com",
                "ccm.net",
                "www.techadvisor.com",
                "www.esquire.com",
                "www.timesofisrael.com"
            ]
        },
        {
            "rule": "aaxads\\.com\\/pxusr\\.gif",
            "cookies": 0,
            "fingerprinting": 0,
            "subdomains": [
                "c"
            ],
            "apis": {},
            "sites": 47,
            "prevalence": 0.00471,
            "cnames": [],
            "responseHashes": [
                "98a0042a738c734a35ac3fb37650f46704f20adbf9ff588c4fc6ce49f8643628"
            ],
            "type": "Image",
            "firstPartyCookies": {},
            "firstPartyCookiesSent": {},
            "exampleSites": [
                "seekingalpha.com",
                "thehill.com",
                "www.cosmopolitan.com",
                "www.forbes.com",
                "www.stuff.co.nz",
                "www.realclearscience.com",
                "www.convertunits.com",
                "www.countryliving.com",
                "www.timesofisrael.com",
                "www.macworld.co.uk",
                "www.seventeen.com",
                "www.motorsport.com",
                "rateyourmusic.com",
                "gamepress.gg",
                "www.harpersbazaar.com",
                "www.silverdoctors.com",
                "www.realclearpolitics.com",
                "legalinsurrection.com",
                "www.menshealth.com",
                "www.townandcountrymag.com"
            ]
        },
        {
            "rule": "aaxads\\.com\\/log",
            "cookies": 0,
            "fingerprinting": 0,
            "subdomains": [
                "l3"
            ],
            "apis": {},
            "sites": 46,
            "prevalence": 0.00461,
            "cnames": [],