{
    "domain": "adalyser.com",
    "owner": {
        "name": "OneSoon Ltd",
        "displayName": "OneSoon"
    },
    "source": [
        "DuckDuckGo-AU"
    ],
    "prevalence": 0.00181,
    "sites": 18,
    "subdomains": [
        "c5",
        "c0"
    ],
    "cnames": [],
    "fingerprinting": 1,
    "resources": [
        {
            "rule": "adalyser\\.com\\/adalyser\\.js",
            "cookies": 0.00181,
            "fingerprinting": 1,
            "subdomains": [
                "c5",
                "c0"
            ],
            "apis": {
                "Navigator.prototype.userAgent": 18,
                "Navigator.prototype.language": 18,
                "Date.prototype.getTime": 18,
                "window.localStorage": 18,
                "Document.cookie setter": 18,
                "Document.cookie getter": 18
            },
            "sites": 18,
            "prevalence": 0.00181,
            "cnames": [],
            "responseHashes": [
                "c1b356f3f76ac3ce3f19997f63fa181cb9d05cd531eb1ee612ce69a2a57fa56f",
                "fd2c07b20d515291e0c7a3dd9f31f1fb211f6e027bfe25559b34e2c10642d4ac",
                "300c4434f462167751e0183f7222f4e876e4511f77682850101e08adf6770883",
                "4a9b6603ef41adb1bea50a3b32b75d3cb2b3b836e78bcbdbcb2b71ac41b882a9"
            ],
            "type": "Script",
            "firstPartyCookies": {
                "__adal_ses": {
                    "ttl": 1809,
                    "length": 1,
                    "prevalence": 0.0018059596669007724,
                    "uniqueness": 0.05555555555555555
                },
                "__adal_id": {
                    "ttl": 63072009,
                    "length": 108,
                    "prevalence": 0.0018059596669007724,
                    "uniqueness": 1
                },
                "__adal_ca": {
                    "ttl": 15552009,
                    "length": 90,
                    "prevalence": 0.0018059596669007724,
                    "uniqueness": 0.1111111111111111
                },
                "__adal_cw": {
                    "ttl": 604809,
                    "length": 13,
                    "prevalence": 0.0018059596669007724,
                    "uniqueness": 1
                }
            },
            "firstPartyCookiesSent": {},
            "exampleSites": [
                "boohoo.com",
                "mystate.com.au",
                "theathletic.com",
                "www.avast.com",
                "www.belong.com.au",
                "www.bizcover.com.au",
                "www.care.com",
                "www.ccleaner.com",
                "www.defencejobs.gov.au",
                "www.eharmony.com.au",
                "www.duolingo.com",
                "www.etoro.com",
                "www.hoselink.com.au",
                "www.letsbemates.com.au",
                "www.lovehoney.com.au",
                "www.snapfish.com.au",
                "www.theiconic.com.au",
                "www.westernunion.com"
            ]
        },
        {
            "rule": "adalyser\\.com\\/tracking\\/track\\/v3\\/p",
            "cookies": 0,
            "fingerprinting": 0,
            "subdomains": [
                "c5",
                "c0"
            ],
            "apis": {},
            "sites": 18,
            "prevalence": 0.00181,
            "cnames": [],
            "responseHashes": [
                "d346801abbf9bb4e9e9a055239053d4ab5596514304f601a6c70604187acb744"
            ],
            "type": "Image",
            "firstPartyCookies": {},
            "firstPartyCookiesSent": {
                "__adal_cw": 0.0018059596669007724,
                "km_lv": 0.00010033109260559848,
                "gtm_source": 0.00010033109260559848,
                "gtm_campaignStr": 0.00010033109260559848
            },
            "exampleSites": [
                "boohoo.com",
                "mystate.com.au",
                "theathletic.com",
                "www.avast.com",
                "www.belong.com.au",
                "www.bizcover.com.au",
                "www.care.com",
                "www.ccleaner.com",
                "www.defencejobs.gov.au",
                "www.eharmony.com.au",
                "www.duolingo.com",
                "www.etoro.com",
                "www.hoselink.com.au",
                "www.letsbemates.com.au",
                "www.lovehoney.com.au",
                "www.snapfish.com.au",
                "www.theiconic.com.au",
                "www.westernunion.com"
            ]
        }
    ],
    "categories": [],
    "performance": {},
    "cookies": 0.00181,
    "types": {
        "Script": 18,
        "Image": 18
    },
    "nameservers": [
        "ns10.dnsmadeeasy.com",
        "ns11.dnsmadeeasy.com",
        "ns12.dnsmadeeasy.com",
        "ns13.dnsmadeeasy.com",
        "ns14.dnsmadeeasy.com",
        "ns15.dnsmadeeasy.com"
    ]
}