{
    "domain": "adtarget.com.tr",
    "owner": {},
    "source": [
        "DuckDuckGo-AU"
    ],
    "prevalence": 0.00392,
    "sites": 39,
    "subdomains": [
        "s.console",
        "sync.console"
    ],
    "cnames": [],
    "fingerprinting": 1,
    "resources": [
        {
            "rule": "adtarget\\.com\\.tr\\/sync\\.html",
            "cookies": 0,
            "fingerprinting": 1,
            "subdomains": [
                "s.console"
            ],
            "apis": {
                "Document.cookie getter": 23
            },
            "sites": 39,
            "prevalence": 0.00392,
            "cnames": [],
            "responseHashes": [
                "ee923ce262075cf7277f617e0f33b45232c954513f2ee9caf0d27dc8ea47ad79",
                "401332272d60ca3c294a022966a96c4d342059269e4590d5967c8f515838e2cf",
                "28251b3ccb25e628e7fe68e1818cbb09efdd0e68e0431718b5371c89fe803c16",
                "6099ab8a4e0e5546ed7163bd6aa5d466255ec3265ffb0d79ed82d90405d21c94",
                "293aae845c1a43576178328bd3c4333ee6568c770711f07f1d3c7f79f02b576e",
                "1deda9d809413bb78e31c3fe714c7f58789f8676b708a45b495ea401af8ee219",
                "bb01523d19589d2d38b2dcb5deca7df4bdae714792860f6e52b81febfab6ab3e",
                "e88c4ca7fcd2de4d9d519f530169ca9dc1cf1427df234171c8ecc5b0d7a81d62",
                "6b0f1f53594f45f0d3e1edc6c94030e0c699a293e7904aa5aecad8a76d15046b",
                "823b3d1b3bfce4f9dbc79dab69ac4a98343b99beb9b998f2abc5ede8f5efccf6",
                "69d3c240e14fd932f94a81434fac92be4c55d42ba43de04c7386b9936a2af03a"
            ],
            "type": "Document",
            "firstPartyCookies": {},
            "firstPartyCookiesSent": {},
            "exampleSites": [
                "9gag.com",
                "bulbapedia.bulbagarden.net",
                "www.azlyrics.com",
                "tracker.gg",
                "www.speedrun.com",
                "www.doityourself.com",
                "www.systutorials.com",
                "boingboing.net",
                "www.whosampled.com",
                "www.majorgeeks.com",
                "wordfind.com",
                "mediabiasfactcheck.com",
                "psnprofiles.com",
                "www.unix.com",
                "www.investing.com",
                "www.gizchina.com",
                "radiopaedia.org",
                "www.carls-sims-4-guide.com",
                "www.myinstants.com",
                "www.officetooltips.com"
            ]
        },
        {
            "rule": "adtarget\\.com\\.tr\\/csync",
            "cookies": 0.00291,
            "fingerprinting": 0,
            "subdomains": [
                "sync.console"
            ],
            "apis": {},
            "sites": 31,
            "prevalence": 0.00311,
            "cnames": [],
            "responseHashes": [
                "e3b0c44298fc1c149afbf4c8996fb92427ae41e4649b934ca495991b7852b855",
                "10f9bfa42bb96c99729c9b2fee669803ad9c6fcd434d8d7d60a8dc8f5f7cc331"
            ],
            "type": "Image",
            "firstPartyCookies": {},
            "firstPartyCookiesSent": {},
            "exampleSites": [
                "bulbapedia.bulbagarden.net",
                "www.azlyrics.com",
                "www.systutorials.com",
                "worldpopulationreview.com",
                "www.dcurbanmom.com",
                "www.thefamouspeople.com",
                "www.whosampled.com",
                "www.investing.com",
                "guides.magicgameworld.com",
                "psnprofiles.com",
                "mediabiasfactcheck.com",
                "cod.tracker.gg",
                "readysteadycut.com",
                "geekflare.com",
                "namemc.com",
                "www.unix.com",
                "www.majorgeeks.com",
                "www.acronymfinder.com",
                "www.elyrics.net",
                "www.gizchina.com"
            ]
        },
        {
            "rule": "adtarget\\.com\\.tr\\/csync",
            "cookies": 0.00291,
            "fingerprinting": 0,
            "subdomains": [
                "sync.console"
            ],
            "apis": {},
            "sites": 30,
            "prevalence": 0.00301,
            "cnames": [],
            "responseHashes": [
                "e3b0c44298fc1c149afbf4c8996fb92427ae41e4649b934ca495991b7852b855"
            ],
            "type": "Document",
            "firstPartyCookies": {},
            "firstPartyCookiesSent": {},
            "exampleSites": [
                "bulbapedia.bulbagarden.net",
                "www.azlyrics.com",
                "wordfind.com",
                "www.lyrics.com",
                "www.elyrics.net",
                "www.investing.com",
                "www.officetooltips.com",
                "www.majorgeeks.com",
                "www.acronymfinder.com",
                "www.gizchina.com",
                "www.whosampled.com",
                "cod.tracker.gg",
                "guides.magicgameworld.com",
                "www.pixwox.com",
                "www.doityourself.com",
                "www.songkick.com",
                "tracker.gg",
                "www.speedrun.com",
                "bulbagarden.net",
                "www.dcurbanmom.com"
            ]
        }
    ],
    "categories": [],
    "performance": {},
    "cookies": 0.00281,
    "types": {
        "Document": 69,
        "Image": 31
    },
    "nameservers": [
        "ns1.adtarget.com.tr",
        "ns2.adtarget.com.tr"
    ]
}