{
    "domain": "app-us1.com",
    "owner": {
        "name": "ActiveCampaign, Inc.",
        "displayName": "ActiveCampaign"
    },
    "source": [
        "DuckDuckGo-AU"
    ],
    "prevalence": 0.00602,
    "sites": 60,
    "subdomains": [
        "diffuser-cdn",
        "prism"
    ],
    "cnames": [],
    "fingerprinting": 1,
    "resources": [
        {
            "rule": "app-us1\\.com\\/diffuser\\/diffuser\\.js",
            "cookies": 0.00531,
            "fingerprinting": 1,
            "subdomains": [
                "diffuser-cdn"
            ],
            "apis": {
                "Document.cookie getter": 58,
                "Date.prototype.getTime": 53,
                "Document.cookie setter": 53
            },
            "sites": 59,
            "prevalence": 0.00592,
            "cnames": [],
            "responseHashes": [
                "15eb202865d1d835fae2eff61bb922fa91fb4064a1fb850ebadab1f190782648"
            ],
            "type": "Script",
            "firstPartyCookies": {
                "prism_799438191": {
                    "ttl": 2592007,
                    "length": 36,
                    "prevalence": 0.00010026067776218167,
                    "uniqueness": 1
                },
                "prism_799414891": {
                    "ttl": 2592007,
                    "length": 36,
                    "prevalence": 0.00010026067776218167,
                    "uniqueness": 1
                },
                "prism_798938341": {
                    "ttl": 2592015,
                    "length": 36,
                    "prevalence": 0.00010026067776218167,
                    "uniqueness": 1
                },
                "prism_66045742": {
                    "ttl": 2592011,
                    "length": 36,
                    "prevalence": 0.00010026067776218167,
                    "uniqueness": 1
                },
                "prism_91160084": {
                    "ttl": 2592011,
                    "length": 36,
                    "prevalence": 0.00010026067776218167,
                    "uniqueness": 1
                },
                "prism_26632450": {
                    "ttl": 2592010,
                    "length": 36,
                    "prevalence": 0.00010026067776218167,
                    "uniqueness": 1
                },
                "prism_650575425": {
                    "ttl": 2592013,
                    "length": 36,
                    "prevalence": 0.00010026067776218167,
                    "uniqueness": 1
                },
                "prism_252696209": {
                    "ttl": 2592015,
                    "length": 36,
                    "prevalence": 0.00010026067776218167,
                    "uniqueness": 1
                },
                "prism_799339151": {
                    "ttl": 2592006,
                    "length": 36,
                    "prevalence": 0.00010026067776218167,
                    "uniqueness": 1
                },
                "prism_90254924": {
                    "ttl": 2592009,
                    "length": 36,
                    "prevalence": 0.00010026067776218167,
                    "uniqueness": 1
                },
                "prism_611434716": {
                    "ttl": 2592009,
                    "length": 36,
                    "prevalence": 0.00010026067776218167,
                    "uniqueness": 1
                },
                "prism_610831336": {
                    "ttl": 2592009,
                    "length": 36,
                    "prevalence": 0.00010026067776218167,
                    "uniqueness": 1
                },
                "prism_25946650": {
                    "ttl": 2592008,
                    "length": 36,
                    "prevalence": 0.00010026067776218167,
                    "uniqueness": 1
                },
                "prism_90057684": {
                    "ttl": 2592010,
                    "length": 36,
                    "prevalence": 0.00010026067776218167,
                    "uniqueness": 1
                },
                "prism_223686333": {
                    "ttl": 2592011,
                    "length": 36,
                    "prevalence": 0.00010026067776218167,
                    "uniqueness": 1
                },
                "prism_67807852": {
                    "ttl": 2592007,
                    "length": 36,
                    "prevalence": 0.00010026067776218167,
                    "uniqueness": 1
                },
                "prism_25048190": {
                    "ttl": 2592009,
                    "length": 36,
                    "prevalence": 0.00010026067776218167,
                    "uniqueness": 1
                },
                "prism_649998635": {
                    "ttl": 2592016,
                    "length": 36,
                    "prevalence": 0.00010026067776218167,
                    "uniqueness": 1
                },
                "prism_66978442": {
                    "ttl": 2592011,
                    "length": 36,
                    "prevalence": 0.00020052135552436334,
                    "uniqueness": 1
                },
                "prism_610525326": {
                    "ttl": 2592010,
                    "length": 36,
                    "prevalence": 0.00010026067776218167,
                    "uniqueness": 1
                },
                "prism_224088893": {
                    "ttl": 2592009,
                    "length": 36,
                    "prevalence": 0.00010026067776218167,
                    "uniqueness": 1
                },
                "prism_89429014": {
                    "ttl": 2592010,
                    "length": 36,
                    "prevalence": 0.00010026067776218167,
                    "uniqueness": 1
                },
                "prism_26374210": {
                    "ttl": 2592023,
                    "length": 36,
                    "prevalence": 0.00010026067776218167,
                    "uniqueness": 1
                },
                "prism_610962386": {
                    "ttl": 2592011,
                    "length": 36,
                    "prevalence": 0.00010026067776218167,
                    "uniqueness": 1
                },
                "prism_611487216": {
                    "ttl": 2592009,
                    "length": 36,
                    "prevalence": 0.00010026067776218167,
                    "uniqueness": 1
                },
                "prism_89749924": {
                    "ttl": 2592007,
                    "length": 36,
                    "prevalence": 0.00010026067776218167,
                    "uniqueness": 1
                },
                "prism_476775037": {
                    "ttl": 2592012,
                    "length": 36,
                    "prevalence": 0.00010026067776218167,
                    "uniqueness": 1
                },
                "prism_649424415": {
                    "ttl": 2592007,
                    "length": 36,
                    "prevalence": 0.00010026067776218167,
                    "uniqueness": 1
                },
                "prism_475857827": {
                    "ttl": 2592013,
                    "length": 36,
                    "prevalence": 0.00010026067776218167,
                    "uniqueness": 1
                },
                "prism_25900740": {
                    "ttl": 2592023,
                    "length": 36,
                    "prevalence": 0.00010026067776218167,
                    "uniqueness": 1
                },
                "prism_649477835": {
                    "ttl": 2592016,
                    "length": 36,
                    "prevalence": 0.00010026067776218167,
                    "uniqueness": 1
                },
                "prism_67300142": {
                    "ttl": 2592009,
                    "length": 36,
                    "prevalence": 0.00010026067776218167,