{
    "domain": "baidu.com",
    "owner": {
        "name": "Baidu, Inc.",
        "displayName": "Baidu"
    },
    "source": [
        "DuckDuckGo-AU"
    ],
    "prevalence": 0.001,
    "sites": 10,
    "subdomains": [
        "hm",
        "pos",
        "wn.pos",
        "eclick"
    ],
    "cnames": [],
    "fingerprinting": 2,
    "resources": [
        {
            "rule": "baidu\\.com\\/hm\\.js",
            "cookies": 0.000802,
            "fingerprinting": 2,
            "subdomains": [
                "hm"
            ],
            "apis": {
                "Navigator.prototype.userAgent": 8,
                "Navigator.prototype.cookieEnabled": 8,
                "Navigator.prototype.javaEnabled": 8,
                "Navigator.prototype.language": 8,
                "Screen.prototype.width": 8,
                "Screen.prototype.height": 8,
                "Screen.prototype.colorDepth": 8,
                "Screen.prototype.orientation": 8,
                "Document.cookie getter": 8,
                "window.sessionStorage": 8,
                "window.localStorage": 8,
                "Date.prototype.getTime": 8,
                "Document.cookie setter": 8,
                "Navigator.prototype.plugins": 8,
                "Navigator.prototype.mimeTypes": 8
            },
            "sites": 8,
            "prevalence": 0.000802,
            "cnames": [],
            "responseHashes": [
                "da66e6bd39753acce2be5957004c8b68c5152f1c80627040e925f806ff434f30",
                "352c07403889523074f6148ee84d394a899a9a62749cdb2a641e7b3bd844a4a7",
                "0eec689106dd27dbbcee5c19a0e21da7593bd0996333148dad2a33a4afb00252",
                "f045c30d7049413323c3bff9c3df6563bee895896f20a1d202c8465410550292",
                "ae328a03f5609a741636c7480dc1bba83e4b6ea5e63cbb4f168da36124c7b976",
                "a35b72125d67fb819cd4b619a6d116bd8bb3f320f741bbdbd6d7b86b2b303b3c",
                "ebaef113a309a859b43f5d1c53cbdd04b252472f88996b45eb1f6a34b2e019f8"
            ],
            "type": "Script",
            "firstPartyCookies": {
                "Hm_lvt_6bcd52f51e9b3dce32bec4a3997715ac": {
                    "ttl": 31536015,
                    "length": 10,
                    "prevalence": 0.00010026067776218167,
                    "uniqueness": 1
                },
                "Hm_lpvt_6bcd52f51e9b3dce32bec4a3997715ac": {
                    "ttl": null,
                    "length": 10,
                    "prevalence": 0.00010026067776218167,
                    "uniqueness": 1
                },
                "Hm_up_6bcd52f51e9b3dce32bec4a3997715ac": {
                    "ttl": 31536015,
                    "length": 194,
                    "prevalence": 0.00010026067776218167,
                    "uniqueness": 1
                },
                "Hm_ct_6bcd52f51e9b3dce32bec4a3997715ac": {
                    "ttl": 31536015,
                    "length": 41,
                    "prevalence": 0.00010026067776218167,
                    "uniqueness": 1
                },
                "Hm_lvt_4c2baaa51a9429b06ce4697848a7ef01": {
                    "ttl": 31536012,
                    "length": 10,
                    "prevalence": 0.00010026067776218167,
                    "uniqueness": 1
                },
                "Hm_lpvt_4c2baaa51a9429b06ce4697848a7ef01": {
                    "ttl": null,
                    "length": 10,
                    "prevalence": 0.00010026067776218167,
                    "uniqueness": 1
                },
                "Hm_lvt_32304eb8692c77114cb8a8f7658af78b": {
                    "ttl": 31536006,
                    "length": 10,
                    "prevalence": 0.00010026067776218167,
                    "uniqueness": 1
                },
                "Hm_lpvt_32304eb8692c77114cb8a8f7658af78b": {
                    "ttl": null,
                    "length": 10,
                    "prevalence": 0.00010026067776218167,
                    "uniqueness": 1
                },
                "Hm_lvt_bfaaeccba983e87596c65c3306010a81": {
                    "ttl": 31536006,
                    "length": 10,
                    "prevalence": 0.00010026067776218167,
                    "uniqueness": 1
                },
                "Hm_lpvt_bfaaeccba983e87596c65c3306010a81": {
                    "ttl": null,
                    "length": 10,
                    "prevalence": 0.00010026067776218167,
                    "uniqueness": 1
                },
                "Hm_lvt_29884b6641f1b5709cc89a8ce5a99366": {
                    "ttl": 31536006,
                    "length": 10,
                    "prevalence": 0.00020052135552436334,
                    "uniqueness": 1
                },
                "Hm_lpvt_29884b6641f1b5709cc89a8ce5a99366": {
                    "ttl": null,
                    "length": 10,
                    "prevalence": 0.00020052135552436334,
                    "uniqueness": 1
                },
                "Hm_lvt_98beee57fd2ef70ccdd5ca52b9740c49": {
                    "ttl": 31536007,
                    "length": 10,
                    "prevalence": 0.00020052135552436334,
                    "uniqueness": 1
                },
                "Hm_lpvt_98beee57fd2ef70ccdd5ca52b9740c49": {
                    "ttl": null,
                    "length": 10,
                    "prevalence": 0.00020052135552436334,
                    "uniqueness": 1
                }
            },
            "firstPartyCookiesSent": {},
            "exampleSites": [
                "csdn.net",
                "kb.vmware.com",
                "mangatoto.com",
                "mangapark.net",
                "oce.op.gg",
                "www.op.gg",
                "www.zhihu.com",
                "zhuanlan.zhihu.com"
            ]
        },
        {
            "rule": "baidu\\.com\\/hm\\.gif",
            "cookies": 0,
            "fingerprinting": 0,
            "subdomains": [
                "hm"
            ],
            "apis": {},
            "sites": 9,
            "prevalence": 0.000902,
            "cnames": [],
            "responseHashes": [
                "77b1d2c0857d4e95d4c2ae7aa0abc5aaafa6bd4581b31203d1592759c26f5c44"
            ],
            "type": "Image",
            "firstPartyCookies": {},
            "firstPartyCookiesSent": {
                "Hm_ct_6bcd52f51e9b3dce32bec4a3997715ac": 0.00010026067776218167
            },
            "exampleSites": [
                "csdn.net",
                "blog.csdn.net",
                "kb.vmware.com",
                "mangatoto.com",
                "mangapark.net",
                "oce.op.gg",
                "www.op.gg",
                "www.zhihu.com",
                "zhuanlan.zhihu.com"
            ]
        },
        {
            "rule": "baidu\\.com\\/scfm",
            "cookies": 0.000201,
            "fingerprinting": 0,
            "subdomains": [
                "pos"
            ],
            "apis": {},
            "sites": 2,
            "prevalence": 0.000201,
            "cnames": [],
            "responseHashes": [
                "19201804af704f6e86dc8c750fbb31a0e73d2757bb930c0bd8e40d4f54520ae5"
            ],
            "type": "Script",
            "firstPartyCookies": {},
            "firstPartyCookiesSent": {},
            "exampleSites": [
                "sohu.com",
                "www.sohu.com"
            ]
        },
        {
            "rule": "baidu\\.com\\/ocem",
            "cookies": 0.0001,
            "fingerprinting": 1,
            "subdomains": [
                "pos"
            ],
            "apis": {
                "Navigator.prototype.userAgent": 2,
                "window.name": 2
            },
            "sites": 2,
            "prevalence": 0.000201,
            "cnames": [],
            "responseHashes": [
                "0bee9893f0c2a763f1ca3ebeab8de299f2f635fa35ec5efd553f87348b37311b"
            ],