{
    "domain": "cantpastelli.one",
    "owner": {},
    "source": [
        "DuckDuckGo-AU"
    ],
    "prevalence": 0.00281,
    "sites": 28,
    "subdomains": [],
    "cnames": [],
    "fingerprinting": 0,
    "resources": [
        {
            "rule": "cantpastelli\\.one\\/utx",
            "cookies": 0.00281,
            "fingerprinting": 0,
            "subdomains": [],
            "apis": {},
            "sites": 28,
            "prevalence": 0.00281,
            "cnames": [],
            "responseHashes": [
                "e3b0c44298fc1c149afbf4c8996fb92427ae41e4649b934ca495991b7852b855"
            ],
            "type": "XHR",
            "firstPartyCookies": {},
            "firstPartyCookiesSent": {},
            "exampleSites": [
                "justpicsplease.com",
                "www.heavy-r.com",
                "m.smutty.com",
                "cyberleaks.to",
                "pixelmania.dev",
                "cmovies.watch",
                "123movies4u.art",
                "www.mypornhere.com",
                "tube.perverzija.com",
                "notfans.com",
                "m.porn555.com",
                "biqle.org",
                "xnxx.kactube.com",
                "thothub.to",
                "cartoonprn.com",
                "xnxx97.com",
                "nudegist.com",
                "see.xxx",
                "www.4tube.com",
                "m.see.xxx"
            ]
        },
        {
            "rule": "cantpastelli\\.one\\/floater",
            "cookies": 0.0011,
            "fingerprinting": 0,
            "subdomains": [],
            "apis": {},
            "sites": 11,
            "prevalence": 0.0011,
            "cnames": [],
            "responseHashes": [
                "b051cc484652eaea09dadd41acc298a5df8217f75c62a08b310d05b0eb881f90",
                "de3bc934aeb54042c002b3ed87108b209320540ca2acd3bd3327c9df7f396f4c",
                "f1cb6ceb96b4afac8414d0f157c83872234fe5ff7d7090f45d3e0c746162eba7",
                "fb13283658d951a6705b452289fde1295c043b9db21a0c941554f2d7f6ff2b73",
                "faed1e3ca5ae2126d767a5bb0e5c662c5fcc27e2333e551ac46b6b1a34a4ddb9",
                "265128b31805894d70cb0f970e40386a7c4839f3fb1c18ad6233e3afb47355a4",
                "68c5849dbf064e6038625a5bcf642a0cb54322c1de1eb599349ee8700f9b6cc3",
                "325cb160d59bdfa6e0ce98c3dc2662234cd6db1dabb3e6cf0fb96bb0152962e0",
                "3920e1a8b26cd6e00d678c2bc879c289c4461a096a3b3159fa975415613b337d",
                "f0a09e6a30c48984b94ae1422915d90d3c29abf118afe262cb1e7cdb55066840"
            ],
            "type": "XHR",
            "firstPartyCookies": {},
            "firstPartyCookiesSent": {},
            "exampleSites": [
                "cartoonprn.com",
                "cyberleaks.to",
                "justpicsplease.com",
                "m.smutty.com",
                "milfnut.com",
                "notfans.com",
                "thothub.to",
                "ww.mangakakalot.tv",
                "www.heavy-r.com",
                "www.mypornhere.com",
                "www.twuko.com"
            ]
        }
    ],
    "categories": [],
    "performance": {},
    "cookies": 0.00281,
    "types": {
        "XHR": 39
    },
    "nameservers": [
        "rosalyn.ns.cloudflare.com",
        "mack.ns.cloudflare.com"
    ]
}