{
    "domain": "connectad.io",
    "owner": {},
    "source": [
        "DuckDuckGo-AU"
    ],
    "prevalence": 0.00591,
    "sites": 59,
    "subdomains": [
        "i",
        "cdn",
        "sync-eu",
        "sync"
    ],
    "cnames": [],
    "fingerprinting": 1,
    "resources": [
        {
            "rule": "connectad\\.io\\/api\\/v2",
            "cookies": 0.0021,
            "fingerprinting": 0,
            "subdomains": [
                "i"
            ],
            "apis": {},
            "sites": 55,
            "prevalence": 0.00551,
            "cnames": [],
            "responseHashes": [
                "75e408601aa1e7e3185144139d8575031f0c6ca8b452c20e6a7c9b41112e1f26",
                "bbcd953c1f44daad66b3aa5c282d0ccaad5d1a0c33f61fec543dd2d59ff74bcb",
                "67320edc0bc452c5f6852a48f2e2c4f5837312dbb6a5bda73fbe1e30dc3a66fb",
                "e1323c394b813ba85f21d36935313daf7478577060ae0bb2d8cfb39db7f5210f",
                "bf3ec5b9195284becb87382d216c96dee80725e2006bc4378f9d2db360fa6fd8",
                "9926baf9c8c80bd80b78ac0827c0b2f4e57354d74bae4511159725baee840d70",
                "7b1455328c5b7ca1c795e72d7e02ec71d3966f3c457e83b4e085c1d43c910b62",
                "342a36423250949f6663d15ab7f830531a4ce4f7901113f57ecd49dbea1b2a7e",
                "10fb797ba8334c93cdaac1b2b462473571f10cbef6127c5ac19c8f87a72c0bdd",
                "15f50b34f5e3c8955836858100ccf9129e3e3ba00da0b8f413d7eb90b5d4cb43",
                "b7d3bd1a91861ca840c88d2a4f1d66c22076749e099ceb79653f6da7f5cad6de",
                "5d416cd72f97c703ae268371a705f32a1df03a93440fb7af79674e7ac493f7cf",
                "736b26b9547b9df2bce526b8da4897078f75440c0124fa7bb6b22b660f85a8d8",
                "82cff3f507ccf0e419d64ec8cab3773127d8d7f46c4b5999c51eda9183644e5f",
                "a64775f01fcdf8caebc5b9f9d658711e63ff8f9becc8b99e8dc478cb148d4a83",
                "2eb51df05e142dc881ffe2b9c0e93f94d6326973774a27372cbce6e060cdf7ee",
                "2999a07dacef3d0c2babe48d32d6709afa3b480db0a9f11ad29ae5464d550af3",
                "c727a4cc032df4208cca3ea4dcb9b049bbea2c1ca52cb6ddbad06afe90653391",
                "494ab7b75ce0063e960e347dbb626242a9334b6e8eb9859dea33bfedaf3044cd"
            ],
            "type": "XHR",
            "firstPartyCookies": {},
            "firstPartyCookiesSent": {},
            "exampleSites": [
                "www.executivetraveller.com",
                "rainfall.willyweather.com.au",
                "dnschecker.org",
                "tides.willyweather.com.au",
                "www.thewordfinder.com",
                "www.nextpit.com",
                "paycalculator.com.au",
                "www.jpost.com",
                "www.sevenforums.com",
                "www.askpython.com",
                "www.17track.net",
                "www.stayathomemum.com.au",
                "www.lyricsondemand.com",
                "www.ozbargain.com.au",
                "wind.willyweather.com.au",
                "wordfind.com",
                "www.thefamouspeople.com",
                "hotcopper.com.au",
                "www.tenforums.com",
                "www.petrescue.com.au"
            ]
        },
        {
            "rule": "connectad\\.io\\/connectmyusers\\.php",
            "cookies": 0,
            "fingerprinting": 1,
            "subdomains": [
                "cdn"
            ],
            "apis": {
                "Date.prototype.getTime": 52
            },
            "sites": 57,
            "prevalence": 0.00571,
            "cnames": [],
            "responseHashes": [
                "08f0465386d9897c95370a004f5251b304dc4f94a73541cccd1ee87c02de2f60"
            ],
            "type": "Document",
            "firstPartyCookies": {},
            "firstPartyCookiesSent": {},
            "exampleSites": [
                "www.redvoicemedia.com",
                "www.nextpit.com",
                "www.swellnet.com",
                "www.askpython.com",
                "www.sevenforums.com",
                "manofmany.com",
                "wind.willyweather.com.au",
                "chordify.net",
                "www.jpost.com",
                "hotcopper.com.au",
                "en.everybodywiki.com",
                "www.scienceabc.com",
                "www.ozbargain.com.au",
                "www.linguee.com",
                "www.thefamouspeople.com",
                "www.seabreeze.com.au",
                "themarketherald.com.au",
                "redditsave.com",
                "paycalculator.com.au",
                "sunrisesunset.willyweather.com.au"
            ]
        },
        {
            "rule": "connectad\\.io\\/syncer\\/1",
            "cookies": 0.00511,
            "fingerprinting": 0,
            "subdomains": [
                "sync-eu"
            ],
            "apis": {},
            "sites": 52,
            "prevalence": 0.00521,
            "cnames": [],