{
    "domain": "data-dynamic.net",
    "owner": {},
    "source": [
        "DuckDuckGo-AU"
    ],
    "prevalence": 0.000702,
    "sites": 7,
    "subdomains": [
        "lb"
    ],
    "cnames": [],
    "fingerprinting": 0,
    "resources": [
        {
            "rule": "data-dynamic\\.net\\/data\\.js\\.php",
            "cookies": 0.000702,
            "fingerprinting": 0,
            "subdomains": [
                "lb"
            ],
            "apis": {},
            "sites": 7,
            "prevalence": 0.000702,
            "cnames": [],
            "responseHashes": [
                "c147201e75eb9de59f9df53677fcdd95e4b2b4ea8380ba43d43dd8f00abb7081",
                "29e3b48738ccf2a76eafb0310e765106a92271e619ff6b6d6181d1d08d01a4b4",
                "a8bf73ca555b2e41eb00b25043107184e4743006d77c675364ce32ce8a5289d6",
                "e3b4c9ba0f5ced1aae80587970e7e361ab5ba4f104d7a076c62d10896c244cad",
                "9990b625a08070d3fce92f0ba242e453ef49f5827b22ac032971c9106545ae4a",
                "b8bd111d5e4c64a9f8f91138841d5e2a72745a19db04fef6a518eb3d66520659"
            ],
            "type": "Script",
            "firstPartyCookies": {},
            "firstPartyCookiesSent": {
                "ins-c": 0.00020052135552436334,
                "cbar_uid": 0.00010026067776218167,
                "cbar_lvt": 0.00010026067776218167
            },
            "exampleSites": [
                "adrenaline.com.au",
                "www.camerahouse.com.au",
                "www.freedom.com.au",
                "www.house.com.au",
                "www.kookai.com.au",
                "www.mobilezap.com.au",
                "www.robinskitchen.com.au"
            ]
        },
        {
            "rule": "data-dynamic\\.net\\/emc_popupV2\\.php",
            "cookies": 0.0001,
            "fingerprinting": 0,
            "subdomains": [
                "lb"
            ],
            "apis": {},
            "sites": 3,
            "prevalence": 0.000301,
            "cnames": [],
            "responseHashes": [
                "acb614a767a322c7ad739ed08003d8d88ab8002bf82043b7c8b3a9c42292f95b"
            ],
            "type": "Document",
            "firstPartyCookies": {},
            "firstPartyCookiesSent": {},
            "exampleSites": [
                "house.com.au",
                "www.house.com.au",
                "www.robinskitchen.com.au"
            ]
        },
        {
            "rule": "data-dynamic\\.net\\/logger\\.js\\.php",
            "cookies": 0.000201,
            "fingerprinting": 0,
            "subdomains": [
                "lb"
            ],
            "apis": {},
            "sites": 2,
            "prevalence": 0.000201,
            "cnames": [],
            "responseHashes": [
                "e3b0c44298fc1c149afbf4c8996fb92427ae41e4649b934ca495991b7852b855"
            ],
            "type": "Script",
            "firstPartyCookies": {},
            "firstPartyCookiesSent": {
                "cbar_uid": 0.00010026067776218167
            },
            "exampleSites": [
                "kookai.com.au",
                "www.robinskitchen.com.au"
            ]
        }
    ],
    "categories": [],
    "performance": {},
    "cookies": 0.000702,
    "types": {
        "Script": 9,
        "Document": 3
    },
    "nameservers": [
        "ns-604.awsdns-11.net",
        "ns-464.awsdns-58.com",
        "ns-1646.awsdns-13.co.uk",
        "ns-1133.awsdns-13.org"
    ]
}