{
    "domain": "futurehybrid.tech",
    "owner": {},
    "source": [
        "DuckDuckGo-AU"
    ],
    "prevalence": 0.00261,
    "sites": 26,
    "subdomains": [
        "sommelier"
    ],
    "cnames": [],
    "fingerprinting": 0,
    "resources": [
        {
            "rule": "futurehybrid\\.tech\\/config",
            "cookies": 0,
            "fingerprinting": 0,
            "subdomains": [
                "sommelier"
            ],
            "apis": {},
            "sites": 26,
            "prevalence": 0.00261,
            "cnames": [],
            "responseHashes": [
                "b43272e061f3d71a80888a29dc319c2a393ed92233f54528bf2cda8bbbd8b343",
                "6175cca38de8a86a64e5621a44a44f9a33510f662647396d27a344a16cc1842c",
                "bf521ff36cd87156a0f1b590606981a086520633f22cfc9af66232418a385f38",
                "5500ad8ab5fdb88ecd304f938e8b02a0ee89f9c9effb40074ed2acb9f5ed2542",
                "c312bc52847fbe1621c90503a2295708017612295e6591ed8750238c5154db18",
                "2224d6062945b900a6f572be0710e0938887d6cf242b1c78c6f9987658364f71",
                "3d955b6f87abf7de4303178acc6622a3cfcd3849411e2b678aa48778abd0b6c8",
                "a6c79a0e74dc6695e3823c00961f68960c8938563c1c0a54410311ca0ad2fc5a",
                "01a6d1e07d019e12402830561fae3a81afb9e4dd542fc6cdff7616dda7cde84c",
                "dce2a70d49659bd04c96baaed7cb3417ee14e990eec025d50d18e7ce6d7593cb",
                "81f22f55dfc49c1c7f2780c1a4bc29bd0fba659261ba498b23016ea05a04468b",
                "c1f4d7e45bcd96b75141f90a2a9057e7ee38814bbcf63b231e6cfd796383ad3a",
                "82e03a0042bd6c568f9e05c9050649fdc7886ba836f5da10e3be4e2f4630d2a7",
                "5ea3fae1d8502e48ef62ae70cfe3298a0bf14cf1b520f04ae763fdefbe16831d",
                "fed07c07266a40074e91b5707795e9f6e2ff1bd75430cb508045eb9ae1310070",
                "27391907f9a3af38389ea7dc97a2f14b83fd38ec52479381f19fe7c224f96784",
                "ddfccc67a810db7156eaa1a8cf28b88f79b67a83ab90faa2d3711aeaf70176a9",
                "843f212dd086097783337f7970fc05bd6b29754174e2d6799042c245b0fa5546",
                "0aebccfbc698ac5ec5eb4675bebe0db5355ca63ada2cce192fa3a720581f9883",
                "e10baf7846bfa5e0a33efadf9961451b0599c4c7867958e99496e253625afeb8",
                "45c92d5fc971a2e90b68ac62c56c3bb1908e88c7e3f0af48be57e416a7b4309f",
                "d24b75b772417c32c6fecbfce31998b45743cc686745d930bcf471cf6ef9b3e9",
                "279866422e14967afa16350d94ce59a2bf19b1782ea1eaa17ed5c6a111fb985e",
                "0bc03a0c6e7c418468d01441a83ba57579075841612af8573ececa2f3e5ff49c",
                "57106b6f953f94f3ca1b402ac4651fede68f0fba7a925ba26e906730763e567c"
            ],
            "type": "Fetch",
            "firstPartyCookies": {},
            "firstPartyCookiesSent": {
                "_li_dcdm_c": 0.0016049754238138228,
                "get_top_level_domain_cookie": 0.00010031096398836393,
                "_cats": 0.00010031096398836393
            },
            "exampleSites": [
                "www.techradar.com",
                "www.tomshardware.com",
                "www.tomsguide.com",
                "www.cyclingweekly.com",
                "www.marieclaire.com",
                "www.space.com",
                "www.sciencealert.com",
                "www.realhomes.com",
                "www.creativebloq.com",
                "www.cyclingnews.com",
                "www.gamesradar.com",
                "www.whattowatch.com",
                "www.loudersound.com",
                "cinemablend.com",
                "www.livescience.com",
                "www.digitalcameraworld.com",
                "www.womanandhome.com",
                "www.musicradar.com",
                "www.goodto.com",
                "www.decanter.com"
            ]
        }
    ],
    "categories": [],
    "performance": {},
    "cookies": 0,
    "types": {
        "Fetch": 26
    },
    "nameservers": [
        "ns-55.awsdns-06.com",
        "ns-1419.awsdns-49.org",
        "ns-1705.awsdns-21.co.uk",
        "ns-786.awsdns-34.net"
    ]
}