{
    "domain": "geoip-js.com",
    "owner": {},
    "source": [
        "DuckDuckGo-AU"
    ],
    "prevalence": 0.00141,
    "sites": 14,
    "subdomains": [],
    "cnames": [],
    "fingerprinting": 0,
    "resources": [
        {
            "rule": "geoip-js\\.com\\/js\\/apis\\/geoip2\\/v2\\.1\\/geoip2\\.js",
            "cookies": 0,
            "fingerprinting": 0,
            "subdomains": [],
            "apis": {},
            "sites": 7,
            "prevalence": 0.000703,
            "cnames": [],
            "responseHashes": [
                "2fe5fb2d025e0a2a028376783078622313bb93ec4a64cae7a8f6c0463507b2b1"
            ],
            "type": "Script",
            "firstPartyCookies": {},
            "firstPartyCookiesSent": {},
            "exampleSites": [
                "logrocket.com",
                "egopowerplus.com.au",
                "epson.com",
                "help.ui.com",
                "numerologist.com",
                "thermomix.com.au",
                "www.patagonia.com.au"
            ]
        },
        {
            "rule": "geoip-js\\.com\\/geoip\\/v2\\.1\\/country\\/me",
            "cookies": 0,
            "fingerprinting": 0,
            "subdomains": [],
            "apis": {},
            "sites": 9,
            "prevalence": 0.000903,
            "cnames": [],
            "responseHashes": [
                "483bb419f502098a44124dab0559d30ad1578a043f138960da4480b3d9f4d775",
                "5d10a008456858912407c3fd71295a945e512f5182f48bca35223c315c1769d9",
                "1e1acd09e5a3a4f846a67a344bbf8d8afddc79e97695821abb6d6dc754c94e98",
                "8eade343d474b6af44b5645376d84a267159584dc11aefe7ac33eb7d2b287360",
                "c034800ef5124a65343ace2eaf19d867f83f03f79101d52fe268689c2dbc1b34",
                "4f7bce0e2e7cf18e5014e5a86b346c5ba0cee45e9d5c2c188239dd42acc16cff",
                "8425952753354eaf064a4530611222908b84325c687c6c9cc6aa8db20fbe5068",
                "2c8f585f6eb6a9e8760ab07a76ea5e5c4d0b55631ed86d393e345594242e939e"
            ],
            "type": "XHR",
            "firstPartyCookies": {},
            "firstPartyCookiesSent": {
                "_hjTLDTest": 0.00010037137408411121
            },
            "exampleSites": [
                "logrocket.com",
                "egopowerplus.com.au",
                "epson.com",
                "hbr.org",
                "numerologist.com",
                "thermomix.com.au",
                "www.honeybirdette.com",
                "www.kookai.com.au",
                "www.lovisa.com.au"
            ]
        },
        {
            "rule": "geoip-js\\.com\\/geoip\\/v2\\.1\\/city\\/me",
            "cookies": 0,
            "fingerprinting": 0,
            "subdomains": [],
            "apis": {},
            "sites": 4,
            "prevalence": 0.000401,
            "cnames": [],
            "responseHashes": [
                "2c8f585f6eb6a9e8760ab07a76ea5e5c4d0b55631ed86d393e345594242e939e",
                "f2880b508386a52e71491c0b04624245dadb91c740765c5ef3681093f87bf627",
                "c8219b5c09ccab84c01698f59295e34fff4bf10d0e1779767a6b404ed31d0a15"
            ],
            "type": "XHR",
            "firstPartyCookies": {},
            "firstPartyCookiesSent": {},
            "exampleSites": [
                "originenergy.com.au",
                "www.ottostackleworld.com.au",
                "www.patagonia.com.au",
                "www.toyuniverse.com.au"
            ]
        }
    ],
    "categories": [],
    "performance": {},
    "cookies": 0,
    "types": {
        "Script": 7,
        "XHR": 13
    },
    "nameservers": [
        "josh.ns.cloudflare.com",
        "kim.ns.cloudflare.com"
    ]
}