{
    "domain": "ipp-meredith.com",
    "owner": {},
    "source": [
        "DuckDuckGo-AU"
    ],
    "prevalence": 0.00141,
    "sites": 14,
    "subdomains": [
        "cookie-stream"
    ],
    "cnames": [],
    "fingerprinting": 1,
    "resources": [
        {
            "rule": "ipp-meredith\\.com\\/v1\\/s",
            "cookies": 0.00141,
            "fingerprinting": 1,
            "subdomains": [
                "cookie-stream"
            ],
            "apis": {
                "window.localStorage": 11,
                "Document.cookie setter": 11
            },
            "sites": 14,
            "prevalence": 0.00141,
            "cnames": [],
            "responseHashes": [
                "0bf7fe31b5fb4d7cb1e6bb315c6bbc56c6b512a26035bceed521e227d1c03310",
                "b0ce8b87e09d650a0a58d23f3cf1f13e10422d21bf7b6077e4f3fffdd873e361",
                "01ad64ae61b17b2851092b06c03b42b44679db428975f92dbb5012e28fd3528b",
                "34aa166d17aa4f1199c45381ac600f910bba3b32ddf1e57cf1f1d5304fff1115",
                "8ea187424e8d54f44d394d3212c07d2a493862630e1b91284f302c82dac8613b",
                "a50d9e01b92e21fea8ec30be0b1ff4f47b3a8224e446ad81c5f4e2fdc6341b5d",
                "f8b185806adf46d91595ac9eb2fbad6cc4297c80bd25b7ee77caa4cecb5d5969",
                "84e15edb61a0301c8fc7e4ff7eaec5ec10d950e250ae6b002feb91d9239ded3f",
                "6c0e286f44dfd6bef874101942f24667f35a142b9a1e104d5101b88b2858b2f5",
                "6559945d237e36ed18af8cce42e7714cab0bb9d5316019e57ea67e474b9ea513",
                "0384a5ecf53c6bac785be29a0a001ad525dae88ef7a9b37e97b7f99a69e204ac",
                "9bf12d0e46541f78a66864c9a7851112b7931b241da2a91a0b6087d1c88982f7"
            ],
            "type": "Script",
            "firstPartyCookies": {
                "globalTI_SID": {
                    "ttl": 157680018,
                    "length": 36,
                    "prevalence": 0.0011040851149252233,
                    "uniqueness": 1
                }
            },
            "firstPartyCookiesSent": {
                "ajs_anonymous_id": 0.0014051992371775569,
                "OptanonConsent": 0.0013048278630934458,
                "_ga": 0.00020074274816822243,
                "_gid": 0.00020074274816822243,
                "_gcl_au": 0.0014051992371775569,
                "muuid_link": 0.0013048278630934458,
                "muuid_session": 0.0013048278630934458,
                "muuid_channel": 0.0013048278630934458,
                "muuid_current_channel": 0.0013048278630934458,
                "_pnxd": 0.0008029709926728897,
                "globalTI_SID": 0.0011040851149252233,
                "_li_dcdm_c": 0.0008029709926728897
            },
            "exampleSites": [
                "ew.com",
                "hellogiggles.com",
                "www.allrecipes.com",
                "www.bhg.com",
                "www.cookinglight.com",
                "www.eatingwell.com",
                "www.foodandwine.com",
                "www.health.com",
                "www.instyle.com",
                "www.marthastewart.com",
                "www.myrecipes.com",
                "www.parents.com",
                "www.realsimple.com",
                "www.shape.com"
            ]
        }
    ],
    "categories": [],
    "performance": {},
    "cookies": 0.00141,
    "types": {
        "Script": 14
    },
    "nameservers": [
        "ns-452.awsdns-56.com",
        "ns-1005.awsdns-61.net",
        "ns-1629.awsdns-11.co.uk",
        "ns-1235.awsdns-26.org"
    ]
}