{
    "domain": "lngtd.com",
    "owner": {},
    "source": [
        "DuckDuckGo-AU"
    ],
    "prevalence": 0.00141,
    "sites": 14,
    "subdomains": [
        "conf",
        "collect"
    ],
    "cnames": [],
    "fingerprinting": 2,
    "resources": [
        {
            "rule": "lngtd\\.com\\/lngtd-config",
            "cookies": 0,
            "fingerprinting": 0,
            "subdomains": [
                "conf"
            ],
            "apis": {},
            "sites": 14,
            "prevalence": 0.00141,
            "cnames": [],
            "responseHashes": [
                "d5829abbd5ed1fbc119ed49d283f168dd949f5211905964c7dad458b7ccec5cf",
                "722e2c3b9c294e753df99acc8de64c34e09d1f0f0e058ca7545d69a8676cc23b",
                "e2c9b8f9f0a9cba2c5424d7ff7fa3f75196a58d5bfc9f162e3006d75a3e73202",
                "acaedae84f0baca6aa263ea290ea19b7c60b2989b6453bd4d3990e1846b075c8",
                "1c23dc1c51f16256178fbaa4609f6cf157eae7dcb50a6a64d84b1280a3a54542",
                "8252756b787e1a36ce3ffa21386904da93cdb037d1778ba9b5a657268f86eb00",
                "39888c8967912783a7319eb329ea44808f9bbd6115a759b498d3224fecb85e36",
                "2685c66da4503dabc272ac9567fb8f1d25f5e68ad13898f379f125e476add9d5",
                "45c2afcf3b01edffff584f105f3bce3d5adb508c5e7d0f2ee320759db086ccdc",
                "353f5e52fda522b8530883a32aaa2a69a48ebcc2331be161e55939779737f4ce",
                "e963595d7af2edec421bc670df2adae0e7451e9b291a09e51cce5fb0069f1ff1",
                "7c196dd1f43f964b7a23d39abd84fecdfbab32417d2b16958c14b8982b835a57"
            ],
            "type": "XHR",
            "firstPartyCookies": {},
            "firstPartyCookiesSent": {},
            "exampleSites": [
                "westeros.org",
                "en.m.uesp.net",
                "en.uesp.net",
                "files.minecraftforge.net",
                "foreignpolicy.com",
                "forums.civfanatics.com",
                "socialblade.com",
                "solitaired.com",
                "u.gg",
                "www.discogs.com",
                "www.goal.com",
                "www.gradesaver.com",
                "www.nba.com",
                "www.sportingnews.com"
            ]
        },
        {
            "rule": "lngtd\\.com\\/prebid\\/prebid5\\.8\\.0\\.min\\.js",
            "cookies": 0,
            "fingerprinting": 2,
            "subdomains": [],
            "apis": {
                "Navigator.prototype.userAgent": 12,
                "Navigator.prototype.cookieEnabled": 12,
                "window.sessionStorage": 12,
                "Navigator.prototype.appName": 12,
                "window.localStorage": 12,
                "Document.cookie getter": 12,
                "Date.prototype.getTime": 10,
                "Navigator.prototype.doNotTrack": 10,
                "Screen.prototype.height": 10,
                "Screen.prototype.width": 10,
                "Navigator.prototype.language": 10,
                "Screen.prototype.colorDepth": 9,
                "Date.prototype.getTimezoneOffset": 9,
                "Navigator.prototype.vendor": 5,
                "window.devicePixelRatio": 1,
                "Navigator.prototype.connection": 1
            },
            "sites": 12,
            "prevalence": 0.00121,
            "cnames": [],
            "responseHashes": [
                "c9e85d4459b9e63f3f7fc8966935d5cbfd252d7f9f39d22f106f6681fee77d13"
            ],
            "type": "Script",
            "firstPartyCookies": {},
            "firstPartyCookiesSent": {},
            "exampleSites": [
                "westeros.org",
                "en.m.uesp.net",
                "en.uesp.net",
                "files.minecraftforge.net",
                "foreignpolicy.com",
                "forums.civfanatics.com",
                "socialblade.com",
                "solitaired.com",
                "u.gg",
                "www.discogs.com",
                "www.goal.com",
                "www.gradesaver.com"
            ]
        },
        {
            "rule": "lngtd\\.com\\/auction",
            "cookies": 0,
            "fingerprinting": 0,
            "subdomains": [
                "collect"
            ],
            "apis": {},
            "sites": 5,
            "prevalence": 0.000502,
            "cnames": [],
            "responseHashes": [],
            "type": "Preflight",
            "firstPartyCookies": {},
            "firstPartyCookiesSent": {},
            "exampleSites": [
                "westeros.org",
                "files.minecraftforge.net",
                "forums.civfanatics.com",
                "www.discogs.com",
                "www.sportingnews.com"
            ]
        },
        {
            "rule": "lngtd\\.com\\/auction",
            "cookies": 0,
            "fingerprinting": 0,
            "subdomains": [
                "collect"
            ],
            "apis": {},
            "sites": 6,
            "prevalence": 0.000603,
            "cnames": [],
            "responseHashes": [
                "cc797312837f7cd58df8bc24b9e6a268ebdd9a78d4764d963f4bb5cb7ee7cafd"
            ],
            "type": "XHR",
            "firstPartyCookies": {},
            "firstPartyCookiesSent": {},
            "exampleSites": [
                "westeros.org",
                "files.minecraftforge.net",
                "forums.civfanatics.com",
                "u.gg",
                "www.discogs.com",
                "www.sportingnews.com"
            ]
        },
        {
            "rule": "lngtd\\.com\\/uesp\\.js",
            "cookies": 0.000201,
            "fingerprinting": 1,
            "subdomains": [],
            "apis": {
                "Document.cookie getter": 2,
                "Navigator.prototype.userAgent": 2,
                "Date.prototype.getTime": 2,
                "Document.cookie setter": 2
            },
            "sites": 2,
            "prevalence": 0.000201,
            "cnames": [],
            "responseHashes": [
                "caee9e9e47afaaf57ad897d0203d875bab8ec6e13090ca97d67c1ccf5d426434"
            ],
            "type": "Script",
            "firstPartyCookies": {
                "lngtd-sdp": {
                    "ttl": 86406,
                    "length": 1,
                    "prevalence": 0.00020092425155716296,
                    "uniqueness": 0.5
                }
            },
            "firstPartyCookiesSent": {},
            "exampleSites": [
                "uesp.net",
                "en.uesp.net"
            ]
        },
        {
            "rule": "lngtd\\.com\\/prebid\\/prebid4\\.43\\.1\\.min\\.SN\\.js",
            "cookies": 0,
            "fingerprinting": 2,
            "subdomains": [],
            "apis": {
                "Navigator.prototype.userAgent": 2,
                "Navigator.prototype.cookieEnabled": 2,
                "window.sessionStorage": 2,
                "Navigator.prototype.appName": 2,
                "window.localStorage": 2,
                "Document.cookie getter": 2,
                "Date.prototype.getTime": 2,
                "Navigator.prototype.doNotTrack": 2,
                "Screen.prototype.height": 2,
                "Screen.prototype.width": 2,
                "Navigator.prototype.language": 2,
                "Navigator.prototype.vendor": 2,
                "PerformanceTiming.prototype.navigationStart": 1,
                "Date.prototype.getTimezoneOffset": 1,
                "Screen.prototype.colorDepth": 1
            },
            "sites": 2,
            "prevalence": 0.000201,
            "cnames": [],
            "responseHashes": [
                "66b69058d21e78c197e202bf44303715523f26ad0927688b4ba1abc2da63f4f7"
            ],
            "type": "Script",
            "firstPartyCookies": {},
            "firstPartyCookiesSent": {},
            "exampleSites": [
                "nba.com",
                "www.sportingnews.com"
            ]
        }
    ],