{
    "domain": "ntvpinp.com",
    "owner": {},
    "source": [
        "DuckDuckGo-AU"
    ],
    "prevalence": 0.00144,
    "sites": 14,
    "subdomains": [],
    "cnames": [],
    "fingerprinting": 0,
    "resources": [
        {
            "rule": "ntvpinp\\.com\\/in\\/multy",
            "cookies": 0,
            "fingerprinting": 0,
            "subdomains": [],
            "apis": {},
            "sites": 14,
            "prevalence": 0.00144,
            "cnames": [],
            "responseHashes": [
                "8528db65a2cb62f8d0c31a3448f458f025e17d200a45055d1e82d81c1a71d452",
                "e3b0c44298fc1c149afbf4c8996fb92427ae41e4649b934ca495991b7852b855",
                "91d1effcd9f801ad37199421c3dada8495e8380c23a1988c9cdcea1b31ab8d49",
                "8bf473e0fb91a65cd66e698f8c6f5d6132696ded3294ab7b418aa4df5676cbb8",
                "f06698be17dd34e6259b2596727c610e8b02417a962b5a7dadb74d5a79735947",
                "a7aebc7a97d86d5c4889df98171ce56535710672f529a2264b9844ed86d0c2ab",
                "da0324be9685ba65fc9e0d46453e763de36780352e24fef04aacece8d8319f39",
                "cadbe28b904e4f1a43e5bde9dceb7634ac5423b0b2d95193f7eb2ad6daeb9cb1"
            ],
            "type": "XHR",
            "firstPartyCookies": {},
            "firstPartyCookiesSent": {},
            "exampleSites": [
                "famousinternetgirls.pw",
                "forum.sexy-egirls.com",
                "gogoanimes.rs",
                "lewdthots.com",
                "myscatporn.com",
                "pornogids.net",
                "pornone.com",
                "thots.tv",
                "tokthots.com",
                "txxx.com",
                "www.hitprn.com",
                "www.loliplay.tk",
                "www.newarabsex.com",
                "www.youngtube.ml"
            ]
        }
    ],
    "categories": [],
    "performance": {},
    "cookies": 0,
    "types": {
        "XHR": 14
    },
    "nameservers": [
        "ns3.digitalocean.com",
        "ns1.digitalocean.com",
        "ns2.digitalocean.com"
    ]
}