{
    "domain": "ntvpinp.com",
    "owner": {},
    "source": [
        "DuckDuckGo-AU"
    ],
    "prevalence": 0.00181,
    "sites": 18,
    "subdomains": [],
    "cnames": [],
    "fingerprinting": 0,
    "resources": [
        {
            "rule": "ntvpinp\\.com\\/in\\/multy",
            "cookies": 0,
            "fingerprinting": 0,
            "subdomains": [],
            "apis": {},
            "sites": 18,
            "prevalence": 0.00181,
            "cnames": [],
            "responseHashes": [
                "d5e83a51362986dc5e413f097a378a667bf043c4cf737076e8fabd1afd197d06",
                "f08a3d7433c163759e9c249243872da4c482c4980b97467a554c12c8f93b6c39",
                "f2ee240ae2037ad19440bfb4a93d2c42a9005ce84ec6e7d276932d3249222ea1",
                "59998c0ffa28dbab86417e684aa7b407852cc23ea68a4af87c490711fe715d8a",
                "300fa29a0baacbdc11c663493d9957c20da33ad79bc58a853ca3f7e2bde1d782",
                "9883be00afc53a6941d10f7825d118ffd92164922e5b639e485c5396fe28ece7",
                "da10f682df055c06cc90afdfca4cc092fd06fede0d8a5a0f4d8ce04b6a1354ab",
                "c94a23e4ee4f284c062bd3f09563e89477e0d32a2f19b11e13ac5dac4aa5e314",
                "6131cf1b0d1bf9a2a6babbf8ebd0c15693e923a66bf9ed3fe1eb58dbaa6b1169",
                "0b85eb50c745879ebcec1e9ed5b84922a28cb09315dd6c019c748f6ecc68f84a",
                "04723016020f6faa07dd635e865c5e1ed0d42cc5dbd9f4403aa6ddcfb7868882",
                "4cc689280ef275be1a20846ad3922b21acca2c5baa5ede79c9b6a1704ed6fc83",
                "5eb6b63d09661aa08dd5ecc9ae6c0271af0ee375657f6d75daa881b4df54eabc",
                "50eb4f769ecbaedba6e2b5052b86b35986ba949b41228454c4bcf34797389449",
                "03edbfa698ef2695a9ecee7c730adea293007189e534ac7406a4cad5c3fbd0b8",
                "8a6a1407294d3c7ded7b097853765942eece243efa035cd204e6d93bcc652aa2",
                "17c73ae2a7da2259dcf630aa8e384e3f879ce1621a8d090aa8cf968181ba25f4"
            ],
            "type": "XHR",
            "firstPartyCookies": {},
            "firstPartyCookiesSent": {},
            "exampleSites": [
                "babesflirt.com",
                "bokepah.com",
                "dramacool.ac",
                "en.pornosearch.guru",
                "extremescatporn.com",
                "hentaihaven.me",
                "javhub.net",
                "pornogids.net",
                "pornzog.com",
                "pornone.com",
                "shittytube.com",
                "supjav.com",
                "txxx.com",
                "vjav.com",
                "www.xpee.com",
                "www.youngtube.ml",
                "www2.bestjavporn.com",
                "www2.javhdporn.net"
            ]
        }
    ],
    "categories": [],
    "performance": {},
    "cookies": 0,
    "types": {
        "XHR": 18
    },
    "nameservers": [
        "ns2.digitalocean.com",
        "ns3.digitalocean.com",
        "ns1.digitalocean.com"
    ]
}