{
    "domain": "onmarshtompor.com",
    "owner": {},
    "source": [
        "DuckDuckGo-AU"
    ],
    "prevalence": 0.000603,
    "sites": 6,
    "subdomains": [],
    "cnames": [],
    "fingerprinting": 0,
    "resources": [
        {
            "rule": "onmarshtompor\\.com\\/fac\\.php",
            "cookies": 0.000603,
            "fingerprinting": 0,
            "subdomains": [],
            "apis": {},
            "sites": 6,
            "prevalence": 0.000603,
            "cnames": [],
            "responseHashes": [
                "3bb3be3ed25d89422780f277007143c88434e49b23eb2618ceb13f74aaeebc2e",
                "f0e63f386d2c86ec53b040cab58ff81ff31525b80ea612396bc3f8b55d5ac717",
                "e98ee66943b631405cee8af639abc59e131e99b8e700c112741eb88e801b491b",
                "a436f29682bdfbe46cf6f0cf99de56691ececef34c7bb1f1fbdadec3a8fe6d5b",
                "0522533fc231bfd827304165fc42a62327af3b0063d11e166c6c67f92cf8e41e"
            ],
            "type": "Document",
            "firstPartyCookies": {},
            "firstPartyCookiesSent": {},
            "exampleSites": [
                "bikehike.org",
                "manhwa68.com",
                "vid.trendsintoday.com",
                "www.md-health.com",
                "www.twuko.com",
                "www9.0123movies.com"
            ]
        },
        {
            "rule": "onmarshtompor\\.com\\/",
            "cookies": 0,
            "fingerprinting": 0,
            "subdomains": [],
            "apis": {},
            "sites": 6,
            "prevalence": 0.000603,
            "cnames": [],
            "responseHashes": [
                "646726829addec7e7fdec58266f5e7269907faf7b56dd7acf84f662f03202bce",
                "a9ab83de8957787e972bed0ea4715f182fc3a049fc5d17642489b493275a5d91",
                "253f27b1d363d95badb2e3a4b7878ae124090911773ee7b8fde8f2de64e7f913",
                "aa034466f3feea37493d7cb3ba501abcfb26b2c24fa6131d6c73eef3264707ee",
                "a6dd302dd38ebe93620fa810a9fc69b402ab83a5737ce12f772b9005032c90cf"
            ],
            "type": "Fetch",
            "firstPartyCookies": {},
            "firstPartyCookiesSent": {},
            "exampleSites": [
                "bikehike.org",
                "manhwa68.com",
                "vid.trendsintoday.com",
                "www.md-health.com",
                "www.twuko.com",
                "www9.0123movies.com"
            ]
        }
    ],
    "categories": [],
    "performance": {},
    "cookies": 0.000603,
    "types": {
        "Document": 6,
        "Fetch": 6
    },
    "nameservers": [
        "ns-674.awsdns-20.net",
        "ns-468.awsdns-58.com",
        "ns-1706.awsdns-21.co.uk",
        "ns-1119.awsdns-11.org"
    ]
}