{
    "domain": "permutive.app",
    "owner": {},
    "source": [
        "DuckDuckGo-AU"
    ],
    "prevalence": 0.00954,
    "sites": 95,
    "subdomains": [
        "00917082-71e9-498e-8343-00c3df06b798.edge",
        "0b2cd04c-a32e-4316-8dff-4f1aa59900bb.partner",
        "d2fb08da-1c03-4c8a-978f-ad8a96b4c31f.partner",
        "6b6b990e-d9d8-4116-a028-76da837d7607.partner",
        "0272ac85-5199-4024-a555-397c3d825d95.edge",
        "6093eccf-6734-4877-ac8b-83d6d0e27b46.edge",
        "d82f7a30-751a-4689-b7e9-19336a89ab46.edge",
        "cdn",
        "a2a5c7f9-3fa0-4182-889a-15aa61acf59b.edge",
        "r7nff50myx9v.customer",
        "fa1f96ab-b693-40e4-82d5-8698592ef9ac.edge"
    ],
    "cnames": [
        {
            "original": "permutive.insider.com",
            "resolved": "r7nff50myx9v.customer.permutive.app"
        }
    ],
    "fingerprinting": 2,
    "resources": [
        {
            "rule": "permutive\\.app\\/00917082-71e9-498e-8343-00c3df06b798-web\\.js",
            "cookies": 0.001,
            "fingerprinting": 2,
            "subdomains": [
                "00917082-71e9-498e-8343-00c3df06b798.edge"
            ],
            "apis": {
                "window.localStorage": 11,
                "URL.createObjectURL": 11,
                "window.sessionStorage": 11,
                "Document.cookie getter": 10,
                "Document.cookie setter": 10,
                "Navigator.prototype.userAgent": 10,
                "window.indexedDB": 10,
                "Date.prototype.getTime": 10,
                "Performance.prototype.memory": 10
            },
            "sites": 11,
            "prevalence": 0.00111,
            "cnames": [],
            "responseHashes": [
                "be092f3a4e405e861cc8ce2d46aab8af9e43c9125f3b943506a42c55cef2d2bd"
            ],
            "type": "Script",
            "firstPartyCookies": {
                "permutive-session": {
                    "ttl": 94694410,
                    "length": 125,
                    "prevalence": 0.0010046212577858146,
                    "uniqueness": 1
                },
                "permutive-id": {
                    "ttl": 94694410,
                    "length": 36,
                    "prevalence": 0.0010046212577858146,
                    "uniqueness": 1
                }
            },
            "firstPartyCookiesSent": {},
            "exampleSites": [
                "alcasthq.com",
                "genshin.gg",
                "guides.magicgameworld.com",
                "namemc.com",
                "psnprofiles.com",
                "steamah.com",
                "techraptor.net",
                "www.pcgamesn.com",
                "www.sarna.net",
                "www.theloadout.com",
                "www.trueachievements.com"
            ]
        },
        {
            "rule": "permutive\\.app\\/sync\\/_pdfps",
            "cookies": 0.000402,
            "fingerprinting": 0,
            "subdomains": [
                "0b2cd04c-a32e-4316-8dff-4f1aa59900bb.partner",
                "d2fb08da-1c03-4c8a-978f-ad8a96b4c31f.partner",
                "6b6b990e-d9d8-4116-a028-76da837d7607.partner"
            ],
            "apis": {},
            "sites": 9,
            "prevalence": 0.000904,
            "cnames": [],
            "responseHashes": [
                "e3b0c44298fc1c149afbf4c8996fb92427ae41e4649b934ca495991b7852b855"
            ],
            "type": "XHR",
            "firstPartyCookies": {},
            "firstPartyCookiesSent": {},
            "exampleSites": [
                "gameranx.com",
                "nymag.com",
                "www.allmusic.com",
                "www.joblo.com",
                "www.thecut.com",
                "www.theglobeandmail.com",
                "www.totalprosports.com",
                "www.vulture.com",
                "www.whosampled.com"
            ]
        },
        {
            "rule": "permutive\\.app\\/6af07a2d-d0d3-4dfd-961a-bab066126220-web\\.js",
            "cookies": 0.000603,
            "fingerprinting": 2,
            "subdomains": [
                "0272ac85-5199-4024-a555-397c3d825d95.edge"
            ],
            "apis": {
                "window.localStorage": 6,
                "URL.createObjectURL": 6,
                "window.sessionStorage": 6,
                "Document.cookie getter": 6,
                "Document.cookie setter": 6,
                "Navigator.prototype.userAgent": 6,
                "window.indexedDB": 6,
                "Date.prototype.getTime": 6,
                "Performance.prototype.memory": 6
            },
            "sites": 6,
            "prevalence": 0.000603,
            "cnames": [],
            "responseHashes": [
                "1fa3491e32770e11fe9777c01636675a2582e4c836d096689977ede0aefd2771"
            ],
            "type": "Script",
            "firstPartyCookies": {
                "permutive-session": {
                    "ttl": 94694409,
                    "length": 125,
                    "prevalence": 0.0006027727546714888,
                    "uniqueness": 1
                },
                "permutive-id": {
                    "ttl": 94694409,
                    "length": 36,
                    "prevalence": 0.0006027727546714888,
                    "uniqueness": 1
                }
            },
            "firstPartyCookiesSent": {},
            "exampleSites": [
                "sfgate.com",
                "homeguides.sfgate.com",
                "smallbusiness.chron.com",
                "work.chron.com",
                "www.sfchronicle.com",
                "www.sfgate.com"
            ]
        },
        {
            "rule": "permutive\\.app\\/eb036676-52ea-47b5-a2f6-fcfb4ece9c00-web\\.js",
            "cookies": 0.00211,
            "fingerprinting": 2,
            "subdomains": [
                "0272ac85-5199-4024-a555-397c3d825d95.edge"
            ],
            "apis": {
                "window.localStorage": 21,
                "URL.createObjectURL": 21,
                "window.sessionStorage": 21,
                "Document.cookie getter": 21,
                "Document.cookie setter": 21,
                "Navigator.prototype.userAgent": 21,
                "window.indexedDB": 21,
                "Date.prototype.getTime": 21,
                "Performance.prototype.memory": 21
            },
            "sites": 21,
            "prevalence": 0.00211,
            "cnames": [],
            "responseHashes": [
                "357161ea9ea83601027fc908853f1286d279ecb49bcfc0784f8766367d12f65e"
            ],
            "type": "Script",
            "firstPartyCookies": {
                "permutive-session": {
                    "ttl": 94694405,
                    "length": 125,
                    "prevalence": 0.002109704641350211,
                    "uniqueness": 1
                },
                "permutive-id": {
                    "ttl": 94694405,
                    "length": 36,
                    "prevalence": 0.002109704641350211,
                    "uniqueness": 0.09523809523809523
                }
            },
            "firstPartyCookiesSent": {},