{
    "domain": "plavxml.com",
    "owner": {},
    "source": [
        "DuckDuckGo-AU"
    ],
    "prevalence": 0.00278,
    "sites": 27,
    "subdomains": [
        "vxml4"
    ],
    "cnames": [],
    "fingerprinting": 1,
    "resources": [
        {
            "rule": "plavxml\\.com\\/sited\\/ref\\/phnumint_md_gp\\.jsp",
            "cookies": 0.00185,
            "fingerprinting": 1,
            "subdomains": [
                "vxml4"
            ],
            "apis": {
                "Document.cookie setter": 13,
                "Date.prototype.getTime": 4
            },
            "sites": 22,
            "prevalence": 0.00226,
            "cnames": [],
            "responseHashes": [
                "45a1e84d5eb1573b20c5e590ba7b39b8d0f6ee5395f56e96ee508c7fb339dd2c",
                "dc8ec1b4d1a2a27ecb5199de26baab9bf0c399548820cfc60d68da452b6285b6",
                "2c0da5f9ea631da67bbb5d5e69f991e321c555dd4f6d1a22aa37c9bd18c12767",
                "4f1bb1db0a9be8ab39265dc7677a6146e5b5691c9ba8adf01a9a7a6b43a9057b",
                "7d95b52c245218e783ab6c6b590c694e5641ea8819296f76a89b004604a330d8",
                "63028b4f047b988b6ef88334436168c5ffd87244d726e1bf393c685ee2c4eea4",
                "23f6712b65f2fd1d9a0c48eb42e8386b45442a5fbbe4e8d1a5febe4fef4767e1",
                "a348f41806d33c877917c016fe3168f16019fdb029b3ae3122f357c2a99ea59b",
                "5c23c623edaf4a7e987d336459bbe8cdcdf03f1055330fa3378911d22e4817e5",
                "b41e44eddcef324857104dd794a0abf2cbb126885b18343d906f4105ad0aebf3",
                "6df8baf674046899a2053bef45543f1254d4565de39738e9c0820a89090e373d",
                "2cf2c8d85380f0c48b76160516183673bf91b9af2aa18cb3ca1cac73900fabcb",
                "b469dc89261cb3fc4a200972fb72a688409c188ecc586efb13e0ff639e1581fb",
                "6b932393b9c3ceaccddf09cd9df0b6e0f0fcfe68c3ec2d0dfe90a6049062c751",
                "564f09c8dcf0f8fa22eac99d575416e86c1e1a84753e856c334232631fa1a0c7",
                "25cc7403f87139f84f8d07454fe871df0efd360c0b866cec478ec11fe70d9629",
                "752490cb2f03ad0c11772122490c994593c158fbda655c407713d1087ab689bc"
            ],
            "type": "Script",
            "firstPartyCookies": {
                "delaconsessid": {
                    "ttl": null,
                    "length": 32,
                    "prevalence": 0.0013371734211067683,
                    "uniqueness": 1
                },
                "delaconphonenums": {
                    "ttl": null,
                    "length": 52,
                    "prevalence": 0.000720016457519029,
                    "uniqueness": 1
                }
            },
            "firstPartyCookiesSent": {
                "_hjTLDTest": 0.00010285949393128986
            },
            "exampleSites": [
                "www.doorsplus.com.au",
                "www.flightcentre.com.au",
                "www.bridgestone.com.au",
                "www.obrien.com.au",
                "www.opencolleges.edu.au",
                "www.foxtel.com.au",
                "www.optus.com.au",
                "www.shannons.com.au",
                "www.redenergy.com.au",
                "www.heritage.com.au",
                "www.aussie.com.au",
                "www.moneyme.com.au",
                "www.medibank.com.au",
                "employsure.com.au",
                "my.bupa.com.au",
                "supernetball.com.au",
                "www.tradiesworkwearshop.com.au",
                "www.bupa.com.au",
                "www.mebank.com.au",
                "www.aia.com.au"
            ]
        },
        {
            "rule": "plavxml\\.com\\/sited\\/ref\\/integration\\.jsp",
            "cookies": 0.00144,
            "fingerprinting": 0,
            "subdomains": [
                "vxml4"
            ],
            "apis": {},
            "sites": 16,
            "prevalence": 0.00165,
            "cnames": [],
            "responseHashes": [
                "e3b0c44298fc1c149afbf4c8996fb92427ae41e4649b934ca495991b7852b855"
            ],
            "type": "Script",
            "firstPartyCookies": {},
            "firstPartyCookiesSent": {
                "_ga": 0.002057189878625797,
                "delaconsessid": 0.0013371734211067683,
                "gaClientId": 0.00010285949393128986
            },
            "exampleSites": [
                "employsure.com.au",
                "my.bupa.com.au",
                "supernetball.com.au",
                "www.aia.com.au",
                "www.aussie.com.au",
                "www.bupa.com.au",
                "www.flightcentre.com.au",
                "www.foxtel.com.au",
                "www.mebank.com.au",
                "www.medibank.com.au",
                "www.mynrma.com.au",
                "www.obrien.com.au",
                "www.opencolleges.edu.au",
                "www.optus.com.au",
                "www.shannons.com.au",
                "www.tradiesworkwearshop.com.au"
            ]
        },
        {
            "rule": "plavxml\\.com\\/sited\\/ref\\/integration\\.jsp",
            "cookies": 0.00072,
            "fingerprinting": 0,
            "subdomains": [
                "vxml4"
            ],
            "apis": {},
            "sites": 9,
            "prevalence": 0.000926,
            "cnames": [],
            "responseHashes": [
                "6adc3d4c1056996e4e8b765a62604c78b1f867cceb3b15d0b9bedb7c4857f992"
            ],
            "type": "Image",
            "firstPartyCookies": {},
            "firstPartyCookiesSent": {
                "delaconsessid": 0.0008228759514503189
            },
            "exampleSites": [
                "employsure.com.au",
                "my.bupa.com.au",
                "www.aia.com.au",
                "www.bupa.com.au",
                "www.mebank.com.au",
                "www.medibank.com.au",
                "www.mynrma.com.au",
                "www.opencolleges.edu.au",
                "www.shannons.com.au"
            ]
        },
        {
            "rule": "plavxml\\.com\\/sited\\/ref\\/ctrk\\/1257",
            "cookies": 0.000206,
            "fingerprinting": 1,
            "subdomains": [
                "vxml4"
            ],
            "apis": {
                "Document.cookie getter": 1,
                "Date.prototype.getTime": 1
            },
            "sites": 3,
            "prevalence": 0.000309,
            "cnames": [],
            "responseHashes": [
                "888352e648cac795a20e561734ef71d51246c271f2b77a41ce1f3fbe68b8873d"
            ],
            "type": "Script",
            "firstPartyCookies": {},
            "firstPartyCookiesSent": {},
            "exampleSites": [
                "suncorpbank.com.au",
                "supernetball.com.au",
                "www.suncorp.com.au"
            ]
        },
        {
            "rule": "plavxml\\.com\\/sited\\/ref\\/chkcmad_md_gp\\.jsp",
            "cookies": 0.000206,
            "fingerprinting": 0,
            "subdomains": [
                "vxml4"
            ],
            "apis": {},
            "sites": 8,
            "prevalence": 0.000823,
            "cnames": [],
            "responseHashes": [
                "1f8c2e7d2c8008285b281f60e8e10cb96b55d33fae2e8aecfa700ac67c78bac1"
            ],
            "type": "Script",
            "firstPartyCookies": {},
            "firstPartyCookiesSent": {
                "delaconsessid": 0.0005142974696564493,
                "_ga": 0.000720016457519029,
                "gaClientId": 0.00010285949393128986
            },
            "exampleSites": [
                "bupa.com.au",
                "www.bupa.com.au",
                "www.medibank.com.au",
                "www.moneyme.com.au",
                "www.obrien.com.au",
                "www.opencolleges.edu.au",
                "www.optus.com.au",
                "www.tradiesworkwearshop.com.au"
            ]
        }
    ],
    "categories": [],
    "performance": {
        "time": 0,