{
    "domain": "powerad.ai",
    "owner": {},
    "source": [
        "DuckDuckGo-AU"
    ],
    "prevalence": 0.00231,
    "sites": 23,
    "subdomains": [
        "reporting"
    ],
    "cnames": [],
    "fingerprinting": 1,
    "resources": [
        {
            "rule": "powerad\\.ai\\/",
            "cookies": 0,
            "fingerprinting": 0,
            "subdomains": [
                "reporting"
            ],
            "apis": {},
            "sites": 23,
            "prevalence": 0.00231,
            "cnames": [],
            "responseHashes": [
                "565339bc4d33d72817b583024112eb7f5cdf3e5eef0252d6ec1b9c9a94e12bb3"
            ],
            "type": "Other",
            "firstPartyCookies": {},
            "firstPartyCookiesSent": {},
            "exampleSites": [
                "www.sammobile.com",
                "primagames.com",
                "www.natlawreview.com",
                "www.discovermagazine.com",
                "booksrelease.com",
                "grammarist.com",
                "nofilmschool.com",
                "www.metatube.com",
                "www.theblaze.com",
                "www.revolver.news",
                "www.whatfontis.com",
                "gamertweak.com",
                "www.tunefind.com",
                "forums.leagueunlimited.com",
                "davesgarden.com",
                "dailyhodl.com",
                "secondhandsongs.com",
                "www.talkbass.com",
                "www.studyfinds.org",
                "decrypt.co"
            ]
        },
        {
            "rule": "powerad\\.ai\\/pubPls\\/",
            "cookies": 0.000602,
            "fingerprinting": 0,
            "subdomains": [],
            "apis": {},
            "sites": 23,
            "prevalence": 0.00231,
            "cnames": [],
            "responseHashes": [
                "2a29374e89d5179f71876acb9981ee5fb11fee46bf2c9317933f567208cb46cd",
                "31ea91bb1ac277daec6d8b03b209e89d6f8cce59b0a99b4c6fcd8e3489a0885a",
                "d8253e195f929b9a4ca92284cdaab36b609a987d8063f550e1987fc98f033377",
                "747c9d169f8df25380c22852dabcce0da67073473ef67f9baa3fdcdbc7639288",
                "ccdd2e0a431a810571ca9ba1b43bec4094c94c17d21c9872860412a83a2ba687",
                "8d40da7420807733ccd280a10e95fe4f5049bae2fd25305ed11c31140d872089",
                "d58f7b0206f62445d9afd6c2e767a3575174d174b3dec4d03ad8803b1f70a828",
                "f4b538cca08900bf91255dee8bf11e76930f632409199a986d32422f13e27eb9",
                "c781d2fdec53a14c70908edd72a32b53bc8237b1c4e2b31af14bf3b81b137a11",
                "392c752d2c1e87ef84920c62debc8453fe3d334181f3c7bc79f422e043182df6",
                "16a8e0a8f423aff105e9e5b29a61cf67d9a847790dae1d50b86df792cb596806",
                "3188a6fca93d87a14a605f8202a351cba65bd9941b808f7f7b67eca53dc20966",
                "ab77a63a95779d930852a9db39f43d7fd4e6a72501b5e47e0289b7073208d043",
                "d7a00a7b918bc06abbc339b6a0fc3712e6e8c62bd48c6b5b4f079fed5fa04e22",
                "cf9c3ff04937b34c05bf1aca78862d544cd05e2301611b75ee2138d7808f230c",
                "df81987c57da003af7a7353bb38129a02d6af9acdae451a4e8cd17060da02816",
                "f0bcbbcf03c179fbe38f27c7a87d4cfc62c1c3492598e8e7055e98223ea279b3",
                "6e7b10f96c66b264698e7fe49c7a086096ceb6f99964d5637deaf08f17260e32",
                "92c6edecea3ce8067486b435f2e476b066f099a530002823fb0a40a22792a799",
                "01e5eddc157a8c44e604b06f3ca14d5c5e5edbcf0547b90d658b9d9bda98e5c4",
                "52e07ca3e8c26ec43be677fe864ce2ed8e5af290779f77a675e3553fe4045af0",
                "cf4ff826d7ed9cbae370c1d08855b4720f0a9a81d9de9ab41f79de748ae01382"
            ],
            "type": "XHR",
            "firstPartyCookies": {},
            "firstPartyCookiesSent": {},
            "exampleSites": [
                "nofilmschool.com",
                "www.discovermagazine.com",
                "perezhilton.com",
                "www.metatube.com",
                "dailyhodl.com",
                "www.queerty.com",
                "decrypt.co",
                "secondhandsongs.com",
                "gamertweak.com",
                "www.bestmp3converter.com",
                "davesgarden.com",
                "www.sammobile.com",
                "www.whatfontis.com",
                "www.natlawreview.com",
                "www.talkbass.com",
                "forums.leagueunlimited.com",
                "www.revolver.news",
                "www.theblaze.com",
                "www.tunefind.com",
                "primagames.com"
            ]
        },
        {
            "rule": "powerad\\.ai\\/vid_script\\.js",
            "cookies": 0,
            "fingerprinting": 1,
            "subdomains": [],
            "apis": {
                "Navigator.prototype.userAgent": 4
            },
            "sites": 5,
            "prevalence": 0.000502,
            "cnames": [],
            "responseHashes": [
                "549aebf6fff36a0bb134dbb1fffc74a5df8907849e2d65479b6780fc8515ebba"
            ],
            "type": "Script",
            "firstPartyCookies": {},
            "firstPartyCookiesSent": {},
            "exampleSites": [
                "booksrelease.com",
                "grammarist.com",
                "www.bestmp3converter.com",
                "www.discovermagazine.com",
                "www.whatfontis.com"
            ]
        },
        {
            "rule": "powerad\\.ai\\/script\\.js",
            "cookies": 0,
            "fingerprinting": 0,
            "subdomains": [],
            "apis": {},
            "sites": 15,
            "prevalence": 0.00151,
            "cnames": [],
            "responseHashes": [
                "63721156438c4a8fad96c6cb93099d8a59e94706abc4bf0c391b393cff33aa9e"
            ],
            "type": "Script",
            "firstPartyCookies": {},
            "firstPartyCookiesSent": {},
            "exampleSites": [
                "davesgarden.com",
                "forums.leagueunlimited.com",
                "grammarist.com",
                "nofilmschool.com",
                "perezhilton.com",
                "primagames.com",
                "secondhandsongs.com",
                "www.discovermagazine.com",
                "www.metatube.com",
                "www.queerty.com",
                "www.sammobile.com",
                "www.studyfinds.org",
                "www.talkbass.com",
                "www.theblaze.com",
                "www.tunefind.com"
            ]
        }
    ],
    "categories": [],
    "performance": {},
    "cookies": 0.000602,
    "types": {
        "Other": 23,
        "XHR": 23,
        "Script": 20
    },
    "nameservers": [
        "ns1.101domain.com",
        "ns2.101domain.com",
        "ns5.101domain.com"
    ]
}