{
    "domain": "res-x.com",
    "owner": {
        "name": "Kibo Software, Inc.",
        "displayName": "Kibo Software"
    },
    "source": [
        "DuckDuckGo-AU"
    ],
    "prevalence": 0.0011,
    "sites": 11,
    "subdomains": [
        "www"
    ],
    "cnames": [],
    "fingerprinting": 0,
    "resources": [
        {
            "rule": "res-x\\.com\\/ws\\/r2\\/Resonance\\.aspx",
            "cookies": 0,
            "fingerprinting": 0,
            "subdomains": [
                "www"
            ],
            "apis": {},
            "sites": 11,
            "prevalence": 0.0011,
            "cnames": [],
            "responseHashes": [
                "4a6c9107d0d4902431cfb7daaf4eb0b91e30785f1ccccda5712241eb0b30223f",
                "e3b0c44298fc1c149afbf4c8996fb92427ae41e4649b934ca495991b7852b855",
                "56512caca27381705e370c5fde5e08869d5ea77be8fde71b2d733840b9e0e925",
                "bb6e3d8e47ab8584e9e21c46667c1252c975ecd7205cefbfb00f010dc41ba8de",
                "a52da5c01bf032169bc6293c41b32089f39d0ad30629defdb1bcb0568c3666bc",
                "3b29443a753d50bb68e143d0d1d7e9fb20b960b498ac1b9ea8f89e73de3d3f9c",
                "da2edcc1f48691d7656f829b5d064b62adfaf9c0abde98620525107866e0fd9d"
            ],
            "type": "Script",
            "firstPartyCookies": {},
            "firstPartyCookiesSent": {
                "RES_TRACKINGID": 0.0007025996185887784,
                "RES_SESSIONID": 0.0007025996185887784,
                "IR_gbd": 0.00030111412225233364
            },
            "exampleSites": [
                "adidas.com.au",
                "www.asics.com",
                "www.bodybuilding.com",
                "www.gucci.com",
                "www.itvsn.com.au",
                "www.mightyape.com.au",
                "www.mountainwarehouse.com",
                "www.petbarn.com.au",
                "www.reebok.com.au",
                "www.revzilla.com",
                "www.sephora.com"
            ]
        }
    ],
    "categories": [],
    "performance": {},
    "cookies": 0,
    "types": {
        "Script": 11
    },
    "nameservers": [
        "edns1.ultradns.com",
        "edns1.ultradns.net",
        "edns1.ultradns.biz",
        "edns1.ultradns.org"
    ]
}