{
    "domain": "sele.co",
    "owner": {},
    "source": [
        "DuckDuckGo-AU"
    ],
    "prevalence": 0.0018,
    "sites": 18,
    "subdomains": [
        "api",
        "api-ntv",
        "trk-sp"
    ],
    "cnames": [],
    "fingerprinting": 0,
    "resources": [
        {
            "rule": "sele\\.co\\/ub\\/v1\\.jsonp",
            "cookies": 0,
            "fingerprinting": 0,
            "subdomains": [
                "api"
            ],
            "apis": {},
            "sites": 18,
            "prevalence": 0.0018,
            "cnames": [],
            "responseHashes": [
                "7dd3dae7d3278f6e7dc14d9e4026b29e2ada4b0d26c9acf856fbfff2f7b5f852",
                "3e754445c94a0d969f3ad3fdcec167af901c21f80c811afc7bc38202125756c6",
                "6c03184ed2b4208f7812711b144e0db2ccc86e87f386ca86d3406fffef6cd509",
                "eaa61aa5afdea25f4f099f5c14dbfaaece1820bcd0f9aa8c9dfc6ab8e7b94b0d",
                "0f917d589525f2404cc9cec16408f66336a18c6a293ff8f6aae03a45de74a266",
                "4ac2ceafd3ca5808595b465999c3c03889c41b20e0d712a12c6b1811c0bf2260",
                "8d1c1eefdbaae88a91c31a96214bf70399278e4256d4b4fc18f82e1e55eedfad",
                "71290ce9675bd86e57c1155512f7b192920e9bdd0bab0fbf88941d97660462cd",
                "65c54fedf840378d4b391a818656ed697d75b09da52dc930217d6db1e82729b5",
                "e443cbcf6d018de37b1b78659924d26674a27ab9b0ac77cc588701ba49caf08e",
                "79b025cfac2fdeb133f85b3ca85293ace4a26eee18305e63a85eca9cebdd17ac",
                "b2c5ccb57da543e0f853f646304ac68b9e52903ac18ab95a13d8c8029acc4a61",
                "bd8f91d75c5a8c511c483898fc7384914039d132cda8a879319406eb5dbef913",
                "7dea226432a97c5b5d997d9f55efa2e8f8e51321ac8b8944c0174ebfa1c87601",
                "5cfa125ff1bd1f3748ffa9de71baf2607a53c6d77cc7576caad1909a959dc253",
                "d1b1d1445a5fc9461930c2f4ace6fdcb18579c0b0cc5373e736e86ed4d8d69ee"
            ],
            "type": "Script",
            "firstPartyCookies": {},
            "firstPartyCookiesSent": {
                "muuid_link": 0.001503307276007216,
                "globalTI_SID": 0.0028061735818801364,
                "_pnxd": 0.0010022048506714773,
                "_li_dcdm_c": 0.0009019843656043296
            },
            "exampleSites": [
                "ew.com",
                "hellogiggles.com",
                "people.com",
                "www.allrecipes.com",
                "www.bhg.com",
                "www.cookinglight.com",
                "www.eatingwell.com",
                "www.foodandwine.com",
                "www.health.com",
                "www.instyle.com",
                "www.marthastewart.com",
                "www.myrecipes.com",
                "www.parents.com",
                "www.realsimple.com",
                "www.shape.com",
                "www.southernliving.com",
                "www.travelandleisure.com",
                "www.woodmagazine.com"
            ]
        },
        {
            "rule": "sele\\.co\\/sp\\/v5\\.jsonp",
            "cookies": 0,
            "fingerprinting": 0,
            "subdomains": [
                "api-ntv"
            ],
            "apis": {},
            "sites": 7,
            "prevalence": 0.000702,
            "cnames": [],
            "responseHashes": [
                "b7b6568ec6a5531eda545d19433087d38589140dd7b2b9833a4f05691ea8c261"
            ],
            "type": "Script",
            "firstPartyCookies": {},
            "firstPartyCookiesSent": {
                "muuid_link": 0.0005011024253357386,
                "globalTI_SID": 0.0010022048506714773,
                "_pnxd": 0.0004008819402685909
            },
            "exampleSites": [
                "ew.com",
                "www.health.com",
                "www.instyle.com",
                "www.realsimple.com",
                "www.shape.com",
                "www.travelandleisure.com",
                "www.woodmagazine.com"
            ]
        },
        {
            "rule": "sele\\.co\\/sp",
            "cookies": 0,
            "fingerprinting": 0,
            "subdomains": [
                "trk-sp"
            ],
            "apis": {},
            "sites": 7,
            "prevalence": 0.000702,
            "cnames": [],
            "responseHashes": [
                "a065920df8cc4016d67c3a464be90099c9d28ffe7c9e6ee3a18f257efc58cbd7"
            ],
            "type": "Image",
            "firstPartyCookies": {},
            "firstPartyCookiesSent": {
                "globalTI_SID": 0.0010022048506714773,
                "_pnxd": 0.0004008819402685909
            },
            "exampleSites": [
                "ew.com",
                "www.health.com",
                "www.instyle.com",
                "www.realsimple.com",
                "www.shape.com",
                "www.travelandleisure.com",
                "www.woodmagazine.com"
            ]
        }
    ],
    "categories": [],
    "performance": {},
    "cookies": 0,
    "types": {
        "Script": 25,
        "Image": 7
    },
    "nameservers": [
        "ns-1416.awsdns-49.org",
        "ns-165.awsdns-20.com",
        "ns-807.awsdns-36.net",
        "ns-1580.awsdns-05.co.uk"
    ]
}