{
    "domain": "signifyd.com",
    "owner": {
        "name": "Signifyd Inc.",
        "displayName": "Signifyd"
    },
    "source": [
        "DuckDuckGo-AU"
    ],
    "prevalence": 0.00103,
    "sites": 10,
    "subdomains": [
        "cdn-scripts",
        "imgs",
        "bt"
    ],
    "cnames": [],
    "fingerprinting": 3,
    "resources": [
        {
            "rule": "signifyd\\.com\\/api\\/script-tag\\.js",
            "cookies": 0,
            "fingerprinting": 1,
            "subdomains": [
                "cdn-scripts"
            ],
            "apis": {
                "Navigator.prototype.userAgent": 4,
                "Date.prototype.getTime": 3,
                "window.localStorage": 3
            },
            "sites": 6,
            "prevalence": 0.000617,
            "cnames": [],
            "responseHashes": [
                "e17857cb74ff8bb8c18929844a2d0ff42bd36dee42113f85a8831ad42ef6eb79"
            ],
            "type": "Script",
            "firstPartyCookies": {},
            "firstPartyCookiesSent": {},
            "exampleSites": [
                "automotivesuperstore.com.au",
                "www.breville.com",
                "www.foxracing.com",
                "www.sram.com",
                "www.tradetools.com",
                "www.videopro.com.au"
            ]
        },
        {
            "rule": "signifyd\\.com\\/fp\\/tags\\.js",
            "cookies": 0.00072,
            "fingerprinting": 1,
            "subdomains": [
                "imgs"
            ],
            "apis": {
                "Navigator.prototype.userAgent": 6,
                "Navigator.prototype.vendor": 6,
                "Navigator.prototype.platform": 6,
                "Navigator.prototype.appVersion": 6
            },
            "sites": 9,
            "prevalence": 0.000926,
            "cnames": [],
            "responseHashes": [
                "b100b214bd3068746d4b17f352091ae02d833e30d2e75a7fba273779b35d815f",
                "49dd2512221e94bc8c0e631f8fced3b3e74ba89d6054d666cb1d87198f006219",
                "898aa5712e46ef2a386918694c1f26e5437439c9feac1d3b295c22c1cc64d1a3",
                "22868c84890809c43452ac91590da89cfa65d65cc608fea8b1b865913d7778a6",
                "8906c6f7029e13743e13878169b521f9442c292010072a2119d4c90fa6545e13",
                "7c9f8ebc52248124eb485f1baf71c39963518e8413262326b358c1d1de23e76c",
                "0cf4a277317280d95665fb0b48f1d4261a45fd2fde9ce8e8a36a7b619d3c3e12"
            ],
            "type": "Script",
            "firstPartyCookies": {},
            "firstPartyCookiesSent": {},
            "exampleSites": [
                "automotivesuperstore.com.au",
                "secretlabchairs.com.au",
                "www.blankclothing.com.au",
                "www.culturekings.com.au",
                "www.fishingtackleshop.com.au",
                "www.foxracing.com",
                "www.sram.com",
                "www.tradetools.com",
                "www.videopro.com.au"
            ]
        },
        {
            "rule": "signifyd\\.com\\/shopify\\/script-tag\\.js",
            "cookies": 0,
            "fingerprinting": 1,
            "subdomains": [
                "cdn-scripts"
            ],
            "apis": {
                "Document.cookie getter": 2,
                "Date.prototype.getTime": 2,
                "window.localStorage": 2,
                "window.name": 2,
                "Navigator.prototype.userAgent": 2
            },
            "sites": 2,
            "prevalence": 0.000206,
            "cnames": [],
            "responseHashes": [
                "8677603c79ea7b8ac5ff91a7d32558c1f8f381c5ed7127cdf291e6f9698a4162"
            ],
            "type": "Script",
            "firstPartyCookies": {},
            "firstPartyCookiesSent": {},
            "exampleSites": [
                "secretlabchairs.com.au",
                "www.culturekings.com.au"
            ]
        },
        {
            "rule": "signifyd\\.com\\/onload",
            "cookies": 0,
            "fingerprinting": 0,
            "subdomains": [
                "bt"
            ],
            "apis": {},
            "sites": 5,
            "prevalence": 0.000514,
            "cnames": [],
            "responseHashes": [],
            "type": "XHR",
            "firstPartyCookies": {},
            "firstPartyCookiesSent": {},
            "exampleSites": [
                "secretlabchairs.com.au",
                "www.culturekings.com.au",
                "www.foxracing.com",
                "www.sram.com",
                "www.videopro.com.au"
            ]
        },
        {
            "rule": "signifyd\\.com\\/fp\\/check\\.js",
            "cookies": 0,
            "fingerprinting": 3,
            "subdomains": [
                "imgs"
            ],
            "apis": {
                "Navigator.prototype.mimeTypes": 4,
                "Navigator.prototype.userAgent": 4,
                "Navigator.prototype.vendor": 4,
                "Navigator.prototype.platform": 4,
                "Navigator.prototype.appVersion": 4,
                "Date.prototype.getTimezoneOffset": 4,
                "window.devicePixelRatio": 4,
                "Screen.prototype.width": 4,
                "Screen.prototype.height": 4,
                "Screen.prototype.availWidth": 4,
                "Screen.prototype.availHeight": 4,
                "Screen.prototype.colorDepth": 4,
                "Navigator.prototype.plugins": 4,
                "Navigator.prototype.hardwareConcurrency": 4,
                "Navigator.prototype.deviceMemory": 4,
                "Intl.DateTimeFormat.prototype.resolvedOptions": 4,
                "HTMLCanvasElement.prototype.toDataURL": 4,
                "WebGLRenderingContext.prototype.getParameter": 4,
                "WebGLRenderingContext.prototype.getSupportedExtensions": 4,
                "WebGLRenderingContext.prototype.getExtension": 4,
                "window.localStorage": 4,
                "window.indexedDB": 4,
                "RTCPeerConnection.prototype.constructor": 4,
                "Navigator.prototype.storage": 4,
                "Navigator.prototype.getBattery": 4,
                "OfflineAudioContext.prototype.constructor": 4,
                "Navigator.prototype.mediaDevices": 4,
                "AudioBuffer.prototype.getChannelData": 3,
                "Date.prototype.getTime": 3
            },
            "sites": 6,
            "prevalence": 0.000617,
            "cnames": [],
            "responseHashes": [
                "ffb388bdb91855dcba0dbcf832ca95314615bd89f29d4e018a11414265a28913",
                "e5e33a4a9705cac3059be11f982e4d8ce34761ac5b561251aa0f67d359df52bc",
                "b8591ba45cd56439381276ac89907cc473caf2ea580f9b6df4f47d799bd570c9"
            ],
            "type": "Script",
            "firstPartyCookies": {},
            "firstPartyCookiesSent": {},
            "exampleSites": [
                "secretlabchairs.com.au",
                "www.blankclothing.com.au",
                "www.culturekings.com.au",
                "www.foxracing.com",
                "www.sram.com",
                "www.videopro.com.au"
            ]
        },
        {
            "rule": "signifyd\\.com\\/fp\\/clear\\.png",
            "cookies": 0,
            "fingerprinting": 0,
            "subdomains": [
                "imgs"
            ],
            "apis": {},
            "sites": 6,
            "prevalence": 0.000617,
            "cnames": [],
            "responseHashes": [
                "95518cbec0d55a574a9c8ef72a2a7d62ac0d40a4de5dfe67a76a7d214dc8b743"
            ],
            "type": "Image",
            "firstPartyCookies": {},
            "firstPartyCookiesSent": {},