{
    "domain": "soundestlink.com",
    "owner": {},
    "source": [
        "DuckDuckGo-AU"
    ],
    "prevalence": 0.00191,
    "sites": 19,
    "subdomains": [
        "forms",
        "wt"
    ],
    "cnames": [],
    "fingerprinting": 0,
    "resources": [
        {
            "rule": "soundestlink\\.com\\/REST\\/inShop\\/v1\\/getSettings",
            "cookies": 0,
            "fingerprinting": 0,
            "subdomains": [
                "forms"
            ],
            "apis": {},
            "sites": 19,
            "prevalence": 0.00191,
            "cnames": [],
            "responseHashes": [
                "00871981b541088bf6a419c1a6eeca6a77c3a76fff886d464cbb54ef6dd444a7",
                "91a2d9b68255e33f0232582020a7bad1a0db55b5839ce6db93b46e774234cabd",
                "21c684a8784b3573845741f125e90172aa0279f6bf26c739c9528892a7c71c9f",
                "20b0108f788248b359c2be0fb763fbc8da1f421b303497d7f17b097ce9a4c215",
                "adccef07d7a5ccbbd203b62114153b1af52888ba0b3db4262edde971f477cf7f",
                "402dd25cfe2df7589373d3a19fc2422ff88c1f6663dff72277801bac8a98b089",
                "916ed0776347e53c3d556909a7cbdba4fb0a10bc85e729ffdcec1f2086a022dc",
                "25749f4161f7eb1e40f97fdd7689a5028d2cd3c11bac7e076b3e053691ec74ee",
                "c0895ed7f43746bdbbf1d027c87c2be6a94d16ff715b54ddfa4df0bc0c6639d9",
                "d0685e9728e198e05ef03c484cd5bf1a0a6e5babfb24ecbb7ba614954056c328",
                "6ce7e8bf13e576e66fb0fb3b452edee9550870f90bd712a3aa4f9ad8fae15e95",
                "c29587e4b9fd7ddf1acd3aca899690b575b9ca0a28d92f13cab4ca0cb8eea849",
                "93dbdfe11126e76c753fd942e145c6320ef36d0db06bb0d0f2844ae34bce35da",
                "72f62fcab81b9706f61e6cddc8c8284946a6a5a47217cc0cb9a3ae032f8a1bb3",
                "eb422259f2c5ced1374b99923d1e4ea079dac5135b3fe1c004c54c2e5bc2f98d",
                "9236bb25e4400fd009532f34b1104db366eee0a5eb620dcd70dfd4a481830dda",
                "f093e5b5b77f9f43774e3e1ab1bb203db5589857f4d6cb4c288641fcdba0e726",
                "eca42e957fb8bcc01b943520d5474eda3ecd10633c3b0d3287139ce5b88613fe"
            ],
            "type": "Script",
            "firstPartyCookies": {},
            "firstPartyCookiesSent": {},
            "exampleSites": [
                "akubra.com.au",
                "bunkers.com.au",
                "gymdirect.com.au",
                "labyrinthos.co",
                "lingerieseduction.com.au",
                "petchemist.com.au",
                "thehippiehouse.com.au",
                "www.aussiechooksupplies.com.au",
                "www.cheapaschips.com.au",
                "www.electrickicks.com.au",
                "www.hsw.com.au",
                "www.jimscellars.com.au",
                "www.lectura-specs.com",
                "www.lelo.com",
                "www.newcase.com.au",
                "www.nutritionwarehouse.com.au",
                "www.shaktimats.com.au",
                "www.wallacebishop.com.au",
                "zstack.vladimirzelenkomd.com"
            ]
        },
        {
            "rule": "soundestlink\\.com\\/REST\\/webTracking\\/v1\\/event",
            "cookies": 0,
            "fingerprinting": 0,
            "subdomains": [
                "wt"
            ],
            "apis": {},
            "sites": 19,
            "prevalence": 0.00191,
            "cnames": [],
            "responseHashes": [
                "1866961a029c65376fefb7f2ba1e6187e09ff50ea58d97dedfd72c197947d002"
            ],
            "type": "Image",
            "firstPartyCookies": {},
            "firstPartyCookiesSent": {
                "omnisendAnonymousID": 0.0019059083157789147,
                "omnisendSessionID": 0.0019059083157789147
            },
            "exampleSites": [
                "akubra.com.au",
                "bunkers.com.au",
                "gymdirect.com.au",
                "labyrinthos.co",
                "lingerieseduction.com.au",
                "petchemist.com.au",
                "thehippiehouse.com.au",
                "www.aussiechooksupplies.com.au",
                "www.cheapaschips.com.au",
                "www.electrickicks.com.au",
                "www.hsw.com.au",
                "www.jimscellars.com.au",
                "www.lectura-specs.com",
                "www.lelo.com",
                "www.newcase.com.au",
                "www.nutritionwarehouse.com.au",
                "www.shaktimats.com.au",
                "www.wallacebishop.com.au",
                "zstack.vladimirzelenkomd.com"
            ]
        }
    ],
    "categories": [],
    "performance": {},
    "cookies": 0,
    "types": {
        "Script": 19,
        "Image": 19
    },
    "nameservers": [
        "rob.ns.cloudflare.com",
        "sara.ns.cloudflare.com"
    ]
}