{
    "domain": "soundestlink.com",
    "owner": {},
    "source": [
        "DuckDuckGo-AU"
    ],
    "prevalence": 0.00141,
    "sites": 14,
    "subdomains": [
        "forms",
        "wt"
    ],
    "cnames": [],
    "fingerprinting": 0,
    "resources": [
        {
            "rule": "soundestlink\\.com\\/REST\\/inShop\\/v1\\/getSettings",
            "cookies": 0,
            "fingerprinting": 0,
            "subdomains": [
                "forms"
            ],
            "apis": {},
            "sites": 14,
            "prevalence": 0.00141,
            "cnames": [],
            "responseHashes": [
                "ef659c44995402ff1e0318fecaddf3c855457e80f700c8f068c1052437ead578",
                "dd4030bae649e03d223979e6a0f3dab47ce09017303da3de49b6549dc0a172ff",
                "8e999951fa5e68f89e89e65b9b24eafd6c0d68124fdf74c8fc425d40130fc650",
                "a0470b05a8dc68c1ba003d2e096c69e95855054b1721067794fc997d286375a7",
                "570aa13daa1a9f30deba5f5fe9c6bc1c83ec6323cd42e077b8c7f1d2e04fd4f7",
                "3ae980cc36cfa75b4fd3f388b694d545527b75a09a865b7d373236fe939b3452",
                "5867897a31d416dd63ed463b083c98db2581894ae3f640a2f14958cf4c1f1058",
                "7e11d129dd75437f7f3e2e354fa54da1f92a8895c1725e999b08b50cea00391f",
                "6a8e7680b4070202cf4f190cc567b097a9177ae2a795d0b07aab2ebf67428af9",
                "732330e957fbf1fcc8e9946b6e70eb1323ecc217fd0ee83e2fa1106ef7ea5d96",
                "e9f5e38f144e7ba3d0b3c55a0f666be77f0b635861a5398dd009f0da0d42d925",
                "73bd05511c401c0bdb5ef4006c07c647ec1074c67067890c84bac8cea912d600"
            ],
            "type": "Script",
            "firstPartyCookies": {},
            "firstPartyCookiesSent": {},
            "exampleSites": [
                "akubra.com.au",
                "gymdirect.com.au",
                "labyrinthos.co",
                "petchemist.com.au",
                "rigonheadwear.com.au",
                "thehippiehouse.com.au",
                "www.budgetnursery.com.au",
                "www.electrickicks.com.au",
                "www.happyvalleyseeds.com.au",
                "www.hsw.com.au",
                "www.lelo.com",
                "www.nutritionwarehouse.com.au",
                "www.tealily.com.au",
                "www.vitaminking.com.au"
            ]
        },
        {
            "rule": "soundestlink\\.com\\/REST\\/webTracking\\/v1\\/event",
            "cookies": 0,
            "fingerprinting": 0,
            "subdomains": [
                "wt"
            ],
            "apis": {},
            "sites": 14,
            "prevalence": 0.00141,
            "cnames": [],
            "responseHashes": [
                "1866961a029c65376fefb7f2ba1e6187e09ff50ea58d97dedfd72c197947d002"
            ],
            "type": "Image",
            "firstPartyCookies": {},
            "firstPartyCookiesSent": {
                "omnisendAnonymousID": 0.0014064697609001407,
                "omnisendSessionID": 0.0014064697609001407
            },
            "exampleSites": [
                "akubra.com.au",
                "gymdirect.com.au",
                "labyrinthos.co",
                "petchemist.com.au",
                "rigonheadwear.com.au",
                "thehippiehouse.com.au",
                "www.budgetnursery.com.au",
                "www.electrickicks.com.au",
                "www.happyvalleyseeds.com.au",
                "www.hsw.com.au",
                "www.lelo.com",
                "www.nutritionwarehouse.com.au",
                "www.tealily.com.au",
                "www.vitaminking.com.au"
            ]
        }
    ],
    "categories": [],
    "performance": {},
    "cookies": 0,
    "types": {
        "Script": 14,
        "Image": 14
    },
    "nameservers": [
        "rob.ns.cloudflare.com",
        "sara.ns.cloudflare.com"
    ]
}