{
    "domain": "trafficguard.ai",
    "owner": {},
    "source": [
        "DuckDuckGo-AU"
    ],
    "prevalence": 0.0013,
    "sites": 13,
    "subdomains": [
        "api"
    ],
    "cnames": [],
    "fingerprinting": 0,
    "resources": [
        {
            "rule": "trafficguard\\.ai\\/api\\/v3\\/client-side\\/validate\\/event",
            "cookies": 0.00141,
            "fingerprinting": 0,
            "subdomains": [
                "api"
            ],
            "apis": {},
            "sites": 14,
            "prevalence": 0.00141,
            "cnames": [],
            "responseHashes": [
                "8592a80b52ffc3cebf2cfaad26df05d3220b908b9887664de79a5f6a395aa4b3",
                "50e096fa1984688873bb880ab8e006bd616ea48171bd1b4974e25f7c4922a7c6",
                "145dfb0a0246e10b77fc34137449d2e303d9983c03786131bb5bb5d3d6ec81be",
                "0d071e307d436d1e78d8af7227ddb70f683037586055745c634c9d28c8bc6454",
                "07cade0d0eb1b6c984bb33896391c33565e4fcef40dce9f1c76ae927e124c536",
                "0ea786226dec715efb85ec581ea9c32e3bb9f5937610129e4e392e404fe18395",
                "18cccf9f3ae615df065ef20111e050bb202254d4cf780c150927f51d00d6bffc",
                "5b66aa7b19f604ad0d9995749cdc15aebc2841632047aef09ead0571130c4483",
                "0534b8e6a38726bf7b792ee7f457ec0c80a3dea0ddba456862e9b5d6a3e5f9ec",
                "57b7830492e5834aad9b070eb08a660b8b9cd6e96986aa938d90c6504fdc6af0"
            ],
            "type": "XHR",
            "firstPartyCookies": {},
            "firstPartyCookiesSent": {},
            "exampleSites": [
                "bluebet.com.au",
                "www.bluebet.com.au",
                "www.cashrewards.com.au",
                "www.esuperfund.com.au",
                "www.ladbrokes.com.au",
                "www.madpaws.com.au",
                "www.neds.com.au",
                "www.nourishedlife.com.au",
                "www.onthemarket.com",
                "www.rent.com.au",
                "www.shavershop.com.au",
                "www.sheds.com.au",
                "www.shedsnhomes.com.au",
                "www.theshedcompany.com.au"
            ]
        }
    ],
    "categories": [],
    "performance": {},
    "cookies": 0.0013,
    "types": {
        "XHR": 14
    },
    "nameservers": [
        "ns-78.awsdns-09.com",
        "ns-836.awsdns-40.net",
        "ns-1463.awsdns-54.org",
        "ns-1824.awsdns-36.co.uk"
    ]
}