{
    "domain": "vast.wtf",
    "owner": {},
    "source": [
        "DuckDuckGo-AU"
    ],
    "prevalence": 0.00151,
    "sites": 15,
    "subdomains": [
        "stream",
        "script"
    ],
    "cnames": [],
    "fingerprinting": 0,
    "resources": [
        {
            "rule": "vast\\.wtf\\/youtube\\/banner",
            "cookies": 0,
            "fingerprinting": 0,
            "subdomains": [
                "stream"
            ],
            "apis": {},
            "sites": 14,
            "prevalence": 0.00141,
            "cnames": [],
            "responseHashes": [
                "b220dbc698480fde9ab83840f5ae401f0cade169941099c734b6f44d38c8e8ed",
                "ec5bfdb46037e9ecbc57179c9a3cf045bed9e55d269f1f7403d02c162148fc11",
                "20cba2055c4ca7f2c01e5b29dfb090b3dbbf67a65f517c9924e0b74e2b103207",
                "d6afbbea231724b6bd32c26be65e1e49e87a347a79050915df655cd857c3cd06",
                "8dfc0a735fc73f8ad487b374385e65a6f29aaa30cb43c8e2233171a67714c0b7",
                "ca994c92104d5043d3f4769a68bedd62f7a64a386bfb9eb6cdd157c1792dcfd7",
                "3182901a18e20f6249275c6b1d4ae6dc709aed7ce51a9652619b46b76e3dc1a4",
                "8911ea05277203f90452d56d31443a0c3e50a89e4cd89ba67e3717c7a4e77086",
                "2cd85376d2688145fc42446dbe446956bda38fef6d89f4274f47ebce53597bb4",
                "6e635d1c30a681baf497d3eccf2249ee3e2e8174bb6b8e45415b12e8d2d91a5a",
                "524713262f8af14856192dfe2a9cb65066422b4265ef48d1fb5e6fafb2bfbb4d",
                "b24680b5684be1b3039974510e748d2e6853f54765028609010e09f01d49455e"
            ],
            "type": "Document",
            "firstPartyCookies": {},
            "firstPartyCookiesSent": {},
            "exampleSites": [
                "bokepindo.one",
                "bokepah.com",
                "javgg.net",
                "m.see.xxx",
                "m.sss.xxx",
                "nudistsmall.eu",
                "porn555.com",
                "see.xxx",
                "shittytube.com",
                "txxx.com",
                "upornia.com",
                "vjav.com",
                "www.pornhits.com",
                "www.youngtube.ml"
            ]
        },
        {
            "rule": "vast\\.wtf\\/youtube\\/vast",
            "cookies": 0,
            "fingerprinting": 0,
            "subdomains": [
                "stream"
            ],
            "apis": {},
            "sites": 14,
            "prevalence": 0.00141,
            "cnames": [],
            "responseHashes": [
                "85dcb03354c839aee41b7a64f51689b769c3b9ce27769041618cf3a373102545",
                "3f30141e27504613a9d868ae9282525a861d940d581c93cd1546f7f557de93ef",
                "9000b5c81d0a2adfa16abaac88f0156158c65a12c2f71b49f455036b72b83883",
                "a98807e2d3dfefc620af6af970c8338c2b1e120768ff24970c5a0ae31af28bcb",
                "f295e1f545c8e679e0b159fb86b496a95da29b925c5674c773cc1f22b6be37ff",
                "61fe187fcaabef28a2fcad17815e941307fd16e17cd733b19928cca5e8d504c2",
                "02fd13fe7bf6e2cc22626c19f2c822aae071f638f3964777b30496a96b227ba9",
                "d3556edd3b104927fe8cf280d05e52a7c2f4f9c6a1124be96627f5328ce76542",
                "201dfaa944c5651135fcac2335596fbb98c97cf97fdb586fdbda7c6154baac7f",
                "b29f365cde735a1e59b1a54987669d5e70869bb079b2c5e89323281aea0f0e93",
                "7518183bf3e3f3b4ea17a4fb68a6d6f7f548b066808308d4ff4f82a33daee0e8"
            ],
            "type": "XHR",
            "firstPartyCookies": {},
            "firstPartyCookiesSent": {},
            "exampleSites": [
                "bokepindo.one",
                "bokepah.com",
                "javgg.net",
                "m.see.xxx",
                "m.sss.xxx",
                "nudistsmall.eu",
                "porn555.com",
                "see.xxx",
                "shittytube.com",
                "txxx.com",
                "upornia.com",
                "vjav.com",
                "www.pornhits.com",
                "www.youngtube.ml"
            ]
        },
        {
            "rule": "vast\\.wtf\\/files\\/youtube\\/vpaid\\.js",
            "cookies": 0,
            "fingerprinting": 0,
            "subdomains": [
                "stream"
            ],
            "apis": {},
            "sites": 13,
            "prevalence": 0.0013,
            "cnames": [],
            "responseHashes": [
                "cb8d933a6cf6ecd8c13c0e90420a390675f11387713296d9994e1f80e9c28d80"
            ],
            "type": "Script",
            "firstPartyCookies": {},
            "firstPartyCookiesSent": {},
            "exampleSites": [
                "bokepindo.one",
                "bokepah.com",
                "javgg.net",
                "m.see.xxx",
                "m.sss.xxx",
                "nudistsmall.eu",
                "porn555.com",
                "see.xxx",
                "shittytube.com",
                "txxx.com",
                "upornia.com",
                "vjav.com",
                "www.youngtube.ml"
            ]
        },
        {
            "rule": "vast\\.wtf\\/youtube\\/undefined",
            "cookies": 0,
            "fingerprinting": 0,
            "subdomains": [
                "stream"
            ],
            "apis": {},
            "sites": 11,
            "prevalence": 0.0011,
            "cnames": [],
            "responseHashes": [],
            "type": "XHR",
            "firstPartyCookies": {},
            "firstPartyCookiesSent": {},
            "exampleSites": [
                "bokepindo.one",
                "bokepah.com",
                "javgg.net",
                "m.sss.xxx",
                "porn555.com",
                "see.xxx",
                "shittytube.com",
                "txxx.com",
                "upornia.com",
                "vjav.com",
                "www.youngtube.ml"
            ]
        },
        {
            "rule": "vast\\.wtf\\/vast-service\\/vpaid-stream\\.js",
            "cookies": 0,
            "fingerprinting": 0,
            "subdomains": [
                "script"
            ],
            "apis": {},
            "sites": 2,
            "prevalence": 0.000201,
            "cnames": [],
            "responseHashes": [
                "ac49083b3ae9e08b8b38651b70cc098f4ae1f9ae550e683cd8ba6821e70955fe"
            ],
            "type": "Script",
            "firstPartyCookies": {},
            "firstPartyCookiesSent": {},
            "exampleSites": [
                "porn555.com",
                "thots.network"
            ]
        }
    ],
    "categories": [],
    "performance": {},
    "cookies": 0,
    "types": {
        "Document": 14,
        "XHR": 25,
        "Script": 15
    },
    "nameservers": [
        "gabe.ns.cloudflare.com",
        "kay.ns.cloudflare.com"
    ]
}