{
    "domain": "wpnsrv.com",
    "owner": {},
    "source": [
        "DuckDuckGo-AU"
    ],
    "prevalence": 0.00144,
    "sites": 14,
    "subdomains": [
        "js"
    ],
    "cnames": [],
    "fingerprinting": 1,
    "resources": [
        {
            "rule": "wpnsrv\\.com\\/pn\\.php",
            "cookies": 0.000926,
            "fingerprinting": 1,
            "subdomains": [
                "js"
            ],
            "apis": {
                "Navigator.prototype.userAgent": 13,
                "Notification.permission": 13,
                "Document.cookie getter": 9,
                "Document.cookie setter": 9
            },
            "sites": 14,
            "prevalence": 0.00144,
            "cnames": [],
            "responseHashes": [
                "a5d96c14adb8f17f11442ba420ddac63d937f2bf0069298728dbcd9689147280"
            ],
            "type": "Script",
            "firstPartyCookies": {
                "pn-zone-3389741": {
                    "ttl": 3888006,
                    "length": 13,
                    "prevalence": 0.00010285949393128986,
                    "uniqueness": 1
                },
                "pn-zone-3915078": {
                    "ttl": 3888044,
                    "length": 13,
                    "prevalence": 0.00010285949393128986,
                    "uniqueness": 1
                },
                "pn-zone-3169187": {
                    "ttl": 3888031,
                    "length": 13,
                    "prevalence": 0.0002057189878625797,
                    "uniqueness": 1
                },
                "pn-zone-3184169": {
                    "ttl": 3888007,
                    "length": 13,
                    "prevalence": 0.00010285949393128986,
                    "uniqueness": 1
                },
                "pn-zone-3382805": {
                    "ttl": 3888019,
                    "length": 13,
                    "prevalence": 0.00010285949393128986,
                    "uniqueness": 1
                },
                "pn-zone-3524865": {
                    "ttl": 3888018,
                    "length": 13,
                    "prevalence": 0.00010285949393128986,
                    "uniqueness": 1
                },
                "pn-zone-3199593": {
                    "ttl": 3888016,
                    "length": 13,
                    "prevalence": 0.00010285949393128986,
                    "uniqueness": 1
                },
                "pn-zone-4359766": {
                    "ttl": 3888007,
                    "length": 13,
                    "prevalence": 0.00010285949393128986,
                    "uniqueness": 1
                }
            },
            "firstPartyCookiesSent": {},
            "exampleSites": [
                "anysex.com",
                "goodporn.to",
                "m.mylust.com",
                "manhwamanga.net",
                "mylust.com",
                "pornobae.com",
                "pornone.com",
                "sextb.net",
                "smutr.com",
                "www.loliplay.tk",
                "www.pictoa.com",
                "www.xxbrits.com",
                "xcafe.com",
                "xnxx26.com"
            ]
        }
    ],
    "categories": [],
    "performance": {
        "time": 1,
        "size": 1,
        "cpu": 1,
        "cache": 3
    },
    "cookies": 0.000926,
    "types": {
        "Script": 14
    },
    "nameservers": [
        "ns1.dnsowl.com",
        "ns2.dnsowl.com",
        "ns3.dnsowl.com"
    ]
}