{
    "domain": "yfetyg.com",
    "owner": {},
    "source": [
        "DuckDuckGo-AU"
    ],
    "prevalence": 0.00291,
    "sites": 29,
    "subdomains": [],
    "cnames": [],
    "fingerprinting": 0,
    "resources": [
        {
            "rule": "yfetyg\\.com\\/wnload",
            "cookies": 0,
            "fingerprinting": 0,
            "subdomains": [],
            "apis": {},
            "sites": 29,
            "prevalence": 0.00291,
            "cnames": [],
            "responseHashes": [
                "ca67f35720afe85f48c4f7e7f134e15e6b772c05ba91f266d1fc2850e2e04118",
                "e805731e6348bd502bfa468fb0362d853b7dd7ef567c2a5a44f014425275adc2",
                "dd2d3b4af55e2dde0dcb317e92d37ec3d8b420c8da9cec72d41f4245b61f2fb1",
                "8d6afef91d4d8e6e0ecd6e7013bf29cde24d1e276250fb29881adcb5f59ca5db",
                "165a43df65b45058530807aee1a8a407566f44be0b12c8b071123aa5635cbfec",
                "03d8b0f1a010dc9d4e77f2d55576b3696c29ffb55f71b78422f4c431b0afbe77",
                "f8ecb225c648f8c25ddcbd3b43d01c7d9354e3eba2f4f1b3dbbf9f02c09957c6",
                "cfee9b13139270146625742cfd5d60760c0feb460596798e9293226923503d81",
                "40ae4b1ebeb10e82c93ca8887b8b06765368c8fb2d4eaa02d10c8c57f99ff6de",
                "ce844484768660f703c964635823fe530644ed5d61dd73762468a3eb251626be",
                "a507da19a194fc8a3092725a6e1868f9fe29be8cd5012395525f106f1ca0af4f",
                "c8a31a33855c0de53c5bfe326daf4936dd8b64c63d07f7957bf41edb315eaafa",
                "e3d33b3ca7f38d70394cce0b469e4cc5f6c4d72c981e51d58eebf17dc10ddd05",
                "ec5a0d4925ae22cbdb5a600d71d3597dbf6168f50a970bdee89bfea083f03a8b",
                "11085196197da518483f7fdfcc4c4f0d582ebb0334b0bf921971c0f33b94aa2a",
                "a78b124d86cad972fdff2fb28fd8d5396d8be3e7dbc2ad29c2cfa3f9a84dca91",
                "fa76cfab1e00690db9068ecc01181657be71457429de37a0c108598f25008597",
                "6e32016d2f0a0056515ed253fc33a9bc666fb200d39d842152dd01db3b5b9b0d",
                "e48603d3a583e0d8c7dc36a1af706206aca81608572d42b02c873266587a6df2",
                "0e57778d35e676fccabe23cdc4036912118b124ca26b60825d932b5faa29e43d",
                "6459e2e2da500aa2048fc012197b76bafeec353e580b9438b49cebd3f75c3494",
                "2d4c645bb9de184f536d8c5857cec39aad50a286521a3aaa5ede01fd4c2df9ee",
                "3df74507cbd04af0e7c5eca28850708741ae9bc4d82a32ec90f48fafc31ac23c",
                "d942b74deebbdbea47d301ebc61982d2a261e435fbb1b1e203a96e88c719d63c",
                "59da1a52cdb0b53a89d395c83edcb4219891ab063542eae29c2ac37d730b2d60",
                "5c103785276db81f4951189d8329d54137610c383bd892f052506173e14d2cca",
                "1038d93f0fb15d95403492d9a1bc91dfc202b174df3e9188a4032441cb245cbd",
                "e939766cef84056a15b9f4b0cfb4b671d12a8b5057fc8e80073e4dfdacc3bbcf"
            ],
            "type": "Fetch",
            "firstPartyCookies": {},
            "firstPartyCookiesSent": {},
            "exampleSites": [
                "www.homemoviestube.com",
                "fullxcinema.com",
                "www3.javxxx.me",
                "www.xmegadrive.com",
                "shittytube.com",
                "pornovideoshub.com",
                "www.onlyanimalporn.com",
                "pornone.com",
                "www.mypornhere.com",
                "wtfdaddy.com",
                "zooporn.show",
                "cartoonprn.com",
                "nudostar.com",
                "www.xpee.com",
                "nudesleaked.net",
                "beastiality.tv",
                "cyberleaks.to",
                "www.hitprn.com",
                "thothub.vip",
                "www.tabooporn.tv"
            ]
        },
        {
            "rule": "yfetyg\\.com\\/wnrw",
            "cookies": 0,
            "fingerprinting": 0,
            "subdomains": [],
            "apis": {},
            "sites": 29,
            "prevalence": 0.00291,
            "cnames": [],
            "responseHashes": [],
            "type": "Fetch",
            "firstPartyCookies": {},
            "firstPartyCookiesSent": {},
            "exampleSites": [
                "www.homemoviestube.com",
                "horriblevideos.com",
                "www.zooskoolvideos.com",
                "cyberleaks.to",
                "www.onlyanimalporn.com",
                "cartoonprn.com",
                "leakedmodels.com",
                "pornone.com",
                "www.tabooporn.tv",
                "www.mypornhere.com",
                "www.xpee.com",
                "beastiality.tv",
                "swingerpornfun.com",
                "fappeningbook.com",
                "fullxcinema.com",
                "wtfdaddy.com",
                "www3.javxxx.me",
                "nudostar.com",
                "www.xmegadrive.com",
                "www.sex4stories.com"
            ]
        }
    ],
    "categories": [],
    "performance": {},
    "cookies": 0,
    "types": {
        "Fetch": 58
    },
    "nameservers": [
        "ns1.kiphost.ru",
        "ns2.kiphost.ru"
    ]
}