{
    "domain": "adpmbtj.com",
    "owner": {},
    "source": [
        "DuckDuckGo-FR"
    ],
    "prevalence": 0.000904,
    "sites": 9,
    "subdomains": [
        "www"
    ],
    "cnames": [],
    "fingerprinting": 1,
    "resources": [
        {
            "rule": "adpmbtj\\.com\\/en\\/us\\/about",
            "cookies": 0.000904,
            "fingerprinting": 1,
            "subdomains": [
                "www"
            ],
            "apis": {
                "Date.prototype.getTime": 7
            },
            "sites": 9,
            "prevalence": 0.000904,
            "cnames": [],
            "responseHashes": [
                "05e99d7416308e70ed043774023e9006f368b677f09454ea3ea4f02eed84a7b9",
                "44d71396e709f3c2b3a0f52b54056ab1b67931cd19d3c30994cb4814a1435214",
                "fb523011cc1b8800c48bd8bbd0f1992295c200252b09c59c11d8564c041f840c",
                "f20a3dbf25082dab8b476a0b1ea1ae5359fa20c7257a9412a93c410e04a677c4",
                "4191f73e87f65e7a07bf6398d253f32773b69462efc7ef922aec832899fa207d",
                "a62a7324ba672d6df9e3566a5582ab2e1ea57d9ba7362400f3f908dfabae2c17",
                "0c7b1f5b1fd8547c271555fee5c10dfe07954f5934f0e4da2ffb8cc479b4e069",
                "baaa4d1b144d037bd75ea52fdb89ad8d53c52c2b764b089671ffd5cc515b7a9f"
            ],
            "type": "Document",
            "firstPartyCookies": {},
            "firstPartyCookiesSent": {},
            "exampleSites": [
                "pornhub.com",
                "fr.redtube.com",
                "it.pornhub.com",
                "jp.pornhub.com",
                "nl.pornhub.com",
                "pt.pornhub.com",
                "rt.pornhub.com",
                "www.redtube.com",
                "www.tube8.com"
            ]
        },
        {
            "rule": "adpmbtj\\.com\\/js\\/interactive2\\.js",
            "cookies": 0,
            "fingerprinting": 0,
            "subdomains": [
                "www"
            ],
            "apis": {},
            "sites": 7,
            "prevalence": 0.000703,
            "cnames": [],
            "responseHashes": [
                "94a16af23f5b8c309dc7fa05d0ea2de49f6da7de105159b46241a046e407e056"
            ],
            "type": "Script",
            "firstPartyCookies": {},
            "firstPartyCookiesSent": {},
            "exampleSites": [
                "redtube.com",
                "it.pornhub.com",
                "jp.pornhub.com",
                "nl.pornhub.com",
                "pt.pornhub.com",
                "www.redtube.com",
                "www.tube8.com"
            ]
        }
    ],
    "categories": [],
    "performance": {},
    "cookies": 0.000904,
    "types": {
        "Document": 9,
        "Script": 7
    },
    "nameservers": [
        "ns-1422.awsdns-49.org",
        "ns-1722.awsdns-23.co.uk",
        "ns-380.awsdns-47.com",
        "ns-983.awsdns-58.net"
    ]
}