{
    "domain": "app-us1.com",
    "owner": {
        "name": "ActiveCampaign, Inc.",
        "displayName": "ActiveCampaign"
    },
    "source": [
        "DuckDuckGo-FR"
    ],
    "prevalence": 0.00131,
    "sites": 13,
    "subdomains": [
        "diffuser-cdn",
        "prism"
    ],
    "cnames": [],
    "fingerprinting": 1,
    "resources": [
        {
            "rule": "app-us1\\.com\\/diffuser\\/diffuser\\.js",
            "cookies": 0.0011,
            "fingerprinting": 1,
            "subdomains": [
                "diffuser-cdn"
            ],
            "apis": {
                "Document.cookie getter": 11,
                "Date.prototype.getTime": 12,
                "Document.cookie setter": 11
            },
            "sites": 13,
            "prevalence": 0.00131,
            "cnames": [],
            "responseHashes": [
                "07ef661be38be006eb690a15613c557d418b8780900ff490545bb2b75d23fcd7"
            ],
            "type": "Script",
            "firstPartyCookies": {
                "prism_609620646": {
                    "ttl": 2592002,
                    "length": 36,
                    "prevalence": 0.00010039152695512498,
                    "uniqueness": 1
                },
                "prism_91160084": {
                    "ttl": 2592004,
                    "length": 36,
                    "prevalence": 0.00010039152695512498,
                    "uniqueness": 1
                },
                "prism_649848035": {
                    "ttl": 2592003,
                    "length": 36,
                    "prevalence": 0.00010039152695512498,
                    "uniqueness": 1
                },
                "prism_90431874": {
                    "ttl": 2592003,
                    "length": 36,
                    "prevalence": 0.00010039152695512498,
                    "uniqueness": 1
                },
                "prism_25946650": {
                    "ttl": 2592003,
                    "length": 36,
                    "prevalence": 0.00010039152695512498,
                    "uniqueness": 1
                },
                "prism_999687948": {
                    "ttl": 2592003,
                    "length": 36,
                    "prevalence": 0.00010039152695512498,
                    "uniqueness": 1
                },
                "prism_650145765": {
                    "ttl": 2592004,
                    "length": 36,
                    "prevalence": 0.00010039152695512498,
                    "uniqueness": 1
                },
                "prism_611523176": {
                    "ttl": 2592003,
                    "length": 36,
                    "prevalence": 0.00010039152695512498,
                    "uniqueness": 1
                },
                "prism_1000943168": {
                    "ttl": 2592004,
                    "length": 36,
                    "prevalence": 0.00010039152695512498,
                    "uniqueness": 1
                },
                "prism_223606393": {
                    "ttl": 2592002,
                    "length": 36,
                    "prevalence": 0.00010039152695512498,
                    "uniqueness": 1
                },
                "prism_799531281": {
                    "ttl": 2592003,
                    "length": 36,
                    "prevalence": 0.00010039152695512498,
                    "uniqueness": 1
                }
            },
            "firstPartyCookiesSent": {},
            "exampleSites": [
                "1000-idees-de-culture-generale.fr",
                "apprendre-la-photo.fr",
                "hubite.com",
                "protrainer.fr",
                "qonto.com",
                "seekingalpha.com",
                "www.alexandrecormont.com",
                "www.boss.info",
                "www.epargnant30.fr",
                "www.esteban-frederic.fr",
                "www.my-origines.com",
                "www.smbois.com",
                "www.techopedia.com"
            ]
        },
        {
            "rule": "app-us1\\.com\\/",
            "cookies": 0.00131,
            "fingerprinting": 0,
            "subdomains": [
                "prism"
            ],
            "apis": {},
            "sites": 13,
            "prevalence": 0.00131,
            "cnames": [],
            "responseHashes": [
                "277ea00705ce18289eb170dd76418a5cabb37c4577d76f74441940898368cf5f",
                "eb53a42ecc699af2dce002b39cc14be2f746c38af32f53d761a4be0089fd4858",
                "7fbffbc3f150fc3ada2dd6d0ba8f8336fbf942fa85d7faeefc504976bc810a96",
                "23c4e9a089ad775a91d8495a67beb6d2d5957525a52b27f8b4aec9859c167661",
                "30414203d6909e237da3b947903bbfc83b59c34eeb448a82a1a9a295aa0a0e8f",
                "7b566fb4432c508d78d07fb99286b17886dc9ca0ebf99e01571e01cbe455cb68",
                "620baed73e6a0aea3f2c3f6239b365afb04a6a09d1bea9fa1d4d29603e93960d",
                "1c95a1d5c8982690b9459a91a177f366f011c49f5773af129a1d2c6a2575a6ea",
                "da44bae1cf8b113ac2d4350eb87c0bcac40319015adf9a52cfa28cc0541f2bd2",
                "f4a0fd785d903251bae6e9aceb24945ca84e09c6c555f4e52ca9bbb1e4ef027f",
                "14a4037359598354e8a2cf84c707f1539c85c86e5e2f71d47035e32503abb872",
                "52e6cc6a70782d8f1b97e122f507fe19c280505471e6e1905da651c4141d0d28"
            ],
            "type": "Script",
            "firstPartyCookies": {},
            "firstPartyCookiesSent": {},
            "exampleSites": [
                "1000-idees-de-culture-generale.fr",
                "apprendre-la-photo.fr",
                "hubite.com",
                "protrainer.fr",
                "qonto.com",
                "seekingalpha.com",
                "www.alexandrecormont.com",
                "www.boss.info",
                "www.epargnant30.fr",
                "www.esteban-frederic.fr",
                "www.my-origines.com",
                "www.smbois.com",
                "www.techopedia.com"
            ]
        }
    ],
    "categories": [],
    "performance": {},
    "cookies": 0.00131,
    "types": {
        "Script": 26
    },
    "nameservers": [
        "alex.ns.cloudflare.com",
        "abby.ns.cloudflare.com"
    ]
}