{
    "domain": "baidu.com",
    "owner": {
        "name": "Baidu, Inc.",
        "displayName": "Baidu"
    },
    "source": [
        "DuckDuckGo-FR"
    ],
    "prevalence": 0.000904,
    "sites": 9,
    "subdomains": [
        "hm"
    ],
    "cnames": [],
    "fingerprinting": 2,
    "resources": [
        {
            "rule": "baidu\\.com\\/hm\\.js",
            "cookies": 0.000904,
            "fingerprinting": 2,
            "subdomains": [
                "hm"
            ],
            "apis": {
                "Navigator.prototype.userAgent": 9,
                "Navigator.prototype.cookieEnabled": 9,
                "Navigator.prototype.javaEnabled": 9,
                "Navigator.prototype.language": 9,
                "Screen.prototype.width": 9,
                "Screen.prototype.height": 9,
                "Screen.prototype.colorDepth": 9,
                "Screen.prototype.orientation": 9,
                "Document.cookie getter": 7,
                "window.sessionStorage": 9,
                "window.localStorage": 9,
                "Date.prototype.getTime": 9,
                "Document.cookie setter": 7,
                "Navigator.prototype.plugins": 9,
                "Navigator.prototype.mimeTypes": 9
            },
            "sites": 9,
            "prevalence": 0.000904,
            "cnames": [],
            "responseHashes": [
                "ee93b7a29b3baa1176c22635e1288c831136afb6437deb7def3d75fa5881462d",
                "460329c4212275a335f8392adab3d5fc0a3c204ce7580a781c1055bc9d12570e",
                "e4e475105b413313eeddff652a4a092e5a21dfe68e98f3c2cdd6d337109c1b8b",
                "3b11414a73845b527e561bc91f388d8593e9080b1f6f3931b1135cfc15ccef70",
                "f709391e364d3370b957728e379ed0ad5813f89ca28aa4ce15c242c24fff71f4",
                "648416a69e0736a1cb272efb48e6b8b652e430a20cf812006e1cb847c30594bb",
                "44f7344761e329df573ac377501e30156d9173465eb5ec88bd7083cb75749eee",
                "681f30051ccd0ff6d7ec467f2414e71f96064700b505e1d96fdb1c607e489cdc"
            ],
            "type": "Script",
            "firstPartyCookies": {
                "Hm_lvt_32304eb8692c77114cb8a8f7658af78b": {
                    "ttl": 31536003,
                    "length": 10,
                    "prevalence": 0.00010041168792047395,
                    "uniqueness": 1
                },
                "Hm_lpvt_32304eb8692c77114cb8a8f7658af78b": {
                    "ttl": null,
                    "length": 10,
                    "prevalence": 0.00010041168792047395,
                    "uniqueness": 1
                },
                "Hm_lvt_6bcd52f51e9b3dce32bec4a3997715ac": {
                    "ttl": 31536005,
                    "length": 10,
                    "prevalence": 0.00010041168792047395,
                    "uniqueness": 1
                },
                "Hm_lpvt_6bcd52f51e9b3dce32bec4a3997715ac": {
                    "ttl": null,
                    "length": 10,
                    "prevalence": 0.00010041168792047395,
                    "uniqueness": 1
                },
                "Hm_up_6bcd52f51e9b3dce32bec4a3997715ac": {
                    "ttl": 31536005,
                    "length": 194,
                    "prevalence": 0.00010041168792047395,
                    "uniqueness": 1
                },
                "Hm_ct_6bcd52f51e9b3dce32bec4a3997715ac": {
                    "ttl": 31536005,
                    "length": 41,
                    "prevalence": 0.00010041168792047395,
                    "uniqueness": 1
                },
                "Hm_lvt_49e0c72fc586220c33eb848344f047c5": {
                    "ttl": 31536006,
                    "length": 10,
                    "prevalence": 0.00010041168792047395,
                    "uniqueness": 1
                },
                "Hm_lpvt_49e0c72fc586220c33eb848344f047c5": {
                    "ttl": null,
                    "length": 10,
                    "prevalence": 0.00010041168792047395,
                    "uniqueness": 1
                },
                "Hm_ct_49e0c72fc586220c33eb848344f047c5": {
                    "ttl": 31536006,
                    "length": 16,
                    "prevalence": 0.00010041168792047395,
                    "uniqueness": 1
                },
                "Hm_lvt_29884b6641f1b5709cc89a8ce5a99366": {
                    "ttl": 31536005,
                    "length": 10,
                    "prevalence": 0.0002008233758409479,
                    "uniqueness": 1
                },
                "Hm_lpvt_29884b6641f1b5709cc89a8ce5a99366": {
                    "ttl": null,
                    "length": 10,
                    "prevalence": 0.0002008233758409479,
                    "uniqueness": 1
                },
                "Hm_lvt_07c8e2ff21896b108ed45c014aa2e8b5": {
                    "ttl": 31536003,
                    "length": 10,
                    "prevalence": 0.00010041168792047395,
                    "uniqueness": 1
                },
                "Hm_lpvt_07c8e2ff21896b108ed45c014aa2e8b5": {
                    "ttl": null,
                    "length": 10,
                    "prevalence": 0.00010041168792047395,
                    "uniqueness": 1
                },
                "Hm_lvt_33178d1a3aad1dcf1c9b345501daa675": {
                    "ttl": 31536003,
                    "length": 10,
                    "prevalence": 0.00010041168792047395,
                    "uniqueness": 1
                },
                "Hm_lpvt_33178d1a3aad1dcf1c9b345501daa675": {
                    "ttl": null,
                    "length": 10,
                    "prevalence": 0.00010041168792047395,
                    "uniqueness": 1
                }
            },
            "firstPartyCookiesSent": {},
            "exampleSites": [
                "bato.to",
                "blog.csdn.net",
                "downloadcenter.intel.com",
                "euw.op.gg",
                "mangapark.net",
                "www.op.gg",
                "www.tp-link.com",
                "www.zhihu.com",
                "zhuanlan.zhihu.com"
            ]
        },
        {
            "rule": "baidu\\.com\\/hm\\.gif",
            "cookies": 0,
            "fingerprinting": 0,
            "subdomains": [
                "hm"
            ],
            "apis": {},
            "sites": 9,
            "prevalence": 0.000904,
            "cnames": [],
            "responseHashes": [
                "cf4724b2f736ed1a0ae6bc28f1ead963d9cd2c1fd87b6ef32e7799fc1c5c8bda"
            ],
            "type": "Image",
            "firstPartyCookies": {},
            "firstPartyCookiesSent": {
                "Hm_ct_6bcd52f51e9b3dce32bec4a3997715ac": 0.00010041168792047395,
                "Hm_ct_49e0c72fc586220c33eb848344f047c5": 0.00010041168792047395
            },
            "exampleSites": [
                "bato.to",
                "blog.csdn.net",
                "downloadcenter.intel.com",
                "euw.op.gg",
                "mangapark.net",
                "www.op.gg",
                "www.tp-link.com",
                "www.zhihu.com",
                "zhuanlan.zhihu.com"
            ]
        }
    ],
    "categories": [],
    "performance": {
        "time": 1,
        "size": 1,
        "cpu": 2,
        "cache": 3
    },
    "cookies": 0.000904,
    "types": {
        "Script": 9,
        "Image": 9
    },
    "nameservers": [
        "dns.baidu.com",
        "ns7.baidu.com",
        "ns4.baidu.com",
        "ns2.baidu.com",
        "ns3.baidu.com"
    ]
}