{
    "domain": "crjpingate.com",
    "owner": {},
    "source": [
        "DuckDuckGo-FR"
    ],
    "prevalence": 0.000703,
    "sites": 7,
    "subdomains": [],
    "cnames": [],
    "fingerprinting": 0,
    "resources": [
        {
            "rule": "crjpingate\\.com\\/pu\\/",
            "cookies": 0.000703,
            "fingerprinting": 0,
            "subdomains": [],
            "apis": {},
            "sites": 7,
            "prevalence": 0.000703,
            "cnames": [],
            "responseHashes": [
                "ce0b1042580c3650530f66b033065b965680c9b4f09f17a37cb1ee340e56f42c",
                "10fea329551a2f6b52ae623bb9acaa5f45a22492a37432d539da43724328edad",
                "5befc5a3314533ab0607b3adeb0767286c3bf90148707b30285b265ed50297c3",
                "e223d440992add4d1f00c30fd39b0f2f3518bbb208151e334cf04c9d048dd153",
                "e07c8318d3d5eb2deaa55a7c04455a960ae73427b3cb9cd1170845f88a7c95fd",
                "ec2e7aba659a87e7037520ef81d0ff4fbef3be88e99c6b5119c35be18f636aaf"
            ],
            "type": "Document",
            "firstPartyCookies": {},
            "firstPartyCookiesSent": {},
            "exampleSites": [
                "spankbang.com",
                "la.spankbang.com",
                "www.gotporn.com",
                "www.pornhd.com",
                "www.porngo.com",
                "www.porntry.com",
                "www.vintagepornvideos.sexy"
            ]
        }
    ],
    "categories": [],
    "performance": {},
    "cookies": 0.000703,
    "types": {
        "Document": 7
    },
    "nameservers": [
        "ns1.eurodns.com",
        "ns2.eurodns.com",
        "ns3.eurodns.com",
        "ns4.eurodns.com"
    ]
}