{
    "domain": "d-bi.fr",
    "owner": {
        "name": "DIGITAL BUSINESS INTELLIGENCE",
        "displayName": "DIGITAL BUSINESS INTELLIGENCE"
    },
    "source": [
        "DuckDuckGo-FR"
    ],
    "prevalence": 0.00243,
    "sites": 24,
    "subdomains": [
        "u360",
        "r"
    ],
    "cnames": [],
    "fingerprinting": 2,
    "resources": [
        {
            "rule": "d-bi\\.fr\\/hmx000000000230\\.js",
            "cookies": 0.000304,
            "fingerprinting": 2,
            "subdomains": [
                "u360"
            ],
            "apis": {
                "Document.cookie getter": 3,
                "Date.prototype.getTime": 3,
                "Document.cookie setter": 3,
                "Navigator.prototype.languages": 3,
                "Navigator.prototype.doNotTrack": 3,
                "Date.prototype.getTimezoneOffset": 3,
                "Intl.DateTimeFormat.prototype.resolvedOptions": 3
            },
            "sites": 3,
            "prevalence": 0.000304,
            "cnames": [],
            "responseHashes": [
                "60378fa82df29f7d5ec41dcfe16b2dd943e84c479a3270440d4df1c9acec8bfa"
            ],
            "type": "Script",
            "firstPartyCookies": {
                "C360i": {
                    "ttl": 32832003,
                    "length": 228,
                    "prevalence": 0.00030388978930307944,
                    "uniqueness": 1
                }
            },
            "firstPartyCookiesSent": {},
            "exampleSites": [
                "somfy.fr",
                "forum.somfy.fr",
                "www.somfy.fr"
            ]
        },
        {
            "rule": "d-bi\\.fr\\/e\\.js",
            "cookies": 0,
            "fingerprinting": 0,
            "subdomains": [
                "u360"
            ],
            "apis": {},
            "sites": 24,
            "prevalence": 0.00243,
            "cnames": [],
            "responseHashes": [
                "f20327ffaede07425de7bc139815fce566b69420ee28751d69ab6647579c1d5f",
                "27a16c2a3e7f6290b910178a4444658c1960c60657ff19ef80207ae586df45d5",
                "971d2f76b1c508f5ac4badaa728d8bdc8b135ddb1e8ee072be52f1455b042f77",
                "b438bbfbc5a21556ac4d1b9937b8afa7f71f30f73be8239a4ba7237081578a2d",
                "c6e2d39f48db73f467cffca549f69710e8c905a990e3406b0a057cb1785af3ca",
                "dc743deace20b1ea117d62bacd66f85b9216f579d06232a6625820514fd8f58b",
                "09a0eb75a5b1360dbfd8008f556632b7465dae82294b528b1c549b4adf8fd7e6",
                "461fcf218f6f28f35c82f3b8b03e310d6c34bba48d8a0cc8c37f7b909ccdc281",
                "227c2f07a03088e6aecc37a027c197beee98f63e609719aaf522f4e6869eba94",
                "bde161731312d9209c15d9f47b47248be26beb717e1e5ab90a2a5c01c2ade891",
                "3db39426d95a0620e402804cfceb30b33f55d00f52a07f1c8f362e1cc1aa5a38",
                "a040532c6bcebd8a412ea0900f119f9ef5660a0bd6a3de73395cdba706b29a8a",
                "9ec6e18db006d260dcaaa5de196a4deb600b75e68e3492cf4e3b44306f6f1882",
                "bddf8aa348d6296371971de5abeffdbab405428164fcbd4b7038834c60e4008b",
                "79f8e7c492ab09198cc05cd27314a8bfd61330343b62aa0b719343a65f13e828",
                "c582e6df1cc6060d207bc8a66b960423fd72a44140440209e38b1f63504d0332",
                "4c988b7bcb3ce3cc1b506ebb235366ff203faf096e306e764c195b0ef0b6257d",
                "ae9b32aed47fbb4340173ed88e1bb77df8552fc834ae849610751cc8e5b9a3dc",
                "7313400833db23e982384ee30faa12520fbc65e8ba28e9a178a0c0a9b0370dc3",
                "2a88ec6a9945de56bb6b7bd265aede8d61d6dd59d63ee4d985da5ea1f3cae98b",
                "847e077ca31b8456b182d20399e02f2c9efc73e15b9c7c1b494bcebaef97d344",
                "70501ea1ce931a90ca2dd9644d7d144467dcf0f56ea75ee9055e45f8c63caa35",
                "ea8ee5a1a5686da5f8e512c4eed725ab27263c8434e04b74cf22edd2e254f55a"
            ],
            "type": "Script",
            "firstPartyCookies": {},
            "firstPartyCookiesSent": {},
            "exampleSites": [
                "somfy.fr",
                "www.dyson.fr",
                "www.privatesportshop.fr",
                "www.volkswagen.fr",
                "www.capitaine-banque.com",
                "www.miliboo.com",
                "www.dyson.com",
                "www.mobalpa.fr",
                "www.seat.fr",
                "www.toupargel.fr",
                "forum.somfy.fr",
                "www.cheerz.com",
                "www.kia.com",
                "www.daniel-moquet.com",
                "www.prettylittlething.fr",
                "www.audi.fr",
                "fr.boohoo.com",
                "www.la-spa.fr",
                "www.winamax.fr",
                "www.santevet.com"
            ]
        },
        {
            "rule": "d-bi\\.fr\\/000000000230\\.js",
            "cookies": 0,
            "fingerprinting": 0,
            "subdomains": [
                "r"
            ],
            "apis": {},
            "sites": 3,
            "prevalence": 0.000304,
            "cnames": [],
            "responseHashes": [
                "e3b0c44298fc1c149afbf4c8996fb92427ae41e4649b934ca495991b7852b855"
            ],
            "type": "Script",
            "firstPartyCookies": {},
            "firstPartyCookiesSent": {},
            "exampleSites": [
                "somfy.fr",
                "forum.somfy.fr",
                "www.somfy.fr"
            ]
        },
        {
            "rule": "d-bi\\.fr\\/000000000230\\.gif",
            "cookies": 0,
            "fingerprinting": 0,
            "subdomains": [
                "u360"
            ],
            "apis": {},
            "sites": 3,
            "prevalence": 0.000304,
            "cnames": [],
            "responseHashes": [
                "cf4724b2f736ed1a0ae6bc28f1ead963d9cd2c1fd87b6ef32e7799fc1c5c8bda"
            ],
            "type": "Image",
            "firstPartyCookies": {},
            "firstPartyCookiesSent": {},
            "exampleSites": [
                "somfy.fr",
                "forum.somfy.fr",
                "www.somfy.fr"
            ]
        },
        {
            "rule": "d-bi\\.fr\\/e\\.gif",
            "cookies": 0,
            "fingerprinting": 0,
            "subdomains": [
                "u360"
            ],
            "apis": {},
            "sites": 24,
            "prevalence": 0.00243,
            "cnames": [],
            "responseHashes": [
                "cf4724b2f736ed1a0ae6bc28f1ead963d9cd2c1fd87b6ef32e7799fc1c5c8bda"
            ],
            "type": "Image",
            "firstPartyCookies": {},
            "firstPartyCookiesSent": {},
            "exampleSites": [
                "www.blancheporte.fr",
                "www.winamax.fr",
                "www.mobalpa.fr",
                "www.voyage-prive.com",
                "www.la-spa.fr",
                "www.prettylittlething.fr",
                "www.capitaine-banque.com",
                "www.privatesportshop.fr",
                "www.seat.fr",
                "somfy.fr",
                "www.toupargel.fr",
                "www.miliboo.com",
                "www.santevet.com",
                "www.dyson.com",
                "forum.somfy.fr",
                "www.audi.fr",
                "www.kia.com",
                "www.cheerz.com",
                "www.volkswagen.fr",
                "www.somfy.fr"
            ]
        },
        {
            "rule": "d-bi\\.fr\\/000000000216\\.gif",
            "cookies": 0,
            "fingerprinting": 0,
            "subdomains": [
                "u360"
            ],
            "apis": {},
            "sites": 2,
            "prevalence": 0.000203,
            "cnames": [],
            "responseHashes": [
                "cf4724b2f736ed1a0ae6bc28f1ead963d9cd2c1fd87b6ef32e7799fc1c5c8bda"
            ],
            "type": "Image",
            "firstPartyCookies": {},
            "firstPartyCookiesSent": {},