{
    "domain": "linkconnector.com",
    "owner": {
        "name": "LinkConnector Corporation",
        "displayName": "LinkConnector"
    },
    "source": [
        "DuckDuckGo-FR"
    ],
    "prevalence": 0.00101,
    "sites": 10,
    "subdomains": [
        "www"
    ],
    "cnames": [],
    "fingerprinting": 1,
    "resources": [
        {
            "rule": "linkconnector\\.com\\/uts_lp\\.php",
            "cookies": 0.000909,
            "fingerprinting": 1,
            "subdomains": [
                "www"
            ],
            "apis": {
                "Document.cookie getter": 7,
                "window.localStorage": 7,
                "Date.prototype.getTime": 7,
                "Document.cookie setter": 7
            },
            "sites": 10,
            "prevalence": 0.00101,
            "cnames": [],
            "responseHashes": [
                "6e2b70e2d7c54c07429acb6e50f3ac3be44e64797ff464cc49556763e428f804",
                "729361d2723dcb1c879bd773ea21aa63a4dd8e839088a2587e2491144668f66f",
                "bd29e1dbaa666623f4719b41bc5f655cc358ec00c3583ac18653e8fe21820e78",
                "d191bf6f7e1e1ab9cc3d30952811df72eda91ed9677278b9c4becbb933ff98a7",
                "bcdfa37c4c3ebce97cac477eb4092546777dcede5e86a73d7aa32cb17572d3d3",
                "548cc796d2d897bdd4a6d54e6e2a37e1b1ba45856cfdc506a189eb651a6b13e7",
                "6bad45ce12f75956534fb5b76af24fee7a29cfedc014d0f4aca2ccfc5a3cce96"
            ],
            "type": "Script",
            "firstPartyCookies": {
                "uts_id": {
                    "ttl": 157680026,
                    "length": 17,
                    "prevalence": 0.0007069278933548778,
                    "uniqueness": 1
                },
                "LCUTS_UID_900133": {
                    "ttl": 3628,
                    "length": 6,
                    "prevalence": 0.000605938194304181,
                    "uniqueness": 0.16666666666666666
                },
                "LCUTS_UID_901602": {
                    "ttl": 3607,
                    "length": 6,
                    "prevalence": 0.00010098969905069682,
                    "uniqueness": 1
                }
            },
            "firstPartyCookiesSent": {
                "LCUTS_UID_900133": 0.000605938194304181,
                "LCUTS_UID_901602": 0.00010098969905069682
            },
            "exampleSites": [
                "wondershare.fr",
                "drfone.wondershare.com",
                "filmora.wondershare.fr",
                "filmora.wondershare.com",
                "mobiletrans.wondershare.com",
                "pdf.wondershare.fr",
                "recoverit.wondershare.com",
                "uniconverter.wondershare.fr",
                "www.edrawsoft.com",
                "www.minitool.com"
            ]
        },
        {
            "rule": "linkconnector\\.com\\/tu\\.php",
            "cookies": 0.000606,
            "fingerprinting": 0,
            "subdomains": [
                "www"
            ],
            "apis": {},
            "sites": 6,
            "prevalence": 0.000606,
            "cnames": [],
            "responseHashes": [
                "942fa519ebb6234f59c3d8c8c66c6b2671b69364c1c31a6788f722e4baca9a94"
            ],
            "type": "Image",
            "firstPartyCookies": {},
            "firstPartyCookiesSent": {
                "__atuvs": 0.0004039587962027873,
                "_rdt_uuid": 0.00010098969905069682,
                "_gcl_au": 0.0005049484952534841,
                "_uetsid": 0.0005049484952534841,
                "_uetvid": 0.0005049484952534841,
                "_ga": 0.0005049484952534841,
                "_gid": 0.0005049484952534841,
                "ws_visit_id": 0.0005049484952534841,
                "_hjid": 0.0003029690971520905
            },
            "exampleSites": [
                "wondershare.fr",
                "filmora.wondershare.fr",
                "mobiletrans.wondershare.com",
                "pdf.wondershare.fr",
                "recoverit.wondershare.com",
                "uniconverter.wondershare.fr"
            ]
        },
        {
            "rule": "linkconnector\\.com\\/js\\/uts_uid\\.php",
            "cookies": 0.000606,
            "fingerprinting": 0,
            "subdomains": [
                "www"
            ],
            "apis": {},
            "sites": 6,
            "prevalence": 0.000606,
            "cnames": [],
            "responseHashes": [
                "942fa519ebb6234f59c3d8c8c66c6b2671b69364c1c31a6788f722e4baca9a94"
            ],
            "type": "Image",
            "firstPartyCookies": {},
            "firstPartyCookiesSent": {
                "LCUTS_UID_900133": 0.000605938194304181
            },
            "exampleSites": [
                "wondershare.fr",
                "filmora.wondershare.fr",
                "mobiletrans.wondershare.com",
                "pdf.wondershare.fr",
                "recoverit.wondershare.com",
                "uniconverter.wondershare.fr"
            ]
        }
    ],
    "categories": [],
    "performance": {},
    "cookies": 0.000909,
    "types": {
        "Script": 10,
        "Image": 12
    },
    "nameservers": [
        "edna.ns.cloudflare.com",
        "sri.ns.cloudflare.com"
    ]
}