{
    "domain": "logbor.com",
    "owner": {
        "name": "Public-Id&Atilde;&copy;es SA",
        "displayName": "Public-Id&Atilde;&copy;es"
    },
    "source": [
        "DuckDuckGo-FR"
    ],
    "prevalence": 0.00161,
    "sites": 16,
    "subdomains": [
        "u"
    ],
    "cnames": [],
    "fingerprinting": 1,
    "resources": [
        {
            "rule": "logbor\\.com\\/p\\/",
            "cookies": 0.000201,
            "fingerprinting": 1,
            "subdomains": [
                "u"
            ],
            "apis": {
                "Document.cookie getter": 2,
                "window.localStorage": 2,
                "Date.prototype.getTime": 4,
                "Document.cookie setter": 2
            },
            "sites": 16,
            "prevalence": 0.00161,
            "cnames": [],
            "responseHashes": [
                "d1b99530cd20d4ba3733f3a9bd3e203c214babdec74c71480bfbf186dfb9ebd3",
                "6973aa1afca98ed143a48d76d2d432d672444b80b8d29bf72cd5a92f37f9b267",
                "0c8b76cb8fbc76899dd9801c84a713561f881696c32c0f128893d7f859bd58bf",
                "9766dd946c454dcad69a2862d02d4d8138cdbd63ba946009110f9a9b33d9022a",
                "3d4d10aef522aeff7f1db1f83ae986aec8df38bd8c2c735b0b563f32422a73b6",
                "e4879fe7d76f4592b72bc2d1f923e817578576fa35d5c9ad552aab179d0a33ad",
                "67d2287a2fb2cd0b698c033c8b1222ab0d4801c95a83e35cfb8dc80b8edd2481",
                "c95b2985aed167bad6ad148afbd6f5154ed50ed964e26b725bab5af5050454d3",
                "293d3486d60da4a7b13bc6a525dd6b82ec9569b0e99ef2d72c6cb225c11a9bb0",
                "20f941648c5c6770e7b43deb644c8fc18a6bf2800efc766ba61927f52fd395a7",
                "517738457462527c6aeda0cada8495944355a6c9962d5a03d1f75ce473f0bd1f",
                "d1a1a99ea9605fedbc92e674c67e55416de659e31d1cb58f57cda661b5fbba0d",
                "4ce857a58f66ee6b715547ecfe0489b534868be0f59da3321950983b4b9083c3",
                "750c896c547d777f1420575434a33c9980837fe34aa28275f094ebb4b423dc75"
            ],
            "type": "Script",
            "firstPartyCookies": {
                "__bx": {
                    "ttl": 31536020,
                    "length": 36,
                    "prevalence": 0.00020078305391024997,
                    "uniqueness": 1
                }
            },
            "firstPartyCookiesSent": {},
            "exampleSites": [
                "blissim.fr",
                "fr.dhgate.com",
                "ignrando.fr",
                "mobile.interflora.fr",
                "ohm-energie.com",
                "www.bebesetmamans.com",
                "www.ducati.com",
                "www.happ-e.fr",
                "www.ilek.fr",
                "www.interflora.fr",
                "www.lelo.com",
                "www.promovacances.com",
                "www.spliiit.com",
                "www.vorwerk.fr",
                "www.voyage-prive.com",
                "www.yakarouler.com"
            ]
        },
        {
            "rule": "logbor\\.com\\/tcs",
            "cookies": 0,
            "fingerprinting": 0,
            "subdomains": [
                "u"
            ],
            "apis": {},
            "sites": 16,
            "prevalence": 0.00161,
            "cnames": [],
            "responseHashes": [
                "e3b0c44298fc1c149afbf4c8996fb92427ae41e4649b934ca495991b7852b855",
                "b51f766c461189dab3dcb5d7519351d2eaa9188722d8f44f8aa2040614101bba",
                "4c84ff2f3f5c024ad4c4526af9f50cd89ee166751ef11e8b7457862eb289eaa6",
                "23a8ea2acd60f6752d07260f287cd6ddc38216d303fb61c8282d2a4c7f8e15a9",
                "e5eb3b76b441dd33ed2780029a7c35ad5844824747615072f29f90aac8015d35",
                "812c9768a5c60dddc46a3277a36e29af9bc8ebb96979d42c0cf02acfd92e2029",
                "ccce56b2439349dd9640e948ae605a4afc16b696823a85512b168f78e9acc405",
                "37a180ede7d0676241e04f1896641b1a342a3661884fba9d8cf3681492700ba5",
                "67e59ebd5632d8a6d9ff3002da968e0759f295ea48d69a61f9459e8138819db9",
                "5386e6d4da53b5eb7f419258f441b45a936df98f9ed3f8136c2913255bf44095",
                "b40f5dc31c9fbbb22e6c21587d9a35825eb3d01e909bc43d4e9f0756b4f3fafb",
                "7afb20c791676a9bdffd935daa66490b8f1c856800301529ff2c676a192391cf"
            ],
            "type": "Script",
            "firstPartyCookies": {},
            "firstPartyCookiesSent": {},
            "exampleSites": [
                "blissim.fr",
                "fr.dhgate.com",
                "ignrando.fr",
                "mobile.interflora.fr",
                "ohm-energie.com",
                "www.bebesetmamans.com",
                "www.ducati.com",
                "www.happ-e.fr",
                "www.ilek.fr",
                "www.interflora.fr",
                "www.lelo.com",
                "www.promovacances.com",
                "www.spliiit.com",
                "www.vorwerk.fr",
                "www.voyage-prive.com",
                "www.yakarouler.com"
            ]
        }
    ],
    "categories": [],
    "performance": {},
    "cookies": 0.000201,
    "types": {
        "Script": 32
    },
    "nameservers": [
        "ns-245-a.gandi.net",
        "ns-202-b.gandi.net",
        "ns-253-c.gandi.net"
    ]
}