{
    "domain": "onclickgenius.com",
    "owner": {},
    "source": [
        "DuckDuckGo-FR"
    ],
    "prevalence": 0.00233,
    "sites": 23,
    "subdomains": [],
    "cnames": [],
    "fingerprinting": 0,
    "resources": [
        {
            "rule": "onclickgenius\\.com\\/script\\/suurl\\.php",
            "cookies": 0,
            "fingerprinting": 0,
            "subdomains": [],
            "apis": {},
            "sites": 23,
            "prevalence": 0.00233,
            "cnames": [],
            "responseHashes": [
                "c686f6fbafdceceeb7bf24babcda8884e115c5cec804065cc150aa8cfd7c9ef0",
                "20e78b6534fe67a354951123172890866818929700fe234b1925cea4e8b82e8a",
                "764ddd9a4983fd8b5f45b9f5c649c85e32817ed2b2e0a97851faced56caaa35c",
                "a2653d1941e86494ecc406ab3bba24e20ad65eb195ece09587d9bf41825eeb9e",
                "ef10222ee6c61ba69fa75f98d1cdc0345b57251f1c61f5c99b27214f0f55a65b",
                "61db01f147c7e667745eee691d961192499e9da48453087b81a5f3fd72da0030",
                "16a2af1437004f927b5100c3b75e1a9205e72baa2a0458c2f3c1cda8dd9fb1ac",
                "768db5597b873fc023366201c4cd420494dd03dc8cebed0779f3a279411d4974",
                "c1541320bced59c4f8e3be2a317dbba89c9aa01a68008c38b432284830749964",
                "f72df961e1007cba0d142761fbb20b31a909aa4ebf92b5203e4868a3d1a1190b",
                "dfa4c6bf93d0ffdd00514c7afc540b3cd837b135a17b1f63ea48f353c1e1303e",
                "d730477e73bbda5aea91a3c0bd5462741806634ee81b87e68888c223c94855a7",
                "95fbd41063f0f5bf6930ceb4993f4ef6524b629839014c14a98dcd2acfac7136",
                "805b5f43696a781bab74d9523337abb8ef05653696f032ca3585476a324aafd9",
                "a27cbd96554952917d98397fa83240ad18fe60f69b88bcc9aab3a9efd52d7ea8",
                "84b700d5af1b1a77872581daca44bac1f7e827597ea50d4ef90f1ba00abbf3ac",
                "5e0c7075fc094d787da5bdca6d8dda36fe80dd6d4c70f2de60141329609a6838",
                "8b84fe7ea698158d50e0ad05848e38a2352bdc06b4825fa1307d4602ab3b5762",
                "95fc6db9f588d112d4ff170f1316ba70abcc18a28bc126a13e7e1cb462f38c11",
                "501b93e73b77781029f9318ddf640f6dc160088dc2a8b07d9c21aa06c4ec82db",
                "c6a709f226cdd63aacdbd5a30ba4fd90ee96ad9911f549362cdd1550f1998f6a"
            ],
            "type": "Script",
            "firstPartyCookies": {},
            "firstPartyCookiesSent": {},
            "exampleSites": [
                "eztv.io",
                "vostfree.io",
                "www.yst.am",
                "wvw.cpasbien.ph",
                "wvw.zetorrents.io",
                "www.oxtorrent.cc",
                "www.ddl-is.land",
                "freestreams-live1.com",
                "11anim.com",
                "cracked-games.org",
                "gum-gum-streaming.com",
                "www.gum-gum-streaming.co",
                "www.zone-telechargement.uno",
                "yifyhdtorrent.org",
                "vfstreamingfr.com",
                "footlive.me",
                "www.grosnews.com",
                "tamilrockers.unblockit.lat",
                "pornhub.sitescrack.host",
                "yts.mx"
            ]
        }
    ],
    "categories": [],
    "performance": {},
    "cookies": 0,
    "types": {
        "Script": 23
    },
    "nameservers": [
        "hank.ns.cloudflare.com",
        "lady.ns.cloudflare.com"
    ]
}