{
    "domain": "p-n.io",
    "owner": {
        "name": "Pushly",
        "displayName": "Pushly"
    },
    "source": [
        "DuckDuckGo-FR"
    ],
    "prevalence": 0.00161,
    "sites": 16,
    "subdomains": [
        "cdn"
    ],
    "cnames": [],
    "fingerprinting": 2,
    "resources": [
        {
            "rule": "p-n\\.io\\/pushly-sdk\\.min\\.js",
            "cookies": 0.000904,
            "fingerprinting": 2,
            "subdomains": [
                "cdn"
            ],
            "apis": {
                "Navigator.prototype.plugins": 16,
                "window.sessionStorage": 16,
                "Navigator.prototype.cookieEnabled": 16,
                "Navigator.prototype.userAgent": 16,
                "Navigator.prototype.appVersion": 16,
                "Navigator.prototype.appCodeName": 16,
                "Navigator.prototype.product": 16,
                "Navigator.prototype.platform": 16,
                "Date.prototype.getTime": 16,
                "Notification.permission": 16,
                "Navigator.prototype.permissions": 16,
                "Document.cookie setter": 9,
                "Document.cookie getter": 9
            },
            "sites": 16,
            "prevalence": 0.00161,
            "cnames": [],
            "responseHashes": [
                "b8fc2f9f2e7d245b9e79293b258bbf5bb89b57dca898022217fc232956141d2a",
                "773f09bcb03d26af1803f99d4eff79dc0d5420a5fcfc46c3513d5665803ba41a",
                "5d143dead0514968d68d3ba4636323f2625a4b2947dbbce5371ade183c9653c4",
                "0e3a6204c787d56f4166e0ca3f62d9a88a9870f1d32d5daa9390b25f2ed1a58e",
                "bb14b27b10460632cc236ed1b945fd51c2115c24764fbe8e39a12afebd89956d",
                "6200e829ec55e96d4fdd64e086ecd1da1fc72c3eeda1770a8cc4d91cb76591ac",
                "9acc39fd2abb3e012e595c1229d1e5b9941e15b292b9b7554310412b2a6b1db5",
                "db2e6d690602ef8dc4577775dac52de2846a4d6b9aa0446f26029b9ac8dcebfe",
                "439ad82f59ae7edc1a344a88df222cf22772594d614589972cf3a5fdef51bf70",
                "c9b60e7ef2bf8f20174c430320a36a0391a67816a74648eeca891d93745b5b7e",
                "ccf164a576bc799a076b7b8f0b20a55b26ba1dcc3b8641a2ce8d4d117895c9b7",
                "208386187463e610ab905bf87b64f7562890abf21b6df5c69ed74b965261c392",
                "6cb01db724033d46fc1ca9aec69f3e553309877dd186dfe91b09bc1cb75ce838",
                "ffa7c80bd8137ce88dbe69392561beb7141a6bbd844826a1ebaf8bd1cb7df78c",
                "262f48db9f516f4ee7308835df4d89282764a603ecf988f10cc55a0cd01406aa"
            ],
            "type": "Script",
            "firstPartyCookies": {
                "pushly.user_puuid": {
                    "ttl": 863913603,
                    "length": 32,
                    "prevalence": 0.0009037051912842655,
                    "uniqueness": 1
                },
                "_pnxd": {
                    "ttl": -86398,
                    "length": 11,
                    "prevalence": 0.0009037051912842655,
                    "uniqueness": 0.3333333333333333
                },
                "_pnss": {
                    "ttl": 863913603,
                    "length": 7,
                    "prevalence": 0.0009037051912842655,
                    "uniqueness": 0.1111111111111111
                },
                "_pnlspid": {
                    "ttl": -86397,
                    "length": 4,
                    "prevalence": 0.0009037051912842655,
                    "uniqueness": 0.1111111111111111
                },
                "_pntx": {
                    "ttl": -86397,
                    "length": 4,
                    "prevalence": 0.0009037051912842655,
                    "uniqueness": 0.1111111111111111
                },
                "_pnvl": {
                    "ttl": 863913602,
                    "length": 5,
                    "prevalence": 0.0007028818154433176,
                    "uniqueness": 0.14285714285714285
                }
            },
            "firstPartyCookiesSent": {},
            "exampleSites": [
                "ew.com",
                "hollywoodlife.com",
                "people.com",
                "store.hp.com",
                "www.accuweather.com",
                "www.allrecipes.com",
                "www.astrology.com",
                "www.digitaltrends.com",
                "www.forbes.com",
                "www.health.com",
                "www.horoscope.com",
                "www.rd.com",
                "www.shape.com",
                "www.tasteofhome.com",
                "www.the-sun.com",
                "www.thesun.co.uk"
            ]
        },
        {
            "rule": "p-n\\.io\\/pushly-sdk\\.min\\.css",
            "cookies": 0,
            "fingerprinting": 0,
            "subdomains": [
                "cdn"
            ],
            "apis": {},
            "sites": 16,
            "prevalence": 0.00161,
            "cnames": [],
            "responseHashes": [
                "501b84d7db37a158e0313efd545c334fc75d82750e1248fa383321c67728b1ce"
            ],
            "type": "Stylesheet",
            "firstPartyCookies": {},
            "firstPartyCookiesSent": {},
            "exampleSites": [
                "ew.com",
                "hollywoodlife.com",
                "people.com",
                "store.hp.com",
                "www.accuweather.com",
                "www.allrecipes.com",
                "www.astrology.com",
                "www.digitaltrends.com",
                "www.forbes.com",
                "www.health.com",
                "www.horoscope.com",
                "www.rd.com",
                "www.shape.com",
                "www.tasteofhome.com",
                "www.the-sun.com",
                "www.thesun.co.uk"
            ]
        },
        {
            "rule": "p-n\\.io\\/pushly-sw\\.min\\.js",
            "cookies": 0,
            "fingerprinting": 0,
            "subdomains": [
                "cdn"
            ],
            "apis": {},
            "sites": 2,
            "prevalence": 0.000201,
            "cnames": [],
            "responseHashes": [
                "e407cbc2c2d99d30cf35e150bed77c084103c73a93c58e616195ab46432f4c51"
            ],
            "type": "Other",
            "firstPartyCookies": {},
            "firstPartyCookiesSent": {},
            "exampleSites": [
                "the-sun.com",
                "www.thesun.co.uk"
            ]
        }
    ],
    "categories": [],
    "performance": {
        "time": 1,
        "size": 1,
        "cpu": 0,
        "cache": 3
    },
    "cookies": 0.000904,
    "types": {
        "Script": 16,
        "Stylesheet": 16,
        "Other": 2
    },
    "nameservers": [
        "ns-191.awsdns-23.com",
        "ns-972.awsdns-57.net",
        "ns-1241.awsdns-27.org",
        "ns-1851.awsdns-39.co.uk"
    ]
}