{
    "domain": "permutive.app",
    "owner": {},
    "source": [
        "DuckDuckGo-FR"
    ],
    "prevalence": 0.00391,
    "sites": 39,
    "subdomains": [
        "d2fb08da-1c03-4c8a-978f-ad8a96b4c31f.partner",
        "00917082-71e9-498e-8343-00c3df06b798.edge",
        "6093eccf-6734-4877-ac8b-83d6d0e27b46.edge",
        "cdn",
        "fa1f96ab-b693-40e4-82d5-8698592ef9ac.edge",
        "d82f7a30-751a-4689-b7e9-19336a89ab46.edge"
    ],
    "cnames": [],
    "fingerprinting": 1,
    "resources": [
        {
            "rule": "permutive\\.app\\/sync\\/_pdfps",
            "cookies": 0.000201,
            "fingerprinting": 0,
            "subdomains": [
                "d2fb08da-1c03-4c8a-978f-ad8a96b4c31f.partner"
            ],
            "apis": {},
            "sites": 2,
            "prevalence": 0.000201,
            "cnames": [],
            "responseHashes": [
                "e3b0c44298fc1c149afbf4c8996fb92427ae41e4649b934ca495991b7852b855"
            ],
            "type": "XHR",
            "firstPartyCookies": {},
            "firstPartyCookiesSent": {},
            "exampleSites": [
                "nymag.com",
                "www.vulture.com"
            ]
        },
        {
            "rule": "permutive\\.app\\/00917082-71e9-498e-8343-00c3df06b798-web\\.js",
            "cookies": 0.000201,
            "fingerprinting": 2,
            "subdomains": [
                "00917082-71e9-498e-8343-00c3df06b798.edge"
            ],
            "apis": {
                "window.localStorage": 4,
                "URL.createObjectURL": 4,
                "window.sessionStorage": 4,
                "Document.cookie getter": 2,
                "Document.cookie setter": 2,
                "Navigator.prototype.userAgent": 2,
                "window.indexedDB": 2,
                "Date.prototype.getTime": 2,
                "Performance.prototype.memory": 2
            },
            "sites": 4,
            "prevalence": 0.000401,
            "cnames": [],
            "responseHashes": [
                "57d995d999ea40b66ea43c85131d6ac50d4d849801183170f0b4bd1c8edda701",
                "7e2c805ce020347a6d0f143d2d57d6042a3a4247c6dc2da8c5b5e60cd91fc376"
            ],
            "type": "Script",
            "firstPartyCookies": {
                "permutive-id": {
                    "ttl": 94694407,
                    "length": 36,
                    "prevalence": 0.00020074274816822243,
                    "uniqueness": 1
                },
                "permutive-session": {
                    "ttl": 94694407,
                    "length": 125,
                    "prevalence": 0.00020074274816822243,
                    "uniqueness": 1
                }
            },
            "firstPartyCookiesSent": {},
            "exampleSites": [
                "tftactics.gg",
                "www.fmscout.com",
                "www.pcgamesn.com",
                "www.serebii.net"
            ]
        },
        {
            "rule": "permutive\\.app\\/6093eccf-6734-4877-ac8b-83d6d0e27b46-web\\.js",
            "cookies": 0,
            "fingerprinting": 1,
            "subdomains": [
                "6093eccf-6734-4877-ac8b-83d6d0e27b46.edge"
            ],
            "apis": {
                "window.localStorage": 11,
                "URL.createObjectURL": 11,
                "window.sessionStorage": 11
            },
            "sites": 11,
            "prevalence": 0.0011,
            "cnames": [],
            "responseHashes": [
                "386be251f16a21f4383cc657cfcd247a37fb8118f4de63fbe84c33a873a15019",
                "64dcb2f694649d28ffc8768b713d901604f8fa552931345c7d3dafffbaa45959"
            ],
            "type": "Script",
            "firstPartyCookies": {},
            "firstPartyCookiesSent": {},
            "exampleSites": [
                "creativebloq.com",
                "www.digitalcameraworld.com",
                "www.gamesradar.com",
                "www.laptopmag.com",
                "www.livescience.com",
                "www.marieclaire.com",
                "www.musicradar.com",
                "www.pcgamer.com",
                "www.tomshardware.com",
                "www.tomsguide.com",
                "www.whathifi.com"
            ]
        },
        {
            "rule": "permutive\\.app\\/6ccc4e64-d4bc-4642-97b6-db50a75d8a5d-web\\.js",
            "cookies": 0,
            "fingerprinting": 1,
            "subdomains": [
                "cdn"
            ],
            "apis": {
                "window.localStorage": 2,
                "URL.createObjectURL": 2,
                "window.sessionStorage": 2
            },
            "sites": 2,
            "prevalence": 0.000201,
            "cnames": [],
            "responseHashes": [
                "f71081958ddf122178f4840b2c1168c211224e0912add0d5e23a970339655083"
            ],
            "type": "Script",
            "firstPartyCookies": {},
            "firstPartyCookiesSent": {},
            "exampleSites": [
                "corriere.it",
                "www.gazzetta.it"
            ]
        },
        {
            "rule": "permutive\\.app\\/9c2e2f47-62e2-4bf4-8b3e-2772302984bb-web\\.js",
            "cookies": 0,
            "fingerprinting": 1,
            "subdomains": [
                "cdn"
            ],
            "apis": {
                "window.localStorage": 5,
                "URL.createObjectURL": 5,
                "window.sessionStorage": 5
            },
            "sites": 5,
            "prevalence": 0.000502,
            "cnames": [],
            "responseHashes": [
                "75983493476f2b9aae0c211a10788187df652855c75ed60ccb3149ce3f415342"
            ],
            "type": "Script",
            "firstPartyCookies": {},
            "firstPartyCookiesSent": {},
            "exampleSites": [
                "gqmagazine.fr",
                "www.gq.com",
                "www.vanityfair.fr",
                "www.vogue.fr",
                "www.vogue.com"
            ]
        },
        {
            "rule": "permutive\\.app\\/fa1f96ab-b693-40e4-82d5-8698592ef9ac-web\\.js",
            "cookies": 0,
            "fingerprinting": 0,
            "subdomains": [
                "fa1f96ab-b693-40e4-82d5-8698592ef9ac.edge"
            ],
            "apis": {},
            "sites": 2,
            "prevalence": 0.000201,
            "cnames": [],
            "responseHashes": [
                "e3b0c44298fc1c149afbf4c8996fb92427ae41e4649b934ca495991b7852b855"
            ],
            "type": "Script",
            "firstPartyCookies": {},
            "firstPartyCookiesSent": {},
            "exampleSites": [
                "nexusmods.com",
                "www.pcinvasion.com"
            ]
        },
        {
            "rule": "permutive\\.app\\/d82f7a30-751a-4689-b7e9-19336a89ab46-web\\.js",
            "cookies": 0,
            "fingerprinting": 0,
            "subdomains": [
                "d82f7a30-751a-4689-b7e9-19336a89ab46.edge"
            ],
            "apis": {},
            "sites": 2,
            "prevalence": 0.000201,
            "cnames": [],
            "responseHashes": [
                "e3b0c44298fc1c149afbf4c8996fb92427ae41e4649b934ca495991b7852b855"
            ],
            "type": "Script",
            "firstPartyCookies": {},
            "firstPartyCookiesSent": {},
            "exampleSites": [
                "rd.com",
                "www.tasteofhome.com"
            ]
        }
    ],
    "categories": [],
    "performance": {},
    "cookies": 0.001,
    "types": {
        "XHR": 2,
        "Script": 26
    },
    "nameservers": [
        "sevki.ns.cloudflare.com",
        "ryleigh.ns.cloudflare.com"
    ]
}