{
    "domain": "rvrpushserv.com",
    "owner": {},
    "source": [
        "DuckDuckGo-FR"
    ],
    "prevalence": 0.00211,
    "sites": 21,
    "subdomains": [],
    "cnames": [],
    "fingerprinting": 0,
    "resources": [
        {
            "rule": "rvrpushserv\\.com\\/feed\\/",
            "cookies": 0.00191,
            "fingerprinting": 0,
            "subdomains": [],
            "apis": {},
            "sites": 21,
            "prevalence": 0.00211,
            "cnames": [],
            "responseHashes": [
                "001292784bafeeb9a115ecb6e80bb80e2ac6117f22b661a07234ff3df6f8c436",
                "be11e1bc31eb4da580805e0a6f1b744518c8cd5890c10cb82ce60a3bd2b5916e",
                "0e30e9f20053f96d66cfd82074c7161435d7855812e0ae6e2c81cbd21eea6040",
                "061a0ad35379df685c3dd65abc8c9d6099a870ccf59f30483d6f9f84f84dee5a",
                "575d8294697387d5a98aff36dc089b83711ab4c412783338ff8c4011f6d1a959",
                "9a90aacee06c9243d4078cac07bc9f72b1db5eb77c32388de29627f5e9d7cf12",
                "9d49e2327f1a837879216e56c0d3ebe4de23153e2584e66b7189500b98d3514d",
                "5ae65938acda49b81c09a1a76a450dba5074f24d4070cea9306ed02b2077e4d4",
                "d747e7d5bf3308ffc5e9d806e3892611522bc89ec2b131ad0faaf3dd05e9dbb6",
                "5d0b42bc7803a53f369546949006e31f050d2ac55f46e11b316b7812fe198853",
                "62ec7692fa8de4080eeccbdeb8da2ac06cf229cecb903e8ae7dca3b667eb54ad",
                "d9eb01c62f77b9e46dc4096f8e870f9b954503fbbba77dd8c965afc2f0908db3",
                "e3b0c44298fc1c149afbf4c8996fb92427ae41e4649b934ca495991b7852b855",
                "9fe829bd84b228d1890025514b9d2b714aaee0bbc9d7cd83c118f0935b8413b7",
                "17122ba3d6fb5908478dcfaf55c8f4e03ce88de947aff941c351e0106fdaabfd",
                "920b4a56ff202ae79525cc770bf901785ebbf7ebc67b197f3f44ec54b974788e",
                "4e6a27600855ef93d948ee06f8a729c57553b36d0939e85c7a0f3a0388789ffe",
                "12616f0550853ae0962f61b7f7b31606f2fe6b5e96f5722e4753db02f6c76341",
                "22021ca023a48c5d598e9909a8709a31a910ab995115492c36fb632afcfd25ee"
            ],
            "type": "XHR",
            "firstPartyCookies": {},
            "firstPartyCookiesSent": {},
            "exampleSites": [
                "www.zooskoolvideos.com",
                "www.porn-xnxx.com",
                "xnxxsexclips.com",
                "zooanimalsex.top",
                "leaknudes.com",
                "animalporn.me",
                "zooanimalsexporn.com",
                "amateurzoofilia.space",
                "www.bestialitysextaboo.net",
                "zoozoosexporn.com",
                "www.bestialitysextaboo.com",
                "xnxxcomvideos.com",
                "streamporn.pw",
                "www.japaneseporn.xxx",
                "zooporn.video",
                "animalsex.site",
                "adultvideotop.com",
                "tukif.top",
                "leakemup.com",
                "4kporn.tube"
            ]
        },
        {
            "rule": "rvrpushserv\\.com\\/s3\\/pgo\\/3-8234\\/asuw4hdblzlrmacgkiaaaaaah2mvaaxqquubiazkeaaaaakhayaaaaaaaaaa",
            "cookies": 0.000201,
            "fingerprinting": 0,
            "subdomains": [],
            "apis": {},
            "sites": 2,
            "prevalence": 0.000201,
            "cnames": [],
            "responseHashes": [
                "69482ca0d0e81cae9f7180cf4c42f849333a329928f514b3c6ef5f8fada01582"
            ],
            "type": "Document",
            "firstPartyCookies": {},
            "firstPartyCookiesSent": {},
            "exampleSites": [
                "bestialitysextaboo.com",
                "www.bestialitysextaboo.com"
            ]
        },
        {
            "rule": "rvrpushserv\\.com\\/s3\\/pgo\\/3-8234\\/asuw4hdblzlrmacgkiaaaaaah2mvaaxqquubiazkeaaaaakhayaaaaaaaaaa",
            "cookies": 0,
            "fingerprinting": 0,
            "subdomains": [],
            "apis": {},
            "sites": 2,
            "prevalence": 0.000201,
            "cnames": [],
            "responseHashes": [
                "b124152a756a4110bff861833517a5ba234e0dd00527d78a495969cb9578659e"
            ],
            "type": "Image",
            "firstPartyCookies": {},
            "firstPartyCookiesSent": {},
            "exampleSites": [
                "bestialitysextaboo.com",
                "www.bestialitysextaboo.com"
            ]
        }
    ],
    "categories": [],
    "performance": {},
    "cookies": 0.00191,
    "types": {
        "XHR": 21,
        "Document": 2,
        "Image": 2
    },
    "nameservers": [
        "ray.ns.cloudflare.com",
        "dell.ns.cloudflare.com"
    ]
}