{
    "domain": "sele.co",
    "owner": {},
    "source": [
        "DuckDuckGo-FR"
    ],
    "prevalence": 0.000602,
    "sites": 6,
    "subdomains": [
        "api",
        "api-ntv",
        "trk-sp"
    ],
    "cnames": [],
    "fingerprinting": 0,
    "resources": [
        {
            "rule": "sele\\.co\\/ub\\/v1\\.jsonp",
            "cookies": 0,
            "fingerprinting": 0,
            "subdomains": [
                "api"
            ],
            "apis": {},
            "sites": 6,
            "prevalence": 0.000602,
            "cnames": [],
            "responseHashes": [
                "7504fe315b22b673997b5b4408065d62428182df8442f44268a564f5b98bdc48",
                "4d1e109ea2177425da23eb547cd560497c07078e75ee47c4947298dc0b102a06",
                "fe03c52d4017cd6ab9e97e796dfb8b05ca85b0846e59cc9b51429ad3f6247fde",
                "8b6c46cefd62cc6cdb266f165da04aade7401d18961989c71de293837858180b",
                "9fe1b95ffcaca7880a65c36756c8ed9cfea9198999d25a029ff822f9ece6686b"
            ],
            "type": "Script",
            "firstPartyCookies": {},
            "firstPartyCookiesSent": {
                "cookies.js_dtest": 0.00010039152695512498,
                "parsely_uuid": 0.00010039152695512498,
                "muuid_link": 0.000301174580865375,
                "globalTI_SID": 0.0005019576347756249,
                "_pnxd": 0.00020078305391024997,
                "muuid_origin": 0.00010039152695512498,
                "first_request_id": 0.00010039152695512498,
                "_li_dcdm_c": 0.00010039152695512498
            },
            "exampleSites": [
                "bestlifeonline.com",
                "people.com",
                "qc.allrecipes.ca",
                "www.allrecipes.com",
                "www.health.com",
                "www.instyle.com"
            ]
        },
        {
            "rule": "sele\\.co\\/sp\\/v5\\.jsonp",
            "cookies": 0,
            "fingerprinting": 0,
            "subdomains": [
                "api-ntv"
            ],
            "apis": {},
            "sites": 5,
            "prevalence": 0.000502,
            "cnames": [],
            "responseHashes": [
                "b7b6568ec6a5531eda545d19433087d38589140dd7b2b9833a4f05691ea8c261"
            ],
            "type": "Script",
            "firstPartyCookies": {},
            "firstPartyCookiesSent": {
                "muuid_link": 0.000301174580865375,
                "globalTI_SID": 0.00040156610782049993,
                "_pnxd": 0.00020078305391024997
            },
            "exampleSites": [
                "bestlifeonline.com",
                "people.com",
                "www.allrecipes.com",
                "www.health.com",
                "www.instyle.com"
            ]
        },
        {
            "rule": "sele\\.co\\/sp",
            "cookies": 0,
            "fingerprinting": 0,
            "subdomains": [
                "trk-sp"
            ],
            "apis": {},
            "sites": 5,
            "prevalence": 0.000502,
            "cnames": [],
            "responseHashes": [
                "a065920df8cc4016d67c3a464be90099c9d28ffe7c9e6ee3a18f257efc58cbd7"
            ],
            "type": "Image",
            "firstPartyCookies": {},
            "firstPartyCookiesSent": {
                "globalTI_SID": 0.00040156610782049993,
                "_pnxd": 0.00020078305391024997
            },
            "exampleSites": [
                "bestlifeonline.com",
                "people.com",
                "www.allrecipes.com",
                "www.health.com",
                "www.instyle.com"
            ]
        }
    ],
    "categories": [],
    "performance": {},
    "cookies": 0,
    "types": {
        "Script": 11,
        "Image": 5
    },
    "nameservers": [
        "ns-1416.awsdns-49.org",
        "ns-1580.awsdns-05.co.uk",
        "ns-165.awsdns-20.com",
        "ns-807.awsdns-36.net"
    ]
}