{
    "domain": "speedcurve.com",
    "owner": {},
    "source": [
        "DuckDuckGo-FR"
    ],
    "prevalence": 0.00301,
    "sites": 30,
    "subdomains": [
        "cdn",
        "lux"
    ],
    "cnames": [],
    "fingerprinting": 2,
    "resources": [
        {
            "rule": "speedcurve\\.com\\/js\\/lux\\.js",
            "cookies": 0.00231,
            "fingerprinting": 2,
            "subdomains": [
                "cdn"
            ],
            "apis": {
                "Document.cookie getter": 23,
                "Document.cookie setter": 23,
                "PerformanceTiming.prototype.navigationStart": 23,
                "Navigator.prototype.connection": 2,
                "Navigator.prototype.deviceMemory": 2,
                "Event.prototype.timeStamp": 1
            },
            "sites": 29,
            "prevalence": 0.00291,
            "cnames": [],
            "responseHashes": [
                "09dbcef950643ff0e4ff9e44c0eda619a95d9b430ea166c3fbc72a567e143398",
                "7c94645b0cd26f40dee1a4ae0c5a05d4f1506d733c763595aadd9471453a5aff",
                "49c1ea11335b8be72ce35ef2b0cea2fb503be18a881c32f5598a2910ac8beb5f",
                "906e34f7a192d779b7219c72e5f77488fbd3bdfec7b04db4a439187973003d3a",
                "98a9efee118152d7f86f76a07b00b95893ed18e35b8ecb3ea27a71079df33726",
                "e05b92dcf7ea25b8197df1845c56b8aa0e0c9dc63aa9de5c3c6b1c1965a02654",
                "f982cb50f1ac6bbebed09fc501bc4c9657745ad1844fdd9a2634ac8d4bb60cda",
                "d479a9d83cd22f9d72c8ab89fb23b18b2a6b64e5de9a2d4aa9dea2fb54372658",
                "323ef9ee33f7db8504ebfa6826653440be636714849c4ff3d329a8c85be31e6b",
                "88c0a9ade055ca79bb491c4f141fbe89e3b1ac28557ce4bed1d8b57213dc5815",
                "05d41681da97f2ded6682687a837351e3e440c8133a35a27d854cddd164e2430",
                "0d4dd4b6e3170972ad38dbc8959259f037530a4ddd16428edb2567215be1b273",
                "bd44e2312e5443d20982434f0fba43a1b591aaeefbd8f45619eb8f159f7b2d80",
                "de9b8343578e145c2e1a8f953c324af9070dc16d1a85e98f50473de2c37c8fb2",
                "6bb24d1692e8b5e2ec53fd4bcbed0ea7993a6c3f268777d01cce7762ba7af16c",
                "049ab18db784e2746af660cfca1755808fe23b2855a94e2fd7fa75fb62b2b218",
                "f11311a0c8bd8b60421e3278c2af6945e5259b36306a04f20dd638de12225cb6",
                "f0eebedeb1cefe9ec512db890210ee4ede078eede69c79e4754d745860763c25",
                "60336df23b02cf2efff07c720041219d07eabf62becfe75af720555ff2e53b8f",
                "e319319943c14eef1d433abb95f8a4533301218645093b7d4f6270dc7ef9c988",
                "84d87f97a5cc9d08ae0de2149725189206e9e7f32196396f0d11d12bb2411106"
            ],
            "type": "Script",
            "firstPartyCookies": {
                "lux_uid": {
                    "ttl": 1800,
                    "length": 18,
                    "prevalence": 0.0023092369477911647,
                    "uniqueness": 1
                }
            },
            "firstPartyCookiesSent": {},
            "exampleSites": [
                "mozilla.org",
                "lifehacker.com",
                "www.jeuneafrique.com",
                "www.maisonsdumonde.com",
                "www.aarp.org",
                "www.news.com.au",
                "www.gfinityesports.com",
                "www.coursehero.com",
                "www.adecco.fr",
                "www.thetrainline.com",
                "wallstreetenglish.fr",
                "praxistipps.focus.de",
                "www.fr.lastminute.com",
                "www.insider.com",
                "www.avforums.com",
                "www.habitat.fr",
                "www.sbb.ch",
                "www.ebaumsworld.com",
                "www.notino.fr",
                "www.radiotimes.com"
            ]
        },
        {
            "rule": "speedcurve\\.com\\/lux\\/",
            "cookies": 0,
            "fingerprinting": 0,
            "subdomains": [
                "lux"
            ],
            "apis": {},
            "sites": 3,
            "prevalence": 0.000301,
            "cnames": [],
            "responseHashes": [
                "6879e69034d20945d958b5a2b6a4cfcf107c165c3a94fa1a1b068c4a62acb668"
            ],
            "type": "Script",
            "firstPartyCookies": {},
            "firstPartyCookiesSent": {
                "lux_uid": 0.00030120481927710846
            },
            "exampleSites": [
                "aarp.org",
                "www.bbcgoodfood.com",
                "www.shopify.fr"
            ]
        }
    ],
    "categories": [],
    "performance": {},
    "cookies": 0.00231,
    "types": {
        "Script": 32
    },
    "nameservers": [
        "ns2.dnsimple.com",
        "ns3.dnsimple.com",
        "ns4.dnsimple.com",
        "ns1.dnsimple.com"
    ]
}