{
    "domain": "sskzlabs.com",
    "owner": {},
    "source": [
        "DuckDuckGo-FR"
    ],
    "prevalence": 0.00211,
    "sites": 21,
    "subdomains": [
        "pbjs"
    ],
    "cnames": [],
    "fingerprinting": 0,
    "resources": [
        {
            "rule": "sskzlabs\\.com\\/notify",
            "cookies": 0,
            "fingerprinting": 0,
            "subdomains": [
                "pbjs"
            ],
            "apis": {},
            "sites": 21,
            "prevalence": 0.00211,
            "cnames": [],
            "responseHashes": [
                "c777ea4d7d771dc57eb2897e8d0412ae929f3e1d18cbaf4dc9a896ab1d1e6472",
                "9aac77e55af33093480add2ec7f731016b2641c0762277777c09702acd2e3e49",
                "f25415d3f0df77bcb3f4ad6a80399d4784dc3762a9a6e4d34372e5510f1695be",
                "9070a96b6a185b4298056e29a96416e0990ac7051e9d0a4c5bca70a0e7a5039e",
                "f7eeda0676f1fa0a3ecab6f0d2e8bdf3900c523ebddd8e8605bddde4c2c71efe",
                "16b156b6feca164defddf8a08e63ce9380adca261b698c6c4e55c7f944ae74a0",
                "b1ef8478a8ef98a3f62d1719e19ad5751f1deea12a77cd3600f7dfd212ffed29",
                "fdf22f43e505250d455d135b3d0901b41cbafca3faa97612aee9ae33377b39b6",
                "f0478bf424c163b1cab1348e9703ad4133d5c1383a22efb2e45625d538d2e4fe",
                "8487410f9b38f75f293a725a21ecb171b6f434face1c08e880bd25207d0794c7",
                "2ddd488603a79fcac5bb4e58f2f6899b9a80834471568211e957cf4d8a49cc61",
                "91b4e4eac3e13486379b0db62d44902bcea4ccc9e77a0e79b75495df26c0fdd2",
                "57dfebe54ae48ce6cce109bff8b2ba40d35ec369a31187572b30d30e7fa8b606",
                "1565ddd3c86a4937edb39286b0c9f88fa4199ad6b387a8e5d9bd6231b3402538",
                "28696f48317cc0c887775ce61cefa5fbeafbf9e114278dc8295a1852dfea871a",
                "7c6e4ee5ecd479d052fe53c52e751ac8661c1d3b955893d28872bbc55f61ecbe",
                "5717479da95fe5e1dcdd822419a6b4d5ac46d6f7b3994555c98a5d69cb1e172d",
                "6a784aec08f092d65c90d78e8d9f3bad8ef71c8566f767ab5a602075a3945e09",
                "04dab8a44c9f8fde73d5217073608b9361c58cd010507b98ba8a5d6d2687f9e4",
                "b7c93e0b8b138f568a53e4ba440cbedafbefb6889f3229b775a91a5d01d2c8c5"
            ],
            "type": "XHR",
            "firstPartyCookies": {},
            "firstPartyCookiesSent": {},
            "exampleSites": [
                "paris.onvasortir.com",
                "www.sortiraparis.com",
                "lille.onvasortir.com",
                "www.m-habitat.fr",
                "www.medisite.fr",
                "www.letribunaldunet.fr",
                "www.whats-on-netflix.com",
                "hitek.fr",
                "www.topito.com",
                "www.wheresthematch.com",
                "www.lacoccinelle.net",
                "www.viewsurf.com",
                "dailygeekshow.com",
                "www.planet.fr",
                "www.gamergen.com",
                "trucmania.ouest-france.fr",
                "www.lesviolets.com",
                "www.webcam-hd.fr",
                "www.driverscloud.com",
                "www.e-sante.fr"
            ]
        }
    ],
    "categories": [],
    "performance": {},
    "cookies": 0,
    "types": {
        "XHR": 21
    },
    "nameservers": [
        "ns-17.awsdns-02.com",
        "ns-527.awsdns-01.net",
        "ns-1541.awsdns-00.co.uk",
        "ns-1076.awsdns-06.org"
    ]
}