{
    "domain": "tiktok.com",
    "owner": {
        "name": "ByteDance Ltd.",
        "displayName": "ByteDance"
    },
    "source": [
        "DuckDuckGo-FR"
    ],
    "prevalence": 0.00382,
    "sites": 38,
    "subdomains": [
        "analytics"
    ],
    "cnames": [],
    "fingerprinting": 1,
    "resources": [
        {
            "rule": "tiktok\\.com\\/i18n\\/pixel\\/sdk\\.js",
            "cookies": 0,
            "fingerprinting": 1,
            "subdomains": [
                "analytics"
            ],
            "apis": {
                "Navigator.prototype.userAgent": 12,
                "Document.cookie getter": 11,
                "window.sessionStorage": 11,
                "PerformanceTiming.prototype.navigationStart": 1,
                "Navigator.prototype.connection": 1
            },
            "sites": 13,
            "prevalence": 0.00131,
            "cnames": [],
            "responseHashes": [
                "7c9644259d11f1395853b3f091d59e72432cbaa0d6006c905e8d525580e64b53",
                "2d91aadcc2b82f0cc3157a85058ab0d09d1b4ae513794433f32780652c3f6cf1",
                "2d4ba9d0ddc9d781ce10cdd706447e027c1be62657e61b45171a6491f60b558c",
                "1d5007c0767b8538863cd89aefff2c9b78e677c86e9cb05a4aefbca07de06284",
                "76b91d0caf147a57d8d21973e34c4a766b2472250ff3bf42169d15e1046eeceb",
                "79c4fc7cdc568d7c48b30ef023ab9824d2621a85817982454b34cb7d3f317e68",
                "1e03198247b5cde143acc66e8d5b7a46057f5f574ba837bc3b3bf8c7196f02d2",
                "61de12bb165e97d0fafa465aad2ac7ccc34b560942f7dec6e174317d88b52578",
                "fb478670f6d74d45a2f569f058096d4dc92fb3892f2da6aa839fc590795b4630",
                "cce3bb6b21b1fa39ef85f81334f600a75fa13ab24b4ed02b4f7c57bba5970f77",
                "794a4066b370768da6aff906895810eaee225aada1a5686e0ba83dd21dd52a5d"
            ],
            "type": "Script",
            "firstPartyCookies": {},
            "firstPartyCookiesSent": {},
            "exampleSites": [
                "codedelaroute.io",
                "linktr.ee",
                "major-prepa.com",
                "toomics.com",
                "www.bananamoon.com",
                "www.boxabl.com",
                "www.cadeauxfolies.fr",
                "www.domestika.org",
                "www.fender.com",
                "www.instant-gaming.com",
                "www.jennyfer.com",
                "www.saint-nazaire-tourisme.com",
                "www.shopify.fr"
            ]
        },
        {
            "rule": "tiktok\\.com\\/i18n\\/pixel\\/identify\\.js",
            "cookies": 0,
            "fingerprinting": 0,
            "subdomains": [
                "analytics"
            ],
            "apis": {},
            "sites": 37,
            "prevalence": 0.00372,
            "cnames": [],
            "responseHashes": [
                "da556df4dc2e8a01fc001ae2a2446328a6615e19a40e9113a8718f0ac018d2c4"
            ],
            "type": "Script",
            "firstPartyCookies": {},
            "firstPartyCookiesSent": {},
            "exampleSites": [
                "www.saint-nazaire-tourisme.com",
                "www.cadeauxfolies.fr",
                "gopro.com",
                "www.datacamp.com",
                "www.ilevia.fr",
                "linktr.ee",
                "www.tdg.ch",
                "www.drmartens.com",
                "major-prepa.com",
                "rutube.ru",
                "www.petit-bateau.fr",
                "fr.myprotein.com",
                "www.boxabl.com",
                "toomics.com",
                "www.jardiland.com",
                "www.sezane.com",
                "www.bungie.net",
                "www.domestika.org",
                "lafourche.fr",
                "www.plannedparenthood.org"
            ]
        },
        {
            "rule": "tiktok\\.com\\/i18n\\/pixel\\/config\\.js",
            "cookies": 0,
            "fingerprinting": 1,
            "subdomains": [
                "analytics"
            ],
            "apis": {
                "Navigator.prototype.userAgent": 18
            },
            "sites": 36,
            "prevalence": 0.00362,
            "cnames": [],
            "responseHashes": [
                "ac8e3ad62ecc8e3a8aaebb49124a9588b9c17b3e5bd5afb5c63f8b2e96c5399b",
                "0c583e4b6d3dc8b233493e4187f6d8f2049b0e47ec5e85f645ab4e227d29f7be",
                "836ea6d0b959d9d91b3ef1bbe8df55924e35fe93025420614024879027187508",
                "1cc2fc40dd659bf7ed985355b4e9dc199e9af4800b41f9138eb97baa5d7b9cde",
                "8c24eb485721a7217c17964053b88b2f8027ae804144cd4de202060af63b61a3",
                "c3dfe02f77b86274afc0a72da4fa33d21b1faf481c100885e4d1fd9b150e9ec6",
                "fb6f15014c322ba2ef637e559f9307d7f52db37d51e032ff0f8980453ac8132d",
                "f77af8a6e6fbb11f97b6cdbdc57452fb39dd85004d9411cd1895bdce92bb825e",
                "44788d5a1b576accc8701cf3dd3193aa734ccfe8241955fd35b8ae1322b6642c",
                "fa73ed2b5aeca96899c76e5c7c2b96371fc1d54bb5278b0095146fd3b173903f",
                "6b7cd8eb6fe6d655ffc8f45f25a08ee2352b332b3d47112f0f6434023ce8c05c",
                "afdc34ae7c4ffd12a4f24d975682f339b3b3a0fcb296446045d0d3b050def855",
                "5f83522cea17eddb55f54256ea4f605dfdb2899a5d7d33cd8235a5341f696054",
                "bfcda4fc8063cbe834dc9fe8cde113c24e7953752068ae423cf000c81fd4de0c",
                "ac437faa6363ac2ebccafaf2cfb8a5effafd46282c3da225e2493cf9f6b016cd",
                "23904fa8c452ac106eb9f540e55b74fd44f31c5a1aa11e8e0241ef82a089d24f",
                "7dfcab3cf864f983f07c86f2e1c3b384b0cf3bc1c8e8abdd38be07f213d76433",
                "bfc106fce5b47acc970793e4006b2673e0baa00577e535c12f14d35e0d8db7cc",
                "a8a2d3e69b701b77b5abb60399694f83a641562a7bb0ab9f6d9a26d802db41e6",
                "534c11f4d461d064d808b90af7f2561d7cc89a346ed14f2205a54538d4a1b95e",
                "42ffd85aae85fa6d33bbfab4eb6ad9acd16c5d70015ce999c48f80f9dccb8380",
                "a1e46b9fc59282b36156cbd674e9c1f634e439569a776ae7898b97648139cf52",
                "2805f3b1101843a2fe3cbddf31260b7d86b298001799500608c7976b1937bb09",
                "c46ce0847babb6a1dfa2bd372ff163f79340806075b004b0e4e41741ebd1a6c9",
                "6c34fb4d86a11564b064a2da8f7d5c2189a96a162df40c74b8ff64f2a8a1c713",
                "0eb05bbb8121aa8a75ddf8d193d15819b0d9edef6a3eacd7be2ce2edf31ebf3c",
                "ad1377a148659fb7f8b058d91827cf11154ea88e04e62387b84a27d33d03b69b",
                "b5ec5d778840cfa594f33a0a69c70654801c072868bb6bce6c37703ff86febcf",
                "6ce65c64bf507dafaa8df305681cb552b5fabe831be6a4113d7075003d1d043f",
                "74758c13de28e0cd6dbe73979d6fc43ec40879f8cb16f213d71a26f0d1dc26eb",
                "fc9caa80589d0361dbbd9efa0636d754e9e26c3518a9c298b2eefd1930a6d077",
                "22bf504c6d8ed77ba38bdab1c6aceac96dd86d73b52108862cc1d32859d47e2b",
                "54359a70259a61798f87fbc0a22617412331ead2f6377b8aafce8850df4c43f7",
                "eb7e968ec1881c234096eb7b0ec1f392c34df453f42e08e160bc5d5118f2aa75",
                "70a9c10491d0cc6caf0ad45fbf9adfd04e9b001d5aa86b03ee1c6f7929ba2fd3"
            ],
            "type": "Script",
            "firstPartyCookies": {},
            "firstPartyCookiesSent": {
                "IR_gbd": 0.00010058338362502515
            },