{
    "domain": "timecommerce.net",
    "owner": {},
    "source": [
        "DuckDuckGo-FR"
    ],
    "prevalence": 0.000709,
    "sites": 7,
    "subdomains": [
        "session"
    ],
    "cnames": [],
    "fingerprinting": 1,
    "resources": [
        {
            "rule": "timecommerce\\.net\\/v1\\/s",
            "cookies": 0.000709,
            "fingerprinting": 1,
            "subdomains": [
                "session"
            ],
            "apis": {
                "window.localStorage": 7,
                "Document.cookie setter": 3
            },
            "sites": 7,
            "prevalence": 0.000709,
            "cnames": [],
            "responseHashes": [
                "68ddd730d637beb71429cca5bb3cf5d1cfa659497a00a4b8df9fef84531744b2",
                "7eb50eeb78c8cab1b9ceac9c4ec81dcdb36c43320bc02fdeb6d4ea23c7cd5357",
                "cc266b2d7a213ae9829d59b5dc12903f6805af535ddf01c9357ce38ab6e341ba",
                "3da7726edfdf0096c5d4acc34fe32138eea140473bf6a72be191749bb3ab191c",
                "61c46a20b5792d66473beef9a112a748bd92d8b25e0e333497ca9698d46a8b3c",
                "3e6b7f0eda1392fbc8548298c96203f7e7796ebd4f917a3069ba4d671ba8932a"
            ],
            "type": "Script",
            "firstPartyCookies": {
                "globalTI_SID": {
                    "ttl": 157680004,
                    "length": 36,
                    "prevalence": 0.00030388978930307944,
                    "uniqueness": 1
                }
            },
            "firstPartyCookiesSent": {
                "_ga": 0.0002025931928687196,
                "_gid": 0.0002025931928687196,
                "_gcl_au": 0.0002025931928687196,
                "muuid_link": 0.0002025931928687196,
                "muuid_session": 0.0002025931928687196,
                "muuid_channel": 0.0002025931928687196,
                "muuid_current_channel": 0.0002025931928687196,
                "globalTI_SID": 0.000506482982171799,
                "_pnxd": 0.00030388978930307944,
                "_li_dcdm_c": 0.0001012965964343598
            },
            "exampleSites": [
                "ew.com",
                "people.com",
                "www.allrecipes.com",
                "www.bhg.com",
                "www.health.com",
                "www.shape.com",
                "www.travelandleisure.com"
            ]
        }
    ],
    "categories": [],
    "performance": {},
    "cookies": 0.000709,
    "types": {
        "Script": 7
    },
    "nameservers": [
        "dns1.p03.nsone.net",
        "dns2.p03.nsone.net",
        "dns3.p03.nsone.net",
        "dns4.p03.nsone.net"
    ]
}