{
    "domain": "trackcmp.net",
    "owner": {
        "name": "ActiveCampaign, Inc.",
        "displayName": "ActiveCampaign"
    },
    "source": [
        "DuckDuckGo-FR"
    ],
    "prevalence": 0.00233,
    "sites": 23,
    "subdomains": [],
    "cnames": [],
    "fingerprinting": 0,
    "resources": [
        {
            "rule": "trackcmp\\.net\\/visit",
            "cookies": 0.000912,
            "fingerprinting": 0,
            "subdomains": [],
            "apis": {},
            "sites": 10,
            "prevalence": 0.00101,
            "cnames": [],
            "responseHashes": [
                "e3b0c44298fc1c149afbf4c8996fb92427ae41e4649b934ca495991b7852b855"
            ],
            "type": "Script",
            "firstPartyCookies": {},
            "firstPartyCookiesSent": {},
            "exampleSites": [
                "apprendre-la-photo.fr",
                "news.bitcoin.com",
                "rcf.fr",
                "www.dafy-moto.com",
                "www.fluentu.com",
                "www.interiors.fr",
                "www.lemondeinformatique.fr",
                "www.lifehack.org",
                "www.mycake.fr",
                "www.twil.fr"
            ]
        },
        {
            "rule": "trackcmp\\.net\\/t_prism_sitemessages\\.php",
            "cookies": 0,
            "fingerprinting": 0,
            "subdomains": [],
            "apis": {},
            "sites": 14,
            "prevalence": 0.00142,
            "cnames": [],
            "responseHashes": [
                "e3b0c44298fc1c149afbf4c8996fb92427ae41e4649b934ca495991b7852b855"
            ],
            "type": "Script",
            "firstPartyCookies": {},
            "firstPartyCookiesSent": {
                "prism_609620646": 0.0001012965964343598,
                "prism_66562782": 0.0001012965964343598,
                "prism_999687948": 0.0001012965964343598,
                "prism_66420482": 0.0001012965964343598,
                "prism_475909747": 0.0001012965964343598,
                "prism_67095182": 0.0001012965964343598,
                "prism_1000943168": 0.0001012965964343598,
                "prism_799183171": 0.0001012965964343598,
                "prism_799531281": 0.0001012965964343598
            },
            "exampleSites": [
                "apprendre-la-photo.fr",
                "au-potager-bio.com",
                "protrainer.fr",
                "www.aladom.fr",
                "www.alexandrecormont.com",
                "www.altheaprovence.com",
                "www.boss.info",
                "www.jerecuperemonex.com",
                "www.michenaud.com",
                "www.origines-parfums.com",
                "www.pickupalliance.com",
                "www.porcelanosa.com",
                "www.roland.com",
                "www.techopedia.com"
            ]
        }
    ],
    "categories": [
        "Ad Motivated Tracking",
        "Advertising",
        "Action Pixels"
    ],
    "performance": {},
    "cookies": 0.00101,
    "types": {
        "Script": 24
    },
    "nameservers": [
        "ns-1064.awsdns-05.org",
        "ns-135.awsdns-16.com",
        "ns-2017.awsdns-60.co.uk",
        "ns-875.awsdns-45.net"
    ]
}