{
    "domain": "viralize.tv",
    "owner": {},
    "source": [
        "DuckDuckGo-FR"
    ],
    "prevalence": 0.00322,
    "sites": 32,
    "subdomains": [
        "ads",
        "static"
    ],
    "cnames": [],
    "fingerprinting": 2,
    "resources": [
        {
            "rule": "viralize\\.tv\\/vast\\/",
            "cookies": 0.00322,
            "fingerprinting": 0,
            "subdomains": [
                "ads"
            ],
            "apis": {},
            "sites": 32,
            "prevalence": 0.00322,
            "cnames": [],
            "responseHashes": [
                "e1b02bb7ccdda4add1a463a83d141f147bfee270ad84e774a6cf4ccccb9af976",
                "6321b5f227da82edcd2b327500a174c55464f54905c1d4ae2500139acfca4088",
                "953f697bc500216e1fce332400f20cb35d75c1889e3ddbcbd1ca6a714fe31952",
                "5de6981e1de5bfbdc854bb77b95b06924a19f205de314ad520e9635221549a88",
                "0f60daec902dcf4e4e4346617ced84cb0744298aaa3423d19934c49a14381812",
                "fb05a599b5d777e54b46e0e9d21c07d7b1040009da28a475fc58e6ec4d4fcd58",
                "fd5a3de9f8796c6c054456b2699f44dca0ae20f7a49775f08135b6b7d4b53c80",
                "bc16d0818ee2f05cd3bc4bcd1f59fffdb65f565ff3f66f243795277eb4e9e2e6",
                "6f3950bf8d9f1a87cf056ed383f4f417649727e4eb3cf71b4a6844e9a7e660f5",
                "0571a4f4c077fc224095e60a7147e1737e927ea34055b33bfd08af0d4f5f2070",
                "4209974dcc00666e3e325215931f1fc5d0f0c4119f199145020b3a801656a3c5",
                "4fc9cc1c923610f5e081255ab5e8219e003ec5a17291057f14b37320ba25fd8b",
                "becf55d999097a7d016c7b8d7e359120630c44ebf33093d7369a081b67875753",
                "70d7401005b5b286201044624ee6aabca9325bb945c5af3dd5a41783f71f5f7d",
                "1015e342d8dbd32de9ba61caca3bebe8759e0a349255e5dda823e888cc30f4f9",
                "5d54d371fe79452295edd4f98690461aa4f43c20815f5f6e532c239b435d1b04",
                "ca889d2740dbd5a31f65ffc7ae4bcb64d7717696a8b390fe482f7725187e86bf",
                "46d834b3e6e887275d5e4170d24bde3c4a51629ddab3de0bed48dff6666cba25",
                "2c07aac331aacac9655bb4b2bfb83635808c65e7bb80dc111c8ddb7f5affc624",
                "fbee3e79aec26c871b47989370ddec51c2d69b2bb43b504e4b79e6d0065d08c7",
                "b8cb0b5e39dd21e48461789da11dd462d2bb7252b391b1478c6e16fcc4a16497",
                "f1e7bd9afc09103a1596ea3dc22f2740b595f39ab2195982939d08736cb43ec7",
                "744f2ab75e707c5f2494df3a988927a251d0bbaa8dc20635cbbbf7d905cf5899",
                "238de5b423ebf236f11392dd35ba96267d89c41d7e9403cc47b1250f73e42f23",
                "a6b9f09d5e021cd1a7cb21bb7b69ee247830ee5692b8f6e9126175edf3d78c4d",
                "24599ece04c641b91517e8873a4691641860cbcb120a18e5b7c12edad34106d1",
                "89a4892726ca1bd56f2d8fd67904d3c91cfac996b316ebdc817a8eee5339230a",
                "c576cff98846c1919440cb1effaba854194ec940c972f887665b52162f9d5b21",
                "9677c30e18e5af7e28e3591541619200e6ea7edf391149a44b1ff3459f1d81d7",
                "32f517504fd783ba313e18c265843919f7b16ddca0af3e40afaa645a6463e3dd",
                "a1765096fa5632102c8d0e4bb1001fab0d02f0d999fd6f04f2de48a4badfc5bf"
            ],
            "type": "XHR",
            "firstPartyCookies": {},
            "firstPartyCookiesSent": {},
            "exampleSites": [
                "justice.ooreka.fr",
                "jardinage.ooreka.fr",
                "location-immobilier.ooreka.fr",
                "www.europe-israel.org",
                "defense-du-consommateur.ooreka.fr",
                "bien-etre.ooreka.fr",
                "medicament.ooreka.fr",
                "contrat-de-travail.ooreka.fr",
                "installation-electrique.ooreka.fr",
                "banque.ooreka.fr",
                "entretien-voiture.ooreka.fr",
                "premiers-secours.ooreka.fr",
                "potager.ooreka.fr",
                "epargne.ooreka.fr",
                "piscine.ooreka.fr",
                "voisinage.ooreka.fr",
                "impot-sur-le-revenu.ooreka.fr",
                "peinture.ooreka.fr",
                "isolation.ooreka.fr",
                "stress.ooreka.fr"
            ]
        },
        {
            "rule": "viralize\\.tv\\/viralize_vpaid\\.min\\.fd513043\\.js",
            "cookies": 0,
            "fingerprinting": 1,
            "subdomains": [
                "static"
            ],
            "apis": {
                "window.name": 30,
                "Navigator.prototype.userAgent": 30,
                "Date.prototype.getTime": 30,
                "Screen.prototype.width": 30,
                "Screen.prototype.height": 30
            },
            "sites": 32,
            "prevalence": 0.00322,
            "cnames": [],
            "responseHashes": [
                "f2fae34b5a56f6b0e9a97e98fbacc4ee79a915860f2f2e30e8e381e03763f48b"
            ],
            "type": "Script",
            "firstPartyCookies": {},
            "firstPartyCookiesSent": {},
            "exampleSites": [
                "defense-du-consommateur.ooreka.fr",
                "voisinage.ooreka.fr",
                "installation-electrique.ooreka.fr",
                "impot-sur-le-revenu.ooreka.fr",
                "phytotherapie.ooreka.fr",
                "digestion.ooreka.fr",
                "premiers-secours.ooreka.fr",
                "nettoyer-une-tache.ooreka.fr",
                "potager.ooreka.fr",
                "douleurs-musculaires.ooreka.fr",
                "entretien-voiture.ooreka.fr",
                "humidite.ooreka.fr",
                "justice.ooreka.fr",
                "contrat-de-travail.ooreka.fr",
                "banque.ooreka.fr",
                "medicament.ooreka.fr",
                "psychotherapie.ooreka.fr",
                "www.europe-israel.org",
                "succession.ooreka.fr",
                "bien-etre.ooreka.fr"
            ]
        },
        {
            "rule": "viralize\\.tv\\/player\\/",
            "cookies": 0.00292,
            "fingerprinting": 0,
            "subdomains": [
                "ads"
            ],
            "apis": {},
            "sites": 29,
            "prevalence": 0.00292,
            "cnames": [],