{
    "domain": "wisepops.com",
    "owner": {
        "name": "Benjamin Cahen",
        "displayName": "Benjamin Cahen"
    },
    "source": [
        "DuckDuckGo-FR"
    ],
    "prevalence": 0.00142,
    "sites": 14,
    "subdomains": [
        "loader",
        "popup",
        "tracking"
    ],
    "cnames": [],
    "fingerprinting": 1,
    "resources": [
        {
            "rule": "wisepops\\.com\\/get-loader\\.js",
            "cookies": 0.00132,
            "fingerprinting": 1,
            "subdomains": [
                "loader"
            ],
            "apis": {
                "window.localStorage": 12,
                "Document.cookie getter": 10,
                "Date.prototype.getTime": 12,
                "Document.cookie setter": 10,
                "Navigator.prototype.cookieEnabled": 12,
                "window.sessionStorage": 2
            },
            "sites": 14,
            "prevalence": 0.00142,
            "cnames": [],
            "responseHashes": [
                "07009b0c2ef0f7d0000f654bb88c64e40764446f5dc57cbf7ac25691d9d9fa06",
                "b08fa6bc9658a782dd5b7ed2fb46eaa25c4d3841960cce8a33f1baf567af0c8d",
                "43f166a4040333cb5f79e099b62f30af3d025e4c1b3ec0e58c9046785c024b38",
                "c18fb563e17e54fe80c5cf06fed8aa7ef1f66fd542d3c695c0233e65d736e63b",
                "596074df21e617920c5e24215433f91ccbfc4e4ce2265637e2fa33a49325a33e",
                "9750db7d51a9af96098f442a1c30936c74b7f05365639612b5129b3eadaa5bf8",
                "99f8383d100d0a042a3aa64aa31787d8ac2d51db7ef3e30e7080d10d4f3e1a1d",
                "177c2924e8b06c719ecec73cacbd3a2d907c1894beba60cf9327f3bc85ad822c",
                "b465f6348e28befc7c1ca6a6ed9f94d19e375db29f8010181be11f47be107420",
                "0d664d2d79cd14f1de8651bab4abcf0a00bd2e4ce5d309edb7d6a3d32371e802",
                "70d41defad3f9e47c012a32d8005059465dd362b61f373c40cc79e115949f8e4",
                "92186d4fbc1ddae2ccf4d7dfe2ca3fd04ddebda19f4b1d6538af87ccab92ed7e"
            ],
            "type": "Script",
            "firstPartyCookies": {
                "wisepops": {
                    "ttl": 63072003,
                    "length": 133,
                    "prevalence": 0.001012965964343598,
                    "uniqueness": 1
                },
                "wisepops_session": {
                    "ttl": null,
                    "length": 202,
                    "prevalence": 0.001012965964343598,
                    "uniqueness": 1
                },
                "wisepops_visits": {
                    "ttl": 63072003,
                    "length": 40,
                    "prevalence": 0.001012965964343598,
                    "uniqueness": 1
                },
                "wisepops_props": {
                    "ttl": 63072003,
                    "length": 367,
                    "prevalence": 0.0002025931928687196,
                    "uniqueness": 1
                }
            },
            "firstPartyCookiesSent": {},
            "exampleSites": [
                "asphalte.com",
                "chefsimon.com",
                "global-exam.com",
                "www.dunod.com",
                "www.filae.com",
                "www.laboiterose.fr",
                "www.lanutrition.fr",
                "www.lelo.com",
                "www.lesoleil.com",
                "www.lnr.fr",
                "www.purevpn.com",
                "www.twil.fr",
                "www.vinatis.com",
                "www.welcometothejungle.com"
            ]
        },
        {
            "rule": "wisepops\\.com\\/my-wisepop",
            "cookies": 0,
            "fingerprinting": 0,
            "subdomains": [
                "popup"
            ],
            "apis": {},
            "sites": 13,
            "prevalence": 0.00132,
            "cnames": [],
            "responseHashes": [
                "b32e1b500989d074787098eddfdd4ae6ddc832d8456be3165abfd7f123ebb350",
                "3a7db1b0cd1b5da5e51af223ad1d4130da4b8b279619bcfcee2e224648e6cef1",
                "888d2f2d368b951212ce2f9a3bcca02a0011a4cfb17feb5e147b4945b60830cd",
                "cbdde117a268248ce6ff6a19dd33ed7841be5ca1e98d417883c26c5469580d2a",
                "36e13c18d250bd4231b2e62e2d326f06dcbd5c4023269aa8a632a12693361d25",
                "b5a0939d440437503c9625c7d7187f80c2122296ecffbf3663e696e67ab58080",
                "8808f401c399fa5a812b32b025727d336290e3d07a8184a28ec044e44678e20d",
                "631706b2c9a3b407aea46d0c64d273ae991508d9585eb79689dc609bb5ba124e",
                "fd0bebcd97c8c2ba2123e62537061a560e0f2f41563ebd1913796e4927ba0fb2",
                "a7cf4b223af17a9d41a705e5ad36f8c2a2f8e0978c4e0d3b3e480f1100e24baa",
                "f1b9c545cf626d432eac8708af09cf55c51e2e793b2a44d1593e698d14200b55",
                "d51974d31ae1af46560f4524ca45aff3e4438570360ba89732095609c1d70482"
            ],
            "type": "XHR",
            "firstPartyCookies": {},
            "firstPartyCookiesSent": {},
            "exampleSites": [
                "asphalte.com",
                "chefsimon.com",
                "global-exam.com",
                "www.dunod.com",
                "www.filae.com",
                "www.laboiterose.fr",
                "www.lanutrition.fr",
                "www.lelo.com",
                "www.lesoleil.com",
                "www.lnr.fr",
                "www.twil.fr",
                "www.vinatis.com",
                "www.welcometothejungle.com"
            ]
        },
        {
            "rule": "wisepops\\.com\\/_\\.gif",
            "cookies": 0,
            "fingerprinting": 0,
            "subdomains": [
                "tracking"
            ],
            "apis": {},
            "sites": 2,
            "prevalence": 0.000203,
            "cnames": [],
            "responseHashes": [
                "ef1955ae757c8b966c83248350331bd3a30f658ced11f387f8ebf05ab3368629"
            ],
            "type": "Other",
            "firstPartyCookies": {},
            "firstPartyCookiesSent": {},
            "exampleSites": [
                "laboiterose.fr",
                "www.lesoleil.com"
            ]
        }
    ],
    "categories": [],
    "performance": {},
    "cookies": 0.00132,
    "types": {
        "Script": 14,
        "XHR": 13,
        "Other": 2
    },
    "nameservers": [
        "wally.ns.cloudflare.com",
        "marek.ns.cloudflare.com"
    ]
}