{
    "domain": "wpnsrv.com",
    "owner": {},
    "source": [
        "DuckDuckGo-FR"
    ],
    "prevalence": 0.00201,
    "sites": 20,
    "subdomains": [
        "js"
    ],
    "cnames": [],
    "fingerprinting": 1,
    "resources": [
        {
            "rule": "wpnsrv\\.com\\/pn\\.php",
            "cookies": 0.00151,
            "fingerprinting": 1,
            "subdomains": [
                "js"
            ],
            "apis": {
                "Navigator.prototype.userAgent": 17,
                "Notification.permission": 14,
                "Document.cookie getter": 15,
                "Document.cookie setter": 15
            },
            "sites": 17,
            "prevalence": 0.00171,
            "cnames": [],
            "responseHashes": [
                "86f36a03a35453b19239c955a72506aeb9a8df94758a248ad7dbb567184b75bd"
            ],
            "type": "Script",
            "firstPartyCookies": {
                "pn-zone-3389741": {
                    "ttl": 3888002,
                    "length": 13,
                    "prevalence": 0.00010037137408411121,
                    "uniqueness": 1
                },
                "pn-zone-3199593": {
                    "ttl": 3888002,
                    "length": 13,
                    "prevalence": 0.00020074274816822243,
                    "uniqueness": 1
                },
                "pn-zone-4182036": {
                    "ttl": 3888005,
                    "length": 13,
                    "prevalence": 0.00020074274816822243,
                    "uniqueness": 1
                },
                "pn-zone-3169187": {
                    "ttl": 3888004,
                    "length": 13,
                    "prevalence": 0.00010037137408411121,
                    "uniqueness": 1
                },
                "pn-zone-3184169": {
                    "ttl": 3888003,
                    "length": 13,
                    "prevalence": 0.00010037137408411121,
                    "uniqueness": 1
                },
                "pn-zone-3975710": {
                    "ttl": 3888002,
                    "length": 13,
                    "prevalence": 0.00010037137408411121,
                    "uniqueness": 1
                },
                "pn-zone-4300970": {
                    "ttl": 3888002,
                    "length": 13,
                    "prevalence": 0.00010037137408411121,
                    "uniqueness": 1
                },
                "pn-zone-3935570": {
                    "ttl": 3888001,
                    "length": 13,
                    "prevalence": 0.00010037137408411121,
                    "uniqueness": 1
                },
                "pn-zone-3617535": {
                    "ttl": 3888001,
                    "length": 13,
                    "prevalence": 0.00010037137408411121,
                    "uniqueness": 1
                },
                "pn-zone-4389740": {
                    "ttl": 3888001,
                    "length": 13,
                    "prevalence": 0.00010037137408411121,
                    "uniqueness": 1
                },
                "pn-zone-3382743": {
                    "ttl": 3888003,
                    "length": 13,
                    "prevalence": 0.00010037137408411121,
                    "uniqueness": 1
                },
                "pn-zone-3881818": {
                    "ttl": 3888002,
                    "length": 13,
                    "prevalence": 0.00010037137408411121,
                    "uniqueness": 1
                },
                "pn-zone-3278638": {
                    "ttl": 3888002,
                    "length": 13,
                    "prevalence": 0.00010037137408411121,
                    "uniqueness": 1
                }
            },
            "firstPartyCookiesSent": {},
            "exampleSites": [
                "anysex.com",
                "fr.pictoa.com",
                "goodporn.to",
                "indiansexmms.co",
                "mangoporn.net",
                "mylust.com",
                "pornobae.com",
                "pornone.com",
                "sextb.net",
                "streamporn.pw",
                "toucheporno.com",
                "www.escort-eden.com",
                "www.filmpornofrancais.fr",
                "www.pictoa.com",
                "xcafe.com",
                "xnxxbest.pro",
                "xorgasmo.com"
            ]
        },
        {
            "rule": "wpnsrv\\.com\\/worker\\.php",
            "cookies": 0,
            "fingerprinting": 0,
            "subdomains": [
                "js"
            ],
            "apis": {},
            "sites": 17,
            "prevalence": 0.00171,
            "cnames": [],
            "responseHashes": [
                "d9fbc0dc00356f6c0e837c05d66838f37d421b7cbb53d3cc0b23befc6272b619"
            ],
            "type": "Other",
            "firstPartyCookies": {},
            "firstPartyCookiesSent": {},
            "exampleSites": [
                "anysex.com",
                "eroprofile.com",
                "fr.pictoa.com",
                "hcbdsm.com",
                "mylust.com",
                "pornobae.com",
                "pornone.com",
                "sextb.net",
                "streamporn.pw",
                "toucheporno.com",
                "www.eroprofile.com",
                "www.escort-eden.com",
                "www.filmpornofrancais.fr",
                "www.pictoa.com",
                "xcafe.com",
                "xnxxbest.pro",
                "xorgasmo.com"
            ]
        }
    ],
    "categories": [],
    "performance": {},
    "cookies": 0.00151,
    "types": {
        "Script": 17,
        "Other": 17
    },
    "nameservers": [
        "ns1.dnsowl.com",
        "ns2.dnsowl.com",
        "ns3.dnsowl.com"
    ]
}