{
    "domain": "youradexchange.com",
    "owner": {},
    "source": [
        "DuckDuckGo-FR"
    ],
    "prevalence": 0.00151,
    "sites": 15,
    "subdomains": [],
    "cnames": [],
    "fingerprinting": 0,
    "resources": [
        {
            "rule": "youradexchange\\.com\\/ad\\/czcf\\.php",
            "cookies": 0,
            "fingerprinting": 0,
            "subdomains": [],
            "apis": {},
            "sites": 4,
            "prevalence": 0.000402,
            "cnames": [],
            "responseHashes": [
                "8d1b0e458586f5ead01149b5ef887abd483d043e176e2d55b92f76641b4edef8",
                "3cbfabe619b097d85fca421b93e9b05686c562ff76f247f0486448b2ea261936",
                "e6dcad003f0f600f3e077ab77af042bd3be5b0487c36c4b1057d3cf13d221eee"
            ],
            "type": "Fetch",
            "firstPartyCookies": {},
            "firstPartyCookiesSent": {},
            "exampleSites": [
                "dbanimes.co",
                "erothots.com",
                "formula1live.org",
                "fulldp.co"
            ]
        },
        {
            "rule": "youradexchange\\.com\\/script\\/suurl4\\.php",
            "cookies": 0,
            "fingerprinting": 0,
            "subdomains": [],
            "apis": {},
            "sites": 13,
            "prevalence": 0.00131,
            "cnames": [],
            "responseHashes": [
                "e0c57fffb51472b43ed7c6e4e42a964852731aad830049989399d9232501cac4",
                "3d46cdfc8dec7bb912ee117558c45949953727c32b73c7da67db4b3c36a3409d",
                "b960918bd00e74e4d43b31d7ca8961cae878f36a8e0171092b9e819d7e760465",
                "f130db1b7d52edd75ea93a3d9d3de8ea16ba77532cc03a4058a3578cee9b2b33",
                "bc0cb5a034a86f3df008fd5bdaa016da6d7732bc294e1fa0d4f15fb4b8593654",
                "718b7e467fdadd9bc323f3ece0475dc4c4ce910da329132035b44cdc509db758",
                "a15f3ca72ffa12f9bb6fdba3dcfab0700bf6e5a476af0059cb5062ff8b071d6a",
                "b86eb9bf580c50fc964391da4a71d2e3775efcceb0082c57895c4b3946024c98",
                "d95eec139779ca8e1fdbd93d8b220f56e82743c1a6789a6b09b6817961088060",
                "82941d7fdd6dd99c017574230e68d4f95d625660f00eaae3c619afe926e8a453",
                "066ab4c29e0581e9de7e63f53e802edaff3c1361651aceba47f677fade70240d",
                "473be4e58e01a0e733fe5e8cb083c53754326d6658907e12e302f96ac8a6409b"
            ],
            "type": "Fetch",
            "firstPartyCookies": {},
            "firstPartyCookiesSent": {},
            "exampleSites": [
                "dexter-streaming.com",
                "erothots.com",
                "formula1live.stream",
                "formula1live.org",
                "fulldp.co",
                "harry-potter-streaming.com",
                "mesfilms.buzz",
                "www.oxtorrent.be",
                "www.torrent9.si",
                "www.torrent9.pw",
                "www.yggtorrent.bz",
                "www.zetorrents.tv",
                "yts.mx"
            ]
        },
        {
            "rule": "youradexchange\\.com\\/n\\/display\\.php",
            "cookies": 0,
            "fingerprinting": 0,
            "subdomains": [],
            "apis": {},
            "sites": 2,
            "prevalence": 0.000201,
            "cnames": [],
            "responseHashes": [
                "e3b0c44298fc1c149afbf4c8996fb92427ae41e4649b934ca495991b7852b855"
            ],
            "type": "Script",
            "firstPartyCookies": {},
            "firstPartyCookiesSent": {},
            "exampleSites": [
                "erothots.com",
                "fulldp.co"
            ]
        },
        {
            "rule": "youradexchange\\.com\\/script\\/push\\.php",
            "cookies": 0,
            "fingerprinting": 0,
            "subdomains": [],
            "apis": {},
            "sites": 2,
            "prevalence": 0.000201,
            "cnames": [],
            "responseHashes": [],
            "type": "Fetch",
            "firstPartyCookies": {},
            "firstPartyCookiesSent": {},
            "exampleSites": [
                "formula1live.org",
                "gum-gum-streaming.com"
            ]
        }
    ],
    "categories": [],
    "performance": {},
    "cookies": 0,
    "types": {
        "Fetch": 19,
        "Script": 2
    },
    "nameservers": [
        "hank.ns.cloudflare.com",
        "lady.ns.cloudflare.com"
    ]
}