{
    "domain": "baidu.com",
    "owner": {
        "name": "Baidu, Inc.",
        "displayName": "Baidu"
    },
    "source": [
        "DuckDuckGo-CA"
    ],
    "prevalence": 0.00131,
    "sites": 13,
    "subdomains": [
        "hm",
        "pos",
        "wn.pos",
        "eclick"
    ],
    "cnames": [],
    "fingerprinting": 2,
    "resources": [
        {
            "rule": "baidu\\.com\\/hm\\.js",
            "cookies": 0.001,
            "fingerprinting": 2,
            "subdomains": [
                "hm"
            ],
            "apis": {
                "Navigator.prototype.userAgent": 10,
                "Navigator.prototype.cookieEnabled": 10,
                "Navigator.prototype.javaEnabled": 10,
                "Navigator.prototype.language": 10,
                "Screen.prototype.width": 10,
                "Screen.prototype.height": 10,
                "Screen.prototype.colorDepth": 10,
                "Screen.prototype.orientation": 10,
                "Document.cookie getter": 9,
                "window.sessionStorage": 10,
                "window.localStorage": 10,
                "Date.prototype.getTime": 10,
                "Document.cookie setter": 9,
                "Navigator.prototype.plugins": 10,
                "Navigator.prototype.mimeTypes": 10
            },
            "sites": 10,
            "prevalence": 0.001,
            "cnames": [],
            "responseHashes": [
                "3e4c8fc9551a4622b50d72e783ed3a64d125ce84f83d757d13c0a0ba2233806a",
                "6e69e347eec7c274e5aff4efc9a53ec4591e1604c563a06d7ed7846625a422aa",
                "88222399176c79a40e22f5304688e7c9e24b4ea80e57c9c811ba1df14d55f1a2",
                "d4bdcaf60a08bcc1510fb47be8299e3bc2c3a684cc8e2ceb6df118b51b066c55",
                "0dc6f055bcfa5a5af509b3f1bec1c69bf0076569191140f6860a1799e0aa9840",
                "c526c1921d7958d76e131294055343a68a70ee4beff19b8ea1d46c753a4e162f",
                "c66353bd07eb1a403e375d75551618a9f539f37a09dc9dcadf3d1aa49d2acf37",
                "c16004669cce53b30a908f6597794c1b814705bb97303e8b187028ac7a67ea4d",
                "d964789fad5fd5b3d6b65a201a4d62ebc922d8c137af0d4bcb5d0eb2a1a1d9f6"
            ],
            "type": "Script",
            "firstPartyCookies": {
                "Hm_lvt_32304eb8692c77114cb8a8f7658af78b": {
                    "ttl": 31536003,
                    "length": 10,
                    "prevalence": 0.00020090406830738323,
                    "uniqueness": 1
                },
                "Hm_lpvt_32304eb8692c77114cb8a8f7658af78b": {
                    "ttl": null,
                    "length": 10,
                    "prevalence": 0.00020090406830738323,
                    "uniqueness": 1
                },
                "Hm_lvt_6bcd52f51e9b3dce32bec4a3997715ac": {
                    "ttl": 31536005,
                    "length": 10,
                    "prevalence": 0.00010045203415369161,
                    "uniqueness": 1
                },
                "Hm_lpvt_6bcd52f51e9b3dce32bec4a3997715ac": {
                    "ttl": null,
                    "length": 10,
                    "prevalence": 0.00010045203415369161,
                    "uniqueness": 1
                },
                "Hm_up_6bcd52f51e9b3dce32bec4a3997715ac": {
                    "ttl": 31536005,
                    "length": 194,
                    "prevalence": 0.00010045203415369161,
                    "uniqueness": 1
                },
                "Hm_ct_6bcd52f51e9b3dce32bec4a3997715ac": {
                    "ttl": 31536005,
                    "length": 41,
                    "prevalence": 0.00010045203415369161,
                    "uniqueness": 1
                },
                "Hm_lvt_4c2baaa51a9429b06ce4697848a7ef01": {
                    "ttl": 31536006,
                    "length": 10,
                    "prevalence": 0.00010045203415369161,
                    "uniqueness": 1
                },
                "Hm_lpvt_4c2baaa51a9429b06ce4697848a7ef01": {
                    "ttl": null,
                    "length": 10,
                    "prevalence": 0.00010045203415369161,
                    "uniqueness": 1
                },
                "Hm_lvt_bfaaeccba983e87596c65c3306010a81": {
                    "ttl": 31536003,
                    "length": 10,
                    "prevalence": 0.00010045203415369161,
                    "uniqueness": 1
                },
                "Hm_lpvt_bfaaeccba983e87596c65c3306010a81": {
                    "ttl": null,
                    "length": 10,
                    "prevalence": 0.00010045203415369161,
                    "uniqueness": 1
                },
                "Hm_lvt_29884b6641f1b5709cc89a8ce5a99366": {
                    "ttl": 31536004,
                    "length": 10,
                    "prevalence": 0.00020090406830738323,
                    "uniqueness": 1
                },
                "Hm_lpvt_29884b6641f1b5709cc89a8ce5a99366": {
                    "ttl": null,
                    "length": 10,
                    "prevalence": 0.00020090406830738323,
                    "uniqueness": 1
                },
                "Hm_lvt_476b0e3ea7710c683b3dafc4b5c9da39": {
                    "ttl": 31536003,
                    "length": 10,
                    "prevalence": 0.00010045203415369161,
                    "uniqueness": 1
                },
                "Hm_lpvt_476b0e3ea7710c683b3dafc4b5c9da39": {
                    "ttl": null,
                    "length": 10,
                    "prevalence": 0.00010045203415369161,
                    "uniqueness": 1
                },
                "Hm_lvt_98beee57fd2ef70ccdd5ca52b9740c49": {
                    "ttl": 31536003,
                    "length": 10,
                    "prevalence": 0.00010045203415369161,
                    "uniqueness": 1
                },
                "Hm_lpvt_98beee57fd2ef70ccdd5ca52b9740c49": {
                    "ttl": null,
                    "length": 10,
                    "prevalence": 0.00010045203415369161,
                    "uniqueness": 1
                }
            },
            "firstPartyCookiesSent": {},
            "exampleSites": [
                "bato.to",
                "blog.csdn.net",
                "comiko.net",
                "kb.vmware.com",
                "mangapark.net",
                "na.op.gg",
                "www.op.gg",
                "www.ssense.com",
                "www.zhihu.com",
                "zhuanlan.zhihu.com"
            ]
        },
        {
            "rule": "baidu\\.com\\/hm\\.gif",
            "cookies": 0,
            "fingerprinting": 0,
            "subdomains": [
                "hm"
            ],
            "apis": {},
            "sites": 10,
            "prevalence": 0.001,
            "cnames": [],
            "responseHashes": [
                "cf4724b2f736ed1a0ae6bc28f1ead963d9cd2c1fd87b6ef32e7799fc1c5c8bda"
            ],
            "type": "Image",
            "firstPartyCookies": {},
            "firstPartyCookiesSent": {
                "Hm_ct_6bcd52f51e9b3dce32bec4a3997715ac": 0.00010045203415369161
            },
            "exampleSites": [
                "bato.to",
                "blog.csdn.net",
                "comiko.net",
                "kb.vmware.com",
                "mangapark.net",
                "na.op.gg",
                "www.op.gg",
                "www.ssense.com",
                "www.zhihu.com",
                "zhuanlan.zhihu.com"
            ]
        },
        {
            "rule": "baidu\\.com\\/rcam",
            "cookies": 0.000201,
            "fingerprinting": 0,
            "subdomains": [
                "pos"
            ],
            "apis": {},
            "sites": 2,
            "prevalence": 0.000201,
            "cnames": [],