{
    "domain": "bam-x.com",
    "owner": {},
    "source": [
        "DuckDuckGo-CA"
    ],
    "prevalence": 0.00231,
    "sites": 23,
    "subdomains": [
        "api"
    ],
    "cnames": [],
    "fingerprinting": 1,
    "resources": [
        {
            "rule": "bam-x\\.com\\/api\\/v0\\/session\\.html",
            "cookies": 0.00231,
            "fingerprinting": 0,
            "subdomains": [
                "api"
            ],
            "apis": {},
            "sites": 23,
            "prevalence": 0.00231,
            "cnames": [],
            "responseHashes": [
                "c0cab50bfc50001cfd1ae95f5dc48d2a6f03cb137e05b122eb5370e6aedb19e9",
                "dd0c04ef57620d207ce39dcfb731d77b429ca8977907224adfd7f0742a644784",
                "ea123a93da3b1d7f4d54f7103fac691f2dc2b4c0b2b843c6206dde5b4afa5ffe",
                "01e70ae39e2ce81fb2dd5c2485d5e105240328b67929ca44f502b2e83d70eb8d",
                "8d02f6192fccb62a9988a8e654d41811e70ef5d06be257241ec92baab12f37f1",
                "92bcb3572d461e7aa1068d734ffd8ccf5ed0ca01d46638579fd3295ff148f150",
                "a7d8adcc55a535598167bd1e9e1316c671d0c3708881e523fc0cf6b57eecf356",
                "33f12f080e98796030189ae78c0eaf2979a167f039b8af947f9ad111541ffe3f",
                "9382b2261b867d59b0deadf30660494aa18d6180f2d773316beccb7e3e64bc25",
                "b3380dd7af6e7cb86016c0e0507cc7823eeeaeb016c2531432d07020dd7b66f5",
                "fe42bd774647a32452e9d9808b5344aacc34c5a22dacf8c1674d5f3af4784aca",
                "82a887b256c8f06f1d694cbc983e6d82753db9e6f64c0ef6bb5b6b07af4949ca",
                "8cbd48a8e0ddbd46acda165e75b667712f1296af05575e65ac62ad6e30476cae",
                "a8a674fddbd55be2e02020a0cbf343433d964492beaf123fc21885b406fea917",
                "ff058a57af213fb74f2a72d3851cfcca24f1a87ee1059d6e93f89915df58d6b7",
                "e186f8d12ea6ed902945bd4b5981ba6e9e2c5a64a78ef00b5cddcb9028925eb6",
                "efe43f4f21f036e125e465f8d419b75d8f145413107bfe6f5fa05b0391ad1af1",
                "c243ccdb2e91522430fc937cdc85b70b0e15fd1bd75affb76766a41afda34eb1",
                "62060a55f9ee9cc909e601cb4fe271b525035be1f37405210fe7c46e703d27a7",
                "669302ffa80ec7fae7f075909831e8bcc957b9412787e5660c5afe7aec150ba8",
                "ec1bffe9243796c74f8c478c3780a25003065945a6ae2c550906c24ae73896b1",
                "322798fc4043622db7f865352095e8e816bf6db5903698466d6aeea87a9fd81e"
            ],
            "type": "Document",
            "firstPartyCookies": {},
            "firstPartyCookiesSent": {},
            "exampleSites": [
                "www.bedbathandbeyond.com",
                "www.techradar.com",
                "www.tomsguide.com",
                "www.sephora.com",
                "us.community.samsung.com",
                "www.saksfifthavenue.com",
                "www.reviewed.com",
                "www.purewow.com",
                "www.laptopmag.com",
                "www.theverge.com",
                "www.staples.com",
                "www.ulta.com",
                "www.wisebread.com",
                "www.wellandgood.com",
                "www.sheknows.com",
                "stylecaster.com",
                "www.gq.com",
                "www.xda-developers.com",
                "www.pcgamesn.com",
                "www.insidehook.com"
            ]
        },
        {
            "rule": "bam-x\\.com\\/api\\/v0\\/session\\.gif",
            "cookies": 0.00231,
            "fingerprinting": 0,
            "subdomains": [
                "api"
            ],
            "apis": {},
            "sites": 23,
            "prevalence": 0.00231,
            "cnames": [],
            "responseHashes": [
                "e3b0c44298fc1c149afbf4c8996fb92427ae41e4649b934ca495991b7852b855"
            ],
            "type": "Image",
            "firstPartyCookies": {},
            "firstPartyCookiesSent": {},
            "exampleSites": [
                "www.bedbathandbeyond.com",
                "www.techradar.com",
                "www.tomsguide.com",
                "www.saksfifthavenue.com",
                "www.purewow.com",
                "www.wellandgood.com",
                "us.community.samsung.com",
                "www.pcgamesn.com",
                "www.wisebread.com",
                "stylecaster.com",
                "www.polygon.com",
                "www.xda-developers.com",
                "www.ulta.com",
                "www.reviewed.com",
                "www.insidehook.com",
                "www.staples.com",
                "www.theverge.com",
                "www.pockettactics.com",
                "www.laptopmag.com",
                "www.sheknows.com"
            ]
        }
    ],
    "categories": [],
    "performance": {},
    "cookies": 0.00231,
    "types": {
        "Document": 23,
        "Image": 23
    },
    "nameservers": [
        "ns-1225.awsdns-25.org",
        "ns-1821.awsdns-35.co.uk",
        "ns-437.awsdns-54.com",
        "ns-534.awsdns-02.net"
    ]
}