{
    "domain": "consentframework.com",
    "owner": {},
    "source": [
        "DuckDuckGo-CA"
    ],
    "prevalence": 0.00171,
    "sites": 17,
    "subdomains": [
        "choices",
        "cache"
    ],
    "cnames": [],
    "fingerprinting": 1,
    "resources": [
        {
            "rule": "consentframework\\.com\\/api\\/v1\\/public\\/consent-string\\/user",
            "cookies": 0,
            "fingerprinting": 0,
            "subdomains": [
                "choices"
            ],
            "apis": {},
            "sites": 17,
            "prevalence": 0.00171,
            "cnames": [],
            "responseHashes": [
                "091a1aba4cf881015c4cb97c0e899f6c1c3710d504010418bdf82c991cfbc0f9",
                "7e645c9936b6784b3a223d7d1b41a9a9c82fdfa186894ade880592a89c8cb8b4",
                "a955d1ecc91008b8b981000acef55b7009014d5b03f5885129051913ba7a2963",
                "8bfa2cc7fe4b9db41705a2c23de424d902f5e9856f3edec21113c83d1d414ba6",
                "b2e0fdb25717815e7c573af241fe708d32f120480907e190f7e812652f0f8e52",
                "1dd999f416cdbb28f32c99db5b2d2f3ba608412275fd94f04ff122cdbf67d16f",
                "c0379f1637cba6c1412a4b95ad609c887b1498a0011ca291b37978c775f8ff53",
                "59228267ed5db6d0c7e38e29f3dcb0dbc25a5a25be5902ea24f98ce8d7fc4600",
                "08c32a4e08106babc1c5cd57c1a5120aff83355a28d03a74e271adf9087f14fc",
                "89089482f2d4e981156b0ef708f1632c2a05ecd6efd49decc1e21eb1bd07d0e0",
                "995f085561df64dcb44d35589eddfd884926485b0d76a9002ff4e6170964992c",
                "671063f61f52e177da54a04373c0a45c463ddd4729ff3201a60040f9296c6e23",
                "d8e18af95dd2bc719f4cb466565b90a5d64c9c9e8574b55352994534a0a6c56d",
                "574ca07d3b86874e46747f0d72b2486818aa0f5bab6322b482ec898f8d13e680",
                "297862b18771c9af81a6da8ec17f423fe7296cec39462871754bbc4d1f27c254",
                "44df9884cf6eb658ccba398745d036c5c91bb84f9a1ff501dc1509258ea8b03a"
            ],
            "type": "Fetch",
            "firstPartyCookies": {},
            "firstPartyCookiesSent": {},
            "exampleSites": [
                "futura-sciences.com",
                "local.infobel.ca",
                "www.betaseries.com",
                "www.clubic.com",
                "www.comment-economiser.fr",
                "www.conjugaison-verbe.net",
                "www.dafont.com",
                "www.francaisfacile.com",
                "www.frandroid.com",
                "www.free-scores.com",
                "www.futura-sciences.com",
                "www.infobel.com",
                "www.paroles.net",
                "www.ptitchef.com",
                "www.synonymo.fr",
                "www.synonymeur.com",
                "www.thefreshloaf.com"
            ]
        },
        {
            "rule": "consentframework\\.com\\/api\\/v1\\/public\\/user-action",
            "cookies": 0,
            "fingerprinting": 0,
            "subdomains": [
                "choices"
            ],
            "apis": {},
            "sites": 17,
            "prevalence": 0.00171,
            "cnames": [],
            "responseHashes": [
                "e3b0c44298fc1c149afbf4c8996fb92427ae41e4649b934ca495991b7852b855"
            ],
            "type": "Fetch",
            "firstPartyCookies": {},
            "firstPartyCookiesSent": {},
            "exampleSites": [
                "futura-sciences.com",
                "local.infobel.ca",
                "www.betaseries.com",
                "www.clubic.com",
                "www.comment-economiser.fr",
                "www.conjugaison-verbe.net",
                "www.dafont.com",
                "www.francaisfacile.com",
                "www.frandroid.com",
                "www.free-scores.com",
                "www.futura-sciences.com",
                "www.infobel.com",
                "www.paroles.net",
                "www.ptitchef.com",
                "www.synonymo.fr",
                "www.synonymeur.com",
                "www.thefreshloaf.com"
            ]
        },
        {
            "rule": "consentframework\\.com\\/api\\/v1\\/public\\/user-action",
            "cookies": 0,
            "fingerprinting": 0,
            "subdomains": [
                "choices"
            ],
            "apis": {},
            "sites": 17,
            "prevalence": 0.00171,
            "cnames": [],
            "responseHashes": [],
            "type": "Preflight",
            "firstPartyCookies": {},
            "firstPartyCookiesSent": {},
            "exampleSites": [
                "futura-sciences.com",
                "local.infobel.ca",
                "www.betaseries.com",
                "www.clubic.com",
                "www.comment-economiser.fr",
                "www.conjugaison-verbe.net",
                "www.dafont.com",
                "www.francaisfacile.com",
                "www.frandroid.com",
                "www.free-scores.com",
                "www.futura-sciences.com",
                "www.infobel.com",
                "www.paroles.net",
                "www.ptitchef.com",
                "www.synonymo.fr",
                "www.synonymeur.com",
                "www.thefreshloaf.com"
            ]
        },
        {
            "rule": "consentframework\\.com\\/js\\/pa\\/21931\\/c\\/YoRz2\\/stub",
            "cookies": 0,
            "fingerprinting": 0,
            "subdomains": [
                "cache"
            ],
            "apis": {},
            "sites": 2,
            "prevalence": 0.000201,
            "cnames": [],
            "responseHashes": [
                "9298971a5bdb7470b87aa2bf89d39c6b13fd2f486d38c87b057b94ce54eb98bc"
            ],
            "type": "Script",
            "firstPartyCookies": {},
            "firstPartyCookiesSent": {},
            "exampleSites": [
                "infobel.ca",
                "www.infobel.com"
            ]
        },
        {
            "rule": "consentframework\\.com\\/js\\/pa\\/21931\\/c\\/YoRz2\\/cmp",
            "cookies": 0.000201,
            "fingerprinting": 1,
            "subdomains": [
                "choices"
            ],
            "apis": {
                "Navigator.prototype.userAgent": 2,
                "window.localStorage": 2,
                "Document.cookie setter": 2,
                "Document.cookie getter": 2,
                "Date.prototype.getTime": 2,
                "Navigator.prototype.cookieEnabled": 2
            },
            "sites": 2,
            "prevalence": 0.000201,
            "cnames": [],
            "responseHashes": [
                "77667dca88990938ce2cac8393b582aca28a95238d6a3db9f43e4c9128f17d13"
            ],
            "type": "Script",
            "firstPartyCookies": {},
            "firstPartyCookiesSent": {},
            "exampleSites": [
                "infobel.ca",
                "www.infobel.com"
            ]
        },
        {
            "rule": "consentframework\\.com\\/api\\/v1\\/public\\/profile\\/check",
            "cookies": 0,
            "fingerprinting": 0,
            "subdomains": [
                "choices"
            ],
            "apis": {},
            "sites": 8,
            "prevalence": 0.000803,
            "cnames": [],
            "responseHashes": [
                "ab140244cd2fd2892fec183c503c0f9522f9935f5e6c5ace01e92924a7e2e90e"
            ],
            "type": "Fetch",
            "firstPartyCookies": {},
            "firstPartyCookiesSent": {},
            "exampleSites": [
                "infobel.ca",
                "www.clubic.com",
                "www.comment-economiser.fr",
                "www.conjugaison-verbe.net",
                "www.francaisfacile.com",
                "www.frandroid.com",
                "www.infobel.com",
                "www.paroles.net"
            ]
        },
        {
            "rule": "consentframework\\.com\\/api\\/v1\\/public\\/v2\\/tcstring",
            "cookies": 0,