{
    "domain": "freychang.fun",
    "owner": {},
    "source": [
        "DuckDuckGo-CA"
    ],
    "prevalence": 0.00302,
    "sites": 30,
    "subdomains": [],
    "cnames": [],
    "fingerprinting": 0,
    "resources": [
        {
            "rule": "freychang\\.fun\\/",
            "cookies": 0.00302,
            "fingerprinting": 0,
            "subdomains": [],
            "apis": {},
            "sites": 30,
            "prevalence": 0.00302,
            "cnames": [],
            "responseHashes": [
                "999f750f37bd73d33fe6bf75e5c9b7ecc7e74f42f5bf19b65f9668c755ec4b0c",
                "73ce65be0d4b29a1df36ee3f6ca17dadad80db7a3eea21f67eaf3471a6a8aa37",
                "997ebc0a361baca19d6e71e1a2c25707c63051083bfe3846eadb1b7728d4a2e7",
                "1ede579ce4210f973b33314fa96633cdd16257236879a59df49b564043271b2d",
                "43b7ec1c2e5f6ebffbc4c889f0c0dd2276ebfdb1f08b834137bca454d2d0b27a",
                "3a3734124d60b93fc3bc3b776a9e91cbdc2995d9d1043a3932c11d7094858c81",
                "1c949aeb729be8b4d4b64b546298712347b2583d990e51f773f58a1418be46c6",
                "5465b20b8b897684b1736a82c4981bb7c5356df7ed5b4825a7535ecab9ba84ae",
                "f91e05d0da1d460ee9460d332cfa92ce034d9db466ba70390be167da84b44798",
                "60e8ae8c70d02151e02d8bafb7f8a459ff763e4d5641c96b2c3798fd329c36a1",
                "d66cc95a87b616732c7207a9b5ac421deaa31ba45c87d79b95bdd6b944b9c46e",
                "3d6cd828f3a7207fa9d7ed283c061dc377baf6d1020a29f4b0837e030d632d3d",
                "dfa104e9222b54c5fe37b0a29c4316a704ee7d53cd65a9a796f360e87a0d86ec",
                "bb14769ed708e9ceb8af68464f591bd89c757866bba07c6d65e2cd2a7b4ed8ce",
                "a9416d62eb43f723153be6c6e4fce6a31978e5f519d66eed04ffe6148df86b7a",
                "671d369da1543ebc0e50e6b4968f60324972bac9baea3ce089c6eb1719de36ba",
                "c42db63e0bc9c7bbc9a4d61a8ba315d90fa7b7003275a0326ae9ccca8488cc2c",
                "29d0467140d13f3664394de64a06b816dc748b2884ba93c88e9e1293b8671a40",
                "49fb2fd386949e2120043de7dbc03d03bdcca51e0bded72d820b0020b93e3c83",
                "baaf0601cdf6b456f416129ac622fda989049b000722778ec1250de4aa0814f4",
                "6555da6cae9143f1ade524bd1a5ba5bd27306711ef3e7fdbf86f027d643ab199",
                "0edcde830c99ae9ff5337b05dd3a32db619e7a3211fc103ba913cef5a1da6a46",
                "b82caffc9ad61300e920caa8c3dc9d5926fb68406a659fc5a6574ac4f26f57b2",
                "b95719d69f180b18c8d8642ae96497ef5661dd01ad5f2af4873f809ef6437167",
                "30d9c1c56a7f4d6a8cda73d1509a1f4c86e444e3b9a176aa499881521a59660e",
                "31de00004766e2c32f11bddcacbe21b4ee891dac1636f1256dda762b26aef0d4",
                "d2af710ff7ecc5fa5da177bcac3efa9fce3028014dac3682c6d6d9cf8d41de47",
                "2bbd7cf7535ccd205c42895a57573c3e7cd6f869ca93ed6aa7ce77986dc602aa",
                "96d1aa42e73ed74a6807103ead6b3f5fca6bfbcfbdfaf8d8bde0e5321205c24e"
            ],
            "type": "Fetch",
            "firstPartyCookies": {},
            "firstPartyCookiesSent": {},
            "exampleSites": [
                "justpicsplease.com",
                "www.homemoviestube.com",
                "putlockers.club",
                "muchohentai.com",
                "www.aflamneek.com",
                "cartoonprn.com",
                "javtivi.com",
                "milfzr.com",
                "desixnxx2.net",
                "www.twugi.com",
                "biqle.org",
                "rapepornvideo.net",
                "www.mypornhere.com",
                "megapornx.com",
                "www.nekopoi.web.id",
                "123movies4u.io",
                "rape-tube.me",
                "daftsex.com",
                "ww.mangakakalot.tv",
                "www.xrares.com"
            ]
        }
    ],
    "categories": [],
    "performance": {},
    "cookies": 0.00302,
    "types": {
        "Fetch": 30
    },
    "nameservers": [
        "demi.ns.cloudflare.com",
        "aiden.ns.cloudflare.com"
    ]
}