{
    "domain": "freychang.fun",
    "owner": {},
    "source": [
        "DuckDuckGo-CA"
    ],
    "prevalence": 0.00331,
    "sites": 33,
    "subdomains": [],
    "cnames": [],
    "fingerprinting": 0,
    "resources": [
        {
            "rule": "freychang\\.fun\\/",
            "cookies": 0.00331,
            "fingerprinting": 0,
            "subdomains": [],
            "apis": {},
            "sites": 33,
            "prevalence": 0.00331,
            "cnames": [],
            "responseHashes": [
                "6d6e227329af5784edf1fc9380ed03d6cb75bdec0168137ce1f688b8f635babe",
                "52e91261f18369ea4e833a38376b9f04d224045b6fb70fc4c5f39d3a7afa287e",
                "826b4e23e05aa2edf47e2a67740262cefb132a031d2740b095b70a25bcf1f47c",
                "c97d6df004bf91c1a1f83042583011e8a637a44ce2f9f7d337c10851550de1f5",
                "055136dbc707e3f9b287f4b9962f2b822e6d102ed636d1687379374f2a578b13",
                "b29f42b50d652f9013b7b638341d686b83cf94c1d7847e48f8fbe4784dbd6673",
                "5dbefd3d861efa4ee5cae43fdf2adeceb95a9bcd92e34b67e5aca75d2791415b",
                "22fe3a7e37c9d985bf048847482fbd3a692fce6f7d1a2ef154d5fbae2994235e",
                "b9647d5f6c9a37955d890b5777d051f64de8b5b191a18b25c23304886f25c162",
                "70dfa2f5369bc7ad1f45f216d898b3060b978aca17175014cba1d657e327913b",
                "26223094a75c903f926a99d1c4970fa57820b296d96f652e813f37a0d9640183",
                "00e6f640f835d5f07d7992431bff600a6992d26652277da715ade1e7ca5760cb",
                "05d7d9e821180284c1fd6794ab4276279322e80e31adda8d81b076e4d758eaed",
                "457aecdf50c9fc1c5aaff48e0d1bfe79561a99f32d920b309100ee4c2a41b3ee",
                "0f749d988cab76056b3bf6cd48b12035f7e62ff3c13a4cd4942f6b551ee68f89",
                "d7189de8911742a096e6406eb16be3ed8db9fce440b6ad0990b2b75b4a684a67",
                "49691852b9752761ace0ba1b897c7a7c96fa9f59b20ff7d979b0373801bfdd84",
                "a65605964f41870223a7b49b0b824fc188dd5419508219b32417a2dee51cd414",
                "1b7c50d13b40423598120b43f9f4ab4f18feed753d093e10b2e94bb3da235c81",
                "159cbfcdf99d1348c6c4a4893b6abbeef8c58941b3533926a3650080337d3564",
                "6f3db21cb3d95b581d561b11a6290265bef0d08f8809d7710b34e03e89abb65f",
                "c744636dbb8dde2ee76f2860b4ee45ab2147a3bf87333a9ca5a6d210264d969e",
                "3d46506920dde11bfeb86d40f38055b4a0fa22c04942c956e72550ead6764405",
                "ae36af2e5e7a5b6984e9d06dc65503e7f468f74bdeefb684e0a3bfb03515af89",
                "d313c88ee8e385e7193125abbe531d42bd5e782717a3d82c5a030642756c1673",
                "5e3655a5a1761dd1565246be6fa6f95ef8b619bd9de0f6be6bd6a08a6820cb15",
                "40e78c66a4bd06076d7eec5d5aba9df19247ef33f41e7a09f0019b866b803386",
                "dd46eff09af81a7f056174a7307c06c25cfe972512aeea357a1902ec3530102f",
                "7564a1575a7975991b923030fd6804260f8ae8872cb9554bd1ff1bf485e7fa48",
                "347bbc758731c68e9e8217e91075de01070136d666ff8f2b92cc27f7d35dce8d",
                "7ebf82137b21c37cbe2ef563d65e3d2599cc9a3f555bc5224dfe73d6203d92ce",
                "61dba32d159bc4843265a716a9957a4b19deb04a935873ef5bea62604863e45f"
            ],
            "type": "Fetch",
            "firstPartyCookies": {},
            "firstPartyCookiesSent": {},
            "exampleSites": [
                "justpicsplease.com",
                "cmovies.watch",
                "www.pornachi.com",
                "xnxx.kactube.com",
                "m.smutty.com",
                "www.twuko.com",
                "notfans.com",
                "cyberleaks.to",
                "www.mypornhere.com",
                "xnxx34.com",
                "hentaiworld.tv",
                "mydesi.net",
                "nudegist.com",
                "123movies4u.art",
                "anyxxx.com",
                "doujindesu.id",
                "www.bestialitysextaboo.com",
                "forporn.net",
                "www-soap2day.to",
                "xnxx97.com"
            ]
        }
    ],
    "categories": [],
    "performance": {},
    "cookies": 0.00331,
    "types": {
        "Fetch": 33
    },
    "nameservers": [
        "demi.ns.cloudflare.com",
        "aiden.ns.cloudflare.com"
    ]
}