{
    "domain": "futurehybrid.tech",
    "owner": {},
    "source": [
        "DuckDuckGo-CA"
    ],
    "prevalence": 0.00191,
    "sites": 19,
    "subdomains": [
        "sommelier"
    ],
    "cnames": [],
    "fingerprinting": 0,
    "resources": [
        {
            "rule": "futurehybrid\\.tech\\/config",
            "cookies": 0,
            "fingerprinting": 0,
            "subdomains": [
                "sommelier"
            ],
            "apis": {},
            "sites": 19,
            "prevalence": 0.00191,
            "cnames": [],
            "responseHashes": [
                "f4a6defe2beb774fe29f834fc01ddc7813a563d3e11a7b66303f4484481f59de",
                "8a4cc97380a79bb50693a481ebe9dd42541825d403d67a6e20f56c944f2462f2",
                "6b938d969643a08c69de83beb4f30c8dee6a14d2caa9cb5d4458cb4d55220fd9",
                "8427743bdbc11825749706de289c073be626c324e458c4628d0bd13b1f96745a",
                "e2c76baa4e1298f01a703ae6d43bd5656fa864193b60f512ec22e5a9d46271a4",
                "94eee8673125c9baafd8fbf2be9f01bff8fa283080838f95ccc7cbd3cdc923ef",
                "675e485bddc9fb34e487915d632c9b994ecd9766382c5d220236d44daca3d1e4",
                "40c8078bcce50bda62618bb5f42195af93f5b697e2dc74651d52c5451da697dd",
                "1640a76a472630be542d141499eaaa8aa2e9d58341525f5c2b6ef0c21b3666dc",
                "902224e8924e6e263a2671f2da8c6d10392c7fa9954b47d06fd8cad313709e29",
                "fd5f31c40768bfa191376cad7aaf378945ed9dc0ec65cd430fa0f3308aee08da",
                "58d3721205b81dad3101c5d7106167383b81613932d6b6504c11b0123aa3f7fc",
                "a876157338ade392091e374b567a8938e3ce98b832d7d21a95f9aa3ab9c9b3b5",
                "9a310b5d42dfabb5c8cf9a2269845bd4a16f153adac60f2a2fe1821bb76d8d6a",
                "a5cd1b790783b663ed232a54b3eac5a5c3e2ef9f314135809a95b9aa5694f32f",
                "4bb9e108f4e0ef2a5a67a143aefe894311329139bf87624830cc8bf53edf5006",
                "8cd97ba3e862cf401fb82e15bcf2169b7590ec04568e12a08f135a747ce06e03",
                "2fd413882e29a04cba4a1a5550bd00c5a3f652f960bbd310c307904dd5ed662c"
            ],
            "type": "Fetch",
            "firstPartyCookies": {},
            "firstPartyCookiesSent": {},
            "exampleSites": [
                "cinemablend.com",
                "www.creativebloq.com",
                "www.cyclingnews.com",
                "www.digitalcameraworld.com",
                "www.gamesradar.com",
                "www.guitarworld.com",
                "www.laptopmag.com",
                "www.livescience.com",
                "www.loudersound.com",
                "www.marieclaire.com",
                "www.musicradar.com",
                "www.pcgamer.com",
                "www.realhomes.com",
                "www.sciencealert.com",
                "www.tomsguide.com",
                "www.tomshardware.com",
                "www.toptenreviews.com",
                "www.whathifi.com",
                "www.whattowatch.com"
            ]
        }
    ],
    "categories": [],
    "performance": {},
    "cookies": 0,
    "types": {
        "Fetch": 19
    },
    "nameservers": [
        "ns-55.awsdns-06.com",
        "ns-786.awsdns-34.net",
        "ns-1419.awsdns-49.org",
        "ns-1705.awsdns-21.co.uk"
    ]
}