{
    "domain": "gaug.es",
    "owner": {},
    "source": [
        "DuckDuckGo-CA"
    ],
    "prevalence": 0.000905,
    "sites": 9,
    "subdomains": [
        "secure"
    ],
    "cnames": [],
    "fingerprinting": 1,
    "resources": [
        {
            "rule": "gaug\\.es\\/track\\.js",
            "cookies": 0.000905,
            "fingerprinting": 1,
            "subdomains": [
                "secure"
            ],
            "apis": {
                "Date.prototype.getTime": 9,
                "Document.cookie setter": 9,
                "Navigator.prototype.userAgent": 9,
                "Document.cookie getter": 9,
                "Screen.prototype.width": 9
            },
            "sites": 9,
            "prevalence": 0.000905,
            "cnames": [],
            "responseHashes": [
                "df2698e6cf74ed890afa92da10051f880df2ce0b3257b73c5d9ae2f6bea82d3c"
            ],
            "type": "Script",
            "firstPartyCookies": {
                "_gauges_cookie": {
                    "ttl": 3,
                    "length": 1,
                    "prevalence": 0.0009050683829444891,
                    "uniqueness": 0.1111111111111111
                },
                "_gauges_unique_hour": {
                    "ttl": 3602,
                    "length": 1,
                    "prevalence": 0.0009050683829444891,
                    "uniqueness": 0.1111111111111111
                },
                "_gauges_unique_day": {
                    "ttl": 86402,
                    "length": 1,
                    "prevalence": 0.0009050683829444891,
                    "uniqueness": 0.1111111111111111
                },
                "_gauges_unique_month": {
                    "ttl": 2678402,
                    "length": 1,
                    "prevalence": 0.0009050683829444891,
                    "uniqueness": 0.1111111111111111
                },
                "_gauges_unique_year": {
                    "ttl": 31536002,
                    "length": 1,
                    "prevalence": 0.0009050683829444891,
                    "uniqueness": 0.1111111111111111
                },
                "_gauges_unique": {
                    "ttl": 31536002,
                    "length": 1,
                    "prevalence": 0.0009050683829444891,
                    "uniqueness": 0.1111111111111111
                }
            },
            "firstPartyCookiesSent": {},
            "exampleSites": [
                "drhyman.com",
                "smittenkitchen.com",
                "spectator.org",
                "technastic.com",
                "wattsupwiththat.com",
                "www.nationandstate.com",
                "www.onegreenplanet.org",
                "www.omgubuntu.co.uk",
                "www.scienceofpeople.com"
            ]
        },
        {
            "rule": "gaug\\.es\\/track\\.gif",
            "cookies": 0,
            "fingerprinting": 0,
            "subdomains": [
                "secure"
            ],
            "apis": {},
            "sites": 9,
            "prevalence": 0.000905,
            "cnames": [],
            "responseHashes": [
                "7fff1569ea68ef52782ba25b0cf3934627f7a4fc1e8e22f4652de959c5f97978"
            ],
            "type": "Image",
            "firstPartyCookies": {},
            "firstPartyCookiesSent": {},
            "exampleSites": [
                "drhyman.com",
                "smittenkitchen.com",
                "spectator.org",
                "technastic.com",
                "wattsupwiththat.com",
                "www.nationandstate.com",
                "www.onegreenplanet.org",
                "www.omgubuntu.co.uk",
                "www.scienceofpeople.com"
            ]
        }
    ],
    "categories": [],
    "performance": {},
    "cookies": 0.000905,
    "types": {
        "Script": 9,
        "Image": 9
    },
    "nameservers": [
        "ns-451.awsdns-56.com",
        "ns-1754.awsdns-27.co.uk",
        "ns-1458.awsdns-54.org",
        "ns-940.awsdns-53.net"
    ]
}