{
    "domain": "gscontxt.net",
    "owner": {},
    "source": [
        "DuckDuckGo-CA"
    ],
    "prevalence": 0.00603,
    "sites": 60,
    "subdomains": [
        "wolterskluwer",
        "rogers",
        "mediacorp",
        "pacmags",
        "pedestrian-sydney",
        "torstar",
        "bbc",
        "hearst",
        "trustedmediabrands",
        "vmg-ash",
        "vmg-useast"
    ],
    "cnames": [],
    "fingerprinting": 0,
    "resources": [
        {
            "rule": "gscontxt\\.net\\/main\\/channels-json\\.cgi",
            "cookies": 0,
            "fingerprinting": 0,
            "subdomains": [
                "wolterskluwer"
            ],
            "apis": {},
            "sites": 2,
            "prevalence": 0.000201,
            "cnames": [],
            "responseHashes": [
                "8d16747faa9aad1cb91dabb223ddd97c0fa236cd9456531ee6566baf9d824ccd"
            ],
            "type": "XHR",
            "firstPartyCookies": {},
            "firstPartyCookiesSent": {},
            "exampleSites": [
                "lww.com",
                "www.ahajournals.org"
            ]
        },
        {
            "rule": "gscontxt\\.net\\/main\\/channels\\.cgi",
            "cookies": 0,
            "fingerprinting": 0,
            "subdomains": [
                "rogers",
                "mediacorp",
                "pacmags",
                "pedestrian-sydney",
                "torstar"
            ],
            "apis": {},
            "sites": 26,
            "prevalence": 0.00261,
            "cnames": [],
            "responseHashes": [
                "3bd5d362f2b74f38bbe2816ab3047d65b9f8f5ace290ace8bfb04353b2c89805",
                "2ba385d5d6b6e3136bf24bc1387121328997bc33a54d381f99fe8ba2f889877a",
                "423339fbd9d6cfe2a67ba7552cdc5902bf7159de9284875d51d71ab5395eb7d6",
                "38b8ff1188a23553577a350005d10cd69629edccc2cac0c03c06b1358f65b9f3",
                "b9be2a546d00133964f0e1c0995df780c36e5fe82bd24998734560e1c65ed12e",
                "dc71f06c18b4857cf7ab5a439cd2fadee94e8b7a9e5589ee68c48586c74df4ef",
                "e8076b52bc859db3f70c2c4e4f402c61c035b297a1dcbd2674fe7875af7f110e",
                "c950ae108bac63127ce754281cab52d5b67cef932cbf4a6b327fca18d6039b4a",
                "4fdcc745aacde4c383476997e79139ee76f407a81149aab964e616215db7e596",
                "bf275ff99435c207b014d62b9375a937d1743d35c39c965bf4aad05e88709103",
                "236bc746aa1c20abacde4213959585abadfe1f717e3f4a071650622ff2090841",
                "90234aad8ad8981302cd9203ea410166b37891d491afdc5a9227296cb5a177a7",
                "126c7a9f39081bc7ef655f978a629efa651de4a545e6ea28cc75ec40d6f2464f",
                "5603b661f475f6fa7a86ac5df7342f9c467113065b14547a877cf5b54c273394",
                "97204f6e2164a5b2d2c098bccbffacc517b564997e75f56a4c8ca004adf49064",
                "242fe43dd0ee1d2daa8c10cd4f1f2ae52b4a2262ed80f3f0fcac6c5f62930f13",
                "d570292ec97d1ba8f903894e6ac6d3083d75d08f794b50c3f223e7df9a146c45",
                "ce4abf751beaf9e0e5ed2b0fc7c98f0e2373f05ab39b2e76d8e2d92c9a772018",
                "2d399a3c923818bf1fedef21baf62c2fdff38d1f97eca4527ec531890d3ea08c",
                "c9ed6008d4f41bd57446ad3426edaa09f0875bb087770d819e6bb004e1ffda9f"
            ],
            "type": "Script",
            "firstPartyCookies": {},
            "firstPartyCookiesSent": {
                "s_ppn": 0.0009046135289978892,
                "_li_dcdm_c": 0.0001005126143330988,
                "lotame_domain_check": 0.0001005126143330988,
                "_cb_svref": 0.0001005126143330988
            },
            "exampleSites": [
                "www.allrecipes.com",
                "www.channelnewsasia.com",
                "www.thestar.com",
                "www.macleans.ca",
                "toronto.citynews.ca",
                "www.pedestrian.tv",
                "www.citynews1130.com",
                "www.chatelaine.com",
                "www.680news.com",
                "leconjugueur.lefigaro.fr",
                "www.citytv.com",
                "www.bttoronto.ca",
                "www.660citynews.com",
                "www.570news.com",
                "www.thepeterboroughexaminer.com",
                "www.therecord.com",
                "www.thespec.com",
                "www.todaysparent.com",
                "lefigaro.fr",
                "www.stcatharinesstandard.ca"
            ]
        },
        {
            "rule": "gscontxt\\.net\\/",
            "cookies": 0,
            "fingerprinting": 0,
            "subdomains": [
                "bbc"
            ],
            "apis": {},
            "sites": 3,
            "prevalence": 0.000302,
            "cnames": [],
            "responseHashes": [
                "15780bfc99edecb5389728dc1384c0dce97f205e60aacca0f455b21a86b85816"
            ],
            "type": "Script",
            "firstPartyCookies": {},
            "firstPartyCookiesSent": {
                "get_top_level_domain_cookie": 0.0001005126143330988
            },
            "exampleSites": [
                "bbc.co.uk",
                "www.bbc.co.uk",
                "www.bbc.com"
            ]
        },
        {
            "rule": "gscontxt\\.net\\/channels\\.cgi",
            "cookies": 0,
            "fingerprinting": 0,
            "subdomains": [
                "hearst"
            ],
            "apis": {},
            "sites": 24,
            "prevalence": 0.00241,
            "cnames": [],
            "responseHashes": [
                "d433422a4d64dae9cfab212e12b48b9cd64e8da91b7ae48fa20d8352157bbcc4",
                "5831225ad14f7479ffa267889c7d5b818dfab23bf839807c27d5a15beaf4aa33",
                "1afed724c04375a78ca2db4cd4d770cd7840f55fa1cef874f7aa7d593d1e631c",
                "7b033f93b816dbfdcab306e035a9eac59ab26b6f435ab8542e8d971448a26aba",
                "a984dae8ae00fd07a0a8ad8ab966ed5c8a566809fecb168a4d15f84c138d6d60",
                "2ed3f9ebfaa26afa3c031ae8663d2748ca2c2c639aa34f5c03d1995c4a0e95c1",
                "139962281c46cecda7d26c60ff78dc2df6a059a97acf81083a6bac47386219d0",
                "63f90b6b0579e330d4c2165baee9bc4e506c5481c9159b410d8fa9231f1799fb",
                "4cfecd6d3b58ea1e0aebf8270f3539ae74e379ddf68a5f747be99e7f38fab984",
                "79968d39421c445868dffeb8e3889e80fb11f15ee9b4edce7ef1577fa5a057a5",
                "7c56e34de120301dd1a43ba63e6b078bf27d33f0bf40a8c9ec3087ba45817e94",
                "cf8eadb58ef0f3da3899d8cba85097034a7d7836ec10c532caeb5312cdf8f061",
                "e5b9a08f96c2d92431f2b36ece67daeb0037f6541696dd0c98b477870a4e1649",
                "480dad3b061ecbbd447a1ce5eb992380956ef05b9fe6296f6f1f15634de2bc18",
                "3e89e2693602af56dbce464c21aae34a7a8db9dac66b26ccf6aaff3cc69e8242",
                "ed2f5e370247b76d596fdbb2d2d5d4a144a06dc9f1c9dae2a4017e170775baba",
                "16b6783494a00577eb270bc5e37252998bfa80dc0811a46513be8822fbb78296",
                "0e110a12715b7ab7230e5c6d5cbcd295c20822b8853d8f8994c5b210c071b56c",
                "e6db5a69d8ffac729ffe76088f972e5175892e7062cf12d09d2b1b8980dfc087",
                "9a097511b650aa29a2cb42803722d8adbc028c1d8c0d108f94c2f85b05e8bc52",
                "27415fc2b10a88ba1dcc879aae886c364904938fe12e67ccab3b34194766ceb0",
                "542ba929f3bf6fac9f5b5a15b3ae34bd07b0c60e353314abf07e288b49dea483",
                "ea3495e9d5b42c0971daaeeb523fb0197471b7dad78c389b7cc8e6d5c3e5ba7b"
            ],
            "type": "Script",
            "firstPartyCookies": {},
            "firstPartyCookiesSent": {},