{
    "domain": "hyros.com",
    "owner": {},
    "source": [
        "DuckDuckGo-CA"
    ],
    "prevalence": 0.000704,
    "sites": 7,
    "subdomains": [
        "178194.tracking",
        "180946.tracking",
        "180283.tracking",
        "179672.tracking",
        "180209.tracking",
        "177707.tracking",
        "174571.tracking"
    ],
    "cnames": [],
    "fingerprinting": 1,
    "resources": [
        {
            "rule": "hyros\\.com\\/v1\\/lst\\/universal-script",
            "cookies": 0,
            "fingerprinting": 1,
            "subdomains": [
                "178194.tracking",
                "180946.tracking",
                "180283.tracking",
                "179672.tracking",
                "180209.tracking",
                "177707.tracking",
                "174571.tracking"
            ],
            "apis": {
                "Navigator.prototype.userAgent": 3
            },
            "sites": 7,
            "prevalence": 0.000704,
            "cnames": [],
            "responseHashes": [
                "6e763304b34fd4b627f3006667ef13ece3bed2d0edbd3a04b75274ff14cb77cd",
                "e3b0c44298fc1c149afbf4c8996fb92427ae41e4649b934ca495991b7852b855",
                "951d3f1de5c55d400667051c904111fb4a40aa3a971790d27b1ea056c78f61ca",
                "b74ed6b43e4e562e1134ebbfac743db6fdb74aa0e01e211113e4bc16b7c59499",
                "077030e4abb49a3a57506b8d6adb569c40c82957e076ae9b8f0d302bba3eb6b8"
            ],
            "type": "Script",
            "firstPartyCookies": {},
            "firstPartyCookiesSent": {},
            "exampleSites": [
                "paleohacks.com",
                "iheartdogs.com",
                "www.mamanatural.com",
                "www.popeyescanada.com",
                "www.visaplace.com",
                "www.wickedweasel.com",
                "yurielkaim.com"
            ]
        },
        {
            "rule": "hyros\\.com\\/v1\\/lst\\/gusid",
            "cookies": 0.000402,
            "fingerprinting": 0,
            "subdomains": [
                "180946.tracking",
                "179672.tracking",
                "180209.tracking",
                "174571.tracking"
            ],
            "apis": {},
            "sites": 4,
            "prevalence": 0.000402,
            "cnames": [],
            "responseHashes": [
                "e3b0c44298fc1c149afbf4c8996fb92427ae41e4649b934ca495991b7852b855"
            ],
            "type": "XHR",
            "firstPartyCookies": {},
            "firstPartyCookiesSent": {},
            "exampleSites": [
                "iheartdogs.com",
                "www.popeyescanada.com",
                "www.visaplace.com",
                "yurielkaim.com"
            ]
        },
        {
            "rule": "hyros\\.com\\/v1\\/lst\\/gusid",
            "cookies": 0,
            "fingerprinting": 0,
            "subdomains": [
                "180946.tracking",
                "179672.tracking",
                "180209.tracking",
                "174571.tracking"
            ],
            "apis": {},
            "sites": 4,
            "prevalence": 0.000402,
            "cnames": [],
            "responseHashes": [],
            "type": "Preflight",
            "firstPartyCookies": {},
            "firstPartyCookiesSent": {},
            "exampleSites": [
                "iheartdogs.com",
                "www.popeyescanada.com",
                "www.visaplace.com",
                "yurielkaim.com"
            ]
        },
        {
            "rule": "hyros\\.com\\/v1\\/lst\\/pc",
            "cookies": 0,
            "fingerprinting": 0,
            "subdomains": [
                "180946.tracking",
                "179672.tracking",
                "180209.tracking",
                "174571.tracking"
            ],
            "apis": {},
            "sites": 4,
            "prevalence": 0.000402,
            "cnames": [],
            "responseHashes": [
                "7547ff510d32aa4204449843a493ea5c528575a3e9b05b83908b6dd1eff6156b",
                "5dabc0dccb0cf33fc8bbaf1866ee4d073cc25192a378661f33d0b8a1d6268cae",
                "9a076c56dea26cc6c62e76a637a09f5b9d0500a983129c1dc09f2e278ee90efa"
            ],
            "type": "XHR",
            "firstPartyCookies": {},
            "firstPartyCookiesSent": {},
            "exampleSites": [
                "iheartdogs.com",
                "www.popeyescanada.com",
                "www.visaplace.com",
                "yurielkaim.com"
            ]
        },
        {
            "rule": "hyros\\.com\\/v1\\/lst\\/pc",
            "cookies": 0,
            "fingerprinting": 0,
            "subdomains": [
                "180946.tracking",
                "179672.tracking",
                "180209.tracking",
                "174571.tracking"
            ],
            "apis": {},
            "sites": 4,
            "prevalence": 0.000402,
            "cnames": [],
            "responseHashes": [],
            "type": "Preflight",
            "firstPartyCookies": {},
            "firstPartyCookiesSent": {},
            "exampleSites": [
                "iheartdogs.com",
                "www.popeyescanada.com",
                "www.visaplace.com",
                "yurielkaim.com"
            ]
        }
    ],
    "categories": [],
    "performance": {},
    "cookies": 0.000402,
    "types": {
        "Script": 7,
        "XHR": 8,
        "Preflight": 8
    },
    "nameservers": [
        "ns-574.awsdns-07.net",
        "ns-495.awsdns-61.com",
        "ns-1687.awsdns-18.co.uk",
        "ns-1173.awsdns-18.org"
    ]
}