{
    "domain": "ipp-meredith.com",
    "owner": {},
    "source": [
        "DuckDuckGo-CA"
    ],
    "prevalence": 0.00181,
    "sites": 18,
    "subdomains": [
        "cookie-stream"
    ],
    "cnames": [],
    "fingerprinting": 1,
    "resources": [
        {
            "rule": "ipp-meredith\\.com\\/v1\\/s",
            "cookies": 0.00181,
            "fingerprinting": 1,
            "subdomains": [
                "cookie-stream"
            ],
            "apis": {
                "window.localStorage": 18,
                "Document.cookie setter": 18
            },
            "sites": 18,
            "prevalence": 0.00181,
            "cnames": [],
            "responseHashes": [
                "50cbcca797f106e82dedfed5b111b651661c36c29f13cb9354177827bab95076",
                "b85ab87a2db388002dcb79f1d633662d06d7e33e6a56b3fc78cfa55b0de9dfd5",
                "3160dcecfe6321d208c3b427749e1aee6a01ceecf297a78bba3131ffb760352c",
                "be2a69842b6778c739a41190a13fecab917aafa2d8dca93af1978480a17134d6",
                "45e92d5cef0bdedb3b914825c4528373b81ba152a6e7478075fc54167f19339b",
                "0d344f93aa46b9f7fc61dcc9f775711f41e895a5fcd9e6c5745f7875df8e337d",
                "2948aa4e9c8c0c9abee8f7bf5f0700369a40f4c460df9a55d47c492ee7157afd",
                "04de8f28697846b675ffe9675ac5a06e32a2adac1b39c3f4ff3bf8a155426274",
                "bd084cb849b1a0f2dbe1975aa600f41847fbfef6826a1938051e5efbd5fe7456",
                "f1f62e5e2ed6ea001bba3153e2fc0b85b86f069935bb94dd42332a0e420ace26",
                "eed252f79f8d370152b7571a2018fd48145b13a41b7a5bae7862d44529af989c",
                "8f1aa3a407941b41818bf56b9ae33ddee511363fe4ae474c713ca8727c35ed15",
                "b33c335b336b50501e5a5cc224c2b98c8e5b63f945145b4817f22d98bfcff08b",
                "8b12ff3b4701bcf9e1e10d1642e1452b9e3a5285c7e1884cad34c2e334c0e801",
                "e3cc1ac99669855c1fcbf43de8c0948c4d9aac14a11e42d2a382738dc3491c65",
                "d614750cb9728cdf334380acb0ec2286f723510ab8d031c65ee419b8d1d629db",
                "7e4f8b99c534ec09e7c21cc537be211445ba2c90352882ab218535558514b285"
            ],
            "type": "Script",
            "firstPartyCookies": {
                "globalTI_SID": {
                    "ttl": 157680004,
                    "length": 36,
                    "prevalence": 0.001807410382568531,
                    "uniqueness": 1
                }
            },
            "firstPartyCookiesSent": {
                "ajs_anonymous_id": 0.0017069986946480571,
                "OptanonConsent": 0.0017069986946480571,
                "globalTI_SID": 0.0032131740134551663,
                "_pnxd": 0.0014057636308866352,
                "_gcl_au": 0.0015061753188071092,
                "muuid_link": 0.0013053519429661613,
                "muuid_session": 0.0013053519429661613,
                "muuid_date": 0.0012049402550456873,
                "first_request_id": 0.0012049402550456873,
                "muuid_channel": 0.0013053519429661613,
                "muuid_current_channel": 0.0013053519429661613,
                "_pbjs_userid_consent_data": 0.0003012350637614218,
                "OB-USER-TOKEN": 0.00010041168792047395,
                "_li_dcdm_c": 0.0014057636308866352,
                "muuid_origin": 0.00010041168792047395,
                "_ga": 0.0002008233758409479,
                "_gid": 0.0002008233758409479
            },
            "exampleSites": [
                "ew.com",
                "hellogiggles.com",
                "people.com",
                "www.allrecipes.com",
                "www.bhg.com",
                "www.cookinglight.com",
                "www.eatingwell.com",
                "www.foodandwine.com",
                "www.health.com",
                "www.instyle.com",
                "www.marthastewart.com",
                "www.myrecipes.com",
                "www.parents.com",
                "www.realsimple.com",
                "www.shape.com",
                "www.southernliving.com",
                "www.travelandleisure.com",
                "www.woodmagazine.com"
            ]
        }
    ],
    "categories": [],
    "performance": {},
    "cookies": 0.00181,
    "types": {
        "Script": 18
    },
    "nameservers": [
        "ns-452.awsdns-56.com",
        "ns-1005.awsdns-61.net",
        "ns-1629.awsdns-11.co.uk",
        "ns-1235.awsdns-26.org"
    ]
}