{
    "domain": "iris.tv",
    "owner": {},
    "source": [
        "DuckDuckGo-CA"
    ],
    "prevalence": 0.000904,
    "sites": 9,
    "subdomains": [
        "context"
    ],
    "cnames": [],
    "fingerprinting": 0,
    "resources": [
        {
            "rule": "iris\\.tv\\/video_info",
            "cookies": 0,
            "fingerprinting": 0,
            "subdomains": [
                "context"
            ],
            "apis": {},
            "sites": 9,
            "prevalence": 0.000904,
            "cnames": [],
            "responseHashes": [
                "240f654bd3d1b6e310f1c566844ce2c15c52012ea93817438331e082b697689c",
                "9a604ff01c4af8865155a0eaf0ae6d3b00a07771f7f94b3623b4a73c7cee144c",
                "9d98a1afd2502d075ca8d5b1cd2461a5ccbd3119e3b53f406a0b5a8da4b10745",
                "eb60355e77db01a20739788305ae0d495e66f2b99a185b87bf0eb2f34c3d4150",
                "f18d68563a4dc87a9450ca1b622805b66aaf733acadc4b5a44f57e7742193e4e",
                "e165801b1824b2542500145931a343888215499bdf8537414c53f6fc7f7efe23",
                "6dba70d3b0e223811001b159a2281aa6749c4bb95db84cf4e7c6d70c0a2af916",
                "b97485ba450274a02d9a50731e105653d30fe9392a7c6a0ed2163211477d8526"
            ],
            "type": "XHR",
            "firstPartyCookies": {},
            "firstPartyCookiesSent": {},
            "exampleSites": [
                "besthealthmag.ca",
                "www.besthealthmag.ca",
                "www.familyhandyman.com",
                "www.rd.com",
                "www.readersdigest.ca",
                "www.selection.ca",
                "www.tasteofhome.com",
                "www.thehealthy.com",
                "www.usmagazine.com"
            ]
        }
    ],
    "categories": [],
    "performance": {},
    "cookies": 0,
    "types": {
        "XHR": 9
    },
    "nameservers": [
        "ns-717.awsdns-25.net",
        "ns-305.awsdns-38.com",
        "ns-1596.awsdns-07.co.uk",
        "ns-1531.awsdns-63.org"
    ]
}