{
    "domain": "jscrambler.com",
    "owner": {},
    "source": [
        "DuckDuckGo-CA"
    ],
    "prevalence": 0.000502,
    "sites": 5,
    "subdomains": [
        "ele26126"
    ],
    "cnames": [],
    "fingerprinting": 1,
    "resources": [
        {
            "rule": "jscrambler\\.com\\/cc\\/1588655105\\.js",
            "cookies": 0.000502,
            "fingerprinting": 1,
            "subdomains": [
                "ele26126"
            ],
            "apis": {
                "window.localStorage": 5,
                "window.sessionStorage": 5,
                "Document.cookie getter": 5,
                "Document.cookie setter": 5
            },
            "sites": 5,
            "prevalence": 0.000502,
            "cnames": [],
            "responseHashes": [
                "ce2572cd10d3838cc64209cf5c8c616bc230e794dc389fb6321d2fe8ea05a663"
            ],
            "type": "Script",
            "firstPartyCookies": {
                "RES_TRACKINGID": {
                    "ttl": 34164006,
                    "length": 17,
                    "prevalence": 0.00040180813661476645,
                    "uniqueness": 1
                },
                "s_ghn": {
                    "ttl": 1805,
                    "length": 1,
                    "prevalence": 0.00030135610246107485,
                    "uniqueness": 0.3333333333333333
                },
                "s_gpn": {
                    "ttl": 1805,
                    "length": 1,
                    "prevalence": 0.00030135610246107485,
                    "uniqueness": 0.3333333333333333
                },
                "_uetsid": {
                    "ttl": 86405,
                    "length": 32,
                    "prevalence": 0.0005022601707684581,
                    "uniqueness": 1
                },
                "_uetvid": {
                    "ttl": 33696005,
                    "length": 32,
                    "prevalence": 0.0005022601707684581,
                    "uniqueness": 1
                },
                "_br_uid_2": {
                    "ttl": 3153600005,
                    "length": 60,
                    "prevalence": 0.0005022601707684581,
                    "uniqueness": 1
                },
                "_scid": {
                    "ttl": 34186704,
                    "length": 36,
                    "prevalence": 0.00040180813661476645,
                    "uniqueness": 1
                },
                "_gcl_au": {
                    "ttl": 7776006,
                    "length": 24,
                    "prevalence": 0.0005022601707684581,
                    "uniqueness": 1
                },
                "_fbp": {
                    "ttl": 7776006,
                    "length": 29,
                    "prevalence": 0.0005022601707684581,
                    "uniqueness": 1
                },
                "fs_uid": {
                    "ttl": 31536005,
                    "length": 68,
                    "prevalence": 0.0005022601707684581,
                    "uniqueness": 1
                },
                "mp_gapinc_mixpanel": {
                    "ttl": 31536006,
                    "length": 139,
                    "prevalence": 0.00030135610246107485,
                    "uniqueness": 1
                },
                "_pin_unauth": {
                    "ttl": 31536007,
                    "length": 70,
                    "prevalence": 0.00030135610246107485,
                    "uniqueness": 1
                },
                "cd_user_id": {
                    "ttl": 31536007,
                    "length": 59,
                    "prevalence": 0.0005022601707684581,
                    "uniqueness": 1
                },
                "_sctr": {
                    "ttl": 34186716,
                    "length": 15,
                    "prevalence": 0.00040180813661476645,
                    "uniqueness": 0.25
                },
                "RES_SESSIONID": {
                    "ttl": 1807,
                    "length": 14,
                    "prevalence": 0.00020090406830738323,
                    "uniqueness": 1
                },
                "ResonanceSegment": {
                    "ttl": 5184007,
                    "length": 1,
                    "prevalence": 0.00020090406830738323,
                    "uniqueness": 0.5
                },
                "mp_gapinc_ca_mixpanel": {
                    "ttl": 31536008,
                    "length": 140,
                    "prevalence": 0.00020090406830738323,
                    "uniqueness": 1
                },
                "_attn_": {
                    "ttl": 315360007,
                    "length": 163,
                    "prevalence": 0.00010045203415369161,
                    "uniqueness": 1
                },
                "__attentive_id": {
                    "ttl": 1892160000,
                    "length": 32,
                    "prevalence": 0.00010045203415369161,
                    "uniqueness": 1
                },
                "__attentive_cco": {
                    "ttl": 1892160000,
                    "length": 13,
                    "prevalence": 0.00010045203415369161,
                    "uniqueness": 1
                },
                "__attentive_pv": {
                    "ttl": 108007,
                    "length": 1,
                    "prevalence": 0.00010045203415369161,
                    "uniqueness": 1
                },
                "__attentive_dv": {
                    "ttl": 86412,
                    "length": 1,
                    "prevalence": 0.00010045203415369161,
                    "uniqueness": 1
                }
            },
            "firstPartyCookiesSent": {},
            "exampleSites": [
                "gap.com",
                "oldnavy.gap.com",
                "oldnavy.gapcanada.ca",
                "www.gap.com",
                "www.gapcanada.ca"
            ]
        }
    ],
    "categories": [],
    "performance": {},
    "cookies": 0.000502,
    "types": {
        "Script": 5
    },
    "nameservers": [
        "barbara.ns.cloudflare.com",
        "algin.ns.cloudflare.com"
    ]
}