{
    "domain": "mantisadnetwork.com",
    "owner": {},
    "source": [
        "DuckDuckGo-CA"
    ],
    "prevalence": 0.00463,
    "sites": 46,
    "subdomains": [
        "mantodea",
        "ecs",
        "assets",
        "resizer"
    ],
    "cnames": [],
    "fingerprinting": 1,
    "resources": [
        {
            "rule": "mantisadnetwork\\.com\\/prebid\\/display",
            "cookies": 0.00402,
            "fingerprinting": 0,
            "subdomains": [
                "mantodea"
            ],
            "apis": {},
            "sites": 42,
            "prevalence": 0.00422,
            "cnames": [],
            "responseHashes": [
                "8acd146eaeba6c217b6973e6815258f4eb777965793d474a62675f309f0c1748",
                "e048025acc7c9b2021cbf47a5124fbc60b6c55559d833776ee9b163c3a78b92b",
                "7e34fc2345b70700690124b188ce314cad725842a78065bd782db91e5d132e59",
                "3f9ffe20de6eb612a8229d662e1ccc01914ee897f46302b3c3141fde4de26979",
                "5352720a5ffb778e42dbb1d4b81c975c02018dd660e1fe9c430cbf13dba78762",
                "90ce53ff86da77ced7cfe2522426a765ea3a2efae72450a44877a06206c13b58",
                "c1b9073a3f23ddac291d00d20b3e4e4f1417f8f1b546f734ce860c2d395d888e",
                "bdd700b575e10869ea3f85385636f733d69bd8f422d073ee3ff4d32ed17d4b0e",
                "cd3ef6a64661821e2e9d2afebaa424862f8cd5970b43821ed3f84c826ce2ccfb",
                "c21a9dc8c251a7b9c3072fa8ca114da3dd9fd3e3b7f990ef8835da950446c28c",
                "22276c90676956388df47172d79cfec00b09800a7490dc9d29296e301ec4752e",
                "c058a84174807b9b0f59906550bec92734e3dc59370317c9f59c84382558607f",
                "b03063803c5d75528c9351272bfe14fc3afaaab1f638089aad4660831c03016b",
                "f8e731528c5409e649f2116433ca80377ab0f946e66e96d6e7655e5d03b055b2",
                "f9fc5ec2952f6e64985cbd285c38ff13ed1d157d53efe46425bbbebfa4d54c01",
                "6e03ac356eb74342bdf52ef3dcf3882335e10d14da0894237a8a724f4852f16f",
                "b29f362adac3708856c69ac275648a2650899ea8f476bbf4310cb0e31f5e188a",
                "a4b0507f85fc1a9c4279695397199f8944565095b3e051da77c6903868176c9f",
                "e18a69068e87fc1482091d0d04f9fa307e10f0abaae6c6d084d8c1835182f9d8",
                "b51cfe4a52f0ae4cc70622152e4cc825ed763c89dc28aa531b216e351844e6ed",
                "19df53e6593d6785d446324683e68c09bc744d9d9b940bd6604fa4b03c29bce6",
                "06bfddca65b49fc0618c31128034eee02009bb1bad4267343ddbb6518acc1bc1",
                "c793c2622036b008f8f634772f598f5806bc6ed151ffd849221d138ef6d8660d",
                "dfd2d69abc7e896d721e6e15a04244cc38a5585d070b4c9dd6952cd4a8047927",
                "e560b950e089ba190626033fa10dadb925d664cc2c6288abf6c2ee0434bdf083",
                "b4dda0a0694e31b2e1f53a9d7c8eb2d842d8f142366daa205afcc578a4d58077",
                "253f5036eabbc5e29d2874b2c32013f9d00b26a734c5d42f791ee51c9722352c",
                "75dd581fdf037a75ad7d10a1e5628cf04f3e181f4c8f3da8e2bbabdb7f89d1ff",
                "967b70e9ed93e86e5d6702d1c6953bdb00377c2c5912d97c9ce43e01eee38f5c",
                "b9ccf55024441dc017f5f49d588ab8624039207f78454d5352e875cd17213b9f",
                "9b069049ab09415246b13857d88e3750a21a419bfbffaac35c8228b730affcb5",
                "1ff1b75bd1fbe24910024fbd5d3908450be62208bf1aebf247e7a8f33025c85e",
                "c70f96ac382ffbcc7d0f43036a7a0c857a7ecf35a450a9ed51ad19c063a8f37b",
                "1563e2317e50e64bb1faeb25f3ca798136e0d144f4eb555c55df6805f9eb4dec",
                "f484b3afc85737cc690dfdec2bf9e7ee7dd407f4d9f5379484168e8a59822129",
                "de5566a62829569f2afe331a282c8bffee9329b5516276412af82215df1be95e",
                "f7ac54fd7440479022b549cc2f4c48121658e31a1b6ec0dddbf95af793e6f721",
                "c6bfaaea5b992d58bf363c53ee3e80f9eba00fa6db0d1682c2ad81d829884a7e",
                "504ed57c7702bbb45510f0b0d1f9553465bc4866bb59727829934ae516bff6ee",
                "d685244dfdac683fcd01085dd6e5345337fe33474a22b317fa05325a283c208e"
            ],
            "type": "XHR",
            "firstPartyCookies": {},
            "firstPartyCookiesSent": {},
            "exampleSites": [
                "forum.xda-developers.com",
                "uproxx.com",
                "www.bjpenn.com",
                "www.xda-developers.com",
                "www.thingiverse.com",
                "www.goalcast.com",
                "www.songfacts.com",
                "www.speedcheck.org",
                "goldprice.org",
                "www.accuradio.com",
                "nextshark.com",
                "www.thewrap.com",
                "androidforums.com",
                "www.rotowire.com",
                "www.thefantasyfootballers.com",
                "www.elyrics.net",
                "pokemon.gameinfo.io",
                "camelcamelcamel.com",
                "www.dimensions.com",
                "digg.com"
            ]
        },
        {
            "rule": "mantisadnetwork\\.com\\/prebid\\/iframe",
            "cookies": 0,
            "fingerprinting": 0,
            "subdomains": [
                "mantodea"
            ],
            "apis": {},
            "sites": 41,
            "prevalence": 0.00412,
            "cnames": [],
            "responseHashes": [
                "61ba14a3181867665a57c4741dafe31646699349816ef0c836e58b8df48be925",
                "7903dca03459ab6ba335c1ced2ba1e9aa327ed4af356ab8fa828217e996ad282",
                "1854f8936d7b5dd468b1e0b1f29ebf65d3e01ac79d3aa43baebceed67693356b",
                "8d535ce07d38b77202e79241a9085878136c0a92337e0f0821f77ddf44001c9d",
                "d139d069bfab669dd0675a893bcb2c16601564e2a9b6544593581031e6b3e7b0",
                "7cf9f6dfac2bf53aad82a684f600fd51f6d454a762f81eb700afe0656019d725",
                "df0c7e1aae6ba7a31048f48c0be950e220d4bfedef977ec4b6cab4fb8de2d55a",
                "af6f207c5d2e0aae440ee2fef40b03c51a60ee683c1916f42eb16b6cd5b2580e",
                "956a56529a0543c93f214295ec0bfeaef68d89bb0613020ee59d0198ddbab204",
                "5610e5efbc4eff24e56860202891ba2c1c91a412a452f4d62b885909228669d6",
                "450e8b9a7e39c346850dd9b78ace5063ce829e2df14b7eb91e6b2a03ae5aaa77",
                "6ceb231a4b3ad6ec18f36b9c2c905c9ebcbd07eef334bd5ad0f88abc0879ef24",
                "945bd2dba4ed689dd9ec998b4c5156d5585caf912c0facf3ebef49dc6e2ef1a9",
                "824c894ce6ccd8f5ac3551db44c6279447b2e5d01b4a3aea5e0415de9d3c4a2f",
                "a05f157cd191f95a1ddbb62a231ebbaed95218572e60d3155f7f8dc669bd97b0",
                "af046795a8c0a0df5745aff9b7099690a00954d61e6813394a75bc6c723b8aa0",
                "66306c8f3c17ea129777ad113cef2609d6e02d826d12925f178b93626a954b12",
                "ac887663adde1f050e939bc71d4bc5a70431e399c3e1a2a002c758e464dbf5f5",
                "7af52437520ada5f8159c26630af29fe6541a654a6045616044961cd04525314",
                "6aa08bd0e81d662acb086f3a937d92be51b01f173d8a60362f5aadf72760e1f1",
                "235eaad4f8eeca2f15208a130bcb3b407f24210f1f6785d5726ae4dd3e68711a",
                "e81d2efcae6d96c99147a8d732ab5b3dfc1ff39d28551aba6663066b968b1b5f",
                "8510400135bc3121532d0b0c33a8aa166542fced9a219b2788b42a451820d568",
                "cca0bf05167980fde550e4395ea85c1a4b8979fd4edddc18f9aa7cad499d36b6",
                "46aa86a466bf81a9bf5bab25e61be507b91681613805771b6ef65041b457ef00",
                "a5f1d683ca462cca7e63a30ba745450f10f0b7e0946251d08ddb9252f935547c",
                "840a708c004837c968b3e05e7c7039f64e2469b4ad0e3e749673441db98f1d02",
                "4e835851864832d5e8694a16b1749b2f9f2950fb27dde33228df2bb0c65bd58e",
                "c18bc02971de77b88da7238bf991791ec1a6e511b56faadf08a80a7e96cba70b",
                "c3ad4901fed126a1c89fe334c8336783e6e6eb58825898e28472e22ab10d27b6"
            ],
            "type": "Document",
            "firstPartyCookies": {},
            "firstPartyCookiesSent": {},