{
    "domain": "nativewpsh.com",
    "owner": {},
    "source": [
        "DuckDuckGo-CA"
    ],
    "prevalence": 0.00122,
    "sites": 12,
    "subdomains": [],
    "cnames": [],
    "fingerprinting": 0,
    "resources": [
        {
            "rule": "nativewpsh\\.com\\/in\\/multy",
            "cookies": 0,
            "fingerprinting": 0,
            "subdomains": [],
            "apis": {},
            "sites": 12,
            "prevalence": 0.00122,
            "cnames": [],
            "responseHashes": [
                "cd721d43fa0a25e98d0b808119ebe4cd0b4d5db81012504a9daff33f71f7fbef",
                "e55b6726743d5b6391a3148dc9f2821c446673dc5f30dc92a5df9284e22471e7",
                "a73c0fd02e5f83ef89de548e329da69624cf90a022df8fba5ba9cad42f803881",
                "2cdc2adbf83b057fa54b7c4ba792751c79b7abbc6a834e8a6e7e80c16f1134b2",
                "9ae2d93410ca24e1e6203116be8962f0b383ed367ee39cb66b8b6edd449dbf29",
                "91137e589c3a94849cd7771f58f5914807d9fb1ff3489f8e4c5f9a9fc6f11be3",
                "e64579e986d1c54b1d9fa5f5fe974022a1a7c467150e888a04f977bae29bec30",
                "0d34ea87b6ffc615d6d77662d41f491c8df5021da48b398a1f55d51590d159be",
                "42fe8e691af3a4588c93bfb5a09f52bdf50839329576e6f0c3ddfe27b1a5f1d5",
                "94e6a2cb1328812b986c1129d7b8cf6bd81ed2c74fc009b4fa8668605a1fa2f9",
                "1f82e781e2f97b6dc21a7258b0525f290bf49f4c883e1ef3c8317c0bd4f9da5d"
            ],
            "type": "XHR",
            "firstPartyCookies": {},
            "firstPartyCookiesSent": {},
            "exampleSites": [
                "hclips.com",
                "hdzog.com",
                "javsubindo.com",
                "javsubindo.net",
                "m.sss.xxx",
                "myhdjav.me",
                "nekopoi.care",
                "sss.xxx",
                "tubepornclassic.com",
                "txxx.com",
                "www.youngtube.ml"
            ]
        },
        {
            "rule": "nativewpsh\\.com\\/in\\/show\\/",
            "cookies": 0,
            "fingerprinting": 0,
            "subdomains": [],
            "apis": {},
            "sites": 5,
            "prevalence": 0.000507,
            "cnames": [],
            "responseHashes": [
                "e3b0c44298fc1c149afbf4c8996fb92427ae41e4649b934ca495991b7852b855"
            ],
            "type": "Image",
            "firstPartyCookies": {},
            "firstPartyCookiesSent": {},
            "exampleSites": [
                "hclips.com",
                "hdzog.com",
                "sss.xxx",
                "tubepornclassic.com",
                "txxx.com"
            ]
        }
    ],
    "categories": [],
    "performance": {},
    "cookies": 0,
    "types": {
        "XHR": 12,
        "Image": 5
    },
    "nameservers": [
        "ns1.digitalocean.com",
        "ns2.digitalocean.com",
        "ns3.digitalocean.com"
    ]
}