{
    "domain": "p-n.io",
    "owner": {
        "name": "Pushly",
        "displayName": "Pushly"
    },
    "source": [
        "DuckDuckGo-CA"
    ],
    "prevalence": 0.00391,
    "sites": 38,
    "subdomains": [
        "cdn",
        "k"
    ],
    "cnames": [],
    "fingerprinting": 2,
    "resources": [
        {
            "rule": "p-n\\.io\\/pushly-sdk\\.min\\.js",
            "cookies": 0.00268,
            "fingerprinting": 2,
            "subdomains": [
                "cdn"
            ],
            "apis": {
                "Navigator.prototype.plugins": 30,
                "window.sessionStorage": 31,
                "Navigator.prototype.cookieEnabled": 28,
                "Navigator.prototype.userAgent": 27,
                "Navigator.prototype.appVersion": 26,
                "Navigator.prototype.appCodeName": 26,
                "Navigator.prototype.product": 26,
                "Navigator.prototype.platform": 26,
                "Document.cookie getter": 26,
                "Document.cookie setter": 26,
                "Date.prototype.getTime": 27,
                "Notification.permission": 25,
                "Navigator.prototype.permissions": 24
            },
            "sites": 38,
            "prevalence": 0.00391,
            "cnames": [],
            "responseHashes": [
                "e71fa2ea52e8caaa15a80b4f4ad1101fbb676ad1f37296d450f229f16cc57feb",
                "6abba5d316b09b64cc7b354b4c2fcf0a8fa49d8b4e8778bb93e44c493a9af7e0",
                "52ccf86c0595e5e3f02e89edba5a1715ea11fd63f61454bedf291abf9f3de276",
                "5adf334385a3ee86437fb17434c6e64035f41b7e3c08f6838c844790bb62c795",
                "dcf9e926a01150beb2a39f226bcbfb4c793ff6d67cb89cfab9014fdcc0579240",
                "61134f0f52a14a6244d3a69b54e944f66216478a3a2680ec64423a9dc78fdfd4",
                "0aaccef251fbf0d5920e7d439bdbc8b31a4bb8ef33719e83a45fd9829f81c550",
                "bcfe1f12b1036cbc5512ce63fd4b4b4a9836d94d4d58df584f24e52b723000ff",
                "df68557ef98a68cabdb2e0319a47a228b350759a489280ab6dadd489def76bb1",
                "d21be055e59aa24ceeaf7a9925c6afa8dac0f45da90660f3eed529bd35483262",
                "4b8942742f8cbc62c86ffa258efbd98ff21d0b4af389baa67b0dcb920fd190d4",
                "c4c52e20c3862834880504031d920a766e1632ce9968a624493dcffcd53b75cc",
                "64267346cd5c957f7ff11fe28bb369c40e18dc32632baa8c928a406026ce2bff",
                "af61ddb76cc9ff80b89bf6b75abb363a69dce8b06fcc09c884ea93983e778686",
                "9c04e870a7cf76417b7e46e39151b696285ee7849b3873d54673728468a77326",
                "6d86a6412796609038045a5c8155915ae8fbd140f2cdf8a663b5fda4cc40bcbb",
                "48a7a7a29b5003b821ccc40c24d4b33ad57f788e1ad8843948bd46bcbbf5db6b",
                "88de4fb5c485369525ffcb65a91b25cb9cabaf62e99b3e4c661f89c7d7a802b0",
                "8b3fd87cc377f9968988e57678ca553d071e09a25aaef1ec8f967b3dd204b0f9",
                "bbe027a89a70dc43ae77a907dab609e2acfef502a875742a0caf471b08918c2e",
                "0724e89e94ae306507ba21a6d86091c4c6ed9d25e4182f36e77690b8193e7fc1",
                "88bb5184a2302115c86cb5df124c055a761c530b77efce9890d506fb089b47cc",
                "4d2c9c3f5207e6898c18dbd4dbdd8128a8ebfcc4cb4428371b8b8f2c5f49c8be",
                "03a458a95963fc1933f38e848a68506c803549f7a6dc339d92e855bab883ff1f",
                "89422e2853cbf57ead753ad08483fdb034d85253c47e5f72931b602ab5e809aa",
                "ece657859fc427f6747b98452136d9e893711226961e037e36fc19e19d45f194",
                "e5083885b09dd5e2c26bbd82270d3f76640c866e6843dff6ea275cc9fe931148",
                "7b508ab27d4feb2bfac0b911c355ef117e384914c2bdc36f8c5e1d3e60d6bd2e",
                "12bee24540120a630258bf8dcae4afd1a9274196d103ee40ee5245f87646d10d",
                "ed4f428c8f1596fc6c4c4e1b7816e573b76cf2d77b5091cf6624eb02c0d0ac0a",
                "afb3a4ee9157e56b4d68d40947ffb28d2383a706a99a677b2bf6f7ab073cb4f5",
                "ad0917f09f1bc885735f05d5236a4ec872abfd685d4e9a64d42a01c534a94917",
                "def59a7c6ad8933be1070bb3d0051be1c566833974bbba0e2f7b16905ae5cc52"
            ],
            "type": "Script",
            "firstPartyCookies": {
                "_pnvl": {
                    "ttl": 863913621,
                    "length": 5,
                    "prevalence": 0.002574930476877124,
                    "uniqueness": 0.04
                },
                "pushly.user_puuid": {
                    "ttl": 863913627,
                    "length": 32,
                    "prevalence": 0.002574930476877124,
                    "uniqueness": 1
                },
                "_pnxd": {
                    "ttl": -86373,
                    "length": 6,
                    "prevalence": 0.002574930476877124,
                    "uniqueness": 0.12
                },
                "_pnss": {
                    "ttl": 863913627,
                    "length": 7,
                    "prevalence": 0.002471933257802039,
                    "uniqueness": 0.041666666666666664
                },
                "_pnlspid": {
                    "ttl": -86373,
                    "length": 4,
                    "prevalence": 0.002471933257802039,
                    "uniqueness": 0.041666666666666664
                },
                "_pntx": {
                    "ttl": -86373,
                    "length": 4,
                    "prevalence": 0.002471933257802039,
                    "uniqueness": 0.041666666666666664
                },
                "_sw_tld_check": {
                    "ttl": null,
                    "length": 6,
                    "prevalence": 0.00010299721907508497,
                    "uniqueness": 1
                }
            },
            "firstPartyCookiesSent": {},
            "exampleSites": [
                "hollywoodlife.com",
                "nypost.com",
                "www.accuweather.com",
                "www.digitaltrends.com",
                "www.forbes.com",
                "www.tasteofhome.com",
                "www.thesun.co.uk",
                "www.shape.com",
                "www.foodandwine.com",
                "ew.com",
                "www.bhg.com",
                "www.thedailybeast.com",
                "www.worldhistory.org",
                "www.insidermonkey.com",
                "www.petplace.com",
                "religionnews.com",
                "www.thesun.ie",
                "golf.com",
                "www.eatingwell.com",
                "www.astrology.com"
            ]
        },
        {
            "rule": "p-n\\.io\\/pushly-sdk\\.min\\.css",
            "cookies": 0,
            "fingerprinting": 0,
            "subdomains": [
                "cdn"
            ],
            "apis": {},
            "sites": 17,
            "prevalence": 0.00175,
            "cnames": [],
            "responseHashes": [
                "501b84d7db37a158e0313efd545c334fc75d82750e1248fa383321c67728b1ce"
            ],
            "type": "Stylesheet",
            "firstPartyCookies": {},
            "firstPartyCookiesSent": {},
            "exampleSites": [
                "golf.com",
                "hollywoodlife.com",
                "investorplace.com",
                "nypost.com",
                "pagesix.com",
                "religionnews.com",
                "www.cookinglight.com",
                "www.cuteness.com",
                "www.insidermonkey.com",
                "www.mercurynews.com",
                "www.parents.com",
                "www.petplace.com",
                "www.tampabay.com",
                "www.thehealthy.com",
                "www.thesun.ie",
                "www.upi.com",
                "www.worldhistory.org"
            ]
        },
        {
            "rule": "p-n\\.io\\/event-stream",
            "cookies": 0,
            "fingerprinting": 0,
            "subdomains": [
                "k"
            ],
            "apis": {},
            "sites": 2,
            "prevalence": 0.000206,