{
    "domain": "p-n.io",
    "owner": {
        "name": "Pushly",
        "displayName": "Pushly"
    },
    "source": [
        "DuckDuckGo-CA"
    ],
    "prevalence": 0.00462,
    "sites": 46,
    "subdomains": [
        "cdn",
        "k"
    ],
    "cnames": [],
    "fingerprinting": 2,
    "resources": [
        {
            "rule": "p-n\\.io\\/pushly-sdk\\.min\\.js",
            "cookies": 0.00362,
            "fingerprinting": 2,
            "subdomains": [
                "cdn"
            ],
            "apis": {
                "Navigator.prototype.plugins": 44,
                "window.sessionStorage": 45,
                "Navigator.prototype.cookieEnabled": 43,
                "Navigator.prototype.userAgent": 43,
                "Navigator.prototype.appVersion": 43,
                "Navigator.prototype.appCodeName": 43,
                "Navigator.prototype.product": 43,
                "Navigator.prototype.platform": 43,
                "Document.cookie getter": 36,
                "Document.cookie setter": 36,
                "Date.prototype.getTime": 43,
                "Notification.permission": 42,
                "Navigator.prototype.permissions": 41,
                "Intl.DateTimeFormat.prototype.resolvedOptions": 1
            },
            "sites": 46,
            "prevalence": 0.00462,
            "cnames": [],
            "responseHashes": [
                "b585502aad68c7e2ea11cd28dd187e2663ca93ea3f8485332de743913ab5c5de",
                "15400993f4d590379d0ac462cae221c2f0d29acce19836d51e8109d6e1fe12af",
                "c652b6907da9e244fe6c68f48505e4640addf3a5b75f6c7acfab34da221b32ac",
                "b8fc2f9f2e7d245b9e79293b258bbf5bb89b57dca898022217fc232956141d2a",
                "f18ed0a9fd60be797e2e8301cdfd45e479fe0601e2bfed74ae46867ecf3cba5b",
                "f2540ff93db7a53af0bd5f62cf877718388a1559d6f7f063043fa1c84a7007c9",
                "70ca8b650d9e8031657ec6f7d55e72c7aedd11b0506c311ccfeaf441c23ce6fd",
                "773f09bcb03d26af1803f99d4eff79dc0d5420a5fcfc46c3513d5665803ba41a",
                "5d143dead0514968d68d3ba4636323f2625a4b2947dbbce5371ade183c9653c4",
                "0e3a6204c787d56f4166e0ca3f62d9a88a9870f1d32d5daa9390b25f2ed1a58e",
                "bb14b27b10460632cc236ed1b945fd51c2115c24764fbe8e39a12afebd89956d",
                "6200e829ec55e96d4fdd64e086ecd1da1fc72c3eeda1770a8cc4d91cb76591ac",
                "bc5a322d26fdee3f0decd4839f0e33470b937e0390706ac713e655576d3bb8e9",
                "3b648de2716f21af413d419abdd0596a775aa51e50468b54e82f843100643fe5",
                "9acc39fd2abb3e012e595c1229d1e5b9941e15b292b9b7554310412b2a6b1db5",
                "b4d69d52c314326aa3e2d287be95fcea282aa7fca1e7426f3a041f3f691ba897",
                "59cdde48b1b3a5050fefc15b0a6766a78bec5b6d06f2c855514c017efbb47125",
                "2df33f9fd9836aff976e73bbeaa47fa5b43624ff193ec6da2c7f3f0529ef0067",
                "db2e6d690602ef8dc4577775dac52de2846a4d6b9aa0446f26029b9ac8dcebfe",
                "439ad82f59ae7edc1a344a88df222cf22772594d614589972cf3a5fdef51bf70",
                "c9b60e7ef2bf8f20174c430320a36a0391a67816a74648eeca891d93745b5b7e",
                "5b7c1c52b6c5af7cd2ce5453e28dab470389eccf7dc3000dd30f3bf9968c39b0",
                "4ea286f1681a0f4aaf60f18ad5823e07cc7ea69888ff299201035c18abd05bed",
                "52fec9b3696951c7de08a070c7290376dd06718a92a45a9c1c9106879a714514",
                "eb517c691b99eb8a046df0b0e27e3d265bf11850cf7837952e5dcd0f364ff8f4",
                "27205530bfce2fd36d593db92c1f6a18f7f724aefbcff74dbb84ab469806469e",
                "dec9c21ae0c8dd7f8f062ef30c0d91e421330f44da3274bf45c0e509d98c11ee",
                "731e4d06504c4af1a784b4f40ba81fdf569dc68afdedfa48f30eb6a07643e5af",
                "ccf164a576bc799a076b7b8f0b20a55b26ba1dcc3b8641a2ce8d4d117895c9b7",
                "54e6d65bb989f7bd0e1abd553fd7c00dd8bdd0748d2b475abe948822fa2206dc",
                "1035f1dc26205ce7b0b680c047ef441fa1ef22ac52018f5f705e890c28376213",
                "208386187463e610ab905bf87b64f7562890abf21b6df5c69ed74b965261c392",
                "3776e99cf2b9e8f99cda175ef8d02962b7a658cbc4ab928a315c4f0740033490",
                "ebe4fc0bec9005c6c236989fcdcdb36d1596c335c8b1f0f442c38b1092b3910c",
                "41b295c0a48b6778c865a1dc2a9212f2b37d823008c23968b0d13b15f2625f1e",
                "6cb01db724033d46fc1ca9aec69f3e553309877dd186dfe91b09bc1cb75ce838",
                "ffa7c80bd8137ce88dbe69392561beb7141a6bbd844826a1ebaf8bd1cb7df78c",
                "5f369186ac9c1758a37c7dd863f7f53ce1275f47c1ae668a1f52d49ded76dc7d",
                "20ebdd42fc32f2591526b49be0d9ccd67aa54c22e902df9f46872d9b094cf34d",
                "dd063fe579e4e40d05e91106e43ba0e6866babb7ed6bf917052b1c87b4125455",
                "941e410f9c7ba4c7c86ee3d1d64e6f65549307fac02e447b6d1a868ba305ace2",
                "262f48db9f516f4ee7308835df4d89282764a603ecf988f10cc55a0cd01406aa",
                "229f8c864ef72c276c4e446aeb4da0ab0f9c982bfce0954ba41a475e0a9e51ba",
                "c88ff75234fe2e63ea14e92cca5b7f506aef6c9b192fe4702e126da9b2f524c1"
            ],
            "type": "Script",
            "firstPartyCookies": {
                "_pnvl": {
                    "ttl": 863913603,
                    "length": 5,
                    "prevalence": 0.0032164036586591616,
                    "uniqueness": 0.03125
                },
                "pushly.user_puuid": {
                    "ttl": 863913603,
                    "length": 32,
                    "prevalence": 0.0036184541159915568,
                    "uniqueness": 1
                },
                "_pnxd": {
                    "ttl": -86399,
                    "length": 16,
                    "prevalence": 0.0036184541159915568,
                    "uniqueness": 0.4444444444444444
                },
                "_pnss": {
                    "ttl": 863913603,
                    "length": 7,
                    "prevalence": 0.0036184541159915568,
                    "uniqueness": 0.08333333333333333
                },
                "_pnlspid": {
                    "ttl": -86397,
                    "length": 4,
                    "prevalence": 0.0036184541159915568,
                    "uniqueness": 0.05555555555555555
                },
                "_pntx": {
                    "ttl": -86397,
                    "length": 4,
                    "prevalence": 0.0036184541159915568,
                    "uniqueness": 0.027777777777777776
                },
                "_pnpdm": {
                    "ttl": 604812,
                    "length": 4,
                    "prevalence": 0.0001005126143330988,
                    "uniqueness": 1
                }
            },
            "firstPartyCookiesSent": {},
            "exampleSites": [
                "hollywoodlife.com",
                "nypost.com",
                "people.com",
                "www.accuweather.com",
                "www.allrecipes.com",
                "www.digitaltrends.com",
                "www.forbes.com",
                "www.tasteofhome.com",
                "www.thesun.co.uk",
                "www.mercurynews.com",
                "store.hp.com",
                "pagesix.com",
                "www.southernliving.com",
                "www.thedailybeast.com",
                "www.the-sun.com",
                "decider.com",
                "www.travelandleisure.com",
                "www.thehealthy.com",
                "www.foodandwine.com",
                "www.tampabay.com"
            ]
        },
        {
            "rule": "p-n\\.io\\/pushly-sdk\\.min\\.css",
            "cookies": 0,
            "fingerprinting": 0,
            "subdomains": [
                "cdn"
            ],
            "apis": {},
            "sites": 42,
            "prevalence": 0.00422,
            "cnames": [],
            "responseHashes": [
                "501b84d7db37a158e0313efd545c334fc75d82750e1248fa383321c67728b1ce"
            ],