{
    "domain": "p-n.io",
    "owner": {
        "name": "Pushly",
        "displayName": "Pushly"
    },
    "source": [
        "DuckDuckGo-CA"
    ],
    "prevalence": 0.00405,
    "sites": 40,
    "subdomains": [
        "cdn"
    ],
    "cnames": [],
    "fingerprinting": 2,
    "resources": [
        {
            "rule": "p-n\\.io\\/pushly-sdk\\.min\\.js",
            "cookies": 0.00314,
            "fingerprinting": 2,
            "subdomains": [
                "cdn"
            ],
            "apis": {
                "Navigator.prototype.plugins": 38,
                "window.sessionStorage": 39,
                "Navigator.prototype.cookieEnabled": 37,
                "Navigator.prototype.userAgent": 38,
                "Navigator.prototype.appVersion": 37,
                "Navigator.prototype.appCodeName": 37,
                "Navigator.prototype.product": 37,
                "Navigator.prototype.platform": 37,
                "Date.prototype.getTime": 38,
                "Notification.permission": 38,
                "Navigator.prototype.permissions": 38,
                "Document.cookie getter": 31,
                "Document.cookie setter": 31
            },
            "sites": 40,
            "prevalence": 0.00405,
            "cnames": [],
            "responseHashes": [
                "900d3060f276ff61b1c9314eb6eaf64885de49caca407aa915fdb97c039f55c7",
                "d87d0f63fc89124fa66db3e0799d98ef3c0395322ab0ce547e3f0dbb43f7d330",
                "3fefe127107bbc1438a48b23eb7323c64945032930b1812974df46c9c826e2a5",
                "006de83c332e0faf474d7763b203994754c2d1513cf93477bc5bb4ba1a7e82fc",
                "b46d0677f459bc4696e66fc86d899c4e9b37dafbd8a9ff0e199f1efa69297d6b",
                "a40f5ca3763bc1773ea42f1a98644235fd3a3e728ee96e9338fb9ccf671097ca",
                "98ec708ca6bbb65ce235406dbf8e53cfe15ce46b683c16d6cb75d4e0dcf3571e",
                "fea1cd4cbb69768f8c23297275fafe8f6939b975cdba24f1595ad260305f6c77",
                "209485f341aee92aeca73905a28d3b461a76058206989396d880a106784c7491",
                "56357072bc7889b5b6fccb121f9fb4147f76a7cbbfcf5c189d4c731db21274f1",
                "8ead3bc9dce4247459fdf4e1161483f62d4ede9facff6e34ff643dca5a1f8d17",
                "91897b7c9ab1403505f3494e20cefe018145386a396acc535bfed4f2f340ea74",
                "3d35288ef669fdd3fae792815ae59a70f9d222c79d251742c27aef8f68202d76",
                "9062944d8f51ad41c54e9f2d4ea1ddb18b0f24a24da9b56aa84f785fcd9394cb",
                "dafc475233a550aa67e8370ccfb549ebdeb67db9247a91fd3f23f50a29643d7d",
                "3dd31c49e315c2e8307f3c043022a3e347be2edea8ad6d3b6a4fa0146719efc0",
                "03b959a476dd9b4ef5efbfdde2f85fcb45fcfd992421902696747d7afb9de42c",
                "f899f91692bac39ff2ec24325ee2886e6998dea5c443dfe875b4bc1bca4b9a54",
                "c1304f86701b3d26904f1c0e21d8622f82c9590ba044b9e2a1c3b13da7990013",
                "34dd02c1d60f06299f5a89ffdf772ce6c54fd1d0834d1910ed6d68642ee8f475",
                "5a150c23ac8c08dfb55cb5297a8f1a1bb56e504db8fc0fa68a8b0bab1f5427ee",
                "72f5675cbef7d7142df123cd174c28563b678cec3b8e8472865a8532c8caa19c",
                "d854e2a421f39e328423a91fe141531626f4985b2ef512fc6d4dadac1f761c63",
                "5a73dce9197d69f6afea953993a3b4c51df20ee6cd14cd44b92be8c549b672f8",
                "a784a3045086417166e09c48802a795ceeab40ad60ed7a6c6a8e0501f3e9abf6",
                "8699fb95699429ff76fbcd9d10f20bc52a46a942cdc217c5f89065f7283e7d40",
                "e21788d6735502834a8d902ad71f98dc901fde8364a5fc6452474ed1ff02932f",
                "a9a4c83e4f9fd5522d88f64826554e60c0c6f1972d8d402c38fdf604c215fdd6",
                "e5680f9e9a2d07ae556aacc77ab7293eca82f99cf0f6df4b666071871185131c",
                "f43d70519c8e70c880d821358bc87394d6944d0b6a1d4455c11c62159e6dcb56",
                "e5ee2b255fca40a3ed7402d5f3b0b763f64eb20afccbf986cab79c8b52e6c6e0",
                "c2e390cb2e617a3bd4b92f431598a8d588f3948657c528843b1520ef49275f03",
                "95c695ebf3182c5e6df8ab25cd9528501df3d2cedccb6309f2c9d9e9a40862c9",
                "693ef7f581baec273f2674766bb219a3d93e46c90cda4a28634f08f2a33d0ab1",
                "2f7a078817876e2f3f7a8c2bc392c709f1abbfaddfb8fdda79294d1e01313078",
                "2b37d720f06ffc039cbc141ce2bf9f52c42d81c22d9d62e9d9a6d88d637d5911",
                "c6f7986a378f774dda0ddc8ea60a554d719426a2ba72f5c44b84a1b7c43d77d7"
            ],
            "type": "Script",
            "firstPartyCookies": {
                "_pnvl": {
                    "ttl": 863913604,
                    "length": 5,
                    "prevalence": 0.002938494275002533,
                    "uniqueness": 0.034482758620689655
                },
                "pushly.user_puuid": {
                    "ttl": 863913604,
                    "length": 32,
                    "prevalence": 0.0031411490525889148,
                    "uniqueness": 1
                },
                "_pnxd": {
                    "ttl": -86398,
                    "length": 14,
                    "prevalence": 0.0031411490525889148,
                    "uniqueness": 0.3870967741935484
                },
                "_pnss": {
                    "ttl": 863913604,
                    "length": 7,
                    "prevalence": 0.0031411490525889148,
                    "uniqueness": 0.03225806451612903
                },
                "_pnlspid": {
                    "ttl": -86396,
                    "length": 4,
                    "prevalence": 0.0031411490525889148,
                    "uniqueness": 0.03225806451612903
                },
                "_pntx": {
                    "ttl": -86396,
                    "length": 4,
                    "prevalence": 0.0031411490525889148,
                    "uniqueness": 0.03225806451612903
                }
            },
            "firstPartyCookiesSent": {},
            "exampleSites": [
                "hollywoodlife.com",
                "nypost.com",
                "people.com",
                "www.accuweather.com",
                "www.digitaltrends.com",
                "www.forbes.com",
                "www.tasteofhome.com",
                "www.thesun.co.uk",
                "ew.com",
                "investorplace.com",
                "newrepublic.com",
                "www.the-sun.com",
                "www.foodandwine.com",
                "www.thedailybeast.com",
                "www.thesun.ie",
                "www.insidermonkey.com",
                "www.petplace.com",
                "www.cuteness.com",
                "www.si.com",
                "www.realsimple.com"
            ]
        },
        {
            "rule": "p-n\\.io\\/pushly-sdk\\.min\\.css",
            "cookies": 0,
            "fingerprinting": 0,
            "subdomains": [
                "cdn"
            ],
            "apis": {},
            "sites": 38,
            "prevalence": 0.00385,
            "cnames": [],
            "responseHashes": [
                "501b84d7db37a158e0313efd545c334fc75d82750e1248fa383321c67728b1ce"
            ],
            "type": "Stylesheet",
            "firstPartyCookies": {},
            "firstPartyCookiesSent": {},