{
    "domain": "prcdn.co",
    "owner": {},
    "source": [
        "DuckDuckGo-CA"
    ],
    "prevalence": 0.00111,
    "sites": 11,
    "subdomains": [
        "i"
    ],
    "cnames": [],
    "fingerprinting": 2,
    "resources": [
        {
            "rule": "prcdn\\.co\\/img",
            "cookies": 0.00111,
            "fingerprinting": 0,
            "subdomains": [
                "i"
            ],
            "apis": {},
            "sites": 11,
            "prevalence": 0.00111,
            "cnames": [],
            "responseHashes": [
                "081d209515f52e0bdc9da27ccdc3cfb46936e3ddc3424490e04bdac31f2ab544",
                "1cc1e792775026ce854101280a105a883c332c23c3bc6526a8bf51e4d89f297b",
                "acf763981ccdbb6b366e801191b54a4bdea041b7ddefff1e5ef6cd3cb670fffa",
                "8d78a26a7a277ed01b80aaf7d0543c7aa36efdf9323c846c524c2db046ca5a66",
                "768b062d4d28b3da986fed6d3e9751b6d0757aaf555031c5f02b014a1ce7369b",
                "dfc14e8e6d776f9176ddd6d95c39c6f6e27a6c018b80d0cdc191d1078603ea04",
                "4410fe4862d7c00961a9b48146246c6d0b01d07fe7cfb85dc5f9bef4371a9730",
                "30c647ad21b9a9dfa95c360c890ebc3d9b2ef232938ed27540f441601c5e2c0f",
                "0927eebc95a6701117526feba9ca9de879cd40863c6689df845c63170ea3afa3",
                "59991b1156d11c3cb845d48879ec5e000e31f4ccfab47a8540a986bab75c2869"
            ],
            "type": "Image",
            "firstPartyCookies": {},
            "firstPartyCookiesSent": {},
            "exampleSites": [
                "calgaryherald.com",
                "edmontonjournal.com",
                "leaderpost.com",
                "lfpress.com",
                "montrealgazette.com",
                "nationalpost.com",
                "ottawacitizen.com",
                "thestarphoenix.com",
                "vancouversun.com",
                "windsorstar.com",
                "www.pressreader.com"
            ]
        }
    ],
    "categories": [],
    "performance": {},
    "cookies": 0.00111,
    "types": {
        "Image": 11
    },
    "nameservers": [
        "alec.ns.cloudflare.com",
        "laura.ns.cloudflare.com"
    ]
}