{
    "domain": "promo-bc.com",
    "owner": {
        "name": "BongaCams",
        "displayName": "BongaCams"
    },
    "source": [
        "DuckDuckGo-CA"
    ],
    "prevalence": 0.00452,
    "sites": 45,
    "subdomains": [],
    "cnames": [],
    "fingerprinting": 1,
    "resources": [
        {
            "rule": "promo-bc\\.com\\/promo\\.php",
            "cookies": 0,
            "fingerprinting": 1,
            "subdomains": [],
            "apis": {
                "Navigator.prototype.userAgent": 36
            },
            "sites": 45,
            "prevalence": 0.00452,
            "cnames": [],
            "responseHashes": [
                "99c290fdd772306cfd6ae47c8ba6d67d40ef939016290a56d9530f871bbe9935",
                "0460538ae435ce7c642671030c5e0dd83a41caf62d18135beceba6f7f239c9db",
                "bbdda18e18f23ca51f22db0fca3c50bb7a7902edd7c94dfe46bc70ee773a2b10",
                "ad874ba50c3c3c465b42ad9c62dda283745a9ad1b8277a696e5032072ab9add9",
                "3c041693f3050780ce27b0fda46cc94a34a876c6d5786424ec0135e3b213612d",
                "94a7d9909cd8547daf646475d6c2c59b883b5ef452e668479f702ebb5850a383",
                "8e5ca13e73249235d74c5d5e785a1f4a8eb6847d15173a6b41d51733b2433603",
                "ee965efebbd0c3dc7024cf0ad911f11c3f7a70a3842376469bf8fe63e3a49dff",
                "0cd43013f4fc1285f30491ffdfb7a774ea5b73e0aadcc2ffbbea0375ab36b253",
                "b2d70825d8e4d5e2cefb998552df71b24d7f4fa40113ce54ab163c0c737ee832",
                "cd705d5ba204eee35ee9a4d42c6faf31de010a7a49d06063cca5bc986048f2e1",
                "2ec2f7420ea67639f228de426a896bebb78b7699fec095df8b9e7121f100c076",
                "a32cf4ce159baf9412193f30ec3c69f49c11825596d9ce77d3ce06bed51a3f38",
                "6dcc6a559180ed9b78a834dff09b11135499ed63af8397fa2e74d02e2396d72c",
                "ae7e9485d579c3a80b75776c4a1452070fca7034f09e25097ad50818ea7e359e",
                "00d4d9f2b815a38a16de4fe3a88a5ee3ea922139fecad7b28e53392b08cf467b",
                "377e7067a96637d3386ff442dbe709d38fc37dc8bde6ba11224489ac023a5006",
                "2b22357d84fc4478b9ab0e4ca4420087c42d50164c8086b9c6ab59ff55565793",
                "21ace26db36eab6ada6dae8aa1de2770dab8afd6290ad2fff119d12293227229",
                "f55229ed3c6d99628f0d8b595b997b936e410dffbdd13038f6625e60b5327a36",
                "ff3e81c375869e0d0468f81c4a28a003bc1b8f536b1ca053dee2b141b4348019",
                "0179a708ab72d968565b44c7396c9aede1e0445a2fc74ff621306be514bc0efd",
                "7d18e6c4ea2013935f8a3ae5d03e234a86bcc6e4770ce351b2a485aed0e3d310",
                "e534731a03aa56bb05240115b42453376ab6e90a6dce6ebcfd0f4210346aabed",
                "c55f2984f9c86592e654f6975461ecfea1ecef9770cb19910da157e29c8ac57e",
                "d7970fd2ad2c8e777d52ea293883c27ebe43ce2743bf78af3e1e06d6a7ce17d0",
                "df8c70a092bc2e262f00a73fd53d1fcc0b783001f3dd4242438bf2ee3e23e4d3",
                "2687b1d0f121a45ce7e691990e989d52ec11ac9c19bb2718f67e836e1bb95bda",
                "ae64496f69abd558553c1f6ebd14220615801835cfc82a49818071c20ebbe0db",
                "51455a7198eb72c00865c85a2b35c1e1abbc5592a1aaa8e64aaa7a4a493522bd",
                "e10b86d8d76dd6cae13cca72502817525fe356050ee6a369a6ac29920288df2b",
                "db5ee5024652cf8b4efd80b56d183ff015d6696d9277986d54fbf674078d8207",
                "002b9b44ec6278a8d431eeacffe0900466f5492386da6fc0315cb3955e986b45",
                "a1e1ad4a20165e281f963f666ddd2fa9296135d5060539368f2a32dc5149b494",
                "aced312094fccc8c3b6641faad38e64d8644303cf87586a5b45e8ea57dd5360a",
                "6faf03a13dc740053cd8864c1abb18c0e988c29b33bdf5123a8725a070a98d53",
                "ed872a8522c9ebe2e58c0fc8293076b2edb6912feae79b515330741114770aac",
                "5c5ac6495183a2bca7fa0781d033c80e099475b1b8a0bd5ae77f7ee74d844b09",
                "62b3c701abfa61330d630a83f30be92929459f58813661253e0b1149c54fc2f7",
                "5d2a714d5e8b4b820142c6209f44bf8b57a79549b2e6f74341bc4c1a62cb26ad",
                "b6312e468cdcc225930ff3241097a010689c5e9e5d3a6ae759ce4df94a84b8e0",
                "2418b20806a825038767ccf14c8bd1e7d65d4605f5cae4a71408f3a54473a6bc",
                "427d836931abbaa40321da65e436529d5f040192bf8d63d28b5213a1dcf0a6fc",
                "e6094093c0b53b5e1c218f1d4595a48fa69b0511104075d90570f6965df9ab9a"
            ],
            "type": "Document",
            "firstPartyCookies": {},
            "firstPartyCookiesSent": {},
            "exampleSites": [
                "fullxcinema.com",
                "oncam.me",
                "thotleaks.org",
                "www.porntry.com",
                "redtube.zone",
                "www.indianporn365.net",
                "www.iceporncasting.com",
                "fapdungeon.com",
                "4kbrazzers.com",
                "thotslife.com",
                "nudecollect.com",
                "xredxx.com",
                "www.xpornplease.com",
                "jambulmemek.bar",
                "pornobae.com",
                "www.pornhat.com",
                "www.pornjk.com",
                "wapbold.com",
                "mompovvids.com",
                "m.mylust.com"
            ]
        }
    ],
    "categories": [
        "Advertising",
        "Embedded Content"
    ],
    "performance": {},
    "cookies": 0,
    "types": {
        "Document": 45
    },
    "nameservers": [
        "ns1.gnsbc.com",
        "ns2.gnsbc.com",
        "ns3.gnsbc.com"
    ]
}