{
    "domain": "rollectricbyi.xyz",
    "owner": {},
    "source": [
        "DuckDuckGo-CA"
    ],
    "prevalence": 0.00251,
    "sites": 25,
    "subdomains": [],
    "cnames": [],
    "fingerprinting": 0,
    "resources": [
        {
            "rule": "rollectricbyi\\.xyz\\/utx",
            "cookies": 0.00251,
            "fingerprinting": 0,
            "subdomains": [],
            "apis": {},
            "sites": 25,
            "prevalence": 0.00251,
            "cnames": [],
            "responseHashes": [
                "e3b0c44298fc1c149afbf4c8996fb92427ae41e4649b934ca495991b7852b855"
            ],
            "type": "XHR",
            "firstPartyCookies": {},
            "firstPartyCookiesSent": {
                "lotame_domain_check": 0.00010041168792047395
            },
            "exampleSites": [
                "justpicsplease.com",
                "www.heavy-r.com",
                "www.homemoviestube.com",
                "dirtyship.com",
                "smutr.com",
                "rapepornvideo.net",
                "forced-porn.net",
                "www.fmovies.top",
                "putlocker9.watch",
                "hentaiworld.tv",
                "milfnut.com",
                "thothub.to",
                "megapornx.com",
                "muchohentai.com",
                "xnxx91.com",
                "cartoonprn.com",
                "notfans.com",
                "noxx.watch",
                "www.xrares.com",
                "www.pornachi.com"
            ]
        },
        {
            "rule": "rollectricbyi\\.xyz\\/floater",
            "cookies": 0.00191,
            "fingerprinting": 0,
            "subdomains": [],
            "apis": {},
            "sites": 19,
            "prevalence": 0.00191,
            "cnames": [],
            "responseHashes": [
                "34f1faa4da6dd2509f7d31956173df59ff95bea593d62f78e85701b06886902e",
                "036376ef87e1ec7636d74adc2397c6c72e24acc4a0bf725b62f62e9db3e42828",
                "01bce02555504e82cc61ae4d8f8a723ff8823034b7a44e7c16d5cb5cb9a1b5af",
                "7617c4184ca5e63e25ca14111afae24eb0b489f7b6f251cd6afa42fded22472c",
                "6cfe6b81efde37fb8682110b7107b649dcfb9916a182ef46551abb3e181c8ac7",
                "6d89c9e8918bd15a195d5eecc43bf892d22c682a0524a6ac041428c411b34558",
                "441e07d73ca0529a155f2b7c32874130f0f190a48f81c5707ffea505347865b4",
                "376aecbe4715524ec9b4957012cb864245c12065c492c5eba604dcfcc18bf0fb",
                "ee0c07757f6de67a42e0dafad90c3520c2714d4a0a6e493568325e82efddd5e8",
                "648b56964f22b6b8f31fb4de8b2d147cabf7b2de301d84cf9e131f7210533f81",
                "1c58d9f04904ffe019459f4a2ced681c7d9a66a4ea9732569290dcc5d36291c0",
                "c7fb8096ac6a04fb9193603140587e810fc879d2883288ebc6f4af0bd07cf7f0",
                "9e4dd0ec90f0db5fdc9d56707fd28b106ff2cbd58fb5ae5034eb6b99f6f6beb0",
                "ea58f83bf7d746189c8a7d7139b2ff507cf440d59b5d8959ad51aac4cdc1a4b4",
                "b0cdc557fa742f085561ab6c94d81bc74ad5f245207af98e8c65edaea7a0dc61",
                "5d1905b81911855da95e57dc398b52eef031224373ff3f0020872084a61b7bbb",
                "47e21f271f3e402ce090a14439fdbc1c787a1dc036b26fdbb0e45631bf46ae71",
                "0c0853f820e93c00e6dac5841ad3dbac3994935d32bc2600d802a7fb5c310c22"
            ],
            "type": "XHR",
            "firstPartyCookies": {},
            "firstPartyCookiesSent": {},
            "exampleSites": [
                "biqle.org",
                "cartoonprn.com",
                "dirtyship.com",
                "forced-porn.net",
                "influencersgonewild.com",
                "justpicsplease.com",
                "megapornx.com",
                "milfnut.com",
                "notfans.com",
                "prothots.com",
                "rapepornvideo.net",
                "thothub.to",
                "www.heavy-r.com",
                "www.homemoviestube.com",
                "www.mypornhere.com",
                "www.pornachi.com",
                "www.sexnarxnxx.com",
                "www.xrares.com",
                "xnxx91.com"
            ]
        }
    ],
    "categories": [],
    "performance": {},
    "cookies": 0.00251,
    "types": {
        "XHR": 44
    },
    "nameservers": [
        "demi.ns.cloudflare.com",
        "aiden.ns.cloudflare.com"
    ]
}