{
    "domain": "sele.co",
    "owner": {},
    "source": [
        "DuckDuckGo-CA"
    ],
    "prevalence": 0.00205,
    "sites": 20,
    "subdomains": [
        "api",
        "api-ntv",
        "trk-sp"
    ],
    "cnames": [],
    "fingerprinting": 0,
    "resources": [
        {
            "rule": "sele\\.co\\/ub\\/v1\\.jsonp",
            "cookies": 0,
            "fingerprinting": 0,
            "subdomains": [
                "api"
            ],
            "apis": {},
            "sites": 20,
            "prevalence": 0.00205,
            "cnames": [],
            "responseHashes": [
                "cdeb665bce7ace2d0d298638a48b1a270ba5ac9980ab76dde35ef3420a1d65eb",
                "ec7e0bb16a7250dfd4ecccef4800ab1a2d16f128233bdbddc80b3f0c9e15df93",
                "e9804ab7c392568556eca55850d91aaa24e096a9c5c8f202b409d0407ad009cb",
                "ae47c39e4ced408b11631c73e278aefdc632e60e8afdac54969b4cb0a3645ac1",
                "c3655b3bd0b6fe3d4b7199a2f973f3d57caab025cab8a4f3080a04dc60baf259",
                "9783397abe0844df4a6a535ff8ac96de741e3f358ce8b6d6121a2f858661fad5",
                "5c3741f4e9054f03c4fa2bb0b186cde56930ad36b56970c72deb297096bfacdf",
                "d764d138ae8adbedf829bbba0583d5b11c7c9a5462a60bd96b0e419326d2bd61",
                "c855340dd60cd6359e6912cd89e115f66ce58d47f8a7d224fe7e2508073f8ce4",
                "a49cdb88bd1d3cbe297de648ede3961dfd1141e09f7af2fdd956ed9173923665",
                "c900e38998d787b631827ff27ab6d34cb22782ccfeabfe5e7db2b0dc1c207f7f",
                "f4d4af225f76259ba3c5096d619671b287ddbcb7c278215395aa41dc2bc603ea",
                "d872b40244ef2811ee4f313de140d0b2714bd7477ff3627e6124d3d81189a12c",
                "d45dbfb13db24a3df9fbd988aa5e745a5f1ddb4ddd025163f00f1792707aa7dd",
                "72bc252990db4ecd01b77de8442f5a0747d13d17b6344e1120847179f3f32983",
                "1209668889498bf6d1cf05d9c341fdaf2975dbfec553031450966fedd459146b",
                "a4a395d96ef6df55edb199384e06213f30fdab502e44c7a14e239b2a540cff8f",
                "37b81caa758ae86ca54a1b9ec9b505c24a6854d8d68b5f98add6ef9fe079254f"
            ],
            "type": "Script",
            "firstPartyCookies": {},
            "firstPartyCookiesSent": {
                "_ga": 0.0007164790174002047,
                "_pnxd": 0.00040941658137154553,
                "globalTI_SID": 0.0014329580348004093,
                "muuid_link": 0.00040941658137154553,
                "_li_dcdm_c": 0.0006141248720573184
            },
            "exampleSites": [
                "bestlifeonline.com",
                "ew.com",
                "hellogiggles.com",
                "people.com",
                "qc.allrecipes.ca",
                "www.allrecipes.com",
                "www.cookinglight.com",
                "www.eatingwell.com",
                "www.eatthis.com",
                "www.foodandwine.com",
                "www.health.com",
                "www.instyle.com",
                "www.marthastewart.com",
                "www.myrecipes.com",
                "www.parents.com",
                "www.realsimple.com",
                "www.shape.com",
                "www.southernliving.com",
                "www.travelandleisure.com",
                "www.woodmagazine.com"
            ]
        },
        {
            "rule": "sele\\.co\\/sp\\/v5\\.jsonp",
            "cookies": 0,
            "fingerprinting": 0,
            "subdomains": [
                "api-ntv"
            ],
            "apis": {},
            "sites": 18,
            "prevalence": 0.00184,
            "cnames": [],
            "responseHashes": [
                "b7b6568ec6a5531eda545d19433087d38589140dd7b2b9833a4f05691ea8c261"
            ],
            "type": "Script",
            "firstPartyCookies": {},
            "firstPartyCookiesSent": {
                "_ga": 0.0006141248720573184,
                "_pnxd": 0.00040941658137154553,
                "globalTI_SID": 0.0013306038894575231,
                "muuid_link": 0.00040941658137154553,
                "_li_dcdm_c": 0.00010235414534288638
            },
            "exampleSites": [
                "bestlifeonline.com",
                "ew.com",
                "hellogiggles.com",
                "people.com",
                "www.allrecipes.com",
                "www.cookinglight.com",
                "www.eatingwell.com",
                "www.eatthis.com",
                "www.foodandwine.com",
                "www.health.com",
                "www.instyle.com",
                "www.marthastewart.com",
                "www.myrecipes.com",
                "www.parents.com",
                "www.realsimple.com",
                "www.shape.com",
                "www.travelandleisure.com",
                "www.woodmagazine.com"
            ]
        },
        {
            "rule": "sele\\.co\\/sp",
            "cookies": 0,
            "fingerprinting": 0,
            "subdomains": [
                "trk-sp"
            ],
            "apis": {},
            "sites": 18,
            "prevalence": 0.00184,
            "cnames": [],
            "responseHashes": [
                "a065920df8cc4016d67c3a464be90099c9d28ffe7c9e6ee3a18f257efc58cbd7"
            ],
            "type": "Image",
            "firstPartyCookies": {},
            "firstPartyCookiesSent": {
                "_pnxd": 0.00040941658137154553,
                "globalTI_SID": 0.0013306038894575231,
                "_li_dcdm_c": 0.00010235414534288638
            },
            "exampleSites": [
                "bestlifeonline.com",
                "ew.com",
                "hellogiggles.com",
                "people.com",
                "www.allrecipes.com",
                "www.cookinglight.com",
                "www.eatingwell.com",
                "www.eatthis.com",
                "www.foodandwine.com",
                "www.health.com",
                "www.instyle.com",
                "www.marthastewart.com",
                "www.myrecipes.com",
                "www.parents.com",
                "www.realsimple.com",
                "www.shape.com",
                "www.travelandleisure.com",
                "www.woodmagazine.com"
            ]
        }
    ],
    "categories": [],
    "performance": {},
    "cookies": 0,
    "types": {
        "Script": 38,
        "Image": 18
    },
    "nameservers": [
        "ns-165.awsdns-20.com",
        "ns-1416.awsdns-49.org",
        "ns-1580.awsdns-05.co.uk",
        "ns-807.awsdns-36.net"
    ]
}