{
    "domain": "stuiop.com",
    "owner": {},
    "source": [
        "DuckDuckGo-CA"
    ],
    "prevalence": 0.000602,
    "sites": 6,
    "subdomains": [],
    "cnames": [],
    "fingerprinting": 2,
    "resources": [
        {
            "rule": "stuiop\\.com\\/v1\\/sdk\\.js",
            "cookies": 0,
            "fingerprinting": 2,
            "subdomains": [],
            "apis": {
                "window.localStorage": 6,
                "Document.cookie getter": 6,
                "Navigator.prototype.permissions": 6,
                "Navigator.prototype.userAgent": 6
            },
            "sites": 6,
            "prevalence": 0.000602,
            "cnames": [],
            "responseHashes": [
                "a21bdc2e6c23aade5e28025efa472294fb8e505ce88bdf5cf68872563633393a",
                "9dbfba7592a9c870a5570a089299b6c7d8b5e899bbe9974410dc8631884934fd",
                "62b09d15b070952fcd4d3dac40329da546b2f4168ac11a84ff083d0227049182",
                "7801041e4103ea3a863f7761d2d79ef860e9f5809c42948581708b03b5665ae9",
                "1c0bcfa0c4a98be651ed6b514f464ca242c79afd5700e69876691fb90f581069"
            ],
            "type": "Script",
            "firstPartyCookies": {},
            "firstPartyCookiesSent": {},
            "exampleSites": [
                "bedavayoutubemp4indir.com",
                "mixrolik.ru",
                "nudostar.com",
                "video-stb.ru",
                "www3.javxxx.me",
                "zvideox.net"
            ]
        },
        {
            "rule": "stuiop\\.com\\/fp\\.js",
            "cookies": 0.000602,
            "fingerprinting": 1,
            "subdomains": [],
            "apis": {
                "window.localStorage": 6,
                "Date.prototype.getTime": 6,
                "Document.cookie setter": 6
            },
            "sites": 6,
            "prevalence": 0.000602,
            "cnames": [],
            "responseHashes": [
                "6da61245afbbeae2593c61316f1543d4181362071911e33b0280fdad6f1fe502",
                "30fdcf9e2d1136ecafcc8e429f012da09b49966195a9264ce1bfa0c9cd69f6ff",
                "ae399b719ff085544ac8ff50fe0731fe2234f33cc0b72ada009b04821af23bf0",
                "4bebad99b16e7eaf21e2f2c52d4305da0597a86fefd5eaafbd0d9a4ce1b75b5d",
                "6f75d05faa33d169658e7c84e0a18074d442a17bc8fb3123b52f900c876f2c1d"
            ],
            "type": "Script",
            "firstPartyCookies": {
                "ufp2": {
                    "ttl": 604804,
                    "length": 40,
                    "prevalence": 0.0005020584396023697,
                    "uniqueness": 1
                }
            },
            "firstPartyCookiesSent": {},
            "exampleSites": [
                "bedavayoutubemp4indir.com",
                "mixrolik.ru",
                "nudostar.com",
                "video-stb.ru",
                "www3.javxxx.me",
                "zvideox.net"
            ]
        }
    ],
    "categories": [],
    "performance": {},
    "cookies": 0.000602,
    "types": {
        "Script": 12
    },
    "nameservers": [
        "lex.ns.cloudflare.com",
        "brit.ns.cloudflare.com"
    ]
}