{
    "domain": "stuiop.com",
    "owner": {},
    "source": [
        "DuckDuckGo-CA"
    ],
    "prevalence": 0.000507,
    "sites": 5,
    "subdomains": [],
    "cnames": [],
    "fingerprinting": 2,
    "resources": [
        {
            "rule": "stuiop\\.com\\/v1\\/sdk\\.js",
            "cookies": 0,
            "fingerprinting": 2,
            "subdomains": [],
            "apis": {
                "window.localStorage": 5,
                "Document.cookie getter": 4,
                "Navigator.prototype.permissions": 5,
                "Navigator.prototype.userAgent": 5
            },
            "sites": 5,
            "prevalence": 0.000507,
            "cnames": [],
            "responseHashes": [
                "9dbfba7592a9c870a5570a089299b6c7d8b5e899bbe9974410dc8631884934fd",
                "c69ff0875b392fc180361d1cdb1ecb04996fc1ed2086bc04ea019617eba6ac93",
                "2acfbd0d8e3c1d6f0126552b6a3d15730f7b18b0a482b12e144a1e5bb1b8561e",
                "7801041e4103ea3a863f7761d2d79ef860e9f5809c42948581708b03b5665ae9"
            ],
            "type": "Script",
            "firstPartyCookies": {},
            "firstPartyCookiesSent": {},
            "exampleSites": [
                "mixrolik.ru",
                "nudostar.com",
                "video-stb.ru",
                "vip.pornbraze.com",
                "www3.javxxx.me"
            ]
        },
        {
            "rule": "stuiop\\.com\\/fp\\.js",
            "cookies": 0.000405,
            "fingerprinting": 1,
            "subdomains": [],
            "apis": {
                "window.localStorage": 5,
                "Date.prototype.getTime": 5,
                "Document.cookie setter": 4
            },
            "sites": 5,
            "prevalence": 0.000507,
            "cnames": [],
            "responseHashes": [
                "30fdcf9e2d1136ecafcc8e429f012da09b49966195a9264ce1bfa0c9cd69f6ff",
                "ae399b719ff085544ac8ff50fe0731fe2234f33cc0b72ada009b04821af23bf0",
                "94df269d99e1cdb98cdc369381f05fbeb8c2535ab36055e7b982947999353580",
                "981c233dde4330d32a36099ceb363856432a19de27eb525228065f00e15e834b"
            ],
            "type": "Script",
            "firstPartyCookies": {
                "ufp2": {
                    "ttl": 604805,
                    "length": 40,
                    "prevalence": 0.0004053095551727632,
                    "uniqueness": 1
                }
            },
            "firstPartyCookiesSent": {},
            "exampleSites": [
                "mixrolik.ru",
                "nudostar.com",
                "video-stb.ru",
                "vip.pornbraze.com",
                "www3.javxxx.me"
            ]
        }
    ],
    "categories": [],
    "performance": {},
    "cookies": 0.000405,
    "types": {
        "Script": 10
    },
    "nameservers": [
        "lex.ns.cloudflare.com",
        "brit.ns.cloudflare.com"
    ]
}