{
    "domain": "tctm.co",
    "owner": {
        "name": "Call Tracking Metrics LLC",
        "displayName": "Call Tracking Metrics"
    },
    "source": [
        "DuckDuckGo-CA"
    ],
    "prevalence": 0.000602,
    "sites": 6,
    "subdomains": [
        "219994",
        "140136",
        "74056",
        "311298",
        "23492",
        "29853"
    ],
    "cnames": [],
    "fingerprinting": 1,
    "resources": [
        {
            "rule": "tctm\\.co\\/t\\.js",
            "cookies": 0.000602,
            "fingerprinting": 1,
            "subdomains": [
                "219994",
                "140136",
                "74056",
                "311298",
                "23492",
                "29853"
            ],
            "apis": {
                "Document.cookie getter": 5,
                "Navigator.prototype.userAgent": 5,
                "window.localStorage": 5,
                "Date.prototype.getTime": 5,
                "Document.cookie setter": 5
            },
            "sites": 6,
            "prevalence": 0.000602,
            "cnames": [],
            "responseHashes": [
                "01ba4719c80b6fe911b091a7c05124b64eeece964e09c058ef8f9805daca546b",
                "8e90290657b7958959294829e0c58a8e9570b41d4e7d0ed41d34944556c6b7e9",
                "a9d6314207e375b4f553474b1227aa32279e6a723593d8b0e2f6e4d25b680a12",
                "086fede2e0b55558e8358668596a2e705ba6baf00f4813b14649ed405aab2513",
                "880aae7c61ef76e7af8b4e61d215fb0ac77e3cf4490fe90299713a46de2dbe71"
            ],
            "type": "Script",
            "firstPartyCookies": {
                "__ctmid": {
                    "ttl": 2592003,
                    "length": 24,
                    "prevalence": 0.0005019576347756249,
                    "uniqueness": 1
                }
            },
            "firstPartyCookiesSent": {},
            "exampleSites": [
                "hvacdirect.com",
                "kmlaw.ca",
                "www.chop.edu",
                "www.lucidchart.com",
                "www.purdys.com",
                "www.troteclaser.com"
            ]
        },
        {
            "rule": "tctm\\.co\\/p\\.js",
            "cookies": 0.000301,
            "fingerprinting": 0,
            "subdomains": [
                "219994",
                "311298",
                "29853"
            ],
            "apis": {},
            "sites": 3,
            "prevalence": 0.000301,
            "cnames": [],
            "responseHashes": [
                "338e95bc1b04d26d305dba4dd2044bb1455de3308e80134b4c70f47e7f1a5f2d",
                "170d559a54f7fdd5ed577391d3c744e5918a8516b09c863ec0fb70b61b2c5481"
            ],
            "type": "Script",
            "firstPartyCookies": {},
            "firstPartyCookiesSent": {
                "__ctmid": 0.000301174580865375
            },
            "exampleSites": [
                "hvacdirect.com",
                "www.lucidchart.com",
                "www.troteclaser.com"
            ]
        }
    ],
    "categories": [],
    "performance": {},
    "cookies": 0.000602,
    "types": {
        "Script": 9
    },
    "nameservers": [
        "ns-1163.awsdns-17.org",
        "ns-1852.awsdns-39.co.uk",
        "ns-425.awsdns-53.com",
        "ns-603.awsdns-11.net"
    ]
}