{
    "domain": "vuemix.com",
    "owner": {},
    "source": [
        "DuckDuckGo-CA"
    ],
    "prevalence": 0.000402,
    "sites": 4,
    "subdomains": [
        "abc-app",
        "abcvs"
    ],
    "cnames": [],
    "fingerprinting": 0,
    "resources": [
        {
            "rule": "vuemix\\.com\\/api\\/v2\\/content\\/search\\.json",
            "cookies": 0,
            "fingerprinting": 0,
            "subdomains": [
                "abc-app"
            ],
            "apis": {},
            "sites": 4,
            "prevalence": 0.000402,
            "cnames": [],
            "responseHashes": [
                "82248ea4ad7275eebde2a6583c57fab3c24e9a340fbe5054645a7483e74bddbd",
                "a3ef06542acd9741e0780ef83c8561c8e9106f93532647cd0d4762e047984aab",
                "92b5c413c98c8e4c88c6ae798aa90db1b7603e30ce156e91420f210aa6c4b1ed"
            ],
            "type": "XHR",
            "firstPartyCookies": {},
            "firstPartyCookiesSent": {},
            "exampleSites": [
                "abc7news.com",
                "abc7ny.com",
                "abc7.com",
                "abc13.com"
            ]
        },
        {
            "rule": "vuemix\\.com\\/stls\\/epsync",
            "cookies": 0,
            "fingerprinting": 0,
            "subdomains": [
                "abcvs"
            ],
            "apis": {},
            "sites": 4,
            "prevalence": 0.000402,
            "cnames": [],
            "responseHashes": [
                "e28918612ff558e38f9cb6106e7497889854991ea7a8d058c83c63e3f77a74ad",
                "8249eb662fc8d40726a1538732c76c88215bb17212c955bfc4795a06be210209",
                "9924212180dbb159f2b46b7480ca3dc24f962d2763403d3e742f210f3a298ea0"
            ],
            "type": "XHR",
            "firstPartyCookies": {},
            "firstPartyCookiesSent": {},
            "exampleSites": [
                "abc7news.com",
                "abc7ny.com",
                "abc7.com",
                "abc13.com"
            ]
        },
        {
            "rule": "vuemix\\.com\\/v2\\/stls\\/playme\\.mpd",
            "cookies": 0,
            "fingerprinting": 0,
            "subdomains": [
                "abcvs"
            ],
            "apis": {},
            "sites": 4,
            "prevalence": 0.000402,
            "cnames": [],
            "responseHashes": [
                "59f001c58997d3ced84788625537f2a427185abf44dadcf8c03ff5098b421c82",
                "cac0cc3ec7684485b42d12df5a32a8686743dc3ab7a9a80a12bf77bec7ed5feb",
                "12ba9c49ebeaebe3a276d578974360c7ded2b15abb1595e9222ea189be7cd558"
            ],
            "type": "XHR",
            "firstPartyCookies": {},
            "firstPartyCookiesSent": {},
            "exampleSites": [
                "abc7news.com",
                "abc7ny.com",
                "abc7.com",
                "abc13.com"
            ]
        }
    ],
    "categories": [],
    "performance": {
        "time": 1,
        "size": 1,
        "cpu": 0,
        "cache": 3
    },
    "cookies": 0,
    "types": {
        "XHR": 12
    },
    "nameservers": [
        "ns-1774.awsdns-29.co.uk",
        "ns-79.awsdns-09.com",
        "ns-960.awsdns-56.net",
        "ns-1340.awsdns-39.org"
    ]
}