{
    "domain": "yfetyg.com",
    "owner": {},
    "source": [
        "DuckDuckGo-CA"
    ],
    "prevalence": 0.00443,
    "sites": 43,
    "subdomains": [],
    "cnames": [],
    "fingerprinting": 0,
    "resources": [
        {
            "rule": "yfetyg\\.com\\/wnload",
            "cookies": 0,
            "fingerprinting": 0,
            "subdomains": [],
            "apis": {},
            "sites": 43,
            "prevalence": 0.00443,
            "cnames": [],
            "responseHashes": [
                "ac57e21bd269a1b07a9055c8c500ee584ae25eead5d0bfde2a7297fb16695ab2",
                "9077858c57edd8f236533bd34220df57c105a44a6503c03f24ff2815e317f6d5",
                "773ae69ef0615804534affc4921b1b81ecf7504402cd02ef4ca2fdf2cc28dc8c",
                "39f7a9011d7da10461061e064daad709c817b0cae98de32f883324a8fe49b1b7",
                "bbed913a2f0bf8b74f50af9a19c005fc85bce4db3dcb6789bdc861e870dcac17",
                "50364563f84f223d87ec068579084338cf875d6552b585c52d9c0df79eb7bc64",
                "fee080e9ec2aaef4854309ea89f9f87c2880f58d7d8c424a848c05a23cec1f3b",
                "4ec7127aa1c9a01b8b34119ff0cfef1adc25ed72e401fe6fea07ac6ef349dd2a",
                "a475ef30b12757e89d239adf6f832e1a263c89c9a2c2a9d26bccd8c8fddf3e8c",
                "97e49db5421ddca276abbe5fc45ab9a8310cc757fd21de5a3ad5de3ed9921d15",
                "01ff55bc9cab8d615b2cc92bae99906d16349111bd22e36a7e612cc10d48d0bd",
                "06fe124e3bbdd5ad1dcf3371cfec219e30aab528e7502a692e144c8360326949",
                "05edbc05386899885a2da6f7d7898a0dea6d616814e15bdfcef4dcc29529a7ec",
                "fc080bf977bc3f5912df482bfa571e00c5bcc2554bb2cac42af1ac7b21247ddb",
                "afccd8d53508b34da78fea6d58b24b0309e65f21f7b3c1348ff9734bbe1ebbe2",
                "c1881b70a4a2cc5936139bc22b1d1fa87c0bd317713f1695042ca3c5f283a9e2",
                "ba498172e3246d01a8a4b3ba67a6798b1b1fdab9bbb2859d9167751de9db13e6",
                "c9e303e8cf172330e954b0eaebfafcec6a7fa08fcdde3f0b33d600d2afb13c9d",
                "b1524a3757f7e9234d3ae937fe08d27b85292be3001cfae87c42baf8d909e9d1",
                "6c7bc9b830fa6f15f33380f04f57db7452d917af647f03a8f1ecdfd68392f599",
                "a60301cbf8645b895f11ac0041112741222953f74919c482e33ec22abe2cf487",
                "b4209c58cf0a951cac7a8709168189f7745dd9ab3233a6111feca8fc20c5c076",
                "e0948ac72a71f814bbbdff10ef7db261ffb5ab0fd61c494f02f9da45d82cb4d6",
                "0fc0368614d65cedf87bafc6d861a05ec1acf00c5f7a394f827c5f9708bd113b",
                "4033442a52429768ea9f930195ad891b8b5c9992fa47b6618b38f423509e21ee",
                "c6fc6206ca41f06c396b97100b171d77ebcb2c8e0d1683b7ba2a5ed5e3a762f1",
                "c739b63d78ec60cd6ac5fd167e71e419f0b5e2306b2e0e3f1f15a8577f6beb1f",
                "c6afdfa506284d4b879838695d38428e2b491e8f66f10baeb55e236de14393e2",
                "84b1c45986c14ef0acc64c148efaa56e0aebd8ca2401bfb8392d3b2898b107e4",
                "08fae7f437be8666f21f3c25c50c247386a818762f857494f0ebea7cab9aa523",
                "9093ca40dd47d68b255d6835ff7c0a472bd7066d455fc52061379546d3d89947",
                "cd7fc10655d82a22354882a6705e380b1a056cda280479814f4e20b94435ec92",
                "05d44ae0e5a7a5b8c0bf6a7c0b6aa1387b54245f2ff694d168c6512556b0d637",
                "bf00d4d8599c1365c0f92903205e37bd3975f3f1bfd12caf0bdfa846424f3546",
                "180a96f887cd85b72cd8f55aa27bd94050b892a0fe5f01458611259041fccb9d"
            ],
            "type": "Fetch",
            "firstPartyCookies": {},
            "firstPartyCookiesSent": {},
            "exampleSites": [
                "justpicsplease.com",
                "thefappeningblog.com",
                "www.homemoviestube.com",
                "zooporn.show",
                "xxnxx.fun",
                "fullxcinema.com",
                "www.zooskoolvideos.com",
                "www.hitprn.com",
                "www3.javxxx.me",
                "www.xmegadrive.com",
                "sex4arabxxx.com",
                "celebsnews.org",
                "animalzoosex.world",
                "goreforum.com",
                "www.xpee.com",
                "www.3rab-naar.com",
                "www.animalporn.tv",
                "severeporn.com",
                "leakedmodels.com",
                "fappeningbook.com"
            ]
        },
        {
            "rule": "yfetyg\\.com\\/wnrw",
            "cookies": 0,
            "fingerprinting": 0,
            "subdomains": [],
            "apis": {},
            "sites": 37,
            "prevalence": 0.00381,
            "cnames": [],
            "responseHashes": [],
            "type": "Fetch",
            "firstPartyCookies": {},
            "firstPartyCookiesSent": {},
            "exampleSites": [
                "justpicsplease.com",
                "thefappeningblog.com",
                "www.homemoviestube.com",
                "www.onlyanimalporn.com",
                "www.xpee.com",
                "megapornx.com",
                "onlyanimalporn.com",
                "farmsexfree.com",
                "www3.javxxx.me",
                "celebsnews.org",
                "www.newarabsex.com",
                "xnxxwap.pro",
                "www.animalporn.tv",
                "zooporn.show",
                "cartoonprn.com",
                "animalsexporn.net",
                "swingerpornfun.com",
                "findhername.net",
                "www.xxxsexxx.pro",
                "www.zooskoolvideos.com"
            ]
        }
    ],
    "categories": [],
    "performance": {},
    "cookies": 0,
    "types": {
        "Fetch": 80
    },
    "nameservers": [
        "ns1.kiphost.ru",
        "ns2.kiphost.ru"
    ]
}