{
    "domain": "yfetyg.com",
    "owner": {},
    "source": [
        "DuckDuckGo-CA"
    ],
    "prevalence": 0.00453,
    "sites": 45,
    "subdomains": [],
    "cnames": [],
    "fingerprinting": 0,
    "resources": [
        {
            "rule": "yfetyg\\.com\\/wnload",
            "cookies": 0,
            "fingerprinting": 0,
            "subdomains": [],
            "apis": {},
            "sites": 45,
            "prevalence": 0.00453,
            "cnames": [],
            "responseHashes": [
                "d0290aabf6581c90bebfc171ec6fec7f5da680b9ab195bf06f2b7d1f9407bcbe",
                "4aa0b8cfa9b5e98cd62d82d87a3391c6eb5717e6abfbff8cb5fbc90c9f9c9c3d",
                "fdfcb845cf20d1815163784a5ea973bbcd4dae562309e614630b54b409676a1e",
                "5481c53e30fc4adf68dd14eb5596e5332f21de72b2fc25a659fecfb41c7fc2da",
                "4102eee6002ff0e4b9ad993d1c2511ffef3d87bc303ff817d06830ec2587d45c",
                "784211c0453dd133dd7d5d5ca019ce701ff0050f4a955204b5b58f961944a9dd",
                "7e0e0f6e071e30167e84e7807ea9640d803f9f8ad8ec7f8724f4b3c86e10b314",
                "b4a05ff903a91a37524334798fd710aac9aaef0f62d6de531f58cdd7361af849",
                "90d5452fd185236e6671264a95b424d8f60d686b70e6cdedd3cba9217ef13bed",
                "202290addff78961b8f216d1cd4aaff31aabf2bdc9aec4b875e23019fb429ebe",
                "735f504c7b7aa0e80f79ff1eaadb6fb1555ce9af687c32e90df2662e353a4e0d",
                "1350b4aa9d5632d2521e5c189587ab1c6cc4546fc1d8c2219e4499ee99da9f7e",
                "4e56a9e10a39723bff61d842d72842a58dad844574c20e7adf9c694e8dea119f",
                "062d11418cc53ecd9fd0a3d0a611dd63fd049edbc7102a8489b7f15c4f6f94fa",
                "f28f61dcdff6f54b44097a19f6c2d634a1c2559fa34b4f9b584258cdc02344cd",
                "db95b52de4a2a88321f93443810ae8c6e1506c08f8c18f5f3c7589dd0143c68b",
                "3b2ee7244d37d21242d414926857d3614a0d1a71bd3d3c668c8b3ab7f2ced20a",
                "59bb84bc3df2c7eb49f708083a4aff9dda6f900d7cd11db6eca36978083012b6",
                "7402bca915747e53c9204fb33c9cf38cfd8033f4792069171edf538d1d396336",
                "825da5cd360689a1129889b2c930dcca7ce3b3cf4f3f87d0b53a3aee2669a7a4",
                "48bc3698c3af25dee44115b94a9a57f4baa6ee733fd17d727a895b611d525722",
                "5343be8ec7178f42bc164249c2676baf91c610332bef6986a10eed790d64751c",
                "8d75203a044a0b5505d7f88032671bf890bf8065d3142088c76835ee404e0220",
                "910794860830d0f2108188da516d9cafa9d4e4327f85f1443e4a789b01adf3ce",
                "269343a8ea5f6bb39f9ee918dfee98800b9fbea5eac3b367413e0e1296e68386",
                "9a65f3561a9fa0f020163651665f849a8543f8aeed809347cddd4b0970ea71d1",
                "bdb5f190b86fe2aa896446cfd35c3a28d5ceacbf24d2bc32afbd27f04021f005",
                "75784732dccff2e2911755bf09149bd6b1e90fbcf5e735361c18cfdd245adcf2",
                "b1d317e560f0f93e08bf565fd787f765f56cac72db2afdc8cc30c6b9bc45c668",
                "edb9f2abe8c9c79cfce2392877a6853ee48ff68fda4f618f7d007c9f09a8d7b0",
                "d7a8813c94bcf07538e59a8d2b9de17de32ac7cfb43ca4a9e317a4d409a69b2f",
                "a7e73a5bd41cb89afbd38c5b52d0e20bdb8059463582100db648673e7624aff2",
                "57b945b6d955dc20deb967d05738de776725459195a15943e1ddf2b0bfd8e156",
                "a6bffc30a82de6df9e7f4d55269d24e24209e864440f23941eee74f6d0917320",
                "0440e786d782e302492071aa7824dc63957e2b4c39b46d73f7d451eec0dfe481",
                "48f373913d00995e02a2108e6417312b11b1e50e648953c951392b7d93521148",
                "e9e2c0df2e906891c84e5e1dbda92c17c4384bb1381c9401d2e9df1cf47f40f0"
            ],
            "type": "Fetch",
            "firstPartyCookies": {},
            "firstPartyCookiesSent": {},
            "exampleSites": [
                "justpicsplease.com",
                "fappeningbook.com",
                "www.zooskoolvideos.com",
                "shemaleleaks.com",
                "www.newarabsex.com",
                "www.xvideos5.tv",
                "masalaseen.com",
                "www.darkcategories.com",
                "asmrx365.com",
                "beastiality.tv",
                "www.xmegadrive.com",
                "zooporn.show",
                "pornovideoshub.com",
                "onlyanimalporn.com",
                "zooredtube.com",
                "www.xmxx.kim",
                "nudostar.com",
                "animalsexporn.net",
                "www.zoox18.com",
                "www4.javxxx.me"
            ]
        },
        {
            "rule": "yfetyg\\.com\\/wnrw",
            "cookies": 0,
            "fingerprinting": 0,
            "subdomains": [],
            "apis": {},
            "sites": 40,
            "prevalence": 0.00402,
            "cnames": [],
            "responseHashes": [],
            "type": "Fetch",
            "firstPartyCookies": {},
            "firstPartyCookiesSent": {
                "_ym_d": 0.00020112630732099757
            },
            "exampleSites": [
                "justpicsplease.com",
                "zooporn.show",
                "cartoonprn.com",
                "beastiality.tv",
                "www.onlyanimalporn.com",
                "asmrx365.com",
                "www.bestialitysextaboo.net",
                "xxx18.uno",
                "wtfdaddy.com",
                "onlyanimalporn.com",
                "www.newarabsex.com",
                "www.hitprn.com",
                "megapornx.com",
                "animalzoosex.world",
                "zooredtube.com",
                "www.spermyporn.com",
                "zoomobileporn.com",
                "www.xmegadrive.com",
                "horriblevideos.com",
                "tube.perverzija.com"
            ]
        }
    ],
    "categories": [],
    "performance": {},
    "cookies": 0,
    "types": {
        "Fetch": 85
    },
    "nameservers": [
        "ns1.kiphost.ru",
        "ns2.kiphost.ru"
    ]
}