{
    "domain": "youradexchange.com",
    "owner": {},
    "source": [
        "DuckDuckGo-CA"
    ],
    "prevalence": 0.000803,
    "sites": 8,
    "subdomains": [],
    "cnames": [],
    "fingerprinting": 0,
    "resources": [
        {
            "rule": "youradexchange\\.com\\/script\\/suurl4\\.php",
            "cookies": 0,
            "fingerprinting": 0,
            "subdomains": [],
            "apis": {},
            "sites": 8,
            "prevalence": 0.000803,
            "cnames": [],
            "responseHashes": [
                "5adf477c9dc471ec63ee8bcc4a6f566da9a31fd3f04441e923a3e65d6e5d5620",
                "55893b116241b950ca4b52371dbd00745c7d3d0f178a71f2926bee1dc75b7660",
                "1001a71dfc7d82073c5f45fe0b9ded58bbc60ae33fc9b1244583e61b06806d79",
                "5eca2471b97e9101cbcd673f08643a9e706a678c6dea0e2c94881beb68711099",
                "72bdf13961eecf6e09f7c5bebe4729279bf3cf37e063049e5c383798fbb39d82",
                "892886e810bccb5b99949a28af05ef0015ef5e0cdae3db4227d3acd6c6aa5f5a",
                "28fc943fee52626301ba3659350a0f9834edc66bef3a15c7c4f06363f1ac348e"
            ],
            "type": "Fetch",
            "firstPartyCookies": {},
            "firstPartyCookiesSent": {},
            "exampleSites": [
                "crackstreams.biz",
                "erothots.com",
                "eztv.re",
                "fulldp.co",
                "www.123moviesday.com",
                "www.xpin24.com",
                "www4.watchseries.ninja",
                "yts.mx"
            ]
        },
        {
            "rule": "youradexchange\\.com\\/ad\\/czcf\\.php",
            "cookies": 0,
            "fingerprinting": 0,
            "subdomains": [],
            "apis": {},
            "sites": 3,
            "prevalence": 0.000301,
            "cnames": [],
            "responseHashes": [
                "e6dcad003f0f600f3e077ab77af042bd3be5b0487c36c4b1057d3cf13d221eee",
                "5e1f98a99aa75b204c90005ef16d2993f3a0dde1832657e70f5a5689de5cabca"
            ],
            "type": "Fetch",
            "firstPartyCookies": {},
            "firstPartyCookiesSent": {},
            "exampleSites": [
                "erothots.com",
                "fulldp.co",
                "www.xpin24.com"
            ]
        },
        {
            "rule": "youradexchange\\.com\\/n\\/display\\.php",
            "cookies": 0,
            "fingerprinting": 0,
            "subdomains": [],
            "apis": {},
            "sites": 2,
            "prevalence": 0.000201,
            "cnames": [],
            "responseHashes": [
                "e3b0c44298fc1c149afbf4c8996fb92427ae41e4649b934ca495991b7852b855"
            ],
            "type": "Script",
            "firstPartyCookies": {},
            "firstPartyCookiesSent": {},
            "exampleSites": [
                "erothots.com",
                "fulldp.co"
            ]
        },
        {
            "rule": "youradexchange\\.com\\/script\\/push\\.php",
            "cookies": 0,
            "fingerprinting": 0,
            "subdomains": [],
            "apis": {},
            "sites": 2,
            "prevalence": 0.000201,
            "cnames": [],
            "responseHashes": [],
            "type": "Fetch",
            "firstPartyCookies": {},
            "firstPartyCookiesSent": {},
            "exampleSites": [
                "erothots.com",
                "www.xpin24.com"
            ]
        }
    ],
    "categories": [],
    "performance": {},
    "cookies": 0,
    "types": {
        "Fetch": 13,
        "Script": 2
    },
    "nameservers": [
        "hank.ns.cloudflare.com",
        "lady.ns.cloudflare.com"
    ]
}