{
    "domain": "aaxads.com",
    "owner": {
        "name": "Acceptable Ads Exchange",
        "displayName": "Acceptable Ads Exchange"
    },
    "source": [
        "DuckDuckGo-GB"
    ],
    "prevalence": 0.00251,
    "sites": 25,
    "subdomains": [
        "c",
        "l3"
    ],
    "cnames": [],
    "fingerprinting": 2,
    "resources": [
        {
            "rule": "aaxads\\.com\\/aax\\.js",
            "cookies": 0.00241,
            "fingerprinting": 2,
            "subdomains": [
                "c"
            ],
            "apis": {
                "Navigator.prototype.userAgent": 24,
                "Date.prototype.getTimezoneOffset": 24,
                "window.sessionStorage": 24,
                "Date.prototype.getTime": 24,
                "Document.cookie getter": 24,
                "window.localStorage": 22,
                "Document.cookie setter": 24,
                "Document.prototype.interestCohort": 24
            },
            "sites": 25,
            "prevalence": 0.00251,
            "cnames": [],
            "responseHashes": [
                "4688fc0cf8c7d36796a13103396be7234c6b0a76d4305ad99836699edd5445e5",
                "51d69ffe2da407113c766f43838515cb8614095895dc0d82e1125a66ec77c73a",
                "7c767b360660fc37bb5e96f84cb79f831ff084e16fe57ff596768c1ce765b39e",
                "3e46ef216c2fcef031e9eec238de5151c05392a9f6f69514e264e6ff21e31f4e",
                "0dde0e21044edd9c53ad85dbd0a20aaef800792a2b0c2f6fde507a3b45d7f003",
                "dbccfd1d78e187cbf638ec89f38b78b87313eae2bb34e9f57e9a392f25ee1da3",
                "f26d968d87dcbc7ff66dded31f32502b61723e8f8447344e629fb2686f9b7e41",
                "30907907f1bc3f45055dccbfe4dbb69527ee7bf16b621b98f277b2377db5e40c",
                "98be336260c7d922ae581cc75ef221cfc77aa40301d76602b3d42205530f5e3e",
                "4d4fdadfccb2f1f0db530a8909504b1fed61d2550fe114107f7ddad3bd8f0072",
                "39d55410f2e1ebf0a3b24c4cd8aacd02273717ff7e710304862e7c430105532b",
                "7fc76476d1d5fe4e205370e3508aacf18c708143f22262b2a927d62859775fdb",
                "b2fcc885435634b0956d2eec2f2d9a7074bfc945abac62e932b96a70465e6573",
                "28c50ac9268d2c522623a7bee7706105fb859cf011ac74f05dfc774a9b33a625",
                "914f30aaaf9777e746188fca40f68051e64379ed5815bc54f5cc6deb9f18420d",
                "d21e382c007fb231f47fdd4a21e2d8d79f57c3879c913510df92aac3356c1d88",
                "4be791134c543e33e5d6b0fec946f353bf17ed4319441ac4d76e24957fec5849",
                "d08f71285172e066aa225e36bc22db33b9befecae9b319fee4d2aeb71e56b6a2",
                "acdd5f1bfbdba0e811a432a60dfba86d318a2d11a16cbeaae958e14d0c56dba9",
                "8993ea985a87acbdf86654a8c82146e5621cf5732a1828506c68f70241ec8646",
                "9044a407a574b687a3b7072840cef8a2fbc1db99ef2408a87edc2c939b2459fc",
                "d54d64666c697cb177e54dad4facec5326ea5a8da59d471a2066fc82f84e0323",
                "47e83cf625fd1feb720dcd4236f87ca09986ee8b870a134d3e5cf27349e6524f"
            ],
            "type": "Script",
            "firstPartyCookies": {
                "__aaxsc": {
                    "ttl": null,
                    "length": 1,
                    "prevalence": 0.002308541603934558,
                    "uniqueness": 0.043478260869565216
                },
                "aasd": {
                    "ttl": null,
                    "length": 17,
                    "prevalence": 0.001003713740841112,
                    "uniqueness": 1
                }
            },
            "firstPartyCookiesSent": {},
            "exampleSites": [
                "seekingalpha.com",
                "www.ghacks.net",
                "historycollection.com",
                "legalinsurrection.com",
                "www.insidermonkey.com",
                "gamepress.gg",
                "www.timesofisrael.com",
                "www.majorgeeks.com",
                "www.stuff.co.nz",
                "slashdot.org",
                "ccm.net",
                "www.techhive.com",
                "www.ranker.com",
                "forum.audiogon.com",
                "nationalpost.com",
                "www.dazeddigital.com",
                "www.boredpanda.com",
                "www.convertunits.com",
                "www.picuki.com",
                "www.askmen.com"
            ]
        },
        {
            "rule": "aaxads\\.com\\/pxusr\\.gif",
            "cookies": 0,
            "fingerprinting": 0,
            "subdomains": [
                "c"
            ],
            "apis": {},
            "sites": 25,
            "prevalence": 0.00251,
            "cnames": [],
            "responseHashes": [
                "98a0042a738c734a35ac3fb37650f46704f20adbf9ff588c4fc6ce49f8643628"
            ],
            "type": "Image",
            "firstPartyCookies": {},
            "firstPartyCookiesSent": {},
            "exampleSites": [
                "seekingalpha.com",
                "www.barchart.com",
                "historycollection.com",
                "www.ghacks.net",
                "legalinsurrection.com",
                "gamepress.gg",
                "www.insidermonkey.com",
                "ezgif.com",
                "www.boredpanda.com",
                "filehippo.com",
                "slashdot.org",
                "nationalpost.com",
                "www.picuki.com",
                "www.majorgeeks.com",
                "www.askmen.com",
                "www.timesofisrael.com",
                "www.stuff.co.nz",
                "uk.soccerway.com",
                "www.cars.com",
                "www.ranker.com"
            ]
        },
        {
            "rule": "aaxads\\.com\\/log",
            "cookies": 0,
            "fingerprinting": 0,
            "subdomains": [
                "l3"
            ],
            "apis": {},
            "sites": 24,
            "prevalence": 0.00241,
            "cnames": [],
            "responseHashes": [
                "3575744054412f7f8d680de94e9599ef1261ccf776812faaf5ac551766ab28ad"
            ],
            "type": "Image",
            "firstPartyCookies": {},
            "firstPartyCookiesSent": {},
            "exampleSites": [
                "seekingalpha.com",
                "filehippo.com",
                "www.timesofisrael.com",
                "www.majorgeeks.com",
                "uk.soccerway.com",
                "gamepress.gg",
                "historycollection.com",
                "www.ranker.com",
                "legalinsurrection.com",
                "www.insidermonkey.com",
                "ezgif.com",
                "www.askmen.com",
                "ccm.net",
                "www.picuki.com",
                "nationalpost.com",
                "www.techhive.com",
                "www.stuff.co.nz",
                "www.ghacks.net",
                "www.cars.com",
                "forum.audiogon.com"
            ]
        },
        {
            "rule": "aaxads\\.com\\/log",
            "cookies": 0,
            "fingerprinting": 0,
            "subdomains": [
                "l3"
            ],
            "apis": {},
            "sites": 2,
            "prevalence": 0.000201,
            "cnames": [],
            "responseHashes": [
                "e3b0c44298fc1c149afbf4c8996fb92427ae41e4649b934ca495991b7852b855"
            ],
            "type": "Fetch",
            "firstPartyCookies": {},
            "firstPartyCookiesSent": {
                "s_pltp": 0.00010037137408411121,
                "cookies.js_dtest": 0.00010037137408411121,
                "parsely_uuid": 0.00010037137408411121
            },
            "exampleSites": [
                "stuff.co.nz",
                "www.stuff.co.nz"
            ]
        }
    ],
    "categories": [],
    "performance": {},
    "cookies": 0.00251,
    "types": {
        "Script": 25,
        "Image": 49,
        "Fetch": 2
    },