{
    "domain": "adalyser.com",
    "owner": {
        "name": "OneSoon Ltd",
        "displayName": "OneSoon"
    },
    "source": [
        "DuckDuckGo-GB"
    ],
    "prevalence": 0.00392,
    "sites": 39,
    "subdomains": [
        "c5",
        "c1",
        "c0",
        "tracking",
        "s1-tracking",
        "c3"
    ],
    "cnames": [],
    "fingerprinting": 1,
    "resources": [
        {
            "rule": "adalyser\\.com\\/adalyser\\.js",
            "cookies": 0.00331,
            "fingerprinting": 1,
            "subdomains": [
                "c5",
                "c1",
                "c0"
            ],
            "apis": {
                "Navigator.prototype.userAgent": 33,
                "Navigator.prototype.language": 33,
                "Date.prototype.getTime": 33,
                "window.localStorage": 33,
                "Document.cookie setter": 33,
                "Document.cookie getter": 33
            },
            "sites": 33,
            "prevalence": 0.00331,
            "cnames": [],
            "responseHashes": [
                "250755cc5ede9311a8db013b4c58a45d08c3239af3341c8aa2287cc5e4a9b7b5",
                "fd2c07b20d515291e0c7a3dd9f31f1fb211f6e027bfe25559b34e2c10642d4ac",
                "8a8beec5e0c5d2e3d4071a8c532dd315c8a22e30fcdf570946a360e19809aace",
                "c1b356f3f76ac3ce3f19997f63fa181cb9d05cd531eb1ee612ce69a2a57fa56f",
                "4a9b6603ef41adb1bea50a3b32b75d3cb2b3b836e78bcbdbcb2b71ac41b882a9",
                "300c4434f462167751e0183f7222f4e876e4511f77682850101e08adf6770883"
            ],
            "type": "Script",
            "firstPartyCookies": {
                "__adal_ses": {
                    "ttl": 1804,
                    "length": 1,
                    "prevalence": 0.0033135857013756403,
                    "uniqueness": 0.030303030303030304
                },
                "__adal_id": {
                    "ttl": 63072004,
                    "length": 108,
                    "prevalence": 0.0033135857013756403,
                    "uniqueness": 1
                },
                "__adal_ca": {
                    "ttl": 15552004,
                    "length": 92,
                    "prevalence": 0.0033135857013756403,
                    "uniqueness": 0.06060606060606061
                },
                "__adal_cw": {
                    "ttl": 604803,
                    "length": 13,
                    "prevalence": 0.0033135857013756403,
                    "uniqueness": 1
                },
                "__adal_lp": {
                    "ttl": 2592005,
                    "length": 24,
                    "prevalence": 0.00010041168792047395,
                    "uniqueness": 1
                }
            },
            "firstPartyCookiesSent": {
                "gpv_c11": 0.0002008233758409479
            },
            "exampleSites": [
                "www.allbirds.co.uk",
                "www.lycamobile.co.uk",
                "www.procook.co.uk",
                "www.32red.com",
                "new.talktalk.co.uk",
                "www.betfred.com",
                "www.talktalk.co.uk",
                "theathletic.com",
                "www.simplysupplements.co.uk",
                "www.selectcarleasing.co.uk",
                "www.uswitch.com",
                "www.unison.org.uk",
                "www.etoro.com",
                "www.healthspan.co.uk",
                "www.littlewoods.com",
                "www.bensonsforbeds.co.uk",
                "www.photobox.co.uk",
                "motorway.co.uk",
                "www.jmldirect.com",
                "www.sykescottages.co.uk"
            ]
        },
        {
            "rule": "adalyser\\.com\\/tracking\\/track\\/v3\\/p",
            "cookies": 0,
            "fingerprinting": 0,
            "subdomains": [
                "c5",
                "c0"
            ],
            "apis": {},
            "sites": 31,
            "prevalence": 0.00311,
            "cnames": [],
            "responseHashes": [
                "d346801abbf9bb4e9e9a055239053d4ab5596514304f601a6c70604187acb744"
            ],
            "type": "Image",
            "firstPartyCookies": {},
            "firstPartyCookiesSent": {
                "__adal_cw": 0.0031127623255346923,
                "gpv_c11": 0.0002008233758409479,
                "talkative_ecs__eu__74fa3c94-f960-49be-8f25-ec3b5daf8f26__last_visited_url": 0.00010041168792047395,
                "IR_gbd": 0.00010041168792047395
            },
            "exampleSites": [
                "www.procook.co.uk",
                "www.photobox.co.uk",
                "www.unison.org.uk",
                "www.jmldirect.com",
                "www.duolingo.com",
                "www.simplysupplements.co.uk",
                "www.samaritans.org",
                "www.etoro.com",
                "www.morphyrichards.co.uk",
                "www.lycamobile.co.uk",
                "motorway.co.uk",
                "www.talktalk.co.uk",
                "www.pavers.co.uk",
                "www.selectcarleasing.co.uk",
                "www.bensonsforbeds.co.uk",
                "www.projectscreen.co.uk",
                "www.betfred.com",
                "new.talktalk.co.uk",
                "www.mattressonline.co.uk",
                "www.ccleaner.com"
            ]
        },
        {
            "rule": "adalyser\\.com\\/tracking\\/track\\/v4\\/p",
            "cookies": 0,
            "fingerprinting": 0,
            "subdomains": [
                "c1"
            ],
            "apis": {},
            "sites": 2,
            "prevalence": 0.000201,
            "cnames": [],
            "responseHashes": [
                "d346801abbf9bb4e9e9a055239053d4ab5596514304f601a6c70604187acb744"
            ],
            "type": "Image",
            "firstPartyCookies": {},
            "firstPartyCookiesSent": {
                "__adal_cw": 0.0002008233758409479
            },
            "exampleSites": [
                "32red.com",
                "www.uswitch.com"
            ]
        },
        {
            "rule": "adalyser\\.com\\/",
            "cookies": 0,
            "fingerprinting": 0,
            "subdomains": [
                "tracking",
                "s1-tracking",
                "c3"
            ],
            "apis": {},
            "sites": 5,
            "prevalence": 0.000502,
            "cnames": [],
            "responseHashes": [
                "e3b0c44298fc1c149afbf4c8996fb92427ae41e4649b934ca495991b7852b855"
            ],
            "type": "XHR",
            "firstPartyCookies": {},
            "firstPartyCookiesSent": {
                "__adal_first_visit": 0.0002008233758409479,
                "__adal_session_start": 0.0002008233758409479,
                "__adal_last_visit": 0.0002008233758409479
            },
            "exampleSites": [
                "boohoo.com",
                "www.bonmarche.co.uk",
                "www.funkypigeon.com",
                "www.hoseasons.co.uk",
                "www.watchshop.com"
            ]
        }
    ],
    "categories": [],
    "performance": {},
    "cookies": 0.00331,
    "types": {
        "Script": 33,
        "Image": 33,
        "XHR": 5
    },
    "nameservers": [
        "ns11.dnsmadeeasy.com",
        "ns12.dnsmadeeasy.com",
        "ns13.dnsmadeeasy.com",
        "ns14.dnsmadeeasy.com",
        "ns15.dnsmadeeasy.com",
        "ns10.dnsmadeeasy.com"
    ]
}