{
    "domain": "app-us1.com",
    "owner": {
        "name": "ActiveCampaign, Inc.",
        "displayName": "ActiveCampaign"
    },
    "source": [
        "DuckDuckGo-GB"
    ],
    "prevalence": 0.00211,
    "sites": 21,
    "subdomains": [
        "diffuser-cdn",
        "prism"
    ],
    "cnames": [],
    "fingerprinting": 1,
    "resources": [
        {
            "rule": "app-us1\\.com\\/diffuser\\/diffuser\\.js",
            "cookies": 0.00171,
            "fingerprinting": 1,
            "subdomains": [
                "diffuser-cdn"
            ],
            "apis": {
                "Document.cookie getter": 17,
                "Date.prototype.getTime": 19,
                "Document.cookie setter": 17
            },
            "sites": 21,
            "prevalence": 0.00211,
            "cnames": [],
            "responseHashes": [
                "15eb202865d1d835fae2eff61bb922fa91fb4064a1fb850ebadab1f190782648"
            ],
            "type": "Script",
            "firstPartyCookies": {
                "prism_799414891": {
                    "ttl": 2592004,
                    "length": 36,
                    "prevalence": 0.0001004217714400482,
                    "uniqueness": 1
                },
                "prism_91160084": {
                    "ttl": 2592003,
                    "length": 36,
                    "prevalence": 0.0001004217714400482,
                    "uniqueness": 1
                },
                "prism_26632450": {
                    "ttl": 2592006,
                    "length": 36,
                    "prevalence": 0.0001004217714400482,
                    "uniqueness": 1
                },
                "prism_25946650": {
                    "ttl": 2592004,
                    "length": 36,
                    "prevalence": 0.0001004217714400482,
                    "uniqueness": 1
                },
                "prism_90057684": {
                    "ttl": 2592004,
                    "length": 36,
                    "prevalence": 0.0001004217714400482,
                    "uniqueness": 1
                },
                "prism_223686333": {
                    "ttl": 2592004,
                    "length": 36,
                    "prevalence": 0.0001004217714400482,
                    "uniqueness": 1
                },
                "prism_649998635": {
                    "ttl": 2592005,
                    "length": 36,
                    "prevalence": 0.0001004217714400482,
                    "uniqueness": 1
                },
                "prism_66978442": {
                    "ttl": 2592004,
                    "length": 36,
                    "prevalence": 0.0001004217714400482,
                    "uniqueness": 1
                },
                "prism_611487216": {
                    "ttl": 2592005,
                    "length": 36,
                    "prevalence": 0.0001004217714400482,
                    "uniqueness": 1
                },
                "prism_89749924": {
                    "ttl": 2592005,
                    "length": 36,
                    "prevalence": 0.0001004217714400482,
                    "uniqueness": 1
                },
                "prism_25900740": {
                    "ttl": 2592004,
                    "length": 36,
                    "prevalence": 0.0001004217714400482,
                    "uniqueness": 1
                },
                "prism_649477835": {
                    "ttl": 2592012,
                    "length": 36,
                    "prevalence": 0.0001004217714400482,
                    "uniqueness": 1
                },
                "prism_1000330038": {
                    "ttl": 2592011,
                    "length": 36,
                    "prevalence": 0.0001004217714400482,
                    "uniqueness": 1
                },
                "prism_610588136": {
                    "ttl": 2592004,
                    "length": 36,
                    "prevalence": 0.0001004217714400482,
                    "uniqueness": 1
                },
                "prism_253578229": {
                    "ttl": 2592003,
                    "length": 36,
                    "prevalence": 0.0001004217714400482,
                    "uniqueness": 1
                },
                "prism_610292066": {
                    "ttl": 2592005,
                    "length": 36,
                    "prevalence": 0.0001004217714400482,
                    "uniqueness": 1
                },
                "prism_610523846": {
                    "ttl": 2592002,
                    "length": 36,
                    "prevalence": 0.0001004217714400482,
                    "uniqueness": 1
                }
            },
            "firstPartyCookiesSent": {},
            "exampleSites": [
                "seekingalpha.com",
                "www.lse.ac.uk",
                "ideapod.com",
                "www.truity.com",
                "sharylattkisson.com",
                "www.boss.info",
                "www.mpb.com",
                "carfromjapan.com",
                "www.flightconnections.com",
                "uk.scalextric.com",
                "www.nerdsandscoundrels.com",
                "uk.hornby.com",
                "www.jpost.com",
                "www.yopa.co.uk",
                "tinybuddha.com",
                "hubite.com",
                "www.peakprosperity.com",
                "www.gemsociety.org",
                "uk.airfix.com",
                "www.lifehack.org"
            ]
        },
        {
            "rule": "app-us1\\.com\\/",
            "cookies": 0.00211,
            "fingerprinting": 0,
            "subdomains": [
                "prism"
            ],
            "apis": {},
            "sites": 21,
            "prevalence": 0.00211,
            "cnames": [],
            "responseHashes": [
                "994bb6c700da5004849d86970e0d4121f8e0e487c4b775a0b2ab396cb105d8b8",
                "aed9007c9e260f52abcfcfc44ac357d4b871fedd1ce387c9dd9bca5bd15c8206",
                "cb0d80e4b21c4d4aa11d5ee3f6bea86868ef6d2ef9c181d7efbfd5b2bf2733d6",
                "3438ea42fccdf1092ed6014890102071dbd60740854198923f6c8d67d0889ff4",
                "3a863a7d1fe367a457e74c82347e9ba05924ccbd19c578a381e2c2db64603c90",
                "08d8d13fc9a5827be5b876941e0fa040fe13e9a535c5d7f362d936b8a2ea8d78",
                "079fc6af1b704f0cb7f5ad935f17da928a7e5872295288942896c3186b196cf3",
                "e3b0c44298fc1c149afbf4c8996fb92427ae41e4649b934ca495991b7852b855",
                "da051ebbef3bc93a8398bb056e916e55285495dd06c0d357edeba30fd066e31a",
                "41337711ce3e8f33ceff91bada9d47334c7ab4df97c9656b6836e8227997b015",
                "23f4d4316cad41d693f80b32f15717fae34a4e9c12a5979df5e0c43cf777b153",
                "ab7b38415ba89249ae8526d2fd3517009cf914770efe2f1f9ae92172b7db04e8",
                "12b23fa80b45841e0c70de3f17e77ab98068d7ec763e71506883ebbdf02e6a06",
                "386ecfff0f6360e9e39710b3bf33a45b31a7108a5c8f1d8ba2a11f5571132cb8",
                "04aeb5877d1541c6affc913edcc68d3ddca28e4648ba2e263f47c11158c6f4a4",
                "9eda8b99f401889fa5b0698e43a185b9614f5d8b796b9a20a622966d7f218b15",
                "52222dd0962e1eba97b02bf9c3350caa96bb9ca1b94d7c2997808671daae795c",
                "e10fc461bad6319a0a1150cbbb2aa080e2bb904700f3821f056694ac72308e70",
                "118297eeabb1f61306584923e47d0c4b733d777cd2dbbdc1654aa7f6ac99a533",
                "f73dea4791ef73064ced051a56320eb1e62a3c041b6d221948a9172fcad8e512"
            ],
            "type": "Script",
            "firstPartyCookies": {},
            "firstPartyCookiesSent": {
                "dy_fs_page": 0.0003012653143201446
            },