{
    "domain": "baidu.com",
    "owner": {
        "name": "Baidu, Inc.",
        "displayName": "Baidu"
    },
    "source": [
        "DuckDuckGo-GB"
    ],
    "prevalence": 0.000905,
    "sites": 9,
    "subdomains": [
        "hm"
    ],
    "cnames": [],
    "fingerprinting": 2,
    "resources": [
        {
            "rule": "baidu\\.com\\/hm\\.js",
            "cookies": 0.000804,
            "fingerprinting": 2,
            "subdomains": [
                "hm"
            ],
            "apis": {
                "Navigator.prototype.userAgent": 8,
                "Navigator.prototype.cookieEnabled": 8,
                "Navigator.prototype.javaEnabled": 8,
                "Navigator.prototype.language": 8,
                "Screen.prototype.width": 8,
                "Screen.prototype.height": 8,
                "Screen.prototype.colorDepth": 8,
                "Screen.prototype.orientation": 8,
                "Document.cookie getter": 6,
                "window.sessionStorage": 8,
                "window.localStorage": 8,
                "Date.prototype.getTime": 8,
                "Document.cookie setter": 6,
                "Navigator.prototype.plugins": 8,
                "Navigator.prototype.mimeTypes": 8
            },
            "sites": 8,
            "prevalence": 0.000804,
            "cnames": [],
            "responseHashes": [
                "dab86adadf4ec490a9c62580c0aa40022785795b36d78f143986a289ea1e1d8d",
                "2567f0b3fb2aeb050434dd92bb95532ba51423fac5c70e685932a943591c392a",
                "1e99f0f62b8c5906d51d143fb2d6741c3b5bd2b58d7866b5fe84143f9f50f011",
                "fcb51da39d0891ae1d5ac17987a359f9fac7d452269818bcc7720114c3f72294",
                "5e2eb928efddba88240c26d7d7861fc362eab55745a7c5c69b341264139b0296",
                "9a7f1612dafb63d99e3bb0efe621cb5929a420b20e9e9778a62a7b6ca2ebe535",
                "421d692c40bfcdf0f31bcdfb26c9e4067895e5bce84448cde68d8a93fefadcd8"
            ],
            "type": "Script",
            "firstPartyCookies": {
                "Hm_lvt_32304eb8692c77114cb8a8f7658af78b": {
                    "ttl": 31536003,
                    "length": 10,
                    "prevalence": 0.00010050251256281407,
                    "uniqueness": 1
                },
                "Hm_lpvt_32304eb8692c77114cb8a8f7658af78b": {
                    "ttl": null,
                    "length": 10,
                    "prevalence": 0.00010050251256281407,
                    "uniqueness": 1
                },
                "Hm_lvt_6bcd52f51e9b3dce32bec4a3997715ac": {
                    "ttl": 31536004,
                    "length": 10,
                    "prevalence": 0.00010050251256281407,
                    "uniqueness": 1
                },
                "Hm_lpvt_6bcd52f51e9b3dce32bec4a3997715ac": {
                    "ttl": null,
                    "length": 10,
                    "prevalence": 0.00010050251256281407,
                    "uniqueness": 1
                },
                "Hm_up_6bcd52f51e9b3dce32bec4a3997715ac": {
                    "ttl": 31536004,
                    "length": 194,
                    "prevalence": 0.00010050251256281407,
                    "uniqueness": 1
                },
                "Hm_ct_6bcd52f51e9b3dce32bec4a3997715ac": {
                    "ttl": 31536004,
                    "length": 41,
                    "prevalence": 0.00010050251256281407,
                    "uniqueness": 1
                },
                "Hm_lvt_49e0c72fc586220c33eb848344f047c5": {
                    "ttl": 31536005,
                    "length": 10,
                    "prevalence": 0.00010050251256281407,
                    "uniqueness": 1
                },
                "Hm_lpvt_49e0c72fc586220c33eb848344f047c5": {
                    "ttl": null,
                    "length": 10,
                    "prevalence": 0.00010050251256281407,
                    "uniqueness": 1
                },
                "Hm_ct_49e0c72fc586220c33eb848344f047c5": {
                    "ttl": 31536005,
                    "length": 16,
                    "prevalence": 0.00010050251256281407,
                    "uniqueness": 1
                },
                "Hm_lvt_07c8e2ff21896b108ed45c014aa2e8b5": {
                    "ttl": 31536003,
                    "length": 10,
                    "prevalence": 0.00010050251256281407,
                    "uniqueness": 1
                },
                "Hm_lpvt_07c8e2ff21896b108ed45c014aa2e8b5": {
                    "ttl": null,
                    "length": 10,
                    "prevalence": 0.00010050251256281407,
                    "uniqueness": 1
                },
                "Hm_lvt_5b4f38e6b0a7c01bf5afebec95d6e4e7": {
                    "ttl": 31536006,
                    "length": 10,
                    "prevalence": 0.00010050251256281407,
                    "uniqueness": 1
                },
                "Hm_lpvt_5b4f38e6b0a7c01bf5afebec95d6e4e7": {
                    "ttl": null,
                    "length": 10,
                    "prevalence": 0.00010050251256281407,
                    "uniqueness": 1
                },
                "Hm_lvt_29884b6641f1b5709cc89a8ce5a99366": {
                    "ttl": 31536003,
                    "length": 10,
                    "prevalence": 0.00010050251256281407,
                    "uniqueness": 1
                },
                "Hm_lpvt_29884b6641f1b5709cc89a8ce5a99366": {
                    "ttl": null,
                    "length": 10,
                    "prevalence": 0.00010050251256281407,
                    "uniqueness": 1
                }
            },
            "firstPartyCookiesSent": {},
            "exampleSites": [
                "bato.to",
                "blog.csdn.net",
                "downloadcenter.intel.com",
                "mangapark.net",
                "www.kent.ac.uk",
                "www.op.gg",
                "www.victorinox.com",
                "www.zhihu.com"
            ]
        },
        {
            "rule": "baidu\\.com\\/hm\\.gif",
            "cookies": 0,
            "fingerprinting": 0,
            "subdomains": [
                "hm"
            ],
            "apis": {},
            "sites": 8,
            "prevalence": 0.000804,
            "cnames": [],
            "responseHashes": [
                "cf4724b2f736ed1a0ae6bc28f1ead963d9cd2c1fd87b6ef32e7799fc1c5c8bda"
            ],
            "type": "Image",
            "firstPartyCookies": {},
            "firstPartyCookiesSent": {
                "Hm_ct_6bcd52f51e9b3dce32bec4a3997715ac": 0.00010050251256281407,
                "Hm_ct_49e0c72fc586220c33eb848344f047c5": 0.00010050251256281407
            },
            "exampleSites": [
                "bato.to",
                "blog.csdn.net",
                "downloadcenter.intel.com",
                "mangapark.net",
                "www.kent.ac.uk",
                "www.op.gg",
                "www.victorinox.com",
                "www.zhihu.com"
            ]
        }
    ],
    "categories": [],
    "performance": {
        "time": 1,
        "size": 1,
        "cpu": 2,
        "cache": 3
    },
    "cookies": 0.000804,
    "types": {
        "Script": 8,
        "Image": 8
    },
    "nameservers": [
        "ns2.baidu.com",
        "dns.baidu.com",
        "ns3.baidu.com",
        "ns7.baidu.com",
        "ns4.baidu.com"
    ]
}