{
    "domain": "consentframework.com",
    "owner": {},
    "source": [
        "DuckDuckGo-GB"
    ],
    "prevalence": 0.000703,
    "sites": 7,
    "subdomains": [
        "choices"
    ],
    "cnames": [],
    "fingerprinting": 1,
    "resources": [
        {
            "rule": "consentframework\\.com\\/api\\/v1\\/public\\/consent-string\\/user",
            "cookies": 0,
            "fingerprinting": 0,
            "subdomains": [
                "choices"
            ],
            "apis": {},
            "sites": 7,
            "prevalence": 0.000703,
            "cnames": [],
            "responseHashes": [
                "178cf552c391e522165d038ea244067c43b7a4d455cc5f7ea45d54077bb5029b",
                "ec256d7d4ee0369a8ca6f2e2f09fb997a5f0ebd3e3a00c13dd068639302e6bb4",
                "58f682483c45def199d40b8b01bdd6fc6884f28cad5a8f0f0632a78a3fc02f4e",
                "40139a3c6467561fc41582f87247216afd16b22f6cca05b225a5bf8bd4a9c715",
                "bf591a2866fad7ed93ee54995c5743303a6003e71ce96ca4677b44ffa2b3ef5a",
                "2e91c53696720d8e8d34eb996edff975e73ee4c0d69c64b9eac082a33dd55b0e"
            ],
            "type": "Fetch",
            "firstPartyCookies": {},
            "firstPartyCookiesSent": {},
            "exampleSites": [
                "dafont.com",
                "www.free-scores.com",
                "www.infobel.com",
                "www.oom2.com",
                "www.theanswerbank.co.uk",
                "www.tokyvideo.com",
                "www.whatfontis.com"
            ]
        },
        {
            "rule": "consentframework\\.com\\/api\\/v1\\/public\\/consent-string",
            "cookies": 0,
            "fingerprinting": 0,
            "subdomains": [
                "choices"
            ],
            "apis": {},
            "sites": 7,
            "prevalence": 0.000703,
            "cnames": [],
            "responseHashes": [
                "e48ddc0fa3f592d800698ec6dc30315da5692c5faeb0b3a434a696dbf1ef63f9",
                "f718f0ed2d551c8b63d2b5a0bf034f125a7738be80a2fc8de800333240dafbfa",
                "1de3633ece8dfaefdaacd8a23b3cbfa9af8f23356917fef547fe29225504b752",
                "95aa0844c02125a034828177e8a7e8fdd38dbdd0d8547e2c4309fdbfc5bbb313",
                "340f5e79cb10b918d3cce0e46fbf0123e55401014fbe07e3fd8d5a225a7f7b50",
                "598f2f218c5a8e5067099e8814ffc45908c67031f4fe8bd75104028f15f361d1"
            ],
            "type": "Fetch",
            "firstPartyCookies": {},
            "firstPartyCookiesSent": {},
            "exampleSites": [
                "dafont.com",
                "www.free-scores.com",
                "www.infobel.com",
                "www.oom2.com",
                "www.theanswerbank.co.uk",
                "www.tokyvideo.com",
                "www.whatfontis.com"
            ]
        },
        {
            "rule": "consentframework\\.com\\/api\\/v1\\/public\\/consent-string",
            "cookies": 0,
            "fingerprinting": 0,
            "subdomains": [
                "choices"
            ],
            "apis": {},
            "sites": 7,
            "prevalence": 0.000703,
            "cnames": [],
            "responseHashes": [],
            "type": "Preflight",
            "firstPartyCookies": {},
            "firstPartyCookiesSent": {},
            "exampleSites": [
                "dafont.com",
                "www.free-scores.com",
                "www.infobel.com",
                "www.oom2.com",
                "www.theanswerbank.co.uk",
                "www.tokyvideo.com",
                "www.whatfontis.com"
            ]
        },
        {
            "rule": "consentframework\\.com\\/api\\/v1\\/public\\/user-action",
            "cookies": 0,
            "fingerprinting": 0,
            "subdomains": [
                "choices"
            ],
            "apis": {},
            "sites": 7,
            "prevalence": 0.000703,
            "cnames": [],
            "responseHashes": [
                "e3b0c44298fc1c149afbf4c8996fb92427ae41e4649b934ca495991b7852b855"
            ],
            "type": "Fetch",
            "firstPartyCookies": {},
            "firstPartyCookiesSent": {},
            "exampleSites": [
                "dafont.com",
                "www.free-scores.com",
                "www.infobel.com",
                "www.oom2.com",
                "www.theanswerbank.co.uk",
                "www.tokyvideo.com",
                "www.whatfontis.com"
            ]
        },
        {
            "rule": "consentframework\\.com\\/api\\/v1\\/public\\/user-action",
            "cookies": 0,
            "fingerprinting": 0,
            "subdomains": [
                "choices"
            ],
            "apis": {},
            "sites": 7,
            "prevalence": 0.000703,
            "cnames": [],
            "responseHashes": [],
            "type": "Preflight",
            "firstPartyCookies": {},
            "firstPartyCookiesSent": {},
            "exampleSites": [
                "dafont.com",
                "www.free-scores.com",
                "www.infobel.com",
                "www.oom2.com",
                "www.theanswerbank.co.uk",
                "www.tokyvideo.com",
                "www.whatfontis.com"
            ]
        },
        {
            "rule": "consentframework\\.com\\/api\\/v1\\/public\\/profile\\/check",
            "cookies": 0,
            "fingerprinting": 0,
            "subdomains": [
                "choices"
            ],
            "apis": {},
            "sites": 4,
            "prevalence": 0.000401,
            "cnames": [],
            "responseHashes": [
                "ab140244cd2fd2892fec183c503c0f9522f9935f5e6c5ace01e92924a7e2e90e"
            ],
            "type": "Fetch",
            "firstPartyCookies": {},
            "firstPartyCookiesSent": {},
            "exampleSites": [
                "infobel.com",
                "www.oom2.com",
                "www.theanswerbank.co.uk",
                "www.whatfontis.com"
            ]
        },
        {
            "rule": "consentframework\\.com\\/api\\/v1\\/public\\/v2\\/tcstring",
            "cookies": 0,
            "fingerprinting": 0,
            "subdomains": [
                "choices"
            ],
            "apis": {},
            "sites": 4,
            "prevalence": 0.000401,
            "cnames": [],
            "responseHashes": [
                "6d24890b5608b6d182f02198897f50f220a40b66a08751a443ac714bf6f86602"
            ],
            "type": "Fetch",
            "firstPartyCookies": {},
            "firstPartyCookiesSent": {},
            "exampleSites": [
                "infobel.com",
                "www.oom2.com",
                "www.theanswerbank.co.uk",
                "www.whatfontis.com"
            ]
        }
    ],
    "categories": [],
    "performance": {},
    "cookies": 0.000703,
    "types": {
        "Fetch": 29,
        "Preflight": 14
    },
    "nameservers": [
        "hal.ns.cloudflare.com",
        "kiki.ns.cloudflare.com"
    ]
}