{
    "domain": "cookieless-data.com",
    "owner": {},
    "source": [
        "DuckDuckGo-GB"
    ],
    "prevalence": 0.00252,
    "sites": 25,
    "subdomains": [
        "kvt",
        "js",
        "map"
    ],
    "cnames": [],
    "fingerprinting": 0,
    "resources": [
        {
            "rule": "cookieless-data\\.com\\/api\\/v1\\/public\\/p\\/28662\\/d\\/33\\/c",
            "cookies": 0,
            "fingerprinting": 0,
            "subdomains": [
                "kvt"
            ],
            "apis": {},
            "sites": 16,
            "prevalence": 0.00161,
            "cnames": [],
            "responseHashes": [
                "c198cd7e34dfaee0116481f312304aa29caa262e7efea1635c16f743bb5f0864",
                "2dd4f089bdf02c0384218a63007b6fdb40d724a2b7a5e50b967c02468f914a81",
                "5f12f52eb85af9bbc36e43a15b0bb15f95fd11564154d709a2589427d4153837",
                "6f45de7c72e6775bda8229b600db9ca23b7652bd6fe0be85287188a176d7779e",
                "b08b7454c3f7ab9175348bf091a4d67507df996080e0c66139126901207b0aaa",
                "fdfca96a26f4ffad57401d42f43439c5f3d75783d0791abef9647f3bc1232205",
                "d162a5b7c5a0841afc36a4f05b435574ad622b3c1b5090336ee11016652f93d1",
                "100fb18fe1ecfc6b5194edc8a556d49de61ddefc6a2f89c37bb404fa5a532402",
                "f8cf2b7f67623d25b1b1338cc5b0207fb909cf58fb7dfd862da6d92dbf45f9d1"
            ],
            "type": "Script",
            "firstPartyCookies": {},
            "firstPartyCookiesSent": {},
            "exampleSites": [
                "ccm.net",
                "classics.honestjohn.co.uk",
                "vans.honestjohn.co.uk",
                "www.celticquicknews.co.uk",
                "www.efestivals.co.uk",
                "www.footballcritic.com",
                "www.football365.com",
                "www.generacodice.com",
                "www.honestjohn.co.uk",
                "www.justjared.com",
                "www.reviewcentre.com",
                "www.sharecast.com",
                "www.sporcle.com",
                "www.thinkbabynames.com",
                "www.whats-on-netflix.com",
                "www.wheresthematch.com"
            ]
        },
        {
            "rule": "cookieless-data\\.com\\/GS\\.d",
            "cookies": 0,
            "fingerprinting": 0,
            "subdomains": [
                "js"
            ],
            "apis": {},
            "sites": 9,
            "prevalence": 0.000908,
            "cnames": [],
            "responseHashes": [
                "e3b0c44298fc1c149afbf4c8996fb92427ae41e4649b934ca495991b7852b855"
            ],
            "type": "Script",
            "firstPartyCookies": {},
            "firstPartyCookiesSent": {
                "tt_c_vmt": 0.00010092854259184497
            },
            "exampleSites": [
                "guides4gamers.com",
                "health.onehowto.com",
                "www.animalwised.com",
                "www.dafont.com",
                "www.infobel.com",
                "www.realclearpolitics.com",
                "www.oom2.com",
                "www.tokyvideo.com",
                "www.whereandwhen.net"
            ]
        },
        {
            "rule": "cookieless-data\\.com\\/MAP\\.d",
            "cookies": 0,
            "fingerprinting": 0,
            "subdomains": [
                "map"
            ],
            "apis": {},
            "sites": 2,
            "prevalence": 0.000202,
            "cnames": [],
            "responseHashes": [],
            "type": "Image",
            "firstPartyCookies": {},
            "firstPartyCookiesSent": {},
            "exampleSites": [
                "footballcritic.com",
                "www.thinkbabynames.com"
            ]
        }
    ],
    "categories": [],
    "performance": {},
    "cookies": 0,
    "types": {
        "Script": 25,
        "Image": 2
    },
    "nameservers": [
        "dns113.ovh.net",
        "ns113.ovh.net"
    ]
}