{
    "domain": "freychang.fun",
    "owner": {},
    "source": [
        "DuckDuckGo-GB"
    ],
    "prevalence": 0.00351,
    "sites": 35,
    "subdomains": [],
    "cnames": [],
    "fingerprinting": 0,
    "resources": [
        {
            "rule": "freychang\\.fun\\/",
            "cookies": 0.00351,
            "fingerprinting": 0,
            "subdomains": [],
            "apis": {},
            "sites": 35,
            "prevalence": 0.00351,
            "cnames": [],
            "responseHashes": [
                "380d075abed07802f9219c2987acfad4c53f957561be0310718bee644abca999",
                "a43050630b9b6de08840e5350442dba60de4639b4aac6906cb506f8bf978a364",
                "b837ac6e7d728ef5cefee43c0273f5d8c7468ce89045e30cc8279dc3229d3b30",
                "d27b638106fb42dfcff3f839ceb52c68c1cf499651804145cd8a5290c15091c8",
                "1ce412382c7b16af353494e9d11cf745208385b068d4f8729bd7f4c6f704d3da",
                "2fe28fef599cbdf348da9181920417bbd5350aab7dde37dba9c33122e8118744",
                "caa442d431b97567161e99acc7b26dc418936f51abf891bef400a096fd70d9dc",
                "f22fe775a75120cadf6b1140236f249155da16bb072083e14a8b33601b623cfc",
                "1c9a9733fdd06169b1a684a463f1a6a46f2036a1babeca63df1205fc3bdaa8b8",
                "5c64c970c5bdc6c99364213ccb3b6ab78e78932731dcb3aff4bfaa75329b3269",
                "09c01747ae4c035d5f326a7ed6ff2514f55f6edad7be00c23dcae2b21613742f",
                "4780cbccde8888008061786cccf8f24a0c00ea104525a9fde9f117a248e0dd3e",
                "e250b10a5c4393503dc85e1961eeb1a0ec520bd263710710889f352557e7d1ca",
                "a6216f683906731103fe6e6ad277a7369e7015137dc9f6cbc6d0f80b0513b5a6",
                "9362d92fa534cd848afa87a0d04f4313ccae468e99227f1eb985998c9fbaac1e",
                "c424214314b5491b53dec25981c7c58f96c6b7ada2a29f2d62510511116232f7",
                "91e3f18a583f0b62c5bcb5dc965eca56b5e42a5d374b93d1daf8fa0fe108e4aa",
                "219fb5d1c8217fa1d9a4c13d0a4f4e5426781881c8aad2a3f3a4bc53092290ba",
                "bc1c8b0a226ac36a227851b43f5e5a06a425d17f9c2a4adba1d012f62c600bd8",
                "d93ed22b63de930175b617fbc82d7b0d54d49b53eba647865e5107b120a43d06",
                "cba286edae6bf68e0149dd499e404c006b78073ae20289eb95905e0927260cb3",
                "e35a3d3e489e1e731d54069bd3b312e9fc816132445c6a68f28ec407664c63ac",
                "0bc3dfc12e65b554fbad52eeac7829eee43540df5eda583b8b70ba7fe22e9d92",
                "e7e85d1dd880052d8e655f154566e08b7addf2b4c76aa8a27ae112cc4fc53a5c",
                "23a4b0aa9bcd98f3197b98ab4c2a1525925df36c78f69e731b22d44a73ea7b80",
                "2fa45ef82f5903badd105c9c76abc245d2aa6e8e1480fea952a8df5c9c7006c2",
                "36f5dd26f02b288bef8ee6595664f7618d81396586e748398ed288d7a65a17b9",
                "c083c33c42d9d0edb61b9b17a951093b26f9bc442e1ae8fcf1398a85ab0c8225",
                "69c9aac6ebe81f5cd1dc4af3984ab853bab927d32ab4adfbbc9b9742718d9d99",
                "b52a80ddc4fc293e6d275d11059962364f7311b720b420c693750b0e285e6fe7",
                "19bc97aaf31613529d8f255a95473431cee4169a568a260ba2279affad644cc2",
                "50a902734cd82c7e11d74ad0591f5c0fb595012daf41b34c566c968f0ef93161",
                "f080b1e30846e87e9ecc372e0d560a81de5475d889af55477782237696e8dd4f",
                "125596c0b2421473835ceb864f002a1a7f0bfcf3465f410c43f195cc35ca2f38"
            ],
            "type": "Fetch",
            "firstPartyCookies": {},
            "firstPartyCookiesSent": {},
            "exampleSites": [
                "justpicsplease.com",
                "www.pornachi.com",
                "pixelmania.dev",
                "m.smutty.com",
                "xxxpicss.com",
                "xnxx90.com",
                "cmovies.watch",
                "xnxx.kactube.com",
                "www.xnxxx.red",
                "pornsearchengine.com",
                "notfans.com",
                "xnxx97.com",
                "rapepornvideo.net",
                "www.xrares.com",
                "dirtyship.com",
                "anyxxx.com",
                "xxx-porn-hub.com",
                "forporn.net",
                "www.bestialitysextaboo.com",
                "www-soap2day.to"
            ]
        }
    ],
    "categories": [],
    "performance": {},
    "cookies": 0.00351,
    "types": {
        "Fetch": 35
    },
    "nameservers": [
        "demi.ns.cloudflare.com",
        "aiden.ns.cloudflare.com"
    ]
}