{
    "domain": "global-e.com",
    "owner": {},
    "source": [
        "DuckDuckGo-GB"
    ],
    "prevalence": 0.00202,
    "sites": 20,
    "subdomains": [
        "webservices",
        "utils",
        "web",
        "gepi",
        "gex"
    ],
    "cnames": [],
    "fingerprinting": 1,
    "resources": [
        {
            "rule": "global-e\\.com\\/merchant\\/changeshippingandcurrency",
            "cookies": 0.000908,
            "fingerprinting": 0,
            "subdomains": [
                "webservices"
            ],
            "apis": {},
            "sites": 17,
            "prevalence": 0.00172,
            "cnames": [],
            "responseHashes": [
                "a9381c51c2a1d812fedcd51d142a6c5a2adc8f94c9f70335c98b014ddf6df05e",
                "4b5f37fff8972d6ce1bd3d2c0b785a9e06cb96c4c8356706e61f2184bdd432b3",
                "643d9d8327db738bc1dffbaf692fe45cfd94c601d340215d2000e38df463def6",
                "8d2e0f9f4c7b822fa995db4a5ae080abfd2be0edb3aee0f1abd65cee6aec40c5",
                "1fc640fd028704de168f7c0bcf2abc26e4f9196e4c3d677279b74299c568f5b0",
                "6faef798fdaf9fa2d87f0ea15a035e866940bec549bd88f01bb38da6d923f73e",
                "3bb9f6411ae3f7612ce688a8b8aa4098678a211ddfa0d58df8373c6ee3b656ab",
                "3ddb6ef6f5f74f23ff16ddc15c75b6eef2481886911dcd3b47e37cab95913ea4",
                "7c4e9175634d3b3c6a0d372e08ec377ce87911d3abc0ee31fa04645d8e416cb0",
                "0f7e1fec296301055975afa309310e8aa44ca6a92fcaab646942bd99a1f65d15",
                "48c799c5bb3f8abb97db99a977525ed303c701b0f6a40d1e9a4a7889ebd84545",
                "ea97652022b6134c4ffbf150737e188a38ac3780b84f803868f3bd66a1685b6b",
                "6ad72f68f84cdc0583594a2cb27a00d9c6381c469c0ea0dfa40abae4fd89ba2d",
                "e830e76ecbac5559983934048451da3d53b6b65ada0e2cf8a19a4cc65724d54e"
            ],
            "type": "Script",
            "firstPartyCookies": {},
            "firstPartyCookiesSent": {},
            "exampleSites": [
                "accessorize.com",
                "www.annsummers.co.uk",
                "www.annsummers.com",
                "www.axminstertools.com",
                "www.chemistdirect.co.uk",
                "www.cultpens.com",
                "www.dunelondon.com",
                "www.everything5pounds.com",
                "www.firstclasswatches.co.uk",
                "www.hobbycraft.co.uk",
                "www.inov-8.com",
                "www.joebrowns.co.uk",
                "www.libertylondon.com",
                "www.mintvelvet.co.uk",
                "www.seasaltcornwall.com",
                "www.sigmasports.com",
                "www.vivobarefoot.com"
            ]
        },
        {
            "rule": "global-e\\.com\\/set",
            "cookies": 0,
            "fingerprinting": 0,
            "subdomains": [
                "utils"
            ],
            "apis": {},
            "sites": 13,
            "prevalence": 0.00131,
            "cnames": [],
            "responseHashes": [
                "1ed70d02696722505ec82915a7dd9fbf2c512366d009b74bdbe37c9869c250a4"
            ],
            "type": "Image",
            "firstPartyCookies": {},
            "firstPartyCookiesSent": {
                "dy_fs_page": 0.00010092854259184497,
                "currency_symbol": 0.00010092854259184497
            },
            "exampleSites": [
                "accessorize.com",
                "www.annsummers.co.uk",
                "www.annsummers.com",
                "www.axminstertools.com",
                "www.chemistdirect.co.uk",
                "www.cultpens.com",
                "www.dunelondon.com",
                "www.everything5pounds.com",
                "www.firstclasswatches.co.uk",
                "www.hobbycraft.co.uk",
                "www.libertylondon.com",
                "www.mintvelvet.co.uk",
                "www.sigmasports.com"
            ]
        },
        {
            "rule": "global-e\\.com\\/shared\\/ServerLogging",
            "cookies": 0,
            "fingerprinting": 0,
            "subdomains": [
                "webservices",
                "web"
            ],
            "apis": {},
            "sites": 10,
            "prevalence": 0.00101,
            "cnames": [],
            "responseHashes": [
                "f36ed4dd5f6e7d8b46abed3fd3bcc805de80691124895d88a7f18a0634702231"
            ],
            "type": "Script",
            "firstPartyCookies": {},
            "firstPartyCookiesSent": {},
            "exampleSites": [
                "accessorize.com",
                "www.cultpens.com",
                "www.dunelondon.com",
                "www.firstclasswatches.co.uk",
                "www.hobbycraft.co.uk",
                "www.joebrowns.co.uk",
                "www.libertylondon.com",
                "www.seasaltcornwall.com",
                "www.sigmasports.com",
                "www.vivobarefoot.com"
            ]
        },
        {
            "rule": "global-e\\.com\\/merchant\\/clientsdk\\/684",
            "cookies": 0.000202,
            "fingerprinting": 1,
            "subdomains": [
                "web"
            ],
            "apis": {
                "Navigator.prototype.userAgent": 2,
                "Document.cookie getter": 2,
                "window.localStorage": 2,
                "Document.cookie setter": 2,
                "window.sessionStorage": 2
            },
            "sites": 2,
            "prevalence": 0.000202,
            "cnames": [],
            "responseHashes": [
                "04e1963ff74b966c8150e08d31a7acbd3005e2e3ed785d81d489e5cdb5582f4a"
            ],
            "type": "Script",
            "firstPartyCookies": {
                "GlobalE_CT_Data": {
                    "ttl": 63072022,
                    "length": 71,
                    "prevalence": 0.00010092854259184497,
                    "uniqueness": 1
                }
            },
            "firstPartyCookiesSent": {},
            "exampleSites": [
                "annsummers.co.uk",
                "www.annsummers.com"
            ]
        },
        {
            "rule": "global-e\\.com\\/scripts\\/proxy\\/ge-mutation\\.js",
            "cookies": 0,
            "fingerprinting": 0,
            "subdomains": [
                "gepi"
            ],
            "apis": {},
            "sites": 6,
            "prevalence": 0.000606,
            "cnames": [],
            "responseHashes": [
                "c389ce97cd135c4f6723bbfbebe02bf38e0b21641028a9a17c225eeb2f0a6b2f"
            ],
            "type": "Script",
            "firstPartyCookies": {},
            "firstPartyCookiesSent": {},
            "exampleSites": [
                "axminstertools.com",
                "www.chemistdirect.co.uk",
                "www.firstclasswatches.co.uk",
                "www.hobbycraft.co.uk",
                "www.mintvelvet.co.uk",
                "www.sigmasports.com"
            ]
        },
        {
            "rule": "global-e\\.com\\/scripts\\/proxy\\/mutation-summary\\.js",
            "cookies": 0,
            "fingerprinting": 0,
            "subdomains": [
                "gepi"
            ],
            "apis": {},
            "sites": 6,
            "prevalence": 0.000606,
            "cnames": [],
            "responseHashes": [
                "30c56770b5cc4df4c4e087280cfd999783e473f1481ef11c62092174e8c0ea9e"
            ],
            "type": "Script",
            "firstPartyCookies": {},
            "firstPartyCookiesSent": {},
            "exampleSites": [
                "axminstertools.com",
                "www.chemistdirect.co.uk",
                "www.firstclasswatches.co.uk",
                "www.hobbycraft.co.uk",
                "www.mintvelvet.co.uk",
                "www.sigmasports.com"
            ]
        },
        {
            "rule": "global-e\\.com\\/Utils\\/IsThirdPartCookiesAllowed",
            "cookies": 0,
            "fingerprinting": 0,