{
    "domain": "ipp-meredith.com",
    "owner": {},
    "source": [
        "DuckDuckGo-GB"
    ],
    "prevalence": 0.00131,
    "sites": 13,
    "subdomains": [
        "cookie-stream"
    ],
    "cnames": [],
    "fingerprinting": 1,
    "resources": [
        {
            "rule": "ipp-meredith\\.com\\/v1\\/s",
            "cookies": 0.00131,
            "fingerprinting": 1,
            "subdomains": [
                "cookie-stream"
            ],
            "apis": {
                "window.localStorage": 13,
                "Document.cookie setter": 5
            },
            "sites": 13,
            "prevalence": 0.00131,
            "cnames": [],
            "responseHashes": [
                "f321adc6638d695123acd4d048701175110d28021fc3f9939946f9a296cf9ba0",
                "7ec85536dfb900954394e493dcb3cc84251637d138128b719352dc1f93a42489",
                "8b865833df01aa2e738bd0538fc14fa950f16dd8706f89487ecaf66ca18a9a11",
                "b736e53d2106894fc6fa66b8c08113fbc46756ce21216a44cf195208726f09b5",
                "ff3bc5ee652f2e82592a12f54e77a021447d228d260aebe33b8e4de547e95943",
                "9da7f6a4100636b01aca6910bb050adf33125cc6d606c334a70f387ae22c0034",
                "4f1c8087fe46e3fd593d03b29b0a1d884b8202ba8add0bd60436b143e6138f6a",
                "70a34c9f3db288557ccfc3e3837d7969720b7766b288f1d34ffa751c1abcb714",
                "8179fe8aa3181c00a790f97f1f7137f2a4ef90691b5dd88399d4a09adad5731a",
                "dbd3d3b4055584341ce521083e166ce7d085b68832c188a8659bb33b50398919",
                "bd00fbcf7db5697e2f87f59c5549729663574a02f242cbcaa425655b4a0eab35",
                "c9fcfb314c047cbaccdba0806700d66470d07faff1eb8ab1d7e14954840d1b8e"
            ],
            "type": "Script",
            "firstPartyCookies": {
                "globalTI_SID": {
                    "ttl": 157680003,
                    "length": 36,
                    "prevalence": 0.0005025125628140704,
                    "uniqueness": 1
                }
            },
            "firstPartyCookiesSent": {
                "_pnxd": 0.0005025125628140704,
                "globalTI_SID": 0.0006030150753768845,
                "_gcl_au": 0.00010050251256281407,
                "muuid_link": 0.00010050251256281407,
                "muuid_session": 0.00010050251256281407,
                "muuid_channel": 0.00010050251256281407,
                "muuid_current_channel": 0.00010050251256281407,
                "_li_dcdm_c": 0.00020100502512562814
            },
            "exampleSites": [
                "ew.com",
                "hellogiggles.com",
                "people.com",
                "www.allrecipes.com",
                "www.bhg.com",
                "www.foodandwine.com",
                "www.health.com",
                "www.instyle.com",
                "www.marthastewart.com",
                "www.myrecipes.com",
                "www.parents.com",
                "www.realsimple.com",
                "www.shape.com"
            ]
        }
    ],
    "categories": [],
    "performance": {},
    "cookies": 0.00131,
    "types": {
        "Script": 13
    },
    "nameservers": [
        "ns-452.awsdns-56.com",
        "ns-1005.awsdns-61.net",
        "ns-1235.awsdns-26.org",
        "ns-1629.awsdns-11.co.uk"
    ]
}