{
    "domain": "meredithcorp.io",
    "owner": {},
    "source": [
        "DuckDuckGo-GB"
    ],
    "prevalence": 0.00141,
    "sites": 14,
    "subdomains": [
        "imagesvc"
    ],
    "cnames": [],
    "fingerprinting": 0,
    "resources": [
        {
            "rule": "meredithcorp\\.io\\/v3\\/mm\\/image",
            "cookies": 0,
            "fingerprinting": 0,
            "subdomains": [
                "imagesvc"
            ],
            "apis": {},
            "sites": 14,
            "prevalence": 0.00141,
            "cnames": [],
            "responseHashes": [
                "bbc7d8a92ec3d277f2860d47c39a992be70f31b2f6f75cf6095cc3c88f2ba67d",
                "cd92c4953fdd2d4de1396def64d4ece443925bbfa6cc13b457fe37279df87035",
                "381d776dc5a5c0652cde9c547b2b9c8cf88afc5979c123214ff8dcb726fac7b0",
                "b76d7865f42f4eb79ab84708396b50f44f409f3c915ba6825e97fd5198a9278d",
                "24029ceb75d177f5c8a5fb5859fecc091548b37abd6849f4d1083670482aaad5",
                "e6a0b1ff6470cb09bb8391c333a10adc6e2714dfad6840d019cb6c21c1fbad27",
                "02c53481ed6c243274d2c13e57425cb4701ab11b9f7e8d7fdaaee6cdc52c8a4f",
                "fcb76be6502b19bdea2fe60f054eeeff823d19c6c651b8aeef294ec095d696db",
                "4051768a490c6458009135f225c14fb94f4dc6049b328f522ef13412ae2face7",
                "c8925170a01101749b729b833eabd8d4e3f320aff4be308b17cd6c1927846a8d",
                "f6048cae54056a25c36ff8c0a29509151c675803c725305d88d57b1b5ffe42dc",
                "b6418901b2a296b9b0526114176307365c376ce94ef6ccb40b402b6f4e18f7a8",
                "b42475a2cb150cd997b7ff0e9711f0279b9143c7ffdd5e95a121a66b23e6e9af"
            ],
            "type": "Image",
            "firstPartyCookies": {},
            "firstPartyCookiesSent": {},
            "exampleSites": [
                "ew.com",
                "hellogiggles.com",
                "people.com",
                "www.allrecipes.com",
                "www.bhg.com",
                "www.foodandwine.com",
                "www.health.com",
                "www.instyle.com",
                "www.marthastewart.com",
                "www.myrecipes.com",
                "www.parents.com",
                "www.realsimple.com",
                "www.shape.com",
                "www.southernliving.com"
            ]
        },
        {
            "rule": "meredithcorp\\.io\\/v3\\/mm\\/gif",
            "cookies": 0,
            "fingerprinting": 0,
            "subdomains": [
                "imagesvc"
            ],
            "apis": {},
            "sites": 2,
            "prevalence": 0.000201,
            "cnames": [],
            "responseHashes": [
                "5128eced0170e5c0efa8f78b7e92e2eeac1edc17c1bc7d2fc79aa36ed2ab5483"
            ],
            "type": "Image",
            "firstPartyCookies": {},
            "firstPartyCookiesSent": {},
            "exampleSites": [
                "health.com",
                "www.health.com"
            ]
        }
    ],
    "categories": [],
    "performance": {
        "time": 0,
        "size": 0,
        "cpu": 0,
        "cache": 1
    },
    "cookies": 0,
    "types": {
        "Image": 16
    },
    "nameservers": [
        "ns-1840.awsdns-38.co.uk",
        "ns-61.awsdns-07.com",
        "ns-912.awsdns-50.net",
        "ns-1420.awsdns-49.org"
    ]
}