{
    "domain": "mortance.xyz",
    "owner": {},
    "source": [
        "DuckDuckGo-GB"
    ],
    "prevalence": 0.00343,
    "sites": 34,
    "subdomains": [],
    "cnames": [],
    "fingerprinting": 0,
    "resources": [
        {
            "rule": "mortance\\.xyz\\/utx",
            "cookies": 0.00343,
            "fingerprinting": 0,
            "subdomains": [],
            "apis": {},
            "sites": 34,
            "prevalence": 0.00343,
            "cnames": [],
            "responseHashes": [
                "e3b0c44298fc1c149afbf4c8996fb92427ae41e4649b934ca495991b7852b855"
            ],
            "type": "XHR",
            "firstPartyCookies": {},
            "firstPartyCookiesSent": {
                "lotame_domain_check": 0.00010092854259184497
            },
            "exampleSites": [
                "www.heavy-r.com",
                "www.homemoviestube.com",
                "megapornx.com",
                "noxx.watch",
                "porn555.com",
                "sss.xxx",
                "www.wahedsex.com",
                "www.pornachi.com",
                "www.xrares.com",
                "m.smutty.com",
                "prothots.com",
                "dirtyship.com",
                "fmovie.watch",
                "www.fmovies.top",
                "forced-porn.net",
                "notfans.com",
                "kambistories.com",
                "influencersgonewild.com",
                "putlocker9.watch",
                "www.mypornhere.com"
            ]
        },
        {
            "rule": "mortance\\.xyz\\/floater",
            "cookies": 0.00141,
            "fingerprinting": 0,
            "subdomains": [],
            "apis": {},
            "sites": 14,
            "prevalence": 0.00141,
            "cnames": [],
            "responseHashes": [
                "892c83d1d569a28b7c18399e604a214e2730eb23463467ec4ce224e2feafee88",
                "0fad68930829426cf74e33bfd9a7ea5904cacb99e379704ce7af034e53466fad",
                "2b71019ac5ac3ee3c2fa6b7d9396de4d0f273e775fdbf2dfb037b0b470994cc6",
                "11fabb07309c76c0d0fa3e6b35d3e02b0f46544bdccee659fbf78f09c2dabbf5",
                "cbe7c1d5c4cc3d76d75577ff690c48cf63517eb829888f82d89c051c8aa68b95",
                "f2a49a5df97ce4b47b947b99c99be32d62cc1939a2af88d78f35af1773ab368b",
                "a3c5c09fa6e9cbc1212e926a78cc9324d083a88d4517f9af3b9ce6c471d8f0c6",
                "bdee0c29a0a6ca95a4a97a64292d0d14a44f7b143df0d8c016b5cbebaf6370c3",
                "a161dbd13d1638e000ca1a0daff87b0be7e38056a99ba2741119ffb51ec2565a",
                "e1e7f796456084f4a11f9f1bb2067609e1b12df56e17d30a3d4e57609de89cbd",
                "0cb8f5b8dd1d2965dc51ae89354c141c035f37afaa9031552a1f534171d7933d",
                "2bfc6b22846dfd989f62b92302fd8110ab6ee073cee587c2f790ca98591f1550"
            ],
            "type": "XHR",
            "firstPartyCookies": {},
            "firstPartyCookiesSent": {},
            "exampleSites": [
                "animeporn.xxx",
                "biqle.org",
                "biqle.ru",
                "dirtyship.com",
                "forced-porn.net",
                "justswallows.com",
                "milfnut.com",
                "pornsearchengine.com",
                "pornchimp.com",
                "thothub.to",
                "www.heavy-r.com",
                "www.homemoviestube.com",
                "www.mypornhere.com",
                "www.pornachi.com"
            ]
        }
    ],
    "categories": [],
    "performance": {},
    "cookies": 0.00343,
    "types": {
        "XHR": 48
    },
    "nameservers": [
        "aiden.ns.cloudflare.com",
        "demi.ns.cloudflare.com"
    ]
}