{
    "domain": "ntvpinp.com",
    "owner": {},
    "source": [
        "DuckDuckGo-GB"
    ],
    "prevalence": 0.00262,
    "sites": 26,
    "subdomains": [],
    "cnames": [],
    "fingerprinting": 0,
    "resources": [
        {
            "rule": "ntvpinp\\.com\\/in\\/multy",
            "cookies": 0,
            "fingerprinting": 0,
            "subdomains": [],
            "apis": {},
            "sites": 26,
            "prevalence": 0.00262,
            "cnames": [],
            "responseHashes": [
                "9cbba6b02102b495cdd3fc7b784149cf86659a46cd48967f343dfee150d5e957",
                "afd73c087278ec85c00324599dd20ffec204c21a4c7837996181a54c091f24d7",
                "06e3ef09769daf9c52f24e55ca4541ebe1a7822494781803e1d42a8f035294d8",
                "ad3b36c4bcb362bfc067ebcae4b2bb7a7c9fbea6fe6c9ea48bc9d76629508a47",
                "9958cf57314bbcb49f70fec70cba6d0f3e412a627f292ed4e8729611dc152350",
                "3441e76a34aaa8d93f2d796b255efc75cf2bd81a485e56626b559f760f8c77e3",
                "390958d8f90c697f719893b26cfdb193ddfe3942d056f00a8dea3a6f0e98acd5",
                "a1a9496da2495627807356160b3eae13afeebdd1e0067be8935addde2ba9ba6b",
                "cddab0e958954008d63adeb2afc61f29bf3b17dd0ed8603cf2f89316b64861dc",
                "db3507e81e9736e61fabf5fbb8a0f67144448686d07a377839c60535beb72f02",
                "8b195dd59a63603fff35b47abb6c8af9d7219fa601b550b15a27ec3385d1765f",
                "86ff7ca4dd82a4ccfc84ce1ac88a0ca6299d8d0f236c74c774f7c17459515750",
                "6568c41e41739c675b730cc6eff0dee712ae1c14ef96ba6426060a1b0e7122e6",
                "a834fb4bd0b22f9ccf25f6184810da937b02fcb1cfbb6e3e34527d62ea9d64a8",
                "bc315cc1896f0965071d3fc19cb85816651f916f38a7603b50aefeda71f287ce",
                "af7bd426b45c0bc374f0bb807cdffed128ac0cdfd3256db4439360483caf9803"
            ],
            "type": "XHR",
            "firstPartyCookies": {},
            "firstPartyCookiesSent": {},
            "exampleSites": [
                "nekopoi.care",
                "hcbdsm.com",
                "messytube.com",
                "javsubindo.com",
                "www.youngtube.ml",
                "www.perverttube.com",
                "txxx.com",
                "javhdmost.com",
                "javtiful.com",
                "babesflirt.com",
                "www.xpee.com",
                "smallnudist.eu",
                "shittytube.com",
                "pornogids.net",
                "javhub.net",
                "extremescatporn.com",
                "www.newarabsex.com",
                "myscatporn.com",
                "vjav.com",
                "scatsite.com"
            ]
        }
    ],
    "categories": [],
    "performance": {},
    "cookies": 0,
    "types": {
        "XHR": 26
    },
    "nameservers": [
        "ns1.digitalocean.com",
        "ns2.digitalocean.com",
        "ns3.digitalocean.com"
    ]
}