{
    "domain": "ntvpinp.com",
    "owner": {},
    "source": [
        "DuckDuckGo-GB"
    ],
    "prevalence": 0.00462,
    "sites": 46,
    "subdomains": [],
    "cnames": [],
    "fingerprinting": 0,
    "resources": [
        {
            "rule": "ntvpinp\\.com\\/in\\/multy",
            "cookies": 0,
            "fingerprinting": 0,
            "subdomains": [],
            "apis": {},
            "sites": 46,
            "prevalence": 0.00462,
            "cnames": [],
            "responseHashes": [
                "e3b0c44298fc1c149afbf4c8996fb92427ae41e4649b934ca495991b7852b855",
                "74751a8666d0b64a76818be6096dadeb4f903cfa408781015656a3b238d84ce0",
                "68cf965b6c25ca66f7fbd69f0ff0ad812d8d47934ae1803e6d8d4f3e7852679d",
                "ff27bedc4df4e96b95b9c094b40ee2b5d650885f3fee46881fda9ce9fd816a49",
                "b58074bc2d6e1f58ca7664e45071defe7d4cde2ce8d6493533bb17de5bab2bb6",
                "6ffcb12e1274ea5d1f6403ec6f95a04252780733a407bda7e7e69f4e24afa617",
                "6a3d191a3c920942c213572a5a3ce9558ba06737d5e7e2e6125699ae9d6bacf4",
                "061120a0cd9933fc8405b87de2a48fdc0ed976c174fa13bd4b5e3fbc413eb0c9",
                "4be88899cda681e431a3a1ab77fa3988002a2cdc8a4687f79e13bf1a75cc8a38",
                "ad89199845dc4f3b0bfc634fc1c1cfa001ef955b70e051b5e9a72f48e0a182a6",
                "b7968fda4a8c75d73ff1da5f6033b56705e3f5672aa48f01a5a434d889c93100",
                "420b39b92ee31b5a359cb91ec31f728899597b865c4de4162b3cbc0032b76d41",
                "27cbafc637152835b1cc8d39eec69889dc76dbe7081593aabdb0da886c0b8542",
                "10d1860e8286a332c4c5b56f040e71152e2bbad7de5dcce03a9bcdd4a76c487f",
                "4ecc4cfb4cd975c510ee1a04c3b5df9c15c5d4c46c6b6699542e5071915e9f38",
                "0564645e9c0032bd7163864f1504fc2d06d461f5e7c16c1cf242dc31eb91abbd"
            ],
            "type": "XHR",
            "firstPartyCookies": {},
            "firstPartyCookiesSent": {},
            "exampleSites": [
                "www2.bestjavporn.com",
                "javsubindo.com",
                "thots.tv",
                "www.youngtube.ml",
                "pornone.com",
                "m.fuckup.xxx",
                "hdzog.com",
                "en.pornosearch.guru",
                "www.newarabsex.com",
                "www.loliplay.tk",
                "pornzog.com",
                "hclips.com",
                "onlyfansforum.famousinternetgirls.pw",
                "www.sexy-egirls.com",
                "gogoanimes.rs",
                "porniax.com",
                "xxnxx.fun",
                "pornogids.net",
                "myscatporn.com",
                "highporn.net"
            ]
        }
    ],
    "categories": [],
    "performance": {},
    "cookies": 0,
    "types": {
        "XHR": 46
    },
    "nameservers": [
        "ns3.digitalocean.com",
        "ns2.digitalocean.com",
        "ns1.digitalocean.com"
    ]
}