{
    "domain": "ntvpinp.com",
    "owner": {},
    "source": [
        "DuckDuckGo-GB"
    ],
    "prevalence": 0.00371,
    "sites": 37,
    "subdomains": [],
    "cnames": [],
    "fingerprinting": 0,
    "resources": [
        {
            "rule": "ntvpinp\\.com\\/in\\/multy",
            "cookies": 0,
            "fingerprinting": 0,
            "subdomains": [],
            "apis": {},
            "sites": 37,
            "prevalence": 0.00371,
            "cnames": [],
            "responseHashes": [
                "34ab656bbadbfb78b5ae093533f5642fbf90177ffb940d3505a7f209d78e567f",
                "5f32d6e512c7d0aff38d1fd52df361c9b9b1af61e3ba862d1d0617be2f5ce46b",
                "da1e78561b73dc54ce15c4c98b9f517945ac6960873869e9823b37722d51a0c7",
                "65df7ac3118aea8b240d2a7eec9f36fc7bcafa4cef9989cefda1ba44465f829d",
                "b3b9556185523318b014632b536fc60d1a0ac9376962d56864a277ec8a1f83cb",
                "f37dc5e9f2f87e64714cd2561ac9235363f1dc7d7cd4c238c455cd59ec707550",
                "0624f2012b9076b2d26842d8ef71660caca1d2b03c1e776c212b51908e1a967d",
                "8472efe1d02ba50893429bb2b34e1ac9f98c5a72c25b49560ad2ccd6b8461bad",
                "2648b8c7307a02e434e6872254f8121513bd40e8d834fc19eb61e3a1ec2d3df4",
                "dca72fe71cbf3ddbf53ff07c42c08a4288ed4604dd1aabef784d755e7b002b62",
                "de315aa085445dedf2be9d46ed55352348190435ebd98ce2e379258c320e5c6c",
                "b50ee2db3a4d2fc9ba0f29720f418edbf5b1210b5ac7979c4ddadaf46dd6ba24",
                "0ed5cb235672280d8721b49725f2c1c14ee654d046e1bcf73206b5cdcc605dd3",
                "b2e93d711c56cf3fdd73bfef429d22ba697f677848d8526138b2e77ffc751223",
                "8c41eb3623cab26d18e3834f7da003e54ddafdeb654ecf4e9b6545d606a23769",
                "f73a6f33a4885169bc753e2a4654d00f2e340bfcfca594e999ac0896e49fd1da",
                "45bc8b7eea91ef97fe0e3eb76bdee964a73b63cf3ce26a5126fb1961deb7d7f9",
                "8b51a3b9fed7a27bbd46ca3f51e686497304e51c019d0ad0c43d3853874af249",
                "690374bbea79598cc61aa016dbf41979066012aa2d4dc73c34976963b16a0b18",
                "823a04f2b153a5de6a3871f071072bcd3a2fa2de3a7892897cf9b5ba140df545",
                "32755105b182e58af96beaeeb224916d2f1d4cfd8cc31d29183de0b10fd9eb29",
                "c092c53433a3b045f749ce0bc318c6803ab0c4d6cc66b4327f4c4e14b260bf94",
                "be0f3e8c8c0967c34017c7ab1de500d00e4c2c178d0871da7884e73c65157623",
                "515853b3ed681933da39739335f5b7b578e3c683a644567aa1c44f32a0fe3fcd",
                "dcfa248069f65fdd73892893cdb71e67cce1bc1a7135a74cf67696a8216e9503",
                "bf7c769a0a2080d183868ab97a49e9adc37ea121a0290fbda9c536b3bd693122",
                "b3f4e4f5e57ce400b051ac6a1f0e176219023988c5dc91e7bfbe3be49d74a689",
                "a4d8723a4751e25b68d0b84d6257bfe748278e32149ff9e26a266d2a3c4dc9c2",
                "ff6844038cfb94b163fe52ec03bcc0f0f7a7b1030783c2eff3a66de5940cb40f",
                "a40ac8f2a9496932ba0803d6d0baa6bb7395e2342c89ad6b5231554ebb09b917",
                "efff972e3ff9756720e0b6e82f918ac556a25b045e7110f0f377c03861a4f4d6",
                "3af23a5bb85fd7fdbcac3577e4552a417751a2bb5dba399b481144212ac8304c",
                "7fd4f9cbd0e8b8b3aa810a1826b56757ffec43294efb4971defc5699f1b4fbcb",
                "08bed0af1737b7519cd1662cb4a4e59b65a9391d244458fa85de1b33897b8316",
                "98a6fea6deb377b1778bb3ddfc02a7a7ff419ba0def3eccaee417a54333734df",
                "c94cf081aec28fa621ce50fad6c8e901bdcbd72f44e6af074caff0272406a9dd"
            ],
            "type": "XHR",
            "firstPartyCookies": {},
            "firstPartyCookiesSent": {},
            "exampleSites": [
                "javhdmost.com",
                "hcbdsm.com",
                "txxx.com",
                "javhub.net",
                "nekopoi.care",
                "scatsite.com",
                "xxnxx.fun",
                "www2.bestjavporn.com",
                "mult34.com",
                "pornzog.com",
                "www.perverttube.com",
                "www2.javhdporn.net",
                "alivegore.com",
                "myscatporn.com",
                "deepgoretube.site",
                "hclips.com",
                "xxx8.me",
                "www.hitprn.com",
                "shittytube.com",
                "sextb.net"
            ]
        }
    ],
    "categories": [],
    "performance": {},
    "cookies": 0,
    "types": {
        "XHR": 37
    },
    "nameservers": [
        "ns1.digitalocean.com",
        "ns2.digitalocean.com",
        "ns3.digitalocean.com"
    ]
}