{
    "domain": "onclickgenius.com",
    "owner": {},
    "source": [
        "DuckDuckGo-GB"
    ],
    "prevalence": 0.000913,
    "sites": 9,
    "subdomains": [],
    "cnames": [],
    "fingerprinting": 0,
    "resources": [
        {
            "rule": "onclickgenius\\.com\\/script\\/suurl\\.php",
            "cookies": 0,
            "fingerprinting": 0,
            "subdomains": [],
            "apis": {},
            "sites": 9,
            "prevalence": 0.000913,
            "cnames": [],
            "responseHashes": [
                "b804692090eec2c05b967a835098d8d8143f59af7cff85b0daf4dee6767d2eac",
                "b2be6f41a29c66123e71023861d98dec902d7cca9df7eb59fef74ab13940d87b",
                "c8cbcdb9cebf7eaf353449a26a2b2a240f2c840ffe276ac7b319b2136d2873eb",
                "f919c6e26a257dc485c7330dbae944d54dd1ba96a8014e8ac030c73d55ee89bf",
                "3b1cef048f17725efc5501bb9acaab96a809605881baadffc89a4ca95e9a559b",
                "ac064a5ae071ebf545bdeb724812f80d55f5af49e0cde47a7489e6ec8919b04f",
                "eff5ac32505f651f1869b30cdbca66b7c4b5c02133fb3ecf94e7fd6d48d5a87a",
                "2b49fd7771b52da2b11151f8b72e569b60b67e400bb5150ea8302ebabd4d1e24"
            ],
            "type": "Script",
            "firstPartyCookies": {},
            "firstPartyCookiesSent": {},
            "exampleSites": [
                "eztv.io",
                "freestreams-live1.com",
                "soccerstreams-100.com",
                "www.fullmatchesandshows.com",
                "www.torlock.com",
                "www.yst.am",
                "yifyhdtorrent.org",
                "yts.mx",
                "yts.pm"
            ]
        }
    ],
    "categories": [],
    "performance": {},
    "cookies": 0,
    "types": {
        "Script": 9
    },
    "nameservers": [
        "hank.ns.cloudflare.com",
        "lady.ns.cloudflare.com"
    ]
}