{
    "domain": "onmarshtompor.com",
    "owner": {},
    "source": [
        "DuckDuckGo-GB"
    ],
    "prevalence": 0.00101,
    "sites": 10,
    "subdomains": [],
    "cnames": [],
    "fingerprinting": 0,
    "resources": [
        {
            "rule": "onmarshtompor\\.com\\/fac\\.php",
            "cookies": 0.00101,
            "fingerprinting": 0,
            "subdomains": [],
            "apis": {},
            "sites": 10,
            "prevalence": 0.00101,
            "cnames": [],
            "responseHashes": [
                "3077ee25806d503629cfc9b56fefb17264954edd26f4419a17a0fef85fd59884",
                "98158ca7734e7ce14b3048af28413b45606dd4add802bb83f566529aa3e5764a",
                "6169f761fdd8d1148e331312d8217c4740bc8ec13d2ed2506162428b86252fda",
                "25fe94348c1dea0a041120fd726e65ef3b1cda6d4c8b8fdc6c5b3faa18a28dd2",
                "da26002c714271b2c6836cc5808ba049e00d096a7e943eb2ca88247060c82939",
                "ea38903725339f340d93f245ed33d4b26f5d11c0cfe8a7900e25a4478eb4a48a",
                "c5a773c7c1feaa24abdb314f25ed54a12b9d743d2ef4531f0de9c5457099d385",
                "dad80cad821db7023898455f11c303668c1f032747dee779a332f52931ae3cc8",
                "479aae1773abe64c564988d96a2167963a84554973068952e92f31b550742af5"
            ],
            "type": "Document",
            "firstPartyCookies": {},
            "firstPartyCookiesSent": {},
            "exampleSites": [
                "audioz.download",
                "gogoanimes.rs",
                "onlyhotleaks.com",
                "onlyfanshot.com",
                "vid.trendsintoday.com",
                "viralmula.com",
                "w0.movies123.ltd",
                "www.el7l.online",
                "www.rebahan21.com",
                "www9.0123movies.com"
            ]
        }
    ],
    "categories": [],
    "performance": {},
    "cookies": 0.00101,
    "types": {
        "Document": 10
    },
    "nameservers": [
        "ns-468.awsdns-58.com",
        "ns-674.awsdns-20.net",
        "ns-1119.awsdns-11.org",
        "ns-1706.awsdns-21.co.uk"
    ]
}