{
    "domain": "p-n.io",
    "owner": {
        "name": "Pushly",
        "displayName": "Pushly"
    },
    "source": [
        "DuckDuckGo-GB"
    ],
    "prevalence": 0.00331,
    "sites": 33,
    "subdomains": [
        "cdn",
        "k"
    ],
    "cnames": [],
    "fingerprinting": 3,
    "resources": [
        {
            "rule": "p-n\\.io\\/pushly-sdk\\.min\\.js",
            "cookies": 0.00201,
            "fingerprinting": 2,
            "subdomains": [
                "cdn"
            ],
            "apis": {
                "Navigator.prototype.plugins": 33,
                "window.sessionStorage": 33,
                "Navigator.prototype.cookieEnabled": 24,
                "Navigator.prototype.userAgent": 24,
                "Navigator.prototype.appVersion": 24,
                "Navigator.prototype.appCodeName": 24,
                "Navigator.prototype.product": 24,
                "Navigator.prototype.platform": 24,
                "Document.cookie getter": 21,
                "Document.cookie setter": 20,
                "Date.prototype.getTime": 23,
                "Notification.permission": 23,
                "Navigator.prototype.permissions": 23
            },
            "sites": 33,
            "prevalence": 0.00331,
            "cnames": [],
            "responseHashes": [
                "1772d65827ea5dcf9e910201cad30f2d34922a309bcfa91ce599268de4abae16",
                "237f1195c149f353a6c933883f20888877ec6b57246268549fa90c44f4c4f92d",
                "edcb682df1817d1953b2003a893b5e87cd5fbe9c1ca3f1ea962bfe2acb5da0ac",
                "b9a63680ba15abf8f1af8c9ead4faabf90fd84ab0c1933d1a911341785e79984",
                "99a7a38bccd46fcb88027d5921cf0bd626b8f39a57bc46cc0482c9099660e3be",
                "368b8e7a208060b62cfa70a15d415a1e7e940cc9d474d8c5492bb9eef3668061",
                "b92cfb44d72f4d41fc312dc19673f24b9996c71fc318bd5faceffb4a29532b63",
                "ec4810d95206c1457ed26814c8a4152ecd50ce65e06fddddde6d36ad47fdd1ad",
                "99bdae58e30d8f2d79525c42bb5f4fc13be3fc18658805f1c16f39f5e30edabe",
                "e1f465b7ee6b032300e716eae276995f64f1a2fb71b2b2ab6271976d4fdb426e",
                "e2b527465099256e3786dc3f7d8b716f23404b776ab1091205c10a11056d779c",
                "b115c8d9a90357f729570489f72a165f27532b26a7851bf3d32b3a739eb51d16",
                "c423ff8dae86b1afff16f66b1e553c9c594546f2b0720546b2ff7fe2e5e6baaf",
                "6d9b04f571dfefb093828a919ac1efa969d27acfd311a64d41397442a1f06fc9",
                "850a5b20f93dc1d3c979fb91fbb7c9f9a6458bec6a65c6edd9a0152238943175",
                "5fe0bd68f50ac7463a3b24e101234931d6442eb4ba23f0fdd8387824fd275d8d",
                "c5ec3ac213e7dcc0abc6b336102f74374e4db6a4c16873009e16e7a1ec3be5d7",
                "808cd0d269e6f4fa92c142ef10acd34d529ad5eba7cb43d150f7881c16fc6faf",
                "a87e284f547181925770ee2f958528a7f6ec8e631fab7276becb02a4ea794dad",
                "c789bf91a9657b5a0702104abef9d44322679b9ac3100ee63f8b110793ef85af",
                "4a5a600aaa64186c2b3f48a443390c3107aa26a84eaff81af4e670928c69dec7",
                "e9fe4fd77c4fe522b7b76443b95e24f6ea5da1fb8cd3c5c318231822ca770e6e",
                "97b1ae1f6fcea36affb92d569184fb0ad9a61014de1a9a5ae241ffa1c8fb2373",
                "ea69f0485f5b93fbad6406304a30bdae4306bf05b63ab9ab6139d4f3f0662c92",
                "42e047a72e7f3bf4869118e1ce83703d82b81d9f8a139b40676f4d5171a3b5bf",
                "5b0daccd93a9bd87d3d3d9b9e22e970a25c9d6ae6e08d15f2bbe2ed201120440",
                "a5787b5601b6d5f9212f227ee1da162396448f973e31035d4c7dc399721f1789",
                "ce869d4316a5d27f821e547ed77b7adba42206d346cfd47442eb58c8274a5b07",
                "086e7f92ce735377ae75fd8677abe7ed16b815d11546a532a9052bce0f54ec61",
                "4202176b8daaa4da6ed5fe5abd6f422630f49cacecef57b259cfc69508a8e7df",
                "e6fceb915ab99253af898b22824e48e4b13028e6f29894917b6241c33eedaf60",
                "2339a305098074585e6cc6138da54aee495705ff37dd583833b2d146c22dbfcb"
            ],
            "type": "Script",
            "firstPartyCookies": {
                "_pnvl": {
                    "ttl": 863913602,
                    "length": 5,
                    "prevalence": 0.0018059596669007724,
                    "uniqueness": 0.05555555555555555
                },
                "pushly.user_puuid": {
                    "ttl": 863913602,
                    "length": 32,
                    "prevalence": 0.001906290759506371,
                    "uniqueness": 1
                },
                "_pnxd": {
                    "ttl": -86398,
                    "length": 9,
                    "prevalence": 0.001906290759506371,
                    "uniqueness": 0.21052631578947367
                },
                "_pnss": {
                    "ttl": 863913602,
                    "length": 7,
                    "prevalence": 0.001906290759506371,
                    "uniqueness": 0.05263157894736842
                },
                "_pnlspid": {
                    "ttl": -86398,
                    "length": 4,
                    "prevalence": 0.001906290759506371,
                    "uniqueness": 0.05263157894736842
                },
                "_pntx": {
                    "ttl": -86398,
                    "length": 4,
                    "prevalence": 0.001906290759506371,
                    "uniqueness": 0.05263157894736842
                },
                "_pnvl_bHgU9bxJ": {
                    "ttl": 863913604,
                    "length": 5,
                    "prevalence": 0.00010033109260559848,
                    "uniqueness": 1
                },
                "pushly.user_puuid_bHgU9bxJ": {
                    "ttl": 863913604,
                    "length": 32,
                    "prevalence": 0.00010033109260559848,
                    "uniqueness": 1
                },
                "_pnxd_bHgU9bxJ": {
                    "ttl": -86396,
                    "length": 4,
                    "prevalence": 0.00010033109260559848,
                    "uniqueness": 1
                },
                "_pnss_bHgU9bxJ": {
                    "ttl": 863913604,
                    "length": 7,
                    "prevalence": 0.00010033109260559848,
                    "uniqueness": 1
                },
                "_pnlspid_bHgU9bxJ": {
                    "ttl": -86396,
                    "length": 4,
                    "prevalence": 0.00010033109260559848,
                    "uniqueness": 1
                },
                "_pntx_bHgU9bxJ": {
                    "ttl": -86396,
                    "length": 4,
                    "prevalence": 0.00010033109260559848,
                    "uniqueness": 1
                }
            },
            "firstPartyCookiesSent": {},
            "exampleSites": [
                "hollywoodlife.com",
                "people.com",
                "www.accuweather.com",
                "www.allrecipes.com",
                "www.digitaltrends.com",
                "www.forbes.com",
                "www.tasteofhome.com",
                "www.thesun.co.uk",
                "www.the-sun.com",
                "www.thesun.ie",
                "www.marthastewart.com",
                "www.eatingwell.com",
                "www.insidermonkey.com",
                "www.bhg.com",
                "golf.com",
                "www.instyle.com",
                "www.astrology.com",
                "www.parents.com",
                "ew.com",
                "www.thescottishsun.co.uk"
            ]
        },
        {
            "rule": "p-n\\.io\\/pushly-sdk\\.min\\.css",
            "cookies": 0,
            "fingerprinting": 0,
            "subdomains": [
                "cdn"
            ],
            "apis": {},
            "sites": 23,
            "prevalence": 0.00231,
            "cnames": [],