{
    "domain": "p-n.io",
    "owner": {
        "name": "Pushly",
        "displayName": "Pushly"
    },
    "source": [
        "DuckDuckGo-GB"
    ],
    "prevalence": 0.00321,
    "sites": 32,
    "subdomains": [
        "cdn",
        "k"
    ],
    "cnames": [],
    "fingerprinting": 2,
    "resources": [
        {
            "rule": "p-n\\.io\\/pushly-sdk\\.min\\.js",
            "cookies": 0.00221,
            "fingerprinting": 2,
            "subdomains": [
                "cdn"
            ],
            "apis": {
                "Navigator.prototype.plugins": 32,
                "window.sessionStorage": 32,
                "Navigator.prototype.cookieEnabled": 24,
                "Navigator.prototype.userAgent": 24,
                "Navigator.prototype.appVersion": 24,
                "Navigator.prototype.appCodeName": 24,
                "Navigator.prototype.product": 24,
                "Navigator.prototype.platform": 24,
                "Document.cookie getter": 23,
                "Document.cookie setter": 22,
                "Date.prototype.getTime": 23,
                "Notification.permission": 23,
                "Navigator.prototype.permissions": 23,
                "Intl.DateTimeFormat.prototype.resolvedOptions": 15
            },
            "sites": 32,
            "prevalence": 0.00321,
            "cnames": [],
            "responseHashes": [
                "17dd0d39382aaa542e4a5163ea4ad870cc4cdd5ca63b2b483c8e27222e540155",
                "e659e94da70c13f24e1370efe611e4674b953084c8e8d6855570bd6a10e9bcaf",
                "e8a7dabe2cbbfa73eaa4e725e6b9fe15893138ac339729184b16bfa523990ec0",
                "79cece4be5ac8b9b82dc7b28c9b8e7c490bdd2efd33c5622a1d5f96950aacbca",
                "fe08a2fc2f9329cb28ef9e43d350eed3885cb5a7e6a05af5d3d823d816cc5073",
                "fc6a1d220ba67b2021af6814b9013c57920436ccca714a54ef5d2587fb8b082a",
                "d3a642e0de887bbf1bc7adbc359648e24a3079e17c34f1717efc67fc896fc34e",
                "962b14adf2d618ee3bb23ab1678773dea1aa6fef27350d053dc0f2ca3355f5ff",
                "7b59ce23692bed6d77be807ff44a7fe193ace8b102564ffbf841e9cbbe09c6a5",
                "48d8eb41cc719ffb43b154ad71d99be5700d779a9d40bd763b8c4c6781517179",
                "4f98445144507dc93d9a2aa6f3805c7ea8350cdef9baf749826c7bc5195beba9",
                "4a50864f238a5f2440f6779a9980a2a63b6606c6f335afc464d41a0061778584",
                "1e3401c05f84193d7978531a9113e2d7d357bc6aa83c56ab469bc4299570f574",
                "ec129ee715516e835dd055fdc86bfcd35b718cf75b96d44bae8918b870483262",
                "3de59f2d6d82079c7e3cdf266e5d94072b3794403cfd9122acefc6f17595bb75",
                "4622229309c2e26123b275b754abdc8d2d9dcab106e2b6cb9fcca96abfc12044",
                "8b23706ff92835ea2feefc887436b062ba136b24cc2837fc84796a4925b42e7c",
                "f0c23ca9c6a20621637c305fe41b3d7a54345706e6940366682e8f3e5124cf7c",
                "168af94286233169b50b852a6cb96d5e34d07a883c5500d801d20c033f13dc03",
                "a48f6483ae03df14df70bb6cf38d85d5e563f8371fb51deee1371120b32e5f34",
                "f00a2499184f66666d1d39193f19fb2b79e75f136dbb4735ee897614aafb26dd",
                "4911f298ddf703b15a1688508fc8171c18f1574936884a41428bd836b00545fe",
                "da68f0af8a29c7e94db7bb729c42f5b2f80f21820d964819c972666eb4db7c59",
                "5a6c37041167601b58f8f2ac9661ea95cb3c8685bb33b1cf9ccb4cc429900f61",
                "30a10543ad1cba2f800f309ab5c110bb5e225a14d83285914eb17514bac5fb84",
                "ce5d7819e286f07b2682330553d6319238297a7089a0bdc0da5b4bb18fac80d4",
                "4e906be61aef3dc75496010414688bb77c6e019296dfafdcf84204321c66abf9",
                "31877753ffffc3e09d3119fee5055e9a9cf183a8b7d5013f8082829b64d57bec",
                "852505116633e0a96f66e3647f6c74b9f012884a62cb0011609bf6b2247296c6",
                "f5dab7ea485e9614e28623c7d3e445465c59aa9faaacc1f85572dbf12f7d5992",
                "df3d4c16c55ba1eb8939fd6e1acd2cc5bf3472adaa93da973209afc870f2b951"
            ],
            "type": "Script",
            "firstPartyCookies": {
                "_pnvl": {
                    "ttl": 863913602,
                    "length": 5,
                    "prevalence": 0.0021077988557663355,
                    "uniqueness": 0.047619047619047616
                },
                "pushly.user_puuid": {
                    "ttl": 863913608,
                    "length": 32,
                    "prevalence": 0.0021077988557663355,
                    "uniqueness": 1
                },
                "_pnxd": {
                    "ttl": -86393,
                    "length": 10,
                    "prevalence": 0.0021077988557663355,
                    "uniqueness": 0.23809523809523808
                },
                "_pnss": {
                    "ttl": 863913608,
                    "length": 7,
                    "prevalence": 0.0021077988557663355,
                    "uniqueness": 0.09523809523809523
                },
                "_pnlspid": {
                    "ttl": 863913608,
                    "length": 4,
                    "prevalence": 0.0021077988557663355,
                    "uniqueness": 0.6666666666666666
                },
                "_pntx": {
                    "ttl": -86392,
                    "length": 4,
                    "prevalence": 0.0021077988557663355,
                    "uniqueness": 0.047619047619047616
                },
                "_pnfcps": {
                    "ttl": -86398,
                    "length": 4,
                    "prevalence": 0.0018066847335140017,
                    "uniqueness": 0.1111111111111111
                },
                "_pnpcs": {
                    "ttl": -86398,
                    "length": 6,
                    "prevalence": 0.0018066847335140017,
                    "uniqueness": 0.1111111111111111
                },
                "_pnpdm": {
                    "ttl": 604810,
                    "length": 4,
                    "prevalence": 0.0011040851149252233,
                    "uniqueness": 0.09090909090909091
                },
                "_pnvl_bHgU9bxJ": {
                    "ttl": 863913604,
                    "length": 5,
                    "prevalence": 0.00010037137408411121,
                    "uniqueness": 1
                },
                "pushly.user_puuid_bHgU9bxJ": {
                    "ttl": 863913610,
                    "length": 32,
                    "prevalence": 0.00010037137408411121,
                    "uniqueness": 1
                },
                "_pnxd_bHgU9bxJ": {
                    "ttl": -86390,
                    "length": 4,
                    "prevalence": 0.00010037137408411121,
                    "uniqueness": 1
                },
                "_pnss_bHgU9bxJ": {
                    "ttl": 863913610,
                    "length": 4,
                    "prevalence": 0.00010037137408411121,
                    "uniqueness": 1
                },
                "_pnlspid_bHgU9bxJ": {
                    "ttl": 863913610,
                    "length": 5,
                    "prevalence": 0.00010037137408411121,
                    "uniqueness": 1
                },
                "_pntx_bHgU9bxJ": {
                    "ttl": -86390,
                    "length": 4,
                    "prevalence": 0.00010037137408411121,
                    "uniqueness": 1
                },
                "_pnfcps_bHgU9bxJ": {
                    "ttl": -86395,
                    "length": 4,
                    "prevalence": 0.00010037137408411121,
                    "uniqueness": 1
                },
                "_pnpcs_bHgU9bxJ": {
                    "ttl": -86395,
                    "length": 4,
                    "prevalence": 0.00010037137408411121,
                    "uniqueness": 1
                }
            },
            "firstPartyCookiesSent": {},