{
    "domain": "p-n.io",
    "owner": {
        "name": "Pushly",
        "displayName": "Pushly"
    },
    "source": [
        "DuckDuckGo-GB"
    ],
    "prevalence": 0.00293,
    "sites": 29,
    "subdomains": [
        "cdn",
        "k"
    ],
    "cnames": [],
    "fingerprinting": 2,
    "resources": [
        {
            "rule": "p-n\\.io\\/pushly-sdk\\.min\\.js",
            "cookies": 0.00192,
            "fingerprinting": 2,
            "subdomains": [
                "cdn"
            ],
            "apis": {
                "Navigator.prototype.plugins": 21,
                "window.sessionStorage": 21,
                "Navigator.prototype.cookieEnabled": 20,
                "Navigator.prototype.userAgent": 20,
                "Navigator.prototype.appVersion": 20,
                "Navigator.prototype.appCodeName": 20,
                "Navigator.prototype.product": 20,
                "Navigator.prototype.platform": 20,
                "Document.cookie getter": 20,
                "Document.cookie setter": 19,
                "Date.prototype.getTime": 19,
                "Notification.permission": 18,
                "Navigator.prototype.permissions": 16
            },
            "sites": 29,
            "prevalence": 0.00293,
            "cnames": [],
            "responseHashes": [
                "52ccf86c0595e5e3f02e89edba5a1715ea11fd63f61454bedf291abf9f3de276",
                "5adf334385a3ee86437fb17434c6e64035f41b7e3c08f6838c844790bb62c795",
                "03336bc4f888b0cb8554392adc9a1da4c8d82022be22803c07127dc3c79bc1ad",
                "43f928a82c19e381f331d4307109d856e1f693aa5840a8b716694cd5efa3449c",
                "b3b9d910b2f2dbd7fea34e203fe46b4e78bab096634bc005a0752a05bb01c23a",
                "c2e91f2d7a73aca263b74307545ea0e43e2ea2f819238528c3a02b571190d894",
                "146c21b5febdb7b8c489ee375d9ed2901eeeb332831b96f04d9d7397ffbd9565",
                "f161f1241e566c9f81830a87d916813c67d89e070d139a7746aadf0108bcba82",
                "d108123a793eabbdba498ab427883b400f31cee76c1a3ae5f4e7dffe06921a16",
                "da96b32f79b0eea848a45ef9418fddc6504c15a91f179c85a70e8fad4804a8cf",
                "31ce6d0bbd3e62c7b32a0976b8227d136f0cdf34578b06647b1d2427d2a25063",
                "88de4fb5c485369525ffcb65a91b25cb9cabaf62e99b3e4c661f89c7d7a802b0",
                "0724e89e94ae306507ba21a6d86091c4c6ed9d25e4182f36e77690b8193e7fc1",
                "b5459b8ed153c799dbb3986ca440c365ec56836e6ac5638089205fe4d37ab065",
                "d0cf853d1f5cc8baf36694c858ead13f02099a63a300450c4a41d73439b80c54",
                "cc58dc7acae4e0bcdd09d4438e0e6615611fa9df609500c689e2b3d845adec40",
                "12bee24540120a630258bf8dcae4afd1a9274196d103ee40ee5245f87646d10d",
                "e4b3845a997d99568a65d096bdfe90a78515f3740179386816333e3b97e65cef",
                "884fac580839c564e01aab09e23cb2ac9b5ef336641130040c5d68f2464bdd65",
                "afb3a4ee9157e56b4d68d40947ffb28d2383a706a99a677b2bf6f7ab073cb4f5",
                "ad0917f09f1bc885735f05d5236a4ec872abfd685d4e9a64d42a01c534a94917",
                "def59a7c6ad8933be1070bb3d0051be1c566833974bbba0e2f7b16905ae5cc52"
            ],
            "type": "Script",
            "firstPartyCookies": {
                "_pnvl": {
                    "ttl": 863913619,
                    "length": 5,
                    "prevalence": 0.0019176423092450545,
                    "uniqueness": 0.05263157894736842
                },
                "pushly.user_puuid": {
                    "ttl": 863913624,
                    "length": 32,
                    "prevalence": 0.0018167137666532096,
                    "uniqueness": 1
                },
                "_pnxd": {
                    "ttl": -86380,
                    "length": 6,
                    "prevalence": 0.0018167137666532096,
                    "uniqueness": 0.1111111111111111
                },
                "_pnss": {
                    "ttl": 863913624,
                    "length": 7,
                    "prevalence": 0.0018167137666532096,
                    "uniqueness": 0.05555555555555555
                },
                "_pnlspid": {
                    "ttl": -86377,
                    "length": 4,
                    "prevalence": 0.0018167137666532096,
                    "uniqueness": 0.05555555555555555
                },
                "_pntx": {
                    "ttl": -86377,
                    "length": 4,
                    "prevalence": 0.0018167137666532096,
                    "uniqueness": 0.05555555555555555
                }
            },
            "firstPartyCookiesSent": {},
            "exampleSites": [
                "hollywoodlife.com",
                "people.com",
                "www.accuweather.com",
                "www.allrecipes.com",
                "www.digitaltrends.com",
                "www.forbes.com",
                "www.tasteofhome.com",
                "www.thesun.co.uk",
                "www.astrology.com",
                "www.horoscope.com",
                "www.thescottishsun.co.uk",
                "www.health.com",
                "www.upi.com",
                "www.foodandwine.com",
                "www.rd.com",
                "investorplace.com",
                "www.petplace.com",
                "www.thesun.ie",
                "www.the-sun.com",
                "www.instyle.com"
            ]
        },
        {
            "rule": "p-n\\.io\\/pushly-sdk\\.min\\.css",
            "cookies": 0,
            "fingerprinting": 0,
            "subdomains": [
                "cdn"
            ],
            "apis": {},
            "sites": 18,
            "prevalence": 0.00182,
            "cnames": [],
            "responseHashes": [
                "501b84d7db37a158e0313efd545c334fc75d82750e1248fa383321c67728b1ce"
            ],
            "type": "Stylesheet",
            "firstPartyCookies": {},
            "firstPartyCookiesSent": {},
            "exampleSites": [
                "golf.com",
                "hollywoodlife.com",
                "investorplace.com",
                "www.astrology.com",
                "www.digitaltrends.com",
                "www.familyhandyman.com",
                "www.forbes.com",
                "www.horoscope.com",
                "www.insidermonkey.com",
                "www.petplace.com",
                "www.rd.com",
                "www.tasteofhome.com",
                "www.the-sun.com",
                "www.thehealthy.com",
                "www.thescottishsun.co.uk",
                "www.thesun.co.uk",
                "www.thesun.ie",
                "www.upi.com"
            ]
        },
        {
            "rule": "p-n\\.io\\/event-stream",
            "cookies": 0,
            "fingerprinting": 0,
            "subdomains": [
                "k"
            ],
            "apis": {},
            "sites": 2,
            "prevalence": 0.000202,
            "cnames": [],
            "responseHashes": [
                "e3b0c44298fc1c149afbf4c8996fb92427ae41e4649b934ca495991b7852b855"
            ],
            "type": "Fetch",
            "firstPartyCookies": {},
            "firstPartyCookiesSent": {},
            "exampleSites": [
                "thescottishsun.co.uk",
                "www.thesun.co.uk"
            ]
        }
    ],
    "categories": [],
    "performance": {},
    "cookies": 0.00192,
    "types": {
        "Script": 29,
        "Stylesheet": 18,
        "Fetch": 2
    },
    "nameservers": [
        "ns-1241.awsdns-27.org",
        "ns-1851.awsdns-39.co.uk",
        "ns-191.awsdns-23.com",
        "ns-972.awsdns-57.net"
    ]
}