{
    "domain": "promo-bc.com",
    "owner": {
        "name": "BongaCams",
        "displayName": "BongaCams"
    },
    "source": [
        "DuckDuckGo-GB"
    ],
    "prevalence": 0.00502,
    "sites": 50,
    "subdomains": [],
    "cnames": [],
    "fingerprinting": 1,
    "resources": [
        {
            "rule": "promo-bc\\.com\\/promo\\.php",
            "cookies": 0,
            "fingerprinting": 1,
            "subdomains": [],
            "apis": {
                "Navigator.prototype.userAgent": 43
            },
            "sites": 50,
            "prevalence": 0.00502,
            "cnames": [],
            "responseHashes": [
                "05b9643867fcaac6b9271effb8b95e2feec54ac8c408551471516892b047dbbd",
                "3a0d7e520f6a1c1bb1d3df5fc9e3444bd2e07d44a346b81edbd4693ad17cfc32",
                "e20a6d7586b29f90b09f7ff7eb3d51d71dcc3cf14c31ec876408bf04f20df003",
                "a4e3a765ea4f0860eba0048c0aa5bff59a1a2b65947cef41541bd204e18ae8bb",
                "69a06240953df9d49d4d3524d58d98f0aebafa89bb43153cc48733094256e2b7",
                "389e267b86d549b99b783991b7645c9acfc40831c258e58d0715ac689a9dab3f",
                "1092d50c94bb9c792eb0f46ae611bbf5c6c9ff40a294c0e97c3ee4f2f577966c",
                "681347891f42ae86b91489c48cab96f4f531821c02e7dc1ea30f079d6fb0341b",
                "6c33aa99bcc90d92bbd0636ba27ae0197ea1e41278118a68b576f25f1f82b1b3",
                "91b9aa15dd26f4156f36376642efcf863a2fc5aa770c563bcdc4f71be41a41cb",
                "096a13ca8ae8c761df5591b9961c0bf66c6fb44cb0e1883b44463cc3afe26fca",
                "45079aabea17e9df7934be39476909792657d76baaa85c1d37b815bdfa29206b",
                "44a8c0e372478113361472baea8680e17c26d1bc172df6d15cecbf1f6e8b4a21",
                "d91e8bd46c95e6964c74d1f296fcf6d4162bcc5df64226707c3b175840371f38",
                "3883c86a49adcb30afe77dfd41064e7613e1555cd7318ff00e42fa17a4346d3b",
                "cd3a269ce904b577d1dcc5ac4b9a573628d4ce7bb05d04b8a0e3012436c1caed",
                "e32d178cdf17bd41ce9862f8676ec2f4c86aceae39e79c56e634affe05c9d2dc",
                "a1bf35b1a5f3c76e998825dda434d047eb8c6e3fd19f732664126a0b9512b292",
                "2b4dc6ead066bc4d183ed92d1e5bb638f846d1757842138c27d0f2656871c660",
                "651e86de2ad7ce600221ebbf1080fc6782855fbb037da22fa1fa19accfc7bbdb",
                "8ff16bd1aa265b98f5b56b4c08da4349d81429a9b36ec319568a2dbc58e4d3ff",
                "cfd557da57f2d5051262bc405fe9ad0c2ae7c705a192ebe6b7d67b81751f83fa",
                "951a7b0fde86ec68c7385dc7e272534f04cad8bb8a26b7574226fe2df1352972",
                "e6e7aee4fff2b5f214cb4abe8030e97ac24974cfe54b68aa6ac5038c5dec1638",
                "0cee1f61e95e5ad2e6eefaac8a36f7608029680c4b5a2566ef0df3dc34e07ed5",
                "8c80e437a9601ee01702c2340b44eb5ebe3f3aa7572cb803e1a1b317e32ef9da",
                "1a0c2f59a52c23766b588384b76474cc25c7be3db6fa50af4f840a4031d98385",
                "9815e32944b3525c78f3d6716c73c09033650cc15fd71bfd4c864b14fcdb7bea",
                "1e5a1cbf0615a3f5fb0a92333f19eeb8cf365dcdf5484dc8f0770545b572b637",
                "ec3b7595b9a5258217651cd808c8b963f686f9896fdac67328638ef7a25c68ee",
                "82b25afa31caee93d9350333b3f8e4be2ebb747b89ac2dbd21babc2948948b89",
                "8c3e616a4c576d4e870ef282c5c06ac0e6aede26a5d4d3427b842f7b745f1113",
                "30b5edeb334a919626bf36270f07d0741725a54119dee19facac4a1e464ec277",
                "9793dc6f48c2ac36a4dfdd1e813f77a740705f7b20fba1e4bbe21b58c053ddb5",
                "113f9d6cc7ab14aa38849a11dca7bbe7aea68f6b17d83ae815db8ac20c951bb0",
                "9178adb59f6db31ba2ba52241f37572f4fbdba106f4852d8910c407381d50fcf",
                "e39639fdc4be0413d0a33695e06d6e8a72810f3278fc7de788512f607e480f74",
                "92307a6191aeb22e1b3d07e1d52331df16748bf7da4222297b2f2ac8ccf1c5a9",
                "38a63f5113c88725b4f88b681ee37001f52ade95863b96ff81efa4f5d0301f97",
                "ed4c58131890ef6a6c43833f960351a28e78cda61cfc9036ac1ff0fa14492ffc",
                "bb28832b6fbfa2e146b28f0aa091d3b412d5d86c462d80a8bea18856fe6547d3",
                "89b64434a1dd1545abf60961306b52cc686327ae82c53160f44c34d60153c40d",
                "249a065c718b50fb2021e6a78f1b76e0a44b47db01462a2ff7f4658e13574db1",
                "776ba2d6e3ae252fe7556aa5b3943d72191337ca7d475a142020f321af2e748f",
                "a404146b9aba25831ebf41b232c23f56b97b0bb6429f570ae44241af235d23af",
                "568e747e66d4e26ceb99445c8a57acb512ffb6ef4cd5c7e951cdd92653a45725",
                "f1919a13ae0ae245f77bc93f000451c8250273594b1ece254b8e10677248301f",
                "3b6ac84af7fbc051ef5e8e06103075a660d6dc38b8e671084ecd7a5169a65c10"
            ],
            "type": "Document",
            "firstPartyCookies": {},
            "firstPartyCookiesSent": {},
            "exampleSites": [
                "xredxx.com",
                "www.pornjk.com",
                "freeadultcomix.com",
                "jambulmemek.bar",
                "oncam.me",
                "wapbold.com",
                "hello.porn",
                "www5.javmost.com",
                "4kbrazzers.com",
                "xnxxstepmom.com",
                "www.indianporn365.net",
                "thotslife.com",
                "16honeys.com",
                "thotleaks.org",
                "fapdungeon.com",
                "m.mylust.com",
                "en.pornohd.porn",
                "slutpad.com",
                "xnxx90.com",
                "vndevtop.com"
            ]
        }
    ],
    "categories": [
        "Advertising",
        "Embedded Content"
    ],
    "performance": {},
    "cookies": 0,
    "types": {
        "Document": 50
    },
    "nameservers": [
        "ns2.gnsbc.com",
        "ns3.gnsbc.com",
        "ns1.gnsbc.com"
    ]
}