{
    "domain": "reciteme.com",
    "owner": {},
    "source": [
        "DuckDuckGo-GB"
    ],
    "prevalence": 0.00161,
    "sites": 16,
    "subdomains": [
        "api"
    ],
    "cnames": [],
    "fingerprinting": 1,
    "resources": [
        {
            "rule": "reciteme\\.com\\/asset\\/js",
            "cookies": 0.0015,
            "fingerprinting": 1,
            "subdomains": [
                "api"
            ],
            "apis": {
                "Date.prototype.getTime": 16,
                "Navigator.prototype.userAgent": 16,
                "Navigator.prototype.vendor": 16,
                "Navigator.prototype.platform": 16,
                "Document.cookie setter": 1,
                "Document.cookie getter": 9
            },
            "sites": 16,
            "prevalence": 0.00161,
            "cnames": [],
            "responseHashes": [
                "3441cb93f4681fb7b6bdcd7584b0977027d556be2a3f4458599a34c28904a4ba",
                "0ac276522b4aa5816ea50d0d9f7ee6f71c3aba9a9f455a582a5a5987577752b9",
                "7fbbda5c45427d652378594822f67aa48ca80520f3c86dc80e572ccd4b159624",
                "3441ec31b604d24955ef867727fc1a5d79a9bfe2ad6838c6edd53c25b0c580c0",
                "f96595d6182ed2d17cd060b9f80b81f195941ede5158590d28bc6750bebbd586",
                "97e33f4ed2b6e711d2ead795283b785faeadf0fdc4e59ba637b7e6be833618fb",
                "1289469ed0e718414775705a890472c804fc1de1782e5e38ccef9221288e4b22",
                "8f8d4c483cb59518656e0ead53a5ecebb21a0fc6a8fdf305c79909050329bbf9",
                "ebefdd44c4039eb84f5ca13c98e62ae67bf5ac02d4527ecfe954d2af2986407f",
                "a73242dfedcd488553d9993eee911449e9d3a461db038e314bb7057b5b9b6e72",
                "24540db7f0cccc7a0fa61e232b645c270937ccb1b6cf9dc35869bf97faa811b3",
                "7d9617912aa2b4b4170bd25ce832bcf5c47eee5bd61d0bb295c4987c6c19fb83",
                "4d644d4b5baa84ec5bd1681aa20183d5cd9937193d70868ac7caf8f338c7dde8",
                "0aa3a92c9c1eda8f45cb9e186877700e81983e96e5785fbb31320a0df131759b"
            ],
            "type": "Script",
            "firstPartyCookies": {
                "Recite.Preferences": {
                    "ttl": null,
                    "length": 873,
                    "prevalence": 0.00010033109260559848,
                    "uniqueness": 1
                }
            },
            "firstPartyCookiesSent": {},
            "exampleSites": [
                "swansea.ac.uk",
                "www.accessable.co.uk",
                "www.avantiwestcoast.co.uk",
                "www.brighton.ac.uk",
                "www.buses.co.uk",
                "www.cranfield.ac.uk",
                "www.dgft.nhs.uk",
                "www.gatwickairport.com",
                "www.gonortheast.co.uk",
                "www.metrobus.co.uk",
                "www.southwesternrailway.com",
                "www.southwestwater.co.uk",
                "www.ssen.co.uk",
                "www.swansea.ac.uk",
                "www.walthamforest.gov.uk",
                "www.wigan.gov.uk"
            ]
        }
    ],
    "categories": [],
    "performance": {},
    "cookies": 0.00161,
    "types": {
        "Script": 16
    },
    "nameservers": [
        "ns10.dnsmadeeasy.com",
        "ns11.dnsmadeeasy.com",
        "ns12.dnsmadeeasy.com",
        "ns13.dnsmadeeasy.com"
    ]
}