{
    "domain": "rvrpushsrv.com",
    "owner": {},
    "source": [
        "DuckDuckGo-GB"
    ],
    "prevalence": 0.00171,
    "sites": 17,
    "subdomains": [],
    "cnames": [],
    "fingerprinting": 0,
    "resources": [
        {
            "rule": "rvrpushsrv\\.com\\/feed\\/",
            "cookies": 0.00171,
            "fingerprinting": 0,
            "subdomains": [],
            "apis": {},
            "sites": 17,
            "prevalence": 0.00171,
            "cnames": [],
            "responseHashes": [
                "240804d456fdb09edfb171939ec37f09367efb14c70eef83a20b3afc92b43bfe",
                "c2b1483e99b46c013c3bde035f09965c7c94958a994f334fa9bc247e77374ff6",
                "57ce3b76c9d514fb35e645738bdfa221b533c25947a4f893141bd0fdf862b93d",
                "9075cb7329f3b68c9a8f7e9f90b2b8675f1c669503073e41ecaa3532d5b0c2b5",
                "699dabc921b07a8a8c635800f14f2015162f30b8e6c0944aafa314d49af45754",
                "4c6bee733d4e7e0e82e993eb879edcc2b566328b4ce5301a60c925aa6b73de78",
                "16c95a31a342ffed60262ed36c112e6e34719cfc73bc9b051dd0d2a7582b79ff",
                "0a0dbdc82016e56dbf797060d26467220464f463ebb7f3bbfcf5f0fe0833ff9a",
                "cf1fb201282151d109855a960ddeecf85c5492af6c18767bb8516b236590b68f",
                "30e1d4abffeac8d5f52a8abc5e90684e385eb5b8e4b1306e2b1f678d7509c006",
                "06461aef01795d8d250993a37ff8cf198499f65b09bc7cb7f8e12765f1775689",
                "37c2c95ca56e7d35fd09412fe3ff88d9e82c91ad88a35b6b258afdeaa1bcf36c",
                "828ba927b685b012c649d836ebff3ef475f43c8dd164e3de01add7074906f4bc",
                "92cc191afe45711568299dd83a906b43ec50d337d62d0a019db22105ee153370",
                "b071174e23ac99f4fab27cfe5164eb8107db3c317b05265428804d651664102e",
                "e7dccba0e6e90a84761c0ce9f4e0b0d0583016b0d0b52d7e021644d82642d203"
            ],
            "type": "XHR",
            "firstPartyCookies": {},
            "firstPartyCookiesSent": {},
            "exampleSites": [
                "adultvideotop.com",
                "animalsex.site",
                "dogporntube.site",
                "dogsanimalxxx.club",
                "incestporn.click",
                "leaknudes.com",
                "rareteenporn.com",
                "sexfilmstube.com",
                "teenpornvideos.me",
                "www.bestialitysextaboo.net",
                "www.japaneseporn.xxx",
                "www.zooskoolvideos.com",
                "xnxxcomvideos.com",
                "xnxxsexclips.com",
                "xnxxx.space",
                "xxxx.kim",
                "zooporn.video"
            ]
        }
    ],
    "categories": [],
    "performance": {},
    "cookies": 0.00171,
    "types": {
        "XHR": 17
    },
    "nameservers": [
        "dell.ns.cloudflare.com",
        "ray.ns.cloudflare.com"
    ]
}