{
    "domain": "sele.co",
    "owner": {},
    "source": [
        "DuckDuckGo-GB"
    ],
    "prevalence": 0.00141,
    "sites": 14,
    "subdomains": [
        "api",
        "api-ntv",
        "trk-sp"
    ],
    "cnames": [],
    "fingerprinting": 0,
    "resources": [
        {
            "rule": "sele\\.co\\/ub\\/v1\\.jsonp",
            "cookies": 0,
            "fingerprinting": 0,
            "subdomains": [
                "api"
            ],
            "apis": {},
            "sites": 14,
            "prevalence": 0.00141,
            "cnames": [],
            "responseHashes": [
                "93600062c4a62263b9c8539f3b6b671cedce47a7924f7acce541c25bdb0822af",
                "9c0cd7d8f36d5352c32bd229315f2f14f78fd04334ad80282e7a2fa61d285159",
                "de3142c30780848b632d6f35a24096ab9c5357a94cdd2d46e61150abedcca38b",
                "9bcee331f021883d893706a96d174b8a37583d547c5873914720ecadb8e3b552",
                "bf70fb8c61312be17a1ab68029245f99f041fedc21312f28aa9dc9e47dac3588",
                "892303498d7a7d455a91aa5ae8018cfa19cfc838af13109a89a41e3292a42157",
                "93e45b12ba55abcacb5ff2fce069754a56d56a468e6a27bd0b0bfa01fb8ed2b8"
            ],
            "type": "Script",
            "firstPartyCookies": {},
            "firstPartyCookiesSent": {
                "muuid_origin": 0.0014129995962858296,
                "muuid_link": 0.0005046427129592249,
                "globalTI_SID": 0.0009083568833266048,
                "_li_dcdm_c": 0.00010092854259184497,
                "cookies.js_dtest": 0.00010092854259184497,
                "parsely_uuid": 0.00010092854259184497
            },
            "exampleSites": [
                "ew.com",
                "people.com",
                "www.allrecipes.com",
                "www.bhg.com",
                "www.eatingwell.com",
                "www.eatthis.com",
                "www.foodandwine.com",
                "www.health.com",
                "www.instyle.com",
                "www.marthastewart.com",
                "www.myrecipes.com",
                "www.parents.com",
                "www.realsimple.com",
                "www.shape.com"
            ]
        },
        {
            "rule": "sele\\.co\\/sp\\/v5\\.jsonp",
            "cookies": 0,
            "fingerprinting": 0,
            "subdomains": [
                "api-ntv"
            ],
            "apis": {},
            "sites": 2,
            "prevalence": 0.000202,
            "cnames": [],
            "responseHashes": [
                "b7b6568ec6a5531eda545d19433087d38589140dd7b2b9833a4f05691ea8c261"
            ],
            "type": "Script",
            "firstPartyCookies": {},
            "firstPartyCookiesSent": {
                "globalTI_SID": 0.00020185708518368994,
                "muuid_link": 0.00010092854259184497
            },
            "exampleSites": [
                "allrecipes.com",
                "www.instyle.com"
            ]
        },
        {
            "rule": "sele\\.co\\/sp",
            "cookies": 0,
            "fingerprinting": 0,
            "subdomains": [
                "trk-sp"
            ],
            "apis": {},
            "sites": 3,
            "prevalence": 0.000303,
            "cnames": [],
            "responseHashes": [],
            "type": "Image",
            "firstPartyCookies": {},
            "firstPartyCookiesSent": {
                "globalTI_SID": 0.0003027856277755349
            },
            "exampleSites": [
                "allrecipes.com",
                "www.allrecipes.com",
                "www.instyle.com"
            ]
        }
    ],
    "categories": [],
    "performance": {},
    "cookies": 0,
    "types": {
        "Script": 16,
        "Image": 3
    },
    "nameservers": [
        "ns-807.awsdns-36.net",
        "ns-1416.awsdns-49.org",
        "ns-1580.awsdns-05.co.uk",
        "ns-165.awsdns-20.com"
    ]
}