{
    "domain": "usehero.com",
    "owner": {},
    "source": [
        "DuckDuckGo-GB"
    ],
    "prevalence": 0.000905,
    "sites": 9,
    "subdomains": [
        "cdn",
        "api"
    ],
    "cnames": [],
    "fingerprinting": 1,
    "resources": [
        {
            "rule": "usehero\\.com\\/loader\\.js",
            "cookies": 0.000804,
            "fingerprinting": 1,
            "subdomains": [
                "cdn"
            ],
            "apis": {
                "Date.prototype.getTime": 9,
                "Document.cookie getter": 8,
                "Document.cookie setter": 8,
                "window.sessionStorage": 9,
                "Navigator.prototype.userAgent": 9,
                "window.localStorage": 8
            },
            "sites": 9,
            "prevalence": 0.000905,
            "cnames": [],
            "responseHashes": [
                "6938485b5c742293dda946f52fe7e6449fffdad20c7543e1f4b017917f3e16b0"
            ],
            "type": "Script",
            "firstPartyCookies": {
                "hero-state-9caaef98-9a10-403c-a39b-b9bb87725a5a": {
                    "ttl": 31536006,
                    "length": 15,
                    "prevalence": 0.00010050251256281407,
                    "uniqueness": 1
                },
                "hero-session-9caaef98-9a10-403c-a39b-b9bb87725a5a": {
                    "ttl": 31536006,
                    "length": 6,
                    "prevalence": 0.00010050251256281407,
                    "uniqueness": 1
                },
                "hero-state-0aa88662-e37a-4097-ae4a-460b893489db": {
                    "ttl": 31536007,
                    "length": 15,
                    "prevalence": 0.00010050251256281407,
                    "uniqueness": 1
                },
                "hero-session-0aa88662-e37a-4097-ae4a-460b893489db": {
                    "ttl": 31536007,
                    "length": 6,
                    "prevalence": 0.00010050251256281407,
                    "uniqueness": 1
                },
                "hero-state-23ba646a-b0d7-46ca-af03-cc5bf3b24d83": {
                    "ttl": 31536004,
                    "length": 15,
                    "prevalence": 0.00010050251256281407,
                    "uniqueness": 1
                },
                "hero-session-23ba646a-b0d7-46ca-af03-cc5bf3b24d83": {
                    "ttl": 31536004,
                    "length": 6,
                    "prevalence": 0.00010050251256281407,
                    "uniqueness": 1
                },
                "hero-state-c5d3bbc9-608e-46ef-a302-84399aefcbfd": {
                    "ttl": 31536003,
                    "length": 15,
                    "prevalence": 0.00010050251256281407,
                    "uniqueness": 1
                },
                "hero-session-c5d3bbc9-608e-46ef-a302-84399aefcbfd": {
                    "ttl": 31536003,
                    "length": 6,
                    "prevalence": 0.00010050251256281407,
                    "uniqueness": 1
                },
                "hero-state-7194fd8f-4f09-494d-8210-e3d57773d335": {
                    "ttl": 31536007,
                    "length": 15,
                    "prevalence": 0.00010050251256281407,
                    "uniqueness": 1
                },
                "hero-session-7194fd8f-4f09-494d-8210-e3d57773d335": {
                    "ttl": 31536007,
                    "length": 6,
                    "prevalence": 0.00010050251256281407,
                    "uniqueness": 1
                },
                "hero-state-3e2754c6-a42d-4433-ac60-6bb43493d008": {
                    "ttl": 31536005,
                    "length": 15,
                    "prevalence": 0.00010050251256281407,
                    "uniqueness": 1
                },
                "hero-session-3e2754c6-a42d-4433-ac60-6bb43493d008": {
                    "ttl": 31536005,
                    "length": 6,
                    "prevalence": 0.00010050251256281407,
                    "uniqueness": 1
                }
            },
            "firstPartyCookiesSent": {},
            "exampleSites": [
                "dyson.com",
                "www.dyson.co.uk",
                "www.gooutdoors.co.uk",
                "www.harrods.com",
                "www.lenovo.com",
                "www.pmtonline.co.uk",
                "www.thefragranceshop.co.uk",
                "www.three.co.uk",
                "www.vivobarefoot.com"
            ]
        },
        {
            "rule": "usehero\\.com\\/webplugin\\/display",
            "cookies": 0,
            "fingerprinting": 0,
            "subdomains": [
                "api"
            ],
            "apis": {},
            "sites": 8,
            "prevalence": 0.000804,
            "cnames": [],
            "responseHashes": [],
            "type": "Preflight",
            "firstPartyCookies": {},
            "firstPartyCookiesSent": {
                "IR_gbd": 0.00020100502512562814
            },
            "exampleSites": [
                "dyson.com",
                "www.dyson.co.uk",
                "www.gooutdoors.co.uk",
                "www.harrods.com",
                "www.lenovo.com",
                "www.thefragranceshop.co.uk",
                "www.three.co.uk",
                "www.vivobarefoot.com"
            ]
        },
        {
            "rule": "usehero\\.com\\/webplugin\\/display",
            "cookies": 0,
            "fingerprinting": 0,
            "subdomains": [
                "api"
            ],
            "apis": {},
            "sites": 8,
            "prevalence": 0.000804,
            "cnames": [],
            "responseHashes": [
                "811413263f743d789292e9c108153b18cbad9391f6f6d089d791446485e9a555",
                "7f5a6fec019e161414f358fa621fdabc824e419d8eeeb8f469c7d362e9dfa32d",
                "e3ba2ee0097c48efa24bbf5678069ff719b5b24775146e0f49f242bf0b9347b1",
                "396e0288450eb0f192b409a0e909328fd0f31edaabad036e5fd0125d2ca952ab"
            ],
            "type": "XHR",
            "firstPartyCookies": {},
            "firstPartyCookiesSent": {
                "IR_gbd": 0.00020100502512562814
            },
            "exampleSites": [
                "dyson.com",
                "www.dyson.co.uk",
                "www.gooutdoors.co.uk",
                "www.harrods.com",
                "www.lenovo.com",
                "www.thefragranceshop.co.uk",
                "www.three.co.uk",
                "www.vivobarefoot.com"
            ]
        }
    ],
    "categories": [],
    "performance": {
        "time": 0,
        "size": 0,
        "cpu": 0,
        "cache": 3
    },
    "cookies": 0.000804,
    "types": {
        "Script": 9,
        "Preflight": 8,
        "XHR": 8
    },
    "nameservers": [
        "ns-293.awsdns-36.com",
        "ns-725.awsdns-26.net",
        "ns-1388.awsdns-45.org",
        "ns-1853.awsdns-39.co.uk"
    ]
}