{
    "domain": "wpnsrv.com",
    "owner": {},
    "source": [
        "DuckDuckGo-GB"
    ],
    "prevalence": 0.00191,
    "sites": 19,
    "subdomains": [
        "js"
    ],
    "cnames": [],
    "fingerprinting": 1,
    "resources": [
        {
            "rule": "wpnsrv\\.com\\/pn\\.php",
            "cookies": 0.000803,
            "fingerprinting": 1,
            "subdomains": [
                "js"
            ],
            "apis": {
                "Navigator.prototype.userAgent": 18,
                "Notification.permission": 16,
                "Document.cookie getter": 9,
                "Document.cookie setter": 8
            },
            "sites": 19,
            "prevalence": 0.00191,
            "cnames": [],
            "responseHashes": [
                "86f36a03a35453b19239c955a72506aeb9a8df94758a248ad7dbb567184b75bd"
            ],
            "type": "Script",
            "firstPartyCookies": {
                "pn-zone-3389741": {
                    "ttl": 3888002,
                    "length": 13,
                    "prevalence": 0.00010034115994380895,
                    "uniqueness": 1
                },
                "pn-zone-3169187": {
                    "ttl": 3888004,
                    "length": 13,
                    "prevalence": 0.00010034115994380895,
                    "uniqueness": 1
                },
                "pn-zone-3184169": {
                    "ttl": 3888003,
                    "length": 13,
                    "prevalence": 0.00010034115994380895,
                    "uniqueness": 1
                },
                "pn-zone-3382805": {
                    "ttl": 3888005,
                    "length": 13,
                    "prevalence": 0.00010034115994380895,
                    "uniqueness": 1
                },
                "pn-zone-4209274": {
                    "ttl": 3888001,
                    "length": 13,
                    "prevalence": 0.00010034115994380895,
                    "uniqueness": 1
                },
                "pn-zone-4209332": {
                    "ttl": 3888002,
                    "length": 13,
                    "prevalence": 0.00010034115994380895,
                    "uniqueness": 1
                },
                "pn-zone-3199593": {
                    "ttl": 3888001,
                    "length": 13,
                    "prevalence": 0.00010034115994380895,
                    "uniqueness": 1
                },
                "pn-zone-3382743": {
                    "ttl": 3888003,
                    "length": 13,
                    "prevalence": 0.00010034115994380895,
                    "uniqueness": 1
                }
            },
            "firstPartyCookiesSent": {},
            "exampleSites": [
                "anysex.com",
                "camgirlfap.com",
                "goodporn.to",
                "m.mylust.com",
                "mylust.com",
                "pissrip.net",
                "pornobae.com",
                "pornzak.co",
                "sextb.net",
                "smutr.com",
                "thebussybandit.com",
                "www.everydayporn.co",
                "www.pictoa.com",
                "www.ratedgross.com",
                "www.sexdug.com",
                "www.xxbrits.com",
                "xcafe.com",
                "xnxx.rest",
                "xnxxbest.pro"
            ]
        }
    ],
    "categories": [],
    "performance": {},
    "cookies": 0.000803,
    "types": {
        "Script": 19
    },
    "nameservers": [
        "ns1.dnsowl.com",
        "ns2.dnsowl.com",
        "ns3.dnsowl.com"
    ]
}