{
    "domain": "yieldify-production.com",
    "owner": {},
    "source": [
        "DuckDuckGo-GB"
    ],
    "prevalence": 0.000903,
    "sites": 9,
    "subdomains": [
        "gateway"
    ],
    "cnames": [],
    "fingerprinting": 0,
    "resources": [
        {
            "rule": "yieldify-production\\.com\\/socialproof\\/rpc",
            "cookies": 0,
            "fingerprinting": 0,
            "subdomains": [
                "gateway"
            ],
            "apis": {},
            "sites": 6,
            "prevalence": 0.000602,
            "cnames": [],
            "responseHashes": [
                "e0e8263f0b99b243f9ba4b24b41eaef7a9d7ea99cafb10d572e72ad4a1c6b79f",
                "aa2eb35533c58c0e869b028578d5b6170d164b6f554908a82cb9d44789b64f50",
                "3054465837aeebddf283f2782a90749f57edefada1c72d31c70b4e51eca48da2",
                "e7037239d86efcae5cddb91e75fb238fb1c8429f8e616e9974c1efa749f69938",
                "cfee729dd94981fb284e4bc260a37ca77bef4d56d0094da0aea5b3ef8181a7a9"
            ],
            "type": "XHR",
            "firstPartyCookies": {},
            "firstPartyCookiesSent": {},
            "exampleSites": [
                "megabus.com",
                "www.campingandcaravanningclub.co.uk",
                "www.heals.com",
                "www.inghams.co.uk",
                "www.serenataflowers.com",
                "www.uksoccershop.com"
            ]
        },
        {
            "rule": "yieldify-production\\.com\\/profile\\/rpc",
            "cookies": 0,
            "fingerprinting": 0,
            "subdomains": [
                "gateway"
            ],
            "apis": {},
            "sites": 7,
            "prevalence": 0.000703,
            "cnames": [],
            "responseHashes": [
                "2647cd99e55223dc22fbbc840136a90ad19daf7d667e3bb4d50fab38ae2b0e30",
                "7649452610a64dd9bdf70a97269d2a13cb5bb9f27d29d16f11ac20925ea40603",
                "6784a9473d8808e30b23c155342ae2e152f4cef8a74d8f47ec7f59e1c54a7522",
                "818f39a118a8d1b04038449fcf35f18a9b6960b582dcf911392f3dd930a5d4f9",
                "d0ae7267db3db4f1b704d1dbfd301dbd0cdd48becf1e13c410e5b4efcb7c1795",
                "6ed1e5bcd60fe548beca373842d1958601da660ff415314a04c158545c2b0c4c"
            ],
            "type": "XHR",
            "firstPartyCookies": {},
            "firstPartyCookiesSent": {},
            "exampleSites": [
                "megabus.com",
                "www.batterystation.co.uk",
                "www.campingandcaravanningclub.co.uk",
                "www.heals.com",
                "www.inghams.co.uk",
                "www.parcelmonkey.co.uk",
                "www.xe.com"
            ]
        }
    ],
    "categories": [],
    "performance": {},
    "cookies": 0,
    "types": {
        "XHR": 13
    },
    "nameservers": [
        "ns-1411.awsdns-48.org",
        "ns-1717.awsdns-22.co.uk",
        "ns-240.awsdns-30.com",
        "ns-653.awsdns-17.net"
    ]
}