{
    "domain": "yieldify.com",
    "owner": {
        "name": "Yieldify",
        "displayName": "Yieldify"
    },
    "source": [
        "DuckDuckGo-GB"
    ],
    "prevalence": 0.00161,
    "sites": 16,
    "subdomains": [
        "td",
        "app",
        "v2.dc",
        "edge",
        "assets"
    ],
    "cnames": [],
    "fingerprinting": 2,
    "resources": [
        {
            "rule": "yieldify\\.com\\/yieldify\\/code\\.js",
            "cookies": 0.0011,
            "fingerprinting": 2,
            "subdomains": [
                "td",
                "app"
            ],
            "apis": {
                "Navigator.prototype.appVersion": 11,
                "Document.cookie getter": 11,
                "window.localStorage": 11,
                "window.devicePixelRatio": 11,
                "window.name": 11,
                "Navigator.prototype.userAgent": 11,
                "Navigator.prototype.platform": 11,
                "Date.prototype.getTime": 11,
                "Document.cookie setter": 11
            },
            "sites": 16,
            "prevalence": 0.00161,
            "cnames": [],
            "responseHashes": [
                "56c5cdf8b2f493ca6b9c71eddd9ff185b8356a2867fb5cb99508a34fb60ffa5a",
                "33d5d9df372ce006cc0664217e5ed005115de7aeba84f63e64ccedd2f9da41f5",
                "1bd2bd8afdd4817b002da19a289e30b2d314b30640c9cfc400b267759d1d4ae8",
                "2e8961a08c2c228894f19863437fe4fcd04625fa50c00b786f497532991c1aa1",
                "cbb3c1eafbc911b3e66ecd6dc785924a72810c07029695168a58de9422683098",
                "e3b0c44298fc1c149afbf4c8996fb92427ae41e4649b934ca495991b7852b855",
                "672d5eae5ff07d8140c90d68cc6908d1267dc93bf70ef4ea8c7cd148041a58cb",
                "d97fac58322eefc3fdb6b13d4fd752711125acd5d4fbe4ec7aa30737048d1602",
                "461a2fdc86d386a985fb371dbd1c31c3df9923a46213d6ea5a94e2a91ac145e8",
                "19f3a0c9318c845aed3d742b51400ad35e9373f90861dd75da2bb511f1f63518",
                "3f051c700469d08ac41028529993bf20ecc257d4dd083846bd1a66875bdac527",
                "9a8622c1897a00a16dfe7d33f30707d89d96f20720fb5f6c4659795ccac1b515",
                "daffae7184bde40402eb888e983ca0284b12d3f7f763e7ad72ede27b83d552a1"
            ],
            "type": "Script",
            "firstPartyCookies": {
                "_y2": {
                    "ttl": 31536005,
                    "length": 271,
                    "prevalence": 0.0011046394858405303,
                    "uniqueness": 1
                },
                "_yi": {
                    "ttl": 31536012,
                    "length": 243,
                    "prevalence": 0.0011046394858405303,
                    "uniqueness": 1
                }
            },
            "firstPartyCookiesSent": {
                "IR_gbd": 0.0001004217714400482
            },
            "exampleSites": [
                "megabus.com",
                "www.batterystation.co.uk",
                "www.campingandcaravanningclub.co.uk",
                "www.harmonystore.co.uk",
                "www.heals.com",
                "www.morphyrichards.co.uk",
                "www.mpb.com",
                "www.ncp.co.uk",
                "www.parcelmonkey.co.uk",
                "www.retailgazette.co.uk",
                "www.rics.org",
                "www.serenataflowers.com",
                "www.thewatchhut.co.uk",
                "www.trackdays.co.uk",
                "www.uksoccershop.com",
                "www.xe.com"
            ]
        },
        {
            "rule": "yieldify\\.com\\/0\\.0\\.1\\/tag\\/1\\.257\\.0\\/main\\.html",
            "cookies": 0,
            "fingerprinting": 1,
            "subdomains": [
                "td"
            ],
            "apis": {
                "Navigator.prototype.appVersion": 11,
                "Navigator.prototype.userAgent": 12,
                "Date.prototype.getTime": 13,
                "window.localStorage": 11,
                "window.sessionStorage": 11,
                "Navigator.prototype.platform": 12
            },
            "sites": 13,
            "prevalence": 0.00131,
            "cnames": [],
            "responseHashes": [
                "c50459f9e2ab0aff3277b96cd301350961ef4df050c57f8ff0c80e6fc271d2de"
            ],
            "type": "Document",
            "firstPartyCookies": {},
            "firstPartyCookiesSent": {},
            "exampleSites": [
                "megabus.com",
                "www.batterystation.co.uk",
                "www.campingandcaravanningclub.co.uk",
                "www.harmonystore.co.uk",
                "www.heals.com",
                "www.morphyrichards.co.uk",
                "www.ncp.co.uk",
                "www.parcelmonkey.co.uk",
                "www.retailgazette.co.uk",
                "www.serenataflowers.com",
                "www.trackdays.co.uk",
                "www.uksoccershop.com",
                "www.xe.com"
            ]
        },
        {
            "rule": "yieldify\\.com\\/i",
            "cookies": 0.00141,
            "fingerprinting": 0,
            "subdomains": [
                "v2.dc"
            ],
            "apis": {},
            "sites": 14,
            "prevalence": 0.00141,
            "cnames": [],
            "responseHashes": [
                "f4eef8263281c0b26486637831251059757bc3fdc4c3a48045a8ef8646b36e8f"
            ],
            "type": "Image",
            "firstPartyCookies": {},
            "firstPartyCookiesSent": {
                "__lotl": 0.0001004217714400482,
                "IR_gbd": 0.0001004217714400482
            },
            "exampleSites": [
                "megabus.com",
                "uk.megabus.com",
                "www.batterystation.co.uk",
                "www.campingandcaravanningclub.co.uk",
                "www.harmonystore.co.uk",
                "www.heals.com",
                "www.morphyrichards.co.uk",
                "www.ncp.co.uk",
                "www.parcelmonkey.co.uk",
                "www.retailgazette.co.uk",
                "www.serenataflowers.com",
                "www.trackdays.co.uk",
                "www.uksoccershop.com",
                "www.xe.com"
            ]
        },
        {
            "rule": "yieldify\\.com\\/",
            "cookies": 0,
            "fingerprinting": 0,
            "subdomains": [
                "edge"
            ],
            "apis": {},
            "sites": 6,
            "prevalence": 0.000603,
            "cnames": [],
            "responseHashes": [],
            "type": "Fetch",
            "firstPartyCookies": {},
            "firstPartyCookiesSent": {},
            "exampleSites": [
                "batterystation.co.uk",
                "www.campingandcaravanningclub.co.uk",
                "www.harmonystore.co.uk",
                "www.heals.com",
                "www.serenataflowers.com",
                "www.xe.com"
            ]
        },
        {
            "rule": "yieldify\\.com\\/global\\/close-button\\/close-button-shadow\\.svg",
            "cookies": 0,
            "fingerprinting": 0,
            "subdomains": [
                "assets"
            ],
            "apis": {},
            "sites": 4,
            "prevalence": 0.000402,
            "cnames": [],
            "responseHashes": [
                "e3963c23be9d30c18d4035d649bc3c95d0c179423ebdf132e0575dd74cc5644e"
            ],
            "type": "Image",
            "firstPartyCookies": {},
            "firstPartyCookiesSent": {},
            "exampleSites": [
                "batterystation.co.uk",
                "www.harmonystore.co.uk",
                "www.trackdays.co.uk",
                "www.uksoccershop.com"
            ]
        }
    ],
    "categories": [],
    "performance": {},
    "cookies": 0.00131,
    "types": {
        "Script": 16,
        "Document": 13,
        "Image": 18,
        "Fetch": 6
    },