{
    "domain": "app-us1.com",
    "owner": {
        "name": "ActiveCampaign, Inc.",
        "displayName": "ActiveCampaign"
    },
    "source": [
        "DuckDuckGo-CH"
    ],
    "prevalence": 0.00152,
    "sites": 15,
    "subdomains": [
        "diffuser-cdn",
        "prism"
    ],
    "cnames": [],
    "fingerprinting": 1,
    "resources": [
        {
            "rule": "app-us1\\.com\\/diffuser\\/diffuser\\.js",
            "cookies": 0.00152,
            "fingerprinting": 1,
            "subdomains": [
                "diffuser-cdn"
            ],
            "apis": {
                "Document.cookie getter": 7,
                "Date.prototype.getTime": 14,
                "Document.cookie setter": 9
            },
            "sites": 15,
            "prevalence": 0.00152,
            "cnames": [],
            "responseHashes": [
                "72058501f83c1ff78df7acc5b97b5be177d66c51cc29dad4dae7ab478ebff070"
            ],
            "type": "Script",
            "firstPartyCookies": {
                "prism_799438191": {
                    "ttl": 2592004,
                    "length": 36,
                    "prevalence": 0.000101615689462453,
                    "uniqueness": 1
                },
                "prism_25946650": {
                    "ttl": 2592003,
                    "length": 36,
                    "prevalence": 0.000101615689462453,
                    "uniqueness": 1
                },
                "prism_90373164": {
                    "ttl": 2592006,
                    "length": 36,
                    "prevalence": 0.000101615689462453,
                    "uniqueness": 1
                },
                "prism_223475443": {
                    "ttl": 2592006,
                    "length": 36,
                    "prevalence": 0.000101615689462453,
                    "uniqueness": 1
                },
                "prism_66569912": {
                    "ttl": 2592006,
                    "length": 36,
                    "prevalence": 0.000101615689462453,
                    "uniqueness": 1
                },
                "prism_224193373": {
                    "ttl": 2592004,
                    "length": 36,
                    "prevalence": 0.000101615689462453,
                    "uniqueness": 1
                },
                "prism_799531281": {
                    "ttl": 2592007,
                    "length": 36,
                    "prevalence": 0.000101615689462453,
                    "uniqueness": 1
                },
                "prism_799467011": {
                    "ttl": 2592003,
                    "length": 36,
                    "prevalence": 0.000101615689462453,
                    "uniqueness": 1
                },
                "prism_89867144": {
                    "ttl": 2592004,
                    "length": 36,
                    "prevalence": 0.000101615689462453,
                    "uniqueness": 1
                }
            },
            "firstPartyCookiesSent": {},
            "exampleSites": [
                "bestreviews.com",
                "protrainer.fr",
                "seekingalpha.com",
                "wingguard.de",
                "www.ausbildung-weiterbildung.ch",
                "www.bongenie-grieder.ch",
                "www.caritas.ch",
                "www.kinkly.com",
                "www.rechtsanwalt.com",
                "www.roland.com",
                "www.selbstbewusstsein-staerken.net",
                "www.techopedia.com",
                "www.theadventurejunkies.com",
                "www.verbraucherschutz.com",
                "www.weltwoche.ch"
            ]
        },
        {
            "rule": "app-us1\\.com\\/",
            "cookies": 0.00152,
            "fingerprinting": 0,
            "subdomains": [
                "prism"
            ],
            "apis": {},
            "sites": 15,
            "prevalence": 0.00152,
            "cnames": [],
            "responseHashes": [
                "b4247aed5d4a38ddf10397fb3768fa65c7e9a9798364f68b040d290c072a8d8a",
                "1324cf8d0aac8395b9a50d210ef80da7e29c3fbf4e6223c0ab937afab0de3237",
                "53773ed47980c11891b6db1f2363afdc5cb3c44872a609addac12d71d36288ca",
                "7090c24bbc20202ada7dfd48f01b78c1b43fa71a8ffc70b85e1a41b0cb3220f7",
                "60930bc7f617624982e8859c9e982fb58617ff7ccb9cd874589774995627eb8c",
                "5e93edd24805b83308c3c98b58a1e16e27297a82cc4e5a2b826b647db873f9f8",
                "9af3bf8d228c03077f33509e2b0352053de9367e456b2a71969e18984fd76bf3",
                "6ea555ff8abde334fafb0dc8b043d6434ae9049198876deda1bbff1477b385a2",
                "23b19a21154019b87387e680c5886db27b9ca7a544ab95607d54f5bff250b034",
                "0d5ddea6802fc7f3c6e402048c511ac250374b00989642765cfe3b80e5373d20",
                "ed11e298c288374a4032c8f83029534a0d4f578c83ae152db8da3ac2fc05b388",
                "2c0a1b57c1d6d279c1ddec504954203e68b4cd61ef1e05044e986ee060a8a47b",
                "48091a0630d2fde07ed6d3ad4a5480fa0555b806a087ad9bd20e8853e19499ab",
                "cb3ce921ff10bd00e495243bd50aae4621d90d9aaa57286c3704025c5de8fe22"
            ],
            "type": "Script",
            "firstPartyCookies": {},
            "firstPartyCookiesSent": {},
            "exampleSites": [
                "bestreviews.com",
                "protrainer.fr",
                "seekingalpha.com",
                "wingguard.de",
                "www.ausbildung-weiterbildung.ch",
                "www.bongenie-grieder.ch",
                "www.caritas.ch",
                "www.kinkly.com",
                "www.rechtsanwalt.com",
                "www.roland.com",
                "www.selbstbewusstsein-staerken.net",
                "www.techopedia.com",
                "www.theadventurejunkies.com",
                "www.verbraucherschutz.com",
                "www.weltwoche.ch"
            ]
        },
        {
            "rule": "app-us1\\.com\\/prism\\.js",
            "cookies": 0.000203,
            "fingerprinting": 1,
            "subdomains": [
                "prism"
            ],
            "apis": {
                "Document.cookie getter": 1,
                "Date.prototype.getTime": 1,
                "Document.cookie setter": 1
            },
            "sites": 2,
            "prevalence": 0.000203,
            "cnames": [],
            "responseHashes": [],
            "type": "Script",
            "firstPartyCookies": {
                "prism_66025372": {
                    "ttl": 2592004,
                    "length": 36,
                    "prevalence": 0.000101615689462453,
                    "uniqueness": 1
                }
            },
            "firstPartyCookiesSent": {},
            "exampleSites": [
                "rechtsanwalt.com",
                "www.theadventurejunkies.com"
            ]
        }
    ],
    "categories": [],
    "performance": {},
    "cookies": 0.00152,
    "types": {
        "Script": 32
    },
    "nameservers": [
        "abby.ns.cloudflare.com",
        "alex.ns.cloudflare.com"
    ]
}