{
    "domain": "freychang.fun",
    "owner": {},
    "source": [
        "DuckDuckGo-CH"
    ],
    "prevalence": 0.00131,
    "sites": 13,
    "subdomains": [],
    "cnames": [],
    "fingerprinting": 0,
    "resources": [
        {
            "rule": "freychang\\.fun\\/",
            "cookies": 0.00131,
            "fingerprinting": 0,
            "subdomains": [],
            "apis": {},
            "sites": 13,
            "prevalence": 0.00131,
            "cnames": [],
            "responseHashes": [
                "f27977cfdd94bb1946c442e5008060e87d2f9c901043b542187c073ec3fc0884",
                "8f7836a372c3a2fe282821927a3371906be5892d22f69939dc803c72145e7cb2",
                "08d6013abf79bbcf58c79d7d8992666ce4c2f10ca9955562866e9d2b52f5631c",
                "6b0ffecc25e530d9344b922d2bbbb53311b5a03fac3843ff43309aac51a8f455",
                "74db3e34805b0ab247eed910e7e98fcc4b47a73ed745600642850e547192ec80",
                "294a5034c9f64a4f2c0ed84f03d3936302166ed4169b22d450da26a1f8f03a4e",
                "dd9e5cdce945d4030de578dd70670422ee8dfe83eea8fb06136ba9bc669c7bba",
                "79820b9e28e7d31dd134f7c83648a1e143877e1da8664192f14a78cbb6e70105",
                "be30394ba425aa6973df0793e39d820f0523a9a9b127e86fd487d501a6a3848f",
                "e83249fccc422cec5a55b0369b030fe514df3c47544d2c634183639f1f4b2bfc",
                "32240af9da7997cae12ad74c3b6e77d06646a9e64f1610faa07a31f963617984",
                "cdc26f58f79aca4b0f459f90e852e8cdc9824a353f4280087f4edb596c82deea"
            ],
            "type": "Fetch",
            "firstPartyCookies": {},
            "firstPartyCookiesSent": {},
            "exampleSites": [
                "cartoonprn.com",
                "gum-gum-streaming.com",
                "influencersgonewild.com",
                "justpicsplease.com",
                "justswallows.com",
                "notfans.com",
                "pornbitte.com",
                "pornsearchengine.com",
                "smutr.com",
                "thothub.to",
                "www.fmovies.top",
                "www.pornachi.com",
                "www.reference-sexe.com"
            ]
        }
    ],
    "categories": [],
    "performance": {},
    "cookies": 0.00131,
    "types": {
        "Fetch": 13
    },
    "nameservers": [
        "demi.ns.cloudflare.com",
        "aiden.ns.cloudflare.com"
    ]
}