{
    "domain": "inriceukwa.com",
    "owner": {},
    "source": [
        "DuckDuckGo-CH"
    ],
    "prevalence": 0.00201,
    "sites": 20,
    "subdomains": [],
    "cnames": [],
    "fingerprinting": 0,
    "resources": [
        {
            "rule": "inriceukwa\\.com\\/utx",
            "cookies": 0.00201,
            "fingerprinting": 0,
            "subdomains": [],
            "apis": {},
            "sites": 20,
            "prevalence": 0.00201,
            "cnames": [],
            "responseHashes": [
                "e3b0c44298fc1c149afbf4c8996fb92427ae41e4649b934ca495991b7852b855"
            ],
            "type": "XHR",
            "firstPartyCookies": {},
            "firstPartyCookiesSent": {},
            "exampleSites": [
                "123movies4u.art",
                "cartoonprn.com",
                "freeofleaks.com",
                "hentaiworld.tv",
                "mangaeffect.com",
                "notfans.com",
                "noxx.show",
                "ofleaksdaily.com",
                "onlyleakedfree.com",
                "pornsearchengine.com",
                "rule34.world",
                "thothub.to",
                "topofleaked.com",
                "uleaks.net",
                "www.bestialitysextaboo.com",
                "www.heavy-r.com",
                "www.porn-xnxx.com",
                "www.reference-sexe.com",
                "www.twuko.com",
                "xnxx.club"
            ]
        },
        {
            "rule": "inriceukwa\\.com\\/floater",
            "cookies": 0.0011,
            "fingerprinting": 0,
            "subdomains": [],
            "apis": {},
            "sites": 11,
            "prevalence": 0.0011,
            "cnames": [],
            "responseHashes": [
                "028e90173537db47cba4481e24e10005452428ed467806cc8d516b4b7a132edb",
                "af2b6705b41cc56c5a61563e9ae2e11c2d86d06be1ab6f865c0247ef1c13d5b2",
                "4419e95ce7bae1ac8b88c532a9c319c09d18b14f4d48ebcea7c90753073887e0",
                "016e171cd35f0ded99c54b2ed62cfd997132496b6d8a0d3250ad07dc991ab040",
                "3a0d5e6696cc58fcc3a4471d05cf95998bd79ea6c9ae94aebec40cf787210232",
                "f59929a0177d6c2f488fa46bbcff5080a2f14dc2774b8061ab046351106ccaee",
                "07c66760a496218d305d7917be8010f50a8694467c1ca6d54fbbc240a7ee9311",
                "c9646e380be69716115e0ea170b2609065fa0d88774f5ced7f38f412f20628b5",
                "1951cc33f24df27c4e4797fab2356c559bac0501fb4a461bed4077961f4f2c1f",
                "2a182009ff7f2bcb02272c4680e9c4157fc0916740beacc00980bead8ca155ee"
            ],
            "type": "XHR",
            "firstPartyCookies": {},
            "firstPartyCookiesSent": {},
            "exampleSites": [
                "cartoonprn.com",
                "mangaeffect.com",
                "notfans.com",
                "pornsearchengine.com",
                "thothub.to",
                "www.bestialitysextaboo.com",
                "www.heavy-r.com",
                "www.porn-xnxx.com",
                "www.reference-sexe.com",
                "www.twuko.com",
                "xnxx.club"
            ]
        }
    ],
    "categories": [],
    "performance": {},
    "cookies": 0.00201,
    "types": {
        "XHR": 31
    },
    "nameservers": [
        "burt.ns.cloudflare.com",
        "jen.ns.cloudflare.com"
    ]
}