{
    "domain": "izrnvo.com",
    "owner": {},
    "source": [
        "DuckDuckGo-CH"
    ],
    "prevalence": 0.000903,
    "sites": 9,
    "subdomains": [
        "s"
    ],
    "cnames": [],
    "fingerprinting": 3,
    "resources": [
        {
            "rule": "izrnvo\\.com\\/ag\\/292939\\/clear\\.js",
            "cookies": 0,
            "fingerprinting": 0,
            "subdomains": [
                "s"
            ],
            "apis": {},
            "sites": 9,
            "prevalence": 0.000903,
            "cnames": [],
            "responseHashes": [
                "f96b6b5acff81fa2b1ce847f21598f564f300705ceb59384ed1b52a92ce3ba36",
                "81ce379fbb77f21ad9ba0abde7b2ad900f173825ff9d272f194f32483cbf9f42",
                "21526dc79efc4ebe20ef6024ba4feff3f3b6ae8ad883861f7e6f46cd9282aa8e",
                "324bee858f9416801933e3a83a1cc87a969db520baac959bd52a3be60ee8a513",
                "76c8c8a2f501a796fa54750a2bf8136a6c7949f5f0f7c35284890b0f8c7ad47a",
                "631d684a076056f36955c37b6a0c741fd48eef9c75811822c59f1879930ea345",
                "57672344f96092c0c1870553d2f4b39adc04f586595bbb3666f287f6b1106e25",
                "6e8af308e8099ca7c0e61b1ee0a817b91de80a1f4845b7270cba7a4a1ad47135"
            ],
            "type": "Script",
            "firstPartyCookies": {},
            "firstPartyCookiesSent": {},
            "exampleSites": [
                "reverso.net",
                "conjugator.reverso.net",
                "conjugueur.reverso.net",
                "dictionary.reverso.net",
                "dictionnaire.reverso.net",
                "konjugator.reverso.net",
                "mobile-dictionary.reverso.net",
                "woerterbuch.reverso.net",
                "www.reverso.net"
            ]
        },
        {
            "rule": "izrnvo\\.com\\/2\\/2\\.43\\.1\\/292939\\/APWgAnADEeSKThXy\\/postback",
            "cookies": 0,
            "fingerprinting": 0,
            "subdomains": [
                "s"
            ],
            "apis": {},
            "sites": 2,
            "prevalence": 0.000201,
            "cnames": [],
            "responseHashes": [
                "e3b0c44298fc1c149afbf4c8996fb92427ae41e4649b934ca495991b7852b855"
            ],
            "type": "XHR",
            "firstPartyCookies": {},
            "firstPartyCookiesSent": {},
            "exampleSites": [
                "reverso.net",
                "context.reverso.net"
            ]
        },
        {
            "rule": "izrnvo\\.com\\/2\\/2\\.43\\.1\\/main\\.js",
            "cookies": 0,
            "fingerprinting": 3,
            "subdomains": [
                "s"
            ],
            "apis": {
                "Navigator.prototype.vendor": 9,
                "Navigator.prototype.userAgent": 9,
                "Navigator.prototype.webdriver": 9,
                "PerformanceTiming.prototype.navigationStart": 9,
                "Performance.prototype.memory": 9,
                "window.devicePixelRatio": 9,
                "window.name": 9,
                "console.memory": 9,
                "window.localStorage": 9,
                "Navigator.prototype.appCodeName": 9,
                "Navigator.prototype.languages": 9,
                "Navigator.prototype.onLine": 9,
                "Navigator.prototype.mediaDevices": 9,
                "Navigator.prototype.hardwareConcurrency": 9,
                "Navigator.prototype.deviceMemory": 9,
                "Navigator.prototype.plugins": 9,
                "Screen.prototype.availWidth": 9,
                "Screen.prototype.availHeight": 9,
                "Screen.prototype.width": 9,
                "Screen.prototype.height": 9,
                "Screen.prototype.colorDepth": 9,
                "Screen.prototype.pixelDepth": 9,
                "Screen.prototype.availLeft": 9,
                "Screen.prototype.availTop": 9,
                "Screen.prototype.orientation": 9,
                "Navigator.prototype.platform": 9,
                "Navigator.prototype.maxTouchPoints": 9,
                "Navigator.prototype.connection": 9,
                "Date.prototype.getTime": 9,
                "Date.prototype.getTimezoneOffset": 9,
                "Intl.DateTimeFormat.prototype.resolvedOptions": 9,
                "Navigator.prototype.permissions": 9,
                "speechSynthesis.__proto__.getVoices": 9,
                "Notification.permission": 9,
                "OfflineAudioContext.prototype.constructor": 9,
                "AudioBuffer.prototype.getChannelData": 9,
                "Navigator.prototype.getBattery": 9,
                "URL.createObjectURL": 9
            },
            "sites": 9,
            "prevalence": 0.000903,
            "cnames": [],
            "responseHashes": [
                "bfa12779f481d024004ac40f96aa837e671f2b6362ca6b3b84f6edf061825e98"
            ],
            "type": "Script",
            "firstPartyCookies": {},
            "firstPartyCookiesSent": {},
            "exampleSites": [
                "reverso.net",
                "conjugator.reverso.net",
                "conjugueur.reverso.net",
                "dictionary.reverso.net",
                "dictionnaire.reverso.net",
                "konjugator.reverso.net",
                "mobile-dictionary.reverso.net",
                "woerterbuch.reverso.net",
                "www.reverso.net"
            ]
        },
        {
            "rule": "izrnvo\\.com\\/2\\/2\\.43\\.1\\/292939\\/APWjgUoHEAZT_1YR\\/postback",
            "cookies": 0,
            "fingerprinting": 0,
            "subdomains": [
                "s"
            ],
            "apis": {},
            "sites": 2,
            "prevalence": 0.000201,
            "cnames": [],
            "responseHashes": [
                "e3b0c44298fc1c149afbf4c8996fb92427ae41e4649b934ca495991b7852b855"
            ],
            "type": "XHR",
            "firstPartyCookies": {},
            "firstPartyCookiesSent": {},
            "exampleSites": [
                "reverso.net",
                "conjugator.reverso.net"
            ]
        },
        {
            "rule": "izrnvo\\.com\\/2\\/2\\.43\\.1\\/292939\\/APWj6HkGEPNDWWkT\\/postback",
            "cookies": 0,
            "fingerprinting": 0,
            "subdomains": [
                "s"
            ],
            "apis": {},
            "sites": 2,
            "prevalence": 0.000201,
            "cnames": [],
            "responseHashes": [
                "e3b0c44298fc1c149afbf4c8996fb92427ae41e4649b934ca495991b7852b855"
            ],
            "type": "XHR",
            "firstPartyCookies": {},
            "firstPartyCookiesSent": {},
            "exampleSites": [
                "reverso.net",
                "conjugueur.reverso.net"
            ]
        },
        {
            "rule": "izrnvo\\.com\\/2\\/2\\.43\\.1\\/292939\\/APWgYnIFEPOoakYH\\/postback",
            "cookies": 0,
            "fingerprinting": 0,
            "subdomains": [
                "s"
            ],
            "apis": {},
            "sites": 2,
            "prevalence": 0.000201,
            "cnames": [],
            "responseHashes": [
                "e3b0c44298fc1c149afbf4c8996fb92427ae41e4649b934ca495991b7852b855"
            ],
            "type": "XHR",
            "firstPartyCookies": {},
            "firstPartyCookiesSent": {},
            "exampleSites": [
                "reverso.net",
                "dictionary.reverso.net"
            ]
        },
        {
            "rule": "izrnvo\\.com\\/2\\/2\\.43\\.1\\/292939\\/APWgLGwAEPbiM-Kj\\/postback",
            "cookies": 0,
            "fingerprinting": 0,
            "subdomains": [
                "s"
            ],
            "apis": {},
            "sites": 2,
            "prevalence": 0.000201,
            "cnames": [],
            "responseHashes": [
                "e3b0c44298fc1c149afbf4c8996fb92427ae41e4649b934ca495991b7852b855"
            ],
            "type": "XHR",