{
    "domain": "linkconnector.com",
    "owner": {
        "name": "LinkConnector Corporation",
        "displayName": "LinkConnector"
    },
    "source": [
        "DuckDuckGo-CH"
    ],
    "prevalence": 0.000915,
    "sites": 9,
    "subdomains": [
        "www"
    ],
    "cnames": [],
    "fingerprinting": 1,
    "resources": [
        {
            "rule": "linkconnector\\.com\\/uts_lp\\.php",
            "cookies": 0.000711,
            "fingerprinting": 1,
            "subdomains": [
                "www"
            ],
            "apis": {
                "Document.cookie getter": 6,
                "window.localStorage": 7,
                "Date.prototype.getTime": 7,
                "Document.cookie setter": 6
            },
            "sites": 7,
            "prevalence": 0.000711,
            "cnames": [],
            "responseHashes": [
                "9d8c6d69ee6580121fb2de607fc0235034474abda64c039b6bdc87d32633b94d",
                "ca8365c9be6ff7b51752e94817db37d64d2155185adc45310b411b5d6b572992",
                "718656b742834040ad2a66375575b09eb6e5994a6e8314f25f98b4bb5646ef4b",
                "884627a3c80b677729488c4d97bb93f71800b408240f020b22ce891716fa1d69",
                "ca30f1492246ca8884084cdb4092666d86ec48f41074149458982f6b758c2190",
                "49f9b60b3249b47142556e52560ca8f4eb178e1b5ff90803df0ab04688335e6f"
            ],
            "type": "Script",
            "firstPartyCookies": {
                "uts_id": {
                    "ttl": 157680003,
                    "length": 17,
                    "prevalence": 0.000609694136774718,
                    "uniqueness": 1
                },
                "LCUTS_UID_900133": {
                    "ttl": 3603,
                    "length": 6,
                    "prevalence": 0.000508078447312265,
                    "uniqueness": 0.2
                },
                "LCUTS_UID_901602": {
                    "ttl": 3602,
                    "length": 6,
                    "prevalence": 0.000101615689462453,
                    "uniqueness": 1
                }
            },
            "firstPartyCookiesSent": {
                "LCUTS_UID_900133": 0.000508078447312265,
                "LCUTS_UID_901602": 0.000101615689462453
            },
            "exampleSites": [
                "wondershare.com",
                "filmora.wondershare.com",
                "recoverit.wondershare.com",
                "videoconverter.wondershare.com",
                "www.imyfone.com",
                "www.minitool.com",
                "www.wondershare.com"
            ]
        },
        {
            "rule": "linkconnector\\.com\\/tu\\.php",
            "cookies": 0.000915,
            "fingerprinting": 0,
            "subdomains": [
                "www"
            ],
            "apis": {},
            "sites": 9,
            "prevalence": 0.000915,
            "cnames": [],
            "responseHashes": [
                "1cd58a827318c4a29b32a0db15c8c39d5651b42d8cad227519ad81bce4adb944"
            ],
            "type": "Image",
            "firstPartyCookies": {},
            "firstPartyCookiesSent": {
                "__atuvs": 0.000304847068387359,
                "_uetsid": 0.000609694136774718,
                "_uetvid": 0.000609694136774718,
                "_ga": 0.000508078447312265,
                "_gid": 0.000508078447312265,
                "ws_visit_id": 0.000609694136774718,
                "lmd_orig": 0.000508078447312265,
                "lmd_traf": 0.000508078447312265,
                "_fbp": 0.000406462757849812,
                "_gcl_au": 0.000101615689462453,
                "_ws_id.101.de8e": 0.000101615689462453,
                "_ws_device_id": 0.000101615689462453,
                "_hjid": 0.000101615689462453,
                "__asc": 0.000101615689462453,
                "__auc": 0.000101615689462453
            },
            "exampleSites": [
                "wondershare.com",
                "filmora.wondershare.com",
                "pdf.wondershare.com",
                "recoverit.wondershare.com",
                "videoconverter.wondershare.com",
                "www.aimersoft.com",
                "www.imyfone.com",
                "www.minitool.com",
                "www.wondershare.com"
            ]
        },
        {
            "rule": "linkconnector\\.com\\/js\\/uts_uid\\.php",
            "cookies": 0.000915,
            "fingerprinting": 0,
            "subdomains": [
                "www"
            ],
            "apis": {},
            "sites": 9,
            "prevalence": 0.000915,
            "cnames": [],
            "responseHashes": [
                "1cd58a827318c4a29b32a0db15c8c39d5651b42d8cad227519ad81bce4adb944"
            ],
            "type": "Image",
            "firstPartyCookies": {},
            "firstPartyCookiesSent": {
                "LCUTS_UID_900133": 0.000609694136774718,
                "LCUTS_UID_901602": 0.000101615689462453
            },
            "exampleSites": [
                "wondershare.com",
                "filmora.wondershare.com",
                "pdf.wondershare.com",
                "recoverit.wondershare.com",
                "videoconverter.wondershare.com",
                "www.aimersoft.com",
                "www.imyfone.com",
                "www.minitool.com",
                "www.wondershare.com"
            ]
        }
    ],
    "categories": [],
    "performance": {},
    "cookies": 0.000915,
    "types": {
        "Script": 7,
        "Image": 18
    },
    "nameservers": [
        "edna.ns.cloudflare.com",
        "sri.ns.cloudflare.com"
    ]
}