{
    "domain": "mantisadnetwork.com",
    "owner": {},
    "source": [
        "DuckDuckGo-CH"
    ],
    "prevalence": 0.00161,
    "sites": 16,
    "subdomains": [
        "mantodea",
        "ecs",
        "assets",
        "resizer"
    ],
    "cnames": [],
    "fingerprinting": 0,
    "resources": [
        {
            "rule": "mantisadnetwork\\.com\\/prebid\\/display",
            "cookies": 0,
            "fingerprinting": 0,
            "subdomains": [
                "mantodea"
            ],
            "apis": {},
            "sites": 15,
            "prevalence": 0.00151,
            "cnames": [],
            "responseHashes": [
                "53d30ca9c2969f115b35a1ea86907479ed20c496b3be8bd5daff28ad2f910afd",
                "bfc66c2b0ac79e3fef4f653e4c4ae4740882ac4a35c5efe627e49d642c09ffce",
                "f603985a29b816f6c93d2358058bdf9dbb230950e785760cd3c7a624de619400",
                "68d2b25ec2dd5a0597131079350465d01ca9fec78d416dcf158f4e46816c69fe",
                "6afa400a0c67829f41792999d75b741846dc2044bd0fe0d57ddd49de2ac1d7e0",
                "4eabbfc21ee756d6c4e6f2b8bacc45acfd5cbb00f3b820c42715922b66700bed",
                "ad6bb15b33cc85057cd4dede587c22e759e476ed68d975796b24b4acf3e1d0c0",
                "0e2f12f52768826c8abf54fbb5c9ced132ab10421c4b8a30fddb86eb67fa2322",
                "1e9640d82e35a9bb7a6434a8345f737c0ffb832b5bea719a539816b2f47cf321",
                "9606defad6e4a735e07c43aae361db3f2e51e0b6c70ca4fb228180e530ec73fb",
                "7c3173cc05a25d89cca6efb31a7877b21b8b1bab650d465d23b4ca50659a705b",
                "da714b4e218be06b989fcf61692de418d7c3482a802cb2cf21f726c2f85c5296",
                "b82ca88671a1051fc685a8b94a9ab2de017bf37563ae41fcc2eaf024b25c2400",
                "7781ff17f70b1fa4312a78d7b06c52228e61b4fbe475451fdb318224d4de1845"
            ],
            "type": "XHR",
            "firstPartyCookies": {},
            "firstPartyCookiesSent": {},
            "exampleSites": [
                "davidwalsh.name",
                "forum.xda-developers.com",
                "howtodoinjava.com",
                "html.com",
                "pokemon.gameinfo.io",
                "pythonexamples.org",
                "uproxx.com",
                "www.flightconnections.com",
                "www.iplocation.net",
                "www.onlinegdb.com",
                "www.songfacts.com",
                "www.thingiverse.com",
                "www.ubuntupit.com",
                "www.ultimatespecs.com",
                "www.xda-developers.com"
            ]
        },
        {
            "rule": "mantisadnetwork\\.com\\/prebid\\/iframe",
            "cookies": 0,
            "fingerprinting": 0,
            "subdomains": [
                "mantodea"
            ],
            "apis": {},
            "sites": 15,
            "prevalence": 0.00151,
            "cnames": [],
            "responseHashes": [
                "9602fe85078cde4922f351939cf2a6266d43654a801a23f7ea3f0e1780e1cca5",
                "fe17dde1e913da42d57a124e674c8c0ffb9bd16c53f700447420d6fd1f017063",
                "a92a9f7fbdb7531dbd1f6f278b0767848e8a03ca4b42eb204a15c15cc9b5ee17",
                "d473a02e1819e4e512f23572b2dd65356a3eb1a4b28f271f3c82d0ce81f82ce0",
                "6c6cac44616aaf371b27685bc099ba6c7a9e09569992126b82316ca7a8022f81",
                "cceaf4176cfdb21fdac0dc6d23f26c9d30114f5a843fadd0129acc12154990e7",
                "1b62213aac127d82897a073662ee7d921ef6d79a6d127547a89e1f22a6ca4ad1",
                "6acd9fd18ae21602934d6dfbb834107c6b08621789d41d41ca0caa3b6be95a87",
                "f649b4160c448875ac546f4e76fd213a93a2c6d6a23a85f22b477b5a18e95e7d",
                "a817a980db21460ac3c1b5f97ec64442de9bd81b853dd4c536c113d188871fb7",
                "4b4257b734907cc3835bf638fa3f712ae84eab16a9d5a97822750efab1a251e6",
                "96382d5c507dede4bf32011354b780e4521eaef645212cdb986909ffe8d20923",
                "a144dbe01b0f01dde025d1f599bc676446597603baabfd4389ee5a724af81d1f"
            ],
            "type": "Document",
            "firstPartyCookies": {},
            "firstPartyCookiesSent": {},
            "exampleSites": [
                "davidwalsh.name",
                "forum.xda-developers.com",
                "howtodoinjava.com",
                "html.com",
                "pokemon.gameinfo.io",
                "pythonexamples.org",
                "uproxx.com",
                "www.flightconnections.com",
                "www.iplocation.net",
                "www.onlinegdb.com",
                "www.songfacts.com",
                "www.thingiverse.com",
                "www.ubuntupit.com",
                "www.ultimatespecs.com",
                "www.xda-developers.com"
            ]
        },
        {
            "rule": "mantisadnetwork\\.com\\/sync\\/pixel\\/query",
            "cookies": 0,
            "fingerprinting": 0,
            "subdomains": [
                "ecs"
            ],
            "apis": {},
            "sites": 14,
            "prevalence": 0.00141,
            "cnames": [],
            "responseHashes": [
                "1ed70d02696722505ec82915a7dd9fbf2c512366d009b74bdbe37c9869c250a4"
            ],
            "type": "Image",
            "firstPartyCookies": {},
            "firstPartyCookiesSent": {},
            "exampleSites": [
                "davidwalsh.name",
                "forum.xda-developers.com",
                "howtodoinjava.com",
                "html.com",
                "pokemon.gameinfo.io",
                "pythonexamples.org",
                "uproxx.com",
                "www.flightconnections.com",
                "www.iplocation.net",
                "www.onlinegdb.com",
                "www.songfacts.com",
                "www.thingiverse.com",
                "www.ubuntupit.com",
                "www.xda-developers.com"
            ]
        },
        {
            "rule": "mantisadnetwork\\.com\\/website\\/ads",
            "cookies": 0.0001,
            "fingerprinting": 0,
            "subdomains": [
                "ecs"
            ],
            "apis": {},
            "sites": 2,
            "prevalence": 0.000201,
            "cnames": [],
            "responseHashes": [
                "3a54a8fd98e3cf86ed2f49591fe77d72858fe333177c39da937d21b26bd3e82b"
            ],
            "type": "Script",
            "firstPartyCookies": {},
            "firstPartyCookiesSent": {},
            "exampleSites": [
                "allbud.com",
                "www.allbud.com"
            ]
        },
        {
            "rule": "mantisadnetwork\\.com\\/adsbymantis\\.svg",
            "cookies": 0,
            "fingerprinting": 0,
            "subdomains": [
                "assets"
            ],
            "apis": {},
            "sites": 2,
            "prevalence": 0.000201,
            "cnames": [],
            "responseHashes": [],
            "type": "Image",
            "firstPartyCookies": {},
            "firstPartyCookiesSent": {},
            "exampleSites": [
                "allbud.com",
                "www.allbud.com"
            ]
        },
        {
            "rule": "mantisadnetwork\\.com\\/track\\/impression",
            "cookies": 0,
            "fingerprinting": 0,
            "subdomains": [
                "ecs"
            ],
            "apis": {},
            "sites": 2,
            "prevalence": 0.000201,
            "cnames": [],
            "responseHashes": [],
            "type": "Image",
            "firstPartyCookies": {},
            "firstPartyCookiesSent": {},
            "exampleSites": [
                "allbud.com",
                "www.allbud.com"
            ]
        },
        {
            "rule": "mantisadnetwork\\.com\\/mantis-ad-network\\/image\\/fetch\\/f_jpg,q_90\\/https:\\/\\/images\\.mantisadnetwork\\.com\\/1a5c203de51524e6c5d5bb07d82a81ff\\.jpg",
            "cookies": 0,
            "fingerprinting": 0,