{
    "domain": "medtargetsystem.com",
    "owner": {},
    "source": [
        "DuckDuckGo-CH"
    ],
    "prevalence": 0.000602,
    "sites": 6,
    "subdomains": [
        "www"
    ],
    "cnames": [],
    "fingerprinting": 3,
    "resources": [
        {
            "rule": "medtargetsystem\\.com\\/javascript\\/beacon\\.js",
            "cookies": 0.000602,
            "fingerprinting": 1,
            "subdomains": [
                "www"
            ],
            "apis": {
                "Navigator.prototype.product": 7,
                "Navigator.prototype.userAgent": 7,
                "window.localStorage": 7,
                "window.sessionStorage": 7,
                "Document.cookie getter": 6,
                "window.name": 7,
                "Document.cookie setter": 6,
                "Date.prototype.getTime": 6
            },
            "sites": 7,
            "prevalence": 0.000702,
            "cnames": [],
            "responseHashes": [
                "4f4d64857e533eef0a610548c2c3bf4e5ec6794af84b86c0b00b30ce514aa98a",
                "af51d996b0f9f941f9b50555d0ce7130ec368f2c69274045c10d9439967f80a0",
                "e7230448c098c1bbf0c8fd24c0c4799eba773b5228883a1edeb3519fcd9232d4",
                "f438f3af634e6961224ab66e8f382df36ec95403bfd75074e89053dd5c4197b0"
            ],
            "type": "Script",
            "firstPartyCookies": {
                "dmd-ahk": {
                    "ttl": 1804,
                    "length": 10,
                    "prevalence": 0.0006018054162487463,
                    "uniqueness": 0.16666666666666666
                },
                "dmd-signal-160-2655-D7D48E5B-a230e3ad-af5a-42b1-a9a0-874bb3fb0012": {
                    "ttl": 1805,
                    "length": 3,
                    "prevalence": 0.00010030090270812437,
                    "uniqueness": 1
                },
                "_sess": {
                    "ttl": 1804,
                    "length": 86,
                    "prevalence": 0.0005015045135406219,
                    "uniqueness": 1
                },
                "dmd-vid": {
                    "ttl": 1804,
                    "length": 36,
                    "prevalence": 0.0005015045135406219,
                    "uniqueness": 1
                },
                "dmd-sid": {
                    "ttl": 1804,
                    "length": 36,
                    "prevalence": 0.0005015045135406219,
                    "uniqueness": 1
                },
                "dmd-signal-126-610-A5ECBB04-a230e3ad-af5a-42b1-a9a0-874bb3fb0012": {
                    "ttl": 1804,
                    "length": 3,
                    "prevalence": 0.00010030090270812437,
                    "uniqueness": 1
                },
                "dmd-signal-118-503-EA8A36BD-56f5acec-b827-403f-82a5-10b99d1b851d": {
                    "ttl": 1803,
                    "length": 3,
                    "prevalence": 0.00010030090270812437,
                    "uniqueness": 1
                },
                "dmd-signal-102-456-06EED9C9-03115924-3807-4191-862b-480264c98150": {
                    "ttl": 1803,
                    "length": 3,
                    "prevalence": 0.00010030090270812437,
                    "uniqueness": 1
                },
                "dmd-signal-104-477-DCF729D3-49a4eaa3-e3f9-4920-b442-3d5b49173a19": {
                    "ttl": 1824,
                    "length": 3,
                    "prevalence": 0.00010030090270812437,
                    "uniqueness": 1
                },
                "dmd-signal-114-507-EDB9E74C-3509a620-bd8d-4fc0-bdee-a6519d733c9f": {
                    "ttl": 1804,
                    "length": 3,
                    "prevalence": 0.00010030090270812437,
                    "uniqueness": 1
                }
            },
            "firstPartyCookiesSent": {},
            "exampleSites": [
                "sagepub.com",
                "journals.sagepub.com",
                "radiopaedia.org",
                "www.goodrx.com",
                "www.healthgrades.com",
                "www.hopkinsmedicine.org",
                "www.nejm.org"
            ]
        },
        {
            "rule": "medtargetsystem\\.com\\/beacon\\/portal\\/",
            "cookies": 0.000702,
            "fingerprinting": 0,
            "subdomains": [
                "www"
            ],
            "apis": {},
            "sites": 7,
            "prevalence": 0.000702,
            "cnames": [],
            "responseHashes": [
                "331e8d727021723043d407cffb8a9d6974b943ec625f0c5217c71569aad28696",
                "dce3b6e2b8b90dea82f9fb80ae520ca18ba3a99b5bcec2320de706068aafbccd",
                "5c8a4326fc3077ebd16640257e05e88215b054129840e7d63088e9aa1ed3d6ce",
                "83c7535132d71f46d6782aa78e17cdbc9ad06ec9077b3b3b652aa86674e8c4f7",
                "b3b716135f967f51e11d4934bdf3fdb2a5752db8c39d64f1834d31bb18b08fa9",
                "37f79af1cbcc5c262a34c7f8b70b5037a4eafc78a0b90e24ec3600e9e375bd16"
            ],
            "type": "Document",
            "firstPartyCookies": {},
            "firstPartyCookiesSent": {
                "dmd-vid": 0.0007021063189568707,
                "dmd-sid": 0.0007021063189568707
            },
            "exampleSites": [
                "sagepub.com",
                "journals.sagepub.com",
                "radiopaedia.org",
                "www.goodrx.com",
                "www.healthgrades.com",
                "www.hopkinsmedicine.org",
                "www.nejm.org"
            ]
        },
        {
            "rule": "medtargetsystem\\.com\\/analytics\\/collect\\.gif",
            "cookies": 0.000702,
            "fingerprinting": 0,
            "subdomains": [
                "www"
            ],
            "apis": {},
            "sites": 7,
            "prevalence": 0.000702,
            "cnames": [],
            "responseHashes": [
                "e3b0c44298fc1c149afbf4c8996fb92427ae41e4649b934ca495991b7852b855"
            ],
            "type": "Image",
            "firstPartyCookies": {},
            "firstPartyCookiesSent": {
                "dmd-vid": 0.0007021063189568707,
                "dmd-sid": 0.0007021063189568707
            },
            "exampleSites": [
                "sagepub.com",
                "journals.sagepub.com",
                "radiopaedia.org",
                "www.goodrx.com",
                "www.healthgrades.com",
                "www.hopkinsmedicine.org",
                "www.nejm.org"
            ]
        },
        {
            "rule": "medtargetsystem\\.com\\/js\\/build\\/iframe\\/signal\\.js",
            "cookies": 0,
            "fingerprinting": 1,
            "subdomains": [
                "www"
            ],
            "apis": {
                "Navigator.prototype.product": 7,
                "Navigator.prototype.userAgent": 7,
                "Document.cookie getter": 7
            },
            "sites": 7,
            "prevalence": 0.000702,
            "cnames": [],
            "responseHashes": [
                "c8a71d80cbcf78a8daa6031784d7c374b1e6d8099788c13701f83b98adb8121b",
                "a31867f28edcb69557c228523c0621a70f825c77e1a81afa7466ad6da9d40e93",
                "ed6fafe70e16c30d54c8107b113ed5329dbf472baa43f39289a0cef29531f20a",
                "fe02f9e6979493408b2802243e022413702338dc10b333c43746cd559005a124"
            ],
            "type": "Script",
            "firstPartyCookies": {},
            "firstPartyCookiesSent": {},
            "exampleSites": [
                "sagepub.com",
                "journals.sagepub.com",
                "radiopaedia.org",
                "www.goodrx.com",
                "www.healthgrades.com",
                "www.hopkinsmedicine.org",
                "www.nejm.org"
            ]
        },
        {
            "rule": "medtargetsystem\\.com\\/js\\/build\\/iframe\\/fp\\.js",
            "cookies": 0.000702,