{
    "domain": "mycleverpush.com",
    "owner": {},
    "source": [
        "DuckDuckGo-CH"
    ],
    "prevalence": 0.00181,
    "sites": 18,
    "subdomains": [
        "9monatede",
        "bzberlin",
        "caravaning",
        "elektrobike",
        "fuersie",
        "gesundheitde",
        "kinode",
        "kurirrs",
        "motorrad",
        "mountainbike",
        "outdoor",
        "promobil",
        "reifendirektch",
        "reifendirektde",
        "roadbike",
        "rheinpfalz",
        "sportde",
        "vital"
    ],
    "cnames": [],
    "fingerprinting": 1,
    "resources": [
        {
            "rule": "mycleverpush\\.com\\/iframe",
            "cookies": 0,
            "fingerprinting": 1,
            "subdomains": [
                "9monatede",
                "bzberlin",
                "caravaning",
                "elektrobike",
                "fuersie",
                "gesundheitde",
                "kinode",
                "kurirrs",
                "motorrad",
                "mountainbike",
                "outdoor",
                "promobil",
                "reifendirektch",
                "reifendirektde",
                "roadbike",
                "rheinpfalz",
                "sportde",
                "vital"
            ],
            "apis": {
                "window.localStorage": 17,
                "Document.cookie getter": 17,
                "Navigator.prototype.userAgent": 17
            },
            "sites": 18,
            "prevalence": 0.00181,
            "cnames": [],
            "responseHashes": [
                "0c3ebdeeec5f597856ff869a0aa992996d20015d30f09eb9d24d02ebf399999b",
                "f47bdb0bb2724b29081b1a4b44cacf62d075a1c4aa5c64c71b5ceacfdfaccbc2",
                "aa24ea1de06446e265cab8a97a4014d3a60aec4f1f7eac2aac1d1f986d079785",
                "ea7540166fd2f5c4197ac05bb5d38f026ff227c4f61342d3c99bbe5e53fdb607",
                "06c11080a607a9eb754d450b44a6fdc721753f61f362dc031f9af7562017ffb1",
                "d47e6104c8fbd333003774e1084641d670bc8a99e8a93e886c6f0afafc1e7c9b",
                "6414f43b124fbf33a59ecad93f9ecae83ef2609fbfcbd5872b99812a6b2d5229",
                "1b1c1922b0cb217e2f698ca517abe322f89602e1e0f439ad55319ecbde8b27c3",
                "268d3687e3b7e84af71b621087a9c55d7d9a6b426057d6ee59ecd9776da132c4",
                "e72f8f2fa510ef9850547f2fad9e8b83821bd8b5298c37a9f97c210b4e66355d",
                "de96bdc37f8e986699548fdb4aeb669263dc1cfc34db11bd65d72372e42be75b",
                "67cafc8902df3b9003eeae31bd6f9501352767ad9c8d773d2250f341ddbd8b9b",
                "adcf4e47d23ac57d4a082f4f0da7c9a7510fee8257a5c5910e8c50aa379b0151",
                "5fd904172037491d9f2e2e4398a7cf4d8f5bfdd3757e60f9325497530c19d1a7",
                "24a8e8aadfce0710803e109571501a5ecce59c36c0dda975d5995156b51d4af2",
                "88f9380be113abf4a26cbd371661d8350cfb0332a76e0b0867fbe36469900f17",
                "23e65b37a7393fcb493b540f250325c908154ce25e486b8666f21d5b53d69e47"
            ],
            "type": "Document",
            "firstPartyCookies": {},
            "firstPartyCookiesSent": {},
            "exampleSites": [
                "9monate.de",
                "www.bz-berlin.de",
                "www.caravaning.de",
                "www.elektrobike-online.com",
                "www.fuersie.de",
                "www.gesundheit.de",
                "www.kino.de",
                "www.kurir.rs",
                "www.motorradonline.de",
                "www.mountainbike-magazin.de",
                "www.outdoor-magazin.com",
                "www.promobil.de",
                "www.reifendirekt.ch",
                "www.reifendirekt.de",
                "www.roadbike.de",
                "www.rheinpfalz.de",
                "www.sport.de",
                "www.vital.de"
            ]
        }
    ],
    "categories": [],
    "performance": {},
    "cookies": 0,
    "types": {
        "Document": 18
    },
    "nameservers": [
        "eric.ns.cloudflare.com",
        "gail.ns.cloudflare.com"
    ]
}