{
    "domain": "mycleverpush.com",
    "owner": {},
    "source": [
        "DuckDuckGo-CH"
    ],
    "prevalence": 0.00151,
    "sites": 15,
    "subdomains": [
        "9monatede",
        "bzberlin",
        "caravaning",
        "elektrobike",
        "fuersie",
        "gesundheitde",
        "kinode",
        "kurirrs",
        "motorrad",
        "mountainbike",
        "outdoor",
        "promobil",
        "reifendirektch",
        "sportde",
        "vital"
    ],
    "cnames": [],
    "fingerprinting": 1,
    "resources": [
        {
            "rule": "mycleverpush\\.com\\/iframe",
            "cookies": 0,
            "fingerprinting": 1,
            "subdomains": [
                "9monatede",
                "bzberlin",
                "caravaning",
                "elektrobike",
                "fuersie",
                "gesundheitde",
                "kinode",
                "kurirrs",
                "motorrad",
                "mountainbike",
                "outdoor",
                "promobil",
                "reifendirektch",
                "sportde",
                "vital"
            ],
            "apis": {
                "window.localStorage": 15,
                "Navigator.prototype.userAgent": 9
            },
            "sites": 15,
            "prevalence": 0.00151,
            "cnames": [],
            "responseHashes": [
                "4cd69819057ceb3baf3d137923bb61ef8e577dc630561e152b2113accf3aff4b",
                "119205ab1998170b41539fafb51ff4ddfa60be3c72199aff438ae8c7d0cd20ff",
                "9562da082995f916cec062446437fd966c870432b01266f961d5a8cbd6eca8cd",
                "f665765b5d2f1b920f4329fe01a36071e6c373f6e1d7d53829216f52efeb6edf",
                "f724588bb4a189527e7c2444ef4370e204050929cc1c5698764fe18e534c3f77",
                "7e58dfcf732a667f5d8b5628a638df8b6efa06febbf1d445b638cb15b5a5783f",
                "5e5d7f03915204f1e43676d0464ea1799819d0f8af76e2f5585f9e6570127a06",
                "0872b9e24e95af9345fee99c2e9bd734c2995b915f7b8e28d233237805773df7",
                "757c2f44fe2be004013138038fbb8c3604f4daf5adbc49e23cff9cb712298079",
                "5e05e8b74fb01cecabdaa9d51391c6268b14ee1db9aa3348930dd4d493c80bb1",
                "193fe8a5aaf588d0d5e236ace455970d5e797299833fbb8b842cd7507f437e79",
                "5e5606d87ca9e25cfab235c91b60a7babcd065a51f830d03626e36626df6f266",
                "de15e8a9121b954c66ce056efdda6e5fab16ba677f9f161aed06a4c3a9339576",
                "556aded80983bcd2cc0af0a7d0109ffa682c182e553e109aca265e17bc806b20"
            ],
            "type": "Document",
            "firstPartyCookies": {},
            "firstPartyCookiesSent": {},
            "exampleSites": [
                "9monate.de",
                "www.bz-berlin.de",
                "www.caravaning.de",
                "www.elektrobike-online.com",
                "www.fuersie.de",
                "www.gesundheit.de",
                "www.kino.de",
                "www.kurir.rs",
                "www.motorradonline.de",
                "www.mountainbike-magazin.de",
                "www.outdoor-magazin.com",
                "www.promobil.de",
                "www.reifendirekt.ch",
                "www.sport.de",
                "www.vital.de"
            ]
        }
    ],
    "categories": [],
    "performance": {},
    "cookies": 0,
    "types": {
        "Document": 15
    },
    "nameservers": [
        "gail.ns.cloudflare.com",
        "eric.ns.cloudflare.com"
    ]
}