{
    "domain": "mycleverpush.com",
    "owner": {},
    "source": [
        "DuckDuckGo-CH"
    ],
    "prevalence": 0.00211,
    "sites": 21,
    "subdomains": [
        "9monatede",
        "bzberlin",
        "caravaning",
        "cns",
        "elektrobike",
        "espresors",
        "flugrevue",
        "fuersie",
        "gesundheitde",
        "kinode",
        "kurirrs",
        "motorrad",
        "mountainbike",
        "myhomebook",
        "outdoor",
        "promobil",
        "reifendirektch",
        "reifendirektde",
        "roadbike",
        "sportde",
        "vital"
    ],
    "cnames": [],
    "fingerprinting": 1,
    "resources": [
        {
            "rule": "mycleverpush\\.com\\/iframe",
            "cookies": 0,
            "fingerprinting": 1,
            "subdomains": [
                "9monatede",
                "bzberlin",
                "caravaning",
                "cns",
                "elektrobike",
                "espresors",
                "flugrevue",
                "fuersie",
                "gesundheitde",
                "kinode",
                "kurirrs",
                "motorrad",
                "mountainbike",
                "myhomebook",
                "outdoor",
                "promobil",
                "reifendirektch",
                "reifendirektde",
                "roadbike",
                "sportde",
                "vital"
            ],
            "apis": {
                "window.localStorage": 19,
                "Navigator.prototype.userAgent": 12
            },
            "sites": 21,
            "prevalence": 0.00211,
            "cnames": [],
            "responseHashes": [
                "0c3ebdeeec5f597856ff869a0aa992996d20015d30f09eb9d24d02ebf399999b",
                "f47bdb0bb2724b29081b1a4b44cacf62d075a1c4aa5c64c71b5ceacfdfaccbc2",
                "6cfa27b6ad05d8f12e2612d300ac1d9618f06f77b56d98559a96c18248112fa9",
                "aa24ea1de06446e265cab8a97a4014d3a60aec4f1f7eac2aac1d1f986d079785",
                "26cd878e9377c6271d5a9c72c763ac160d53162d2b20133613f1dcbfce9f810f",
                "b0f769101e3081f7531562162fe184d6a289f02e1cb9543659b4a88559f8f1e9",
                "ea7540166fd2f5c4197ac05bb5d38f026ff227c4f61342d3c99bbe5e53fdb607",
                "06c11080a607a9eb754d450b44a6fdc721753f61f362dc031f9af7562017ffb1",
                "d47e6104c8fbd333003774e1084641d670bc8a99e8a93e886c6f0afafc1e7c9b",
                "6414f43b124fbf33a59ecad93f9ecae83ef2609fbfcbd5872b99812a6b2d5229",
                "1b1c1922b0cb217e2f698ca517abe322f89602e1e0f439ad55319ecbde8b27c3",
                "565339bc4d33d72817b583024112eb7f5cdf3e5eef0252d6ec1b9c9a94e12bb3",
                "37aec475cb3f9d3d2a5d8ea741fab09f1edb2881c59fc742b9395e92a3588d10",
                "de96bdc37f8e986699548fdb4aeb669263dc1cfc34db11bd65d72372e42be75b",
                "67cafc8902df3b9003eeae31bd6f9501352767ad9c8d773d2250f341ddbd8b9b",
                "adcf4e47d23ac57d4a082f4f0da7c9a7510fee8257a5c5910e8c50aa379b0151",
                "5fd904172037491d9f2e2e4398a7cf4d8f5bfdd3757e60f9325497530c19d1a7",
                "88f9380be113abf4a26cbd371661d8350cfb0332a76e0b0867fbe36469900f17",
                "23e65b37a7393fcb493b540f250325c908154ce25e486b8666f21d5b53d69e47"
            ],
            "type": "Document",
            "firstPartyCookies": {},
            "firstPartyCookiesSent": {},
            "exampleSites": [
                "www.reifendirekt.ch",
                "www.vital.de",
                "www.cooknsoul.de",
                "www.roadbike.de",
                "www.mountainbike-magazin.de",
                "www.elektrobike-online.com",
                "www.myhomebook.de",
                "www.kino.de",
                "www.outdoor-magazin.com",
                "www.espreso.co.rs",
                "www.caravaning.de",
                "www.fuersie.de",
                "9monate.de",
                "www.sport.de",
                "www.gesundheit.de",
                "www.motorradonline.de",
                "www.flugrevue.de",
                "www.kurir.rs",
                "www.reifendirekt.de",
                "www.bz-berlin.de"
            ]
        }
    ],
    "categories": [],
    "performance": {},
    "cookies": 0,
    "types": {
        "Document": 21
    },
    "nameservers": [
        "gail.ns.cloudflare.com",
        "eric.ns.cloudflare.com"
    ]
}