{
    "domain": "ntvpinp.com",
    "owner": {},
    "source": [
        "DuckDuckGo-CH"
    ],
    "prevalence": 0.00191,
    "sites": 19,
    "subdomains": [],
    "cnames": [],
    "fingerprinting": 0,
    "resources": [
        {
            "rule": "ntvpinp\\.com\\/in\\/multy",
            "cookies": 0,
            "fingerprinting": 0,
            "subdomains": [],
            "apis": {},
            "sites": 19,
            "prevalence": 0.00191,
            "cnames": [],
            "responseHashes": [
                "107190e58bb6e0cb52d8fa84e76d0f4519b76391b1badde8bf23e2b49ae2b3de",
                "4c564bd93c3695d93ea0e2600c16a06939f3d20dfd1cd123bf7e97c7bc63f46c",
                "8e85c943b9db5b1843cdca5683bb8db31a09ceb00e67d3d2159de03a500dbfb5",
                "637f05a26a05a218696ca117676049247d1d2b6fb687e27538fdcff56d915903",
                "fa41a6add80ffcddf2bc97cbd83be05f8e1a75e317aadd04482ac10eeda2a878",
                "d32b921b07f4ccc2dc51b3bb510c17a7b504d6e4e52856fbd4e175e40a1d6cb3",
                "458de755d9106456dabdf32048ab71a1d8239041c0efeede0c7912764d4e49f1",
                "5b17656c489c4b5755c22c5ed7a657da2927886e9fe22f5cf981e99ed762146c",
                "f7c123365f4a8828c2c56d2a01bde8f70e24381bd6161e96febad793bc1a216a",
                "92cf0c6ec25b005f2fa482a8e5987cc620684c1af22a840c927230c51b21913a",
                "8b6a55defa538ea4e721c4888c560d0af6309d71a0169f535afe2a3dd5e23a0d",
                "6c3bdae58371b7cc863765c7c97ca81386f89002f4b04941a4f9e2d0b159be6c",
                "463c83a12c6869f013dc78ddde49ee53c747404afa1d926b9be923dd69e4fbff",
                "8bdf7c365d0fe417b6030e90baeeeb81e0b6eab476b6b54618a5969b8f3bc3a8",
                "ec5f130d6d6e19c06b0010a8373de01206e8633a8ea5f2967e373e66dfca8200",
                "f280c5bbd68a5a0354b28bec562976183deeaee58c78e6e44b9825a7d740f92f",
                "c25b460c30c7036da6e874c3bdfd3a172a63c26aee127940c7761594343ce49a"
            ],
            "type": "XHR",
            "firstPartyCookies": {},
            "firstPartyCookiesSent": {},
            "exampleSites": [
                "babesflirt.com",
                "en.pornosearch.guru",
                "hcbdsm.com",
                "jungespornovideo.com",
                "list.darklolli.top",
                "pornbimbo.com",
                "pornone.com",
                "pornogids.net",
                "pornzog.com",
                "shittytube.com",
                "streamporn.pw",
                "txxx.com",
                "upornia.com",
                "vjav.com",
                "www.eroclips.org",
                "www.hitprn.com",
                "www.xpee.com",
                "www2.bestjavporn.com",
                "www2.javhdporn.net"
            ]
        }
    ],
    "categories": [],
    "performance": {},
    "cookies": 0,
    "types": {
        "XHR": 19
    },
    "nameservers": [
        "ns1.digitalocean.com",
        "ns2.digitalocean.com",
        "ns3.digitalocean.com"
    ]
}