{
    "domain": "tiktok.com",
    "owner": {
        "name": "ByteDance Ltd.",
        "displayName": "ByteDance"
    },
    "source": [
        "DuckDuckGo-CH"
    ],
    "prevalence": 0.00964,
    "sites": 96,
    "subdomains": [
        "analytics",
        "www"
    ],
    "cnames": [],
    "fingerprinting": 1,
    "resources": [
        {
            "rule": "tiktok\\.com\\/i18n\\/pixel\\/sdk\\.js",
            "cookies": 0,
            "fingerprinting": 1,
            "subdomains": [
                "analytics"
            ],
            "apis": {
                "Navigator.prototype.userAgent": 17,
                "Document.cookie getter": 16,
                "window.sessionStorage": 16
            },
            "sites": 17,
            "prevalence": 0.00171,
            "cnames": [],
            "responseHashes": [
                "346c7a39acfdc48043f3288739dd1203e1bdd39fae1d8be4d242c49f173129dc",
                "486b78702e0d3094460685a54ad6bce985f9ecef5f238f5de51f562e014805ec",
                "e3a72afb6d78e9cae27cba4defaefa8cf5ccabc2110595552a4cc895e9cc77fc",
                "db09ea3feb06b0dbfa87f5e30cd2370b189a2c2715f5a766e95c45cc2d5a3c17",
                "fa08b2fd17fa1a1661e2c3a7019e99d6c1d7a41caff102b0fb29cbb06c9c7636",
                "4962ec4fdb1531885b9112451c7e563c2ed69a9edcd2bcb3f94ff4c056ac51c1",
                "2c70e4509b55c184256f6158431218f72e726b525cdb53ab03b5a71a43c5edf5",
                "52cb8c8744252cbeb216918db13b0d14dc812a72fca53a39af2008d2115ab8a9",
                "fc9ec7a09502e7dbd8be128f8d56e2048496e10c99b51f4ff779aa954e8ad954",
                "2fba438a1e508354747a3c4ddb0351e0c4ded322d2ad891c259576f4f0b481ba",
                "9b5f77494ee623d7f37e0d087a0caa4c21c746424537231a432cb06cca2163da",
                "15f3b3c606bec3a3f5642f027cca290feadb49688b6bb97d903fcfdb63b727fd",
                "5823c3477b0938ea70f5bc31007cf96fab243686a8b8a45c03114e89105a249a",
                "0c797da458dc4ad068c5c3ab67de913501409c4d7d58d964a6828a3a5c139901",
                "331ae42407dbd57b5b2f68b69b2df8d6a421368a7de336be63ef19f167bfd62a",
                "ea2f2256347666d1395a125046819bd19ab8502e4111ccd6f08e52780578af9e"
            ],
            "type": "Script",
            "firstPartyCookies": {},
            "firstPartyCookiesSent": {},
            "exampleSites": [
                "arosalenzerheide.swiss",
                "linktr.ee",
                "motionarray.com",
                "svazurich.ch",
                "toomics.com",
                "www.asos.com",
                "www.cancer.org",
                "www.chegg.com",
                "www.fhgr.ch",
                "www.fender.com",
                "www.giesswein.com",
                "www.instant-gaming.com",
                "www.shopify.com",
                "www.sunday.de",
                "www.studysmarter.de",
                "www.ufc.com",
                "www.webtoons.com"
            ]
        },
        {
            "rule": "tiktok\\.com\\/i18n\\/pixel\\/identify\\.js",
            "cookies": 0,
            "fingerprinting": 0,
            "subdomains": [
                "analytics"
            ],
            "apis": {},
            "sites": 94,
            "prevalence": 0.00944,
            "cnames": [],
            "responseHashes": [
                "da556df4dc2e8a01fc001ae2a2446328a6615e19a40e9113a8718f0ac018d2c4"
            ],
            "type": "Script",
            "firstPartyCookies": {},
            "firstPartyCookiesSent": {},
            "exampleSites": [
                "arstechnica.com",
                "get.adobe.com",
                "helpx.adobe.com",
                "quizlet.com",
                "www.lowes.com",
                "www.nfl.com",
                "electronics.sony.com",
                "www.lse.ac.uk",
                "www.olx.ro",
                "www.asos.com",
                "community.adobe.com",
                "linktr.ee",
                "www.longines.com",
                "www.tdg.ch",
                "www.24heures.ch",
                "jamanetwork.com",
                "svazurich.ch",
                "www.adobe.com",
                "www.datacamp.com",
                "www.on-running.com"
            ]
        },
        {
            "rule": "tiktok\\.com\\/i18n\\/pixel\\/config\\.js",
            "cookies": 0,
            "fingerprinting": 1,
            "subdomains": [
                "analytics"
            ],
            "apis": {
                "Navigator.prototype.userAgent": 30
            },
            "sites": 94,
            "prevalence": 0.00944,
            "cnames": [],