{
    "domain": "wisepops.com",
    "owner": {
        "name": "Benjamin Cahen",
        "displayName": "Benjamin Cahen"
    },
    "source": [
        "DuckDuckGo-CH"
    ],
    "prevalence": 0.00141,
    "sites": 14,
    "subdomains": [
        "loader",
        "popup",
        "tracking"
    ],
    "cnames": [],
    "fingerprinting": 1,
    "resources": [
        {
            "rule": "wisepops\\.com\\/get-loader\\.js",
            "cookies": 0.000602,
            "fingerprinting": 1,
            "subdomains": [
                "loader"
            ],
            "apis": {
                "window.localStorage": 9,
                "Document.cookie getter": 6,
                "Date.prototype.getTime": 9,
                "Document.cookie setter": 6,
                "Navigator.prototype.cookieEnabled": 9
            },
            "sites": 14,
            "prevalence": 0.00141,
            "cnames": [],
            "responseHashes": [
                "21c2971244961708c28d2ff6a0b05933f308ae29a1ccfb4fec69e7f44cdd2085",
                "e3b0c44298fc1c149afbf4c8996fb92427ae41e4649b934ca495991b7852b855",
                "fe76c4bee7b7e0566426e3cfc5f30055428105841a9fe515375253425400c057",
                "18537d98e498c0fd8b67d67b95b84f5b715779a6f66a7d7c256b2107f68b0b07",
                "14f73cb5d6d95bfd5c0d0bdf5b0f37bac197b908040e6143cdd0c6e07db07e30",
                "89f6710f3469ab9488071628d2844bf378d07c6e10aca02cacecfd9a363ffd54",
                "5067f7f8611d470dc8950bd19dd42f3f27e7de8b75bb12769e7ee04540dd3078",
                "264fcd220c47725af88ab459a694435db15aa7a8ff957c1de0cc1b83db46b34a",
                "75107ae731b4cec11ecdba46b8bb84b30f3efed69b63a0c30455a0c187c30f2f",
                "53626743b499a0a5ebe1219e8ace0b585208947a5802eae8e74d64fdc66ac07f"
            ],
            "type": "Script",
            "firstPartyCookies": {
                "wisepops": {
                    "ttl": 63072008,
                    "length": 190,
                    "prevalence": 0.0006021678040947411,
                    "uniqueness": 1
                },
                "wisepops_session": {
                    "ttl": null,
                    "length": 236,
                    "prevalence": 0.0006021678040947411,
                    "uniqueness": 1
                },
                "wisepops_visits": {
                    "ttl": 63072005,
                    "length": 40,
                    "prevalence": 0.0006021678040947411,
                    "uniqueness": 1
                }
            },
            "firstPartyCookiesSent": {},
            "exampleSites": [
                "welovetrump.com",
                "www.bmj.com",
                "www.bodensee.de",
                "www.bluewin.ch",
                "www.btc-echo.de",
                "www.cambridgeenglish.org",
                "www.dailywire.com",
                "www.eliteprospects.com",
                "www.fressnapf.ch",
                "www.lanutrition.fr",
                "www.localsearch.ch",
                "www.purevpn.com",
                "www.redcross.ch",
                "www.zamnesia.com"
            ]
        },
        {
            "rule": "wisepops\\.com\\/my-wisepop",
            "cookies": 0,
            "fingerprinting": 0,
            "subdomains": [
                "popup"
            ],
            "apis": {},
            "sites": 9,
            "prevalence": 0.000903,
            "cnames": [],
            "responseHashes": [
                "38b904a1cf83df048360fb2480571b749fd98d57e11f1afdffb5a74a78166fea",
                "ebc0958bd04efc41e518554801547d25ca1983f92a232cf3af30baa00e31cf5c",
                "3caca673d65ba391723dc524129d2740f8bb4ca3dd1dd2a91b6453bdb0ac28a5",
                "cefc7be0c3bf4f4ba03da0bf85acf5dc4db146c136957e96bfa00d1b4fe2d222",
                "b3be7d1da4d3cff5a71ace88d321d7364070b769908611f5728030f64e3fe3c3",
                "fa64a10022b3d59ee980db30cf0821dce1e1ad72e889e835b10d8ba5a541d095"
            ],
            "type": "XHR",
            "firstPartyCookies": {},
            "firstPartyCookiesSent": {},
            "exampleSites": [
                "bmj.com",
                "www.btc-echo.de",
                "www.cambridgeenglish.org",
                "www.dailywire.com",
                "www.fressnapf.ch",
                "www.lanutrition.fr",
                "www.localsearch.ch",
                "www.redcross.ch",
                "www.zamnesia.com"
            ]
        },
        {
            "rule": "wisepops\\.com\\/_\\.gif",
            "cookies": 0,
            "fingerprinting": 0,
            "subdomains": [
                "tracking"
            ],
            "apis": {},
            "sites": 3,
            "prevalence": 0.000301,
            "cnames": [],
            "responseHashes": [
                "ef1955ae757c8b966c83248350331bd3a30f658ced11f387f8ebf05ab3368629"
            ],
            "type": "Other",
            "firstPartyCookies": {},
            "firstPartyCookiesSent": {
                "_li_dcdm_c": 0.00010036130068245685
            },
            "exampleSites": [
                "bmj.com",
                "www.dailywire.com",
                "www.fressnapf.ch"
            ]
        }
    ],
    "categories": [],
    "performance": {
        "time": 1,
        "size": 1,
        "cpu": 1,
        "cache": 1
    },
    "cookies": 0.000602,
    "types": {
        "Script": 14,
        "XHR": 9,
        "Other": 3
    },
    "nameservers": [
        "marek.ns.cloudflare.com",
        "wally.ns.cloudflare.com"
    ]
}