{
    "domain": "wisepops.com",
    "owner": {
        "name": "Benjamin Cahen",
        "displayName": "Benjamin Cahen"
    },
    "source": [
        "DuckDuckGo-CH"
    ],
    "prevalence": 0.00161,
    "sites": 16,
    "subdomains": [
        "loader",
        "popup",
        "tracking"
    ],
    "cnames": [],
    "fingerprinting": 1,
    "resources": [
        {
            "rule": "wisepops\\.com\\/get-loader\\.js",
            "cookies": 0.000503,
            "fingerprinting": 1,
            "subdomains": [
                "loader"
            ],
            "apis": {
                "window.localStorage": 8,
                "Document.cookie getter": 4,
                "Date.prototype.getTime": 8,
                "Document.cookie setter": 5,
                "Navigator.prototype.cookieEnabled": 8
            },
            "sites": 16,
            "prevalence": 0.00161,
            "cnames": [],
            "responseHashes": [
                "e3b0c44298fc1c149afbf4c8996fb92427ae41e4649b934ca495991b7852b855",
                "3089b57573da26a9e624cbe968594f4e490cb014fdce96c375c6b92838db704f",
                "fe76c4bee7b7e0566426e3cfc5f30055428105841a9fe515375253425400c057",
                "2e2e4b3d32d8de7cd423f08bbab67b62f0e5819cb06c4ea540b5032dfd1aa7be",
                "765e7b49ad6c002a3219336494badab33a588810e5c3bd54a784540290c79fe3",
                "dc0d491cbce5b988782db335ce0abe193ba2fb8dd7f9b768fea36989da7982ac",
                "148cf3d27ccd89ff979fbe536c3dedd66d5ff60b54153805fa5e52372a6999ef",
                "75107ae731b4cec11ecdba46b8bb84b30f3efed69b63a0c30455a0c187c30f2f",
                "3479f1d8fd656cf3e34393e4f14bbd6954a5e2a97a410021bda81fd7700827df"
            ],
            "type": "Script",
            "firstPartyCookies": {
                "wisepops": {
                    "ttl": 63072006,
                    "length": 185,
                    "prevalence": 0.0005027652086475615,
                    "uniqueness": 1
                },
                "wisepops_session": {
                    "ttl": null,
                    "length": 256,
                    "prevalence": 0.0005027652086475615,
                    "uniqueness": 1
                },
                "wisepops_visits": {
                    "ttl": 63072006,
                    "length": 40,
                    "prevalence": 0.00040221216691804925,
                    "uniqueness": 1
                }
            },
            "firstPartyCookiesSent": {},
            "exampleSites": [
                "plushcare.com",
                "sdbullion.com",
                "www.bolde.com",
                "www.bluewin.ch",
                "www.btc-echo.de",
                "www.campings.com",
                "www.dailywire.com",
                "www.eliteprospects.com",
                "www.falstaff.at",
                "www.falstaff.ch",
                "www.fizzer.com",
                "www.fressnapf.ch",
                "www.lelo.com",
                "www.mittelthurgau.ch",
                "www.redcross.ch",
                "www.zamnesia.com"
            ]
        },
        {
            "rule": "wisepops\\.com\\/my-wisepop",
            "cookies": 0,
            "fingerprinting": 0,
            "subdomains": [
                "popup"
            ],
            "apis": {},
            "sites": 7,
            "prevalence": 0.000704,
            "cnames": [],
            "responseHashes": [
                "3abec786a35fb1012ab3c0141b83ee134b41feb1c4c3f362576272d91a223987",
                "a871620e16efe0701eca5a1a4e7a7c67ef9f247e466568b0d59b7f804d6ca72b",
                "3a46afde5fed839f03234c93a18bfdd886a14b1ec44c5d79acdacfc1e5a3c936",
                "cefc7be0c3bf4f4ba03da0bf85acf5dc4db146c136957e96bfa00d1b4fe2d222",
                "38b904a1cf83df048360fb2480571b749fd98d57e11f1afdffb5a74a78166fea",
                "44579ea41b09509a0688cd9816128c3ab651882ff4442e5f8f57acac17f64b2e"
            ],
            "type": "XHR",
            "firstPartyCookies": {},
            "firstPartyCookiesSent": {},
            "exampleSites": [
                "bluewin.ch",
                "www.btc-echo.de",
                "www.campings.com",
                "www.dailywire.com",
                "www.fressnapf.ch",
                "www.redcross.ch",
                "www.zamnesia.com"
            ]
        },
        {
            "rule": "wisepops\\.com\\/_\\.gif",
            "cookies": 0,
            "fingerprinting": 0,
            "subdomains": [
                "tracking"
            ],
            "apis": {},
            "sites": 2,
            "prevalence": 0.000201,
            "cnames": [],
            "responseHashes": [
                "ef1955ae757c8b966c83248350331bd3a30f658ced11f387f8ebf05ab3368629"
            ],
            "type": "Other",
            "firstPartyCookies": {},
            "firstPartyCookiesSent": {
                "_li_dcdm_c": 0.00010055304172951231
            },
            "exampleSites": [
                "dailywire.com",
                "www.fressnapf.ch"
            ]
        }
    ],
    "categories": [],
    "performance": {
        "time": 1,
        "size": 1,
        "cpu": 1,
        "cache": 1
    },
    "cookies": 0.000503,
    "types": {
        "Script": 16,
        "XHR": 7,
        "Other": 2
    },
    "nameservers": [
        "marek.ns.cloudflare.com",
        "wally.ns.cloudflare.com"
    ]
}