{
    "domain": "wisepops.com",
    "owner": {
        "name": "Benjamin Cahen",
        "displayName": "Benjamin Cahen"
    },
    "source": [
        "DuckDuckGo-CH"
    ],
    "prevalence": 0.0012,
    "sites": 12,
    "subdomains": [
        "loader",
        "popup"
    ],
    "cnames": [],
    "fingerprinting": 1,
    "resources": [
        {
            "rule": "wisepops\\.com\\/get-loader\\.js",
            "cookies": 0.000903,
            "fingerprinting": 1,
            "subdomains": [
                "loader"
            ],
            "apis": {
                "window.localStorage": 9,
                "Document.cookie getter": 9,
                "Date.prototype.getTime": 9,
                "Document.cookie setter": 9,
                "Navigator.prototype.cookieEnabled": 9
            },
            "sites": 12,
            "prevalence": 0.0012,
            "cnames": [],
            "responseHashes": [
                "e3b0c44298fc1c149afbf4c8996fb92427ae41e4649b934ca495991b7852b855",
                "1dba51a906e5965c08629484cd78d2444792c7f05b17d4b8dfb0f06e78c73d88",
                "81288405fcd684cc96428be51d6b8069c89d32cceadb62d5e3404d3a4a4907a9",
                "edd177f99dc271007657abc2f05785d3cd27a553c1dade67286b18224fcb60b4",
                "aff39edfb62b0f26ff4d2a822558ba14b3eb7a600c21ce278a77720ac1bac55c",
                "b718dc01bcfa268dd82d07d7928256b434f30b32fbbb1015d43b38f33916b7d2",
                "20f4324660cbb1431c37ac343fc257b30d0e9fe03515202d567c5b8666d8dee6",
                "43ad24a0db2a74e4070f99228e21188ea48f8087dbe20788eb6cee015fcb7d98",
                "b5d7d978b84899295fb4f7263604cb155aadd96ccf7a13828f1e5a7a94911b6c",
                "b6f6e2b5a9e7259c6d29188c1fd151ea8f72a186d68d959b7487139f616722f5"
            ],
            "type": "Script",
            "firstPartyCookies": {
                "wisepops": {
                    "ttl": 63072005,
                    "length": 167,
                    "prevalence": 0.0009027081243731193,
                    "uniqueness": 1
                },
                "wisepops_session": {
                    "ttl": null,
                    "length": 248,
                    "prevalence": 0.0009027081243731193,
                    "uniqueness": 1
                },
                "wisepops_visits": {
                    "ttl": 63072005,
                    "length": 40,
                    "prevalence": 0.0009027081243731193,
                    "uniqueness": 1
                }
            },
            "firstPartyCookiesSent": {},
            "exampleSites": [
                "blue.ch",
                "www.bluecinema.ch",
                "www.bluewin.ch",
                "www.bolde.com",
                "www.btc-echo.de",
                "www.fressnapf.ch",
                "www.lanutrition.fr",
                "www.localsearch.ch",
                "www.redcross.ch",
                "www.twerenbold.ch",
                "www.zamnesia.com",
                "www.zamnesia.fr"
            ]
        },
        {
            "rule": "wisepops\\.com\\/my-wisepop",
            "cookies": 0,
            "fingerprinting": 0,
            "subdomains": [
                "popup"
            ],
            "apis": {},
            "sites": 8,
            "prevalence": 0.000802,
            "cnames": [],
            "responseHashes": [
                "dae90336c82ba0a99c449d5de461390c25e08b675dcf6e4f304370fbc35f1ae8",
                "d2aeaf393e95a7f7874e73a3b71206b450757d78cb1fcb6003938abed0f0b77c",
                "9716d73a2d5f46852936c63d7b8cd05d934c13bd407c584f1032c32cdcfa6dca",
                "38b904a1cf83df048360fb2480571b749fd98d57e11f1afdffb5a74a78166fea",
                "b031892bc91840b3dc8d31d47f812e8514892e4c09341949110f328e1acb3b79",
                "f8c616a54734c0e627cc1514983954c0ee201bfb571a04bd3ba305df171c38c9"
            ],
            "type": "XHR",
            "firstPartyCookies": {},
            "firstPartyCookiesSent": {},
            "exampleSites": [
                "bluewin.ch",
                "www.btc-echo.de",
                "www.fressnapf.ch",
                "www.lanutrition.fr",
                "www.localsearch.ch",
                "www.redcross.ch",
                "www.zamnesia.com",
                "www.zamnesia.fr"
            ]
        }
    ],
    "categories": [],
    "performance": {},
    "cookies": 0.000903,
    "types": {
        "Script": 12,
        "XHR": 8
    },
    "nameservers": [
        "marek.ns.cloudflare.com",
        "wally.ns.cloudflare.com"
    ]
}