{
    "domain": "wpnsrv.com",
    "owner": {},
    "source": [
        "DuckDuckGo-CH"
    ],
    "prevalence": 0.0012,
    "sites": 12,
    "subdomains": [
        "js"
    ],
    "cnames": [],
    "fingerprinting": 1,
    "resources": [
        {
            "rule": "wpnsrv\\.com\\/pn\\.php",
            "cookies": 0.001,
            "fingerprinting": 1,
            "subdomains": [
                "js"
            ],
            "apis": {
                "Navigator.prototype.userAgent": 12,
                "Notification.permission": 12,
                "Document.cookie getter": 10,
                "Document.cookie setter": 10
            },
            "sites": 12,
            "prevalence": 0.0012,
            "cnames": [],
            "responseHashes": [
                "86f36a03a35453b19239c955a72506aeb9a8df94758a248ad7dbb567184b75bd"
            ],
            "type": "Script",
            "firstPartyCookies": {
                "pn-zone-3389741": {
                    "ttl": 3888001,
                    "length": 13,
                    "prevalence": 0.00010036130068245685,
                    "uniqueness": 1
                },
                "pn-zone-3199593": {
                    "ttl": 3888002,
                    "length": 13,
                    "prevalence": 0.0002007226013649137,
                    "uniqueness": 1
                },
                "pn-zone-3915078": {
                    "ttl": 3888008,
                    "length": 13,
                    "prevalence": 0.00010036130068245685,
                    "uniqueness": 1
                },
                "pn-zone-3169187": {
                    "ttl": 3888005,
                    "length": 13,
                    "prevalence": 0.0002007226013649137,
                    "uniqueness": 1
                },
                "pn-zone-3184169": {
                    "ttl": 3888004,
                    "length": 13,
                    "prevalence": 0.00010036130068245685,
                    "uniqueness": 1
                },
                "pn-zone-3382805": {
                    "ttl": 3888005,
                    "length": 13,
                    "prevalence": 0.00010036130068245685,
                    "uniqueness": 1
                },
                "pn-zone-4182036": {
                    "ttl": 3888006,
                    "length": 13,
                    "prevalence": 0.00010036130068245685,
                    "uniqueness": 1
                },
                "pn-zone-4209274": {
                    "ttl": 3888001,
                    "length": 13,
                    "prevalence": 0.00010036130068245685,
                    "uniqueness": 1
                }
            },
            "firstPartyCookiesSent": {},
            "exampleSites": [
                "anysex.com",
                "de.pictoa.com",
                "goodporn.to",
                "m.mylust.com",
                "mylust.com",
                "pornobae.com",
                "smutr.com",
                "streamporn.pw",
                "thebussybandit.com",
                "www.pictoa.com",
                "www.pornhubdeutsch.info",
                "www.xxbrits.com"
            ]
        }
    ],
    "categories": [],
    "performance": {
        "time": 1,
        "size": 1,
        "cpu": 1,
        "cache": 3
    },
    "cookies": 0.001,
    "types": {
        "Script": 12
    },
    "nameservers": [
        "ns1.dnsowl.com",
        "ns2.dnsowl.com",
        "ns3.dnsowl.com"
    ]
}