{
    "domain": "yfetyg.com",
    "owner": {},
    "source": [
        "DuckDuckGo-CH"
    ],
    "prevalence": 0.00211,
    "sites": 21,
    "subdomains": [],
    "cnames": [],
    "fingerprinting": 0,
    "resources": [
        {
            "rule": "yfetyg\\.com\\/wnload",
            "cookies": 0,
            "fingerprinting": 0,
            "subdomains": [],
            "apis": {},
            "sites": 21,
            "prevalence": 0.00211,
            "cnames": [],
            "responseHashes": [
                "623b7dc0f11447e3c4434d216709cb0bce2e24a6bdcb3099961e8440fd6a3247",
                "7f8219aa8bef50776ca92472114ee31bfbecf4a97bcc54bd3a301d5baa8836bb",
                "120d014b9accf7a76a87842df28d8f3345e73bedad60ff4cca88878ad81aaa67",
                "b38d92fc8bbdb815a3145f8abfa4f8616cc0ccbc44bc0341ef1527c1e69e2ddb",
                "99e6cb5bdf118f3dddc4d8f5c57de6bc7e864c55b1e533c0b59a43656e50623f",
                "9ff99eda186fb69f8e9fb265b1a6d3c965b444912d3eb84de4b654755ab790b1",
                "6fd5c5e286b53e1ba4445f1eda83f1d04708042b9fa8556a6e912820afeb6027",
                "32858537344cafcf5533de50e09a782efacda15883e42802dc68f56469bc296d",
                "2b56785feefb136e4c26904a3af4abe2c5135883c5a89c87873ba1beb389cd3c",
                "f6a8c2245165b360adffd62a7c8d150f863db007d4fd0a86de48963b5206aefd",
                "cd85385329741a6fc3c7214898992a9ea698716765a02c150728691548c6406e",
                "c88fdeb0b3fe5630850c5e31bbe86429845828c044fcbadb993f3b2ef0f35001",
                "e514da9ae44ae01d633fd744f6d5ae9a99a451572d3e9494e6e07d6dd9a7d8e1",
                "c8ae4d7bbe4c38e7b5dc19d3bbc700ba0c2f8e91ca5d757bdd6e80030c83c035",
                "af978636b3d6d90db8aef05075758cd65219649309e5ba4c4240a764619bb496",
                "f21c7aa9e7837b309f80f5c9dbcee8db0e3489c17ecc11fd23d3c0e34cd36d1a",
                "4e9494c88da1d9633dcbc296ace59ca5984016f821be591efbf3a84b365d9ee2",
                "a3864bef7941bfdc8ed7b3e1f8d0bf65d1eaaad6c183bd51877ca642e8263bc2",
                "0b91275c0ccfb5cc9def5c5141465e1d75a08af4f2f5ac9fe3b663c171fa3b19",
                "ac540b7606336b3ce54b0cdc470d579fffc6602218fc71da34c9d41a746b6614"
            ],
            "type": "Fetch",
            "firstPartyCookies": {},
            "firstPartyCookiesSent": {},
            "exampleSites": [
                "thefappeningblog.com",
                "www.homemoviestube.com",
                "www.darkcategories.com",
                "shittytube.com",
                "www.xpee.com",
                "www.hitprn.com",
                "www.mypornhere.com",
                "beastiality.tv",
                "wtfdaddy.com",
                "www3.javxxx.me",
                "nudostar.com",
                "fullxcinema.com",
                "leakedmodels.com",
                "www.porn-xnxx.com",
                "cartoonprn.com",
                "thothub.vip",
                "fappeningbook.com",
                "pornone.com",
                "nudesleaked.net",
                "www.spermyporn.com"
            ]
        },
        {
            "rule": "yfetyg\\.com\\/wnrw",
            "cookies": 0,
            "fingerprinting": 0,
            "subdomains": [],
            "apis": {},
            "sites": 21,
            "prevalence": 0.00211,
            "cnames": [],
            "responseHashes": [],
            "type": "Fetch",
            "firstPartyCookies": {},
            "firstPartyCookiesSent": {
                "_ym_d": 0.00020074274816822243
            },
            "exampleSites": [
                "thefappeningblog.com",
                "www.homemoviestube.com",
                "beastiality.tv",
                "www.alrincon.com",
                "pornone.com",
                "nudostar.com",
                "www.mypornhere.com",
                "www.darkcategories.com",
                "www.porn-xnxx.com",
                "www.xpee.com",
                "leakedmodels.com",
                "www.spermyporn.com",
                "www.hitprn.com",
                "fappeningbook.com",
                "nudesleaked.net",
                "wtfdaddy.com",
                "thothub.vip",
                "fullxcinema.com",
                "www3.javxxx.me",
                "cartoonprn.com"
            ]
        }
    ],
    "categories": [],
    "performance": {},
    "cookies": 0,
    "types": {
        "Fetch": 42
    },
    "nameservers": [
        "ns1.kiphost.ru",
        "ns2.kiphost.ru"
    ]
}