{
    "domain": "btloader.com",
    "owner": {
        "name": "Blockthrough Inc.",
        "displayName": "Blockthrough"
    },
    "source": [
        "DuckDuckGo-DE"
    ],
    "prevalence": 0.00883,
    "sites": 88,
    "subdomains": [
        "api"
    ],
    "cnames": [],
    "fingerprinting": 1,
    "resources": [
        {
            "rule": "btloader\\.com\\/tag",
            "cookies": 0,
            "fingerprinting": 1,
            "subdomains": [],
            "apis": {
                "window.localStorage": 27
            },
            "sites": 88,
            "prevalence": 0.00883,
            "cnames": [],
            "responseHashes": [
                "1599e00eaa099c0af149992dfaff6fc0e16995281d46c0b4479d30cac33c98ba",
                "f31b1e2942c1db7b0ae64ce83fdf4bc95401458847b66c10dbbed86d11ca6a09",
                "949af341b6446dc8c3c25f2fd4918c62f1a2f4a62be5dca452c834ccd670bf3f",
                "1ae05c07f984b069e48372b58736263861d70d6b3b7f63a6c9a4c9b97d252bb7",
                "f6b256e0e795d335b0ec41c5d2dc3325cda2635903cfd1faef017382aa868303",
                "5f56abec7ff1fb7e9738d0423dcdd81238f26e570701b7583b51792e4603cccc",
                "1be4207460d1799398ba16b9adbb335c8b57817f374af68455aaa2cf8ddcd28b",
                "16d0cf26e066f3a7639ca4800ae41b5fa51305923bae24d956a8385e2a523126",
                "956aa4ef69f860e835dec2cead9b7f4a14f2f8dc88dfd5951ed939b4c7ea14e0",
                "5f3b3b8237a36e2c2392a94a05ca53ef500bfadc8aadb5ddd9d5954854d9775b",
                "bc53d608bc8f14ccd4eb49fac6a888917087f83e486ec0cb9fd8ea4d1f1941ba",
                "a6a5b4b6d5546ad7f74481d03820ac76b3ecb0e7d33a4de57ab8156cdba66da6",
                "bcf8e50405f3ddbccfe8bf32b5d6ea035086b0b31117a0fa9428176fe72b855f",
                "0d63cf73e9c93ee70055bf1a0669403949b31034ced8f7d8983894504b5b21a9",
                "f013ee97a39e6bd578d98994de2c6537a3dd68bc5f1fd64ec62d97703b3dc63f",
                "c115551e090754651706ad296c0b10162c69ed52de7cbe24a23a5bf14ce80877",
                "f94df16e215591fe7452e73f6f96efa42308a566035489298aaf4e7f3958e0e0",
                "e67e4adf4010d257e69da1c0c17aa99e01b2c685597803f7e9b7bbbafb7606c4",
                "9c17b253eee8fe152a59aad616624cf95f4c31a235765fa73538fcdef0545459",
                "a4b3102a584a079d7f24fb97520cd39dd2708ce08e839395ef123a233e4b07c9",
                "bd3af5f09f0afa22006ba843b187fecf4b9c3b96d037774b5b77d618bc10b225",
                "d8398df443ed999f5e1b6b694506482ec880a20cabf79b79f3cb7de881e5de86",
                "e80c669818773959643790269ed9448f71bd45d27d61fafd73bc44c0f40baacd",
                "d2342581fc63e3ad4129fae60e5cbd7072e1989ccdcb0ab665e0c1914efdb4e2",
                "3d352881cc5631d37cf1726ea36aebf9c5a14bece16fa345dcce0e259138d269",
                "33dac684b0da13a950dad55bb9af4707350bb9729b75d3243282c8b9d2eecd2a",
                "3b20d8762b753f972a67ccb263a18db7cf86c6277df2ecb03e8b892772fccf1b",
                "73f99164c1c0ae18ba4f1a1198c9110565647ca497406f2c31f2e8c543fa4ae0"
            ],
            "type": "Script",
            "firstPartyCookies": {},
            "firstPartyCookiesSent": {},
            "exampleSites": [
                "9to5mac.com",
                "dictionary.cambridge.org",
                "en.bab.la",
                "forum.wordreference.com",
                "forum.xda-developers.com",
                "gizmodo.com",
                "knowyourmeme.com",
                "lifehacker.com",
                "nypost.com",
                "twinfinite.net",
                "chordify.net",
                "newworldfans.com",
                "www.msn.com",
                "www.pcinvasion.com",
                "kotaku.com",
                "www.wowhead.com",
                "darksouls.wiki.fextralife.com",
                "www.androidauthority.com",
                "www.mahjongspielen.de",
                "www.notebookcheck.net"
            ]
        },
        {
            "rule": "btloader\\.com\\/pv",
            "cookies": 0,
            "fingerprinting": 0,
            "subdomains": [
                "api"
            ],
            "apis": {},
            "sites": 85,
            "prevalence": 0.00853,
            "cnames": [],
            "responseHashes": [
                "e3b0c44298fc1c149afbf4c8996fb92427ae41e4649b934ca495991b7852b855"
            ],
            "type": "XHR",
            "firstPartyCookies": {},
            "firstPartyCookiesSent": {},
            "exampleSites": [
                "9to5mac.com",
                "dictionary.cambridge.org",
                "en.bab.la",
                "forum.wordreference.com",
                "forum.xda-developers.com",
                "gizmodo.com",
                "knowyourmeme.com",
                "lifehacker.com",
                "nypost.com",
                "twinfinite.net",
                "www.icy-veins.com",
                "newworld.wiki.fextralife.com",
                "www.urbandictionary.com",
                "gamebanana.com",
                "linuxconfig.org",
                "www.breitbart.com",
                "www.systemrequirementslab.com",
                "en.m.uesp.net",
                "www.chess.com",
                "dnschecker.org"
            ]
        },
        {
            "rule": "btloader\\.com\\/l",
            "cookies": 0,
            "fingerprinting": 0,
            "subdomains": [
                "api"
            ],
            "apis": {},
            "sites": 2,
            "prevalence": 0.000201,
            "cnames": [],
            "responseHashes": [
                "e3b0c44298fc1c149afbf4c8996fb92427ae41e4649b934ca495991b7852b855"
            ],
            "type": "Image",
            "firstPartyCookies": {},
            "firstPartyCookiesSent": {},
            "exampleSites": [
                "newworldfans.com",
                "www.newworld-map.com"
            ]
        }
    ],
    "categories": [],
    "performance": {},
    "cookies": 0,
    "types": {
        "Script": 88,
        "XHR": 85,
        "Image": 2
    },
    "nameservers": [
        "anna.ns.cloudflare.com",
        "anuj.ns.cloudflare.com"
    ]
}