{
    "domain": "content-garden.com",
    "owner": {},
    "source": [
        "DuckDuckGo-DE"
    ],
    "prevalence": 0.000702,
    "sites": 7,
    "subdomains": [
        "cdn"
    ],
    "cnames": [],
    "fingerprinting": 1,
    "resources": [
        {
            "rule": "content-garden\\.com\\/tag\\.js",
            "cookies": 0.000602,
            "fingerprinting": 1,
            "subdomains": [
                "cdn"
            ],
            "apis": {
                "Document.cookie getter": 6,
                "Date.prototype.getTime": 6,
                "Document.cookie setter": 6
            },
            "sites": 6,
            "prevalence": 0.000602,
            "cnames": [],
            "responseHashes": [
                "169b08efe3448c173bce34e91b37ee5769d8fcfd025230675e602ae935ed28a5"
            ],
            "type": "Script",
            "firstPartyCookies": {
                "dd_cookie_test_3f928295-7611-4a0d-9a7d-546d5d3f9385": {
                    "ttl": 3,
                    "length": 4,
                    "prevalence": 0.00010030090270812437,
                    "uniqueness": 1
                },
                "_dd_s": {
                    "ttl": 905,
                    "length": 4,
                    "prevalence": 0.0006018054162487463,
                    "uniqueness": 0.16666666666666666
                },
                "dd_cookie_test_8faff620-489d-440d-9204-399d2bcd9490": {
                    "ttl": 5,
                    "length": 4,
                    "prevalence": 0.00010030090270812437,
                    "uniqueness": 1
                },
                "dd_cookie_test_d4412d69-9880-4aad-8703-9dc6b0fa026f": {
                    "ttl": 7,
                    "length": 4,
                    "prevalence": 0.00010030090270812437,
                    "uniqueness": 1
                },
                "dd_cookie_test_e2743c7c-1d32-489a-9baf-27e6c53bcda6": {
                    "ttl": 6,
                    "length": 4,
                    "prevalence": 0.00010030090270812437,
                    "uniqueness": 1
                },
                "dd_cookie_test_7e27f483-46ee-4798-a396-3b8067d5201d": {
                    "ttl": 6,
                    "length": 4,
                    "prevalence": 0.00010030090270812437,
                    "uniqueness": 1
                },
                "dd_cookie_test_0be04225-986b-45e5-8d36-c7a4958c2cfc": {
                    "ttl": 6,
                    "length": 4,
                    "prevalence": 0.00010030090270812437,
                    "uniqueness": 1
                }
            },
            "firstPartyCookiesSent": {},
            "exampleSites": [
                "woman.at",
                "www.bgland24.de",
                "www.chiemgau24.de",
                "www.innsalzach24.de",
                "www.noen.at",
                "www.rosenheim24.de"
            ]
        },
        {
            "rule": "content-garden\\.com\\/postscribe\\.min\\.js",
            "cookies": 0,
            "fingerprinting": 0,
            "subdomains": [
                "cdn"
            ],
            "apis": {},
            "sites": 6,
            "prevalence": 0.000602,
            "cnames": [],
            "responseHashes": [
                "f89f4fd983b1e1571e0734c97cac6d99af1cddad0187a0de240c724022bb27eb"
            ],
            "type": "Script",
            "firstPartyCookies": {},
            "firstPartyCookiesSent": {},
            "exampleSites": [
                "woman.at",
                "www.bgland24.de",
                "www.chiemgau24.de",
                "www.innsalzach24.de",
                "www.noen.at",
                "www.rosenheim24.de"
            ]
        }
    ],
    "categories": [],
    "performance": {},
    "cookies": 0.000602,
    "types": {
        "Script": 12
    },
    "nameservers": [
        "ns1.your-server.de",
        "ns.second-ns.com",
        "ns3.second-ns.de"
    ]
}