{
    "domain": "fatmedia.io",
    "owner": {},
    "source": [
        "DuckDuckGo-DE"
    ],
    "prevalence": 0.000702,
    "sites": 7,
    "subdomains": [
        "analytics",
        "tr"
    ],
    "cnames": [],
    "fingerprinting": 1,
    "resources": [
        {
            "rule": "fatmedia\\.io\\/",
            "cookies": 0,
            "fingerprinting": 1,
            "subdomains": [
                "analytics",
                "tr"
            ],
            "apis": {
                "Screen.prototype.width": 4,
                "Screen.prototype.height": 4,
                "Navigator.prototype.plugins": 4,
                "window.name": 1
            },
            "sites": 7,
            "prevalence": 0.000702,
            "cnames": [],
            "responseHashes": [
                "294012422964917cbd313e47c310d49e76b883a75c9baba2323529099c3a1532",
                "a07a5ff5c368ac0f52841b60a976733d7d25a21f15905117f570828e5faebda8",
                "01331cb8c798496013e5b9833ad12b787c8bd6ae8cd275ffe75f6db721ca7b55",
                "e4aa1d02e56542c7c1dac5f3b545cd91399eb0f660fbb641939905c57d4276cf",
                "d370b8378afe56f1b66cea9de975e0e5a0bb58978d9c2d6114b142aca3b99368"
            ],
            "type": "Script",
            "firstPartyCookies": {},
            "firstPartyCookiesSent": {},
            "exampleSites": [
                "bricoflor.de",
                "www.greenstories.de",
                "www.monsterzeug.de",
                "www.naturzeit.com",
                "www.office-partner.de",
                "www.timeshop24.de",
                "www.watchmaster.com"
            ]
        },
        {
            "rule": "fatmedia\\.io\\/ctl",
            "cookies": 0.000602,
            "fingerprinting": 0,
            "subdomains": [
                "analytics",
                "tr"
            ],
            "apis": {},
            "sites": 6,
            "prevalence": 0.000602,
            "cnames": [],
            "responseHashes": [
                "00d53faeeb257884f8b4864b1561e3803f9c499ddc79a595ffb122c152af2594",
                "8e7e0e74565434892d746043c15caa96ccddd9c3a312a586ce45b445764e7a24",
                "edc971818ddd4b03b63bd6347892a1dedbec6e9619a41cde67ff1a9fd99d6876",
                "b16a0bbaf8bb7a74a84ebfe4d2f60d8a823dbf2b1df6a9c236fedf86b506c186",
                "7e8425d80109bdbe903f086bd5f7effd8aa7f4c713aca5c85e731fea8cb8fa03"
            ],
            "type": "Script",
            "firstPartyCookies": {},
            "firstPartyCookiesSent": {},
            "exampleSites": [
                "bricoflor.de",
                "www.greenstories.de",
                "www.monsterzeug.de",
                "www.office-partner.de",
                "www.timeshop24.de",
                "www.watchmaster.com"
            ]
        }
    ],
    "categories": [],
    "performance": {},
    "cookies": 0.000602,
    "types": {
        "Script": 13
    },
    "nameservers": [
        "ns-de.1and1-dns.de",
        "ns-de.1and1-dns.com"
    ]
}