{
    "domain": "medtargetsystem.com",
    "owner": {},
    "source": [
        "DuckDuckGo-DE"
    ],
    "prevalence": 0.000401,
    "sites": 4,
    "subdomains": [
        "www"
    ],
    "cnames": [],
    "fingerprinting": 3,
    "resources": [
        {
            "rule": "medtargetsystem\\.com\\/javascript\\/beacon\\.js",
            "cookies": 0.000501,
            "fingerprinting": 1,
            "subdomains": [
                "www"
            ],
            "apis": {
                "Navigator.prototype.product": 5,
                "Navigator.prototype.userAgent": 5,
                "window.localStorage": 5,
                "window.sessionStorage": 5,
                "Document.cookie getter": 5,
                "Date.prototype.getTime": 3,
                "window.name": 5,
                "Document.cookie setter": 5
            },
            "sites": 5,
            "prevalence": 0.000501,
            "cnames": [],
            "responseHashes": [
                "af51d996b0f9f941f9b50555d0ce7130ec368f2c69274045c10d9439967f80a0",
                "38303157c43345f877962aff0a965ab3b67415f8bc467a542f862bf807214d2d",
                "890832e2578134bd989a316519439c42a0e093a091d5feb51c0212cf8ab85288",
                "2fc7bddb54980759c57646de80a5bd5cd6b0c68ab39149b6f948ddb3a0b4bb8f"
            ],
            "type": "Script",
            "firstPartyCookies": {
                "_sess": {
                    "ttl": 1804,
                    "length": 86,
                    "prevalence": 0.0003008725303379801,
                    "uniqueness": 1
                },
                "dmd-vid": {
                    "ttl": 1804,
                    "length": 36,
                    "prevalence": 0.0003008725303379801,
                    "uniqueness": 1
                },
                "dmd-sid": {
                    "ttl": 1804,
                    "length": 36,
                    "prevalence": 0.0003008725303379801,
                    "uniqueness": 1
                },
                "dmd-ahk": {
                    "ttl": 1804,
                    "length": 10,
                    "prevalence": 0.0004011633737839735,
                    "uniqueness": 0.25
                },
                "dmd-signal-160-2655-D7D48E5B-97cd57b0-8f53-4d58-a709-f7838c3f3b05": {
                    "ttl": 1803,
                    "length": 3,
                    "prevalence": 0.00010029084344599338,
                    "uniqueness": 1
                },
                "dmd-signal-126-610-A5ECBB04-97cd57b0-8f53-4d58-a709-f7838c3f3b05": {
                    "ttl": 1804,
                    "length": 3,
                    "prevalence": 0.00010029084344599338,
                    "uniqueness": 1
                },
                "dmd-signal-118-503-EA8A36BD-18661e70-32b6-49d2-be33-18e735d84943": {
                    "ttl": 1804,
                    "length": 3,
                    "prevalence": 0.00010029084344599338,
                    "uniqueness": 1
                },
                "dmd-signal-104-477-DCF729D3-63982300-2ddd-40b8-9ecb-106084dc2409": {
                    "ttl": 1807,
                    "length": 3,
                    "prevalence": 0.00010029084344599338,
                    "uniqueness": 1
                }
            },
            "firstPartyCookiesSent": {},
            "exampleSites": [
                "sagepub.com",
                "journals.sagepub.com",
                "radiopaedia.org",
                "www.hopkinsmedicine.org",
                "www.mayoclinic.org"
            ]
        },
        {
            "rule": "medtargetsystem\\.com\\/beacon\\/portal\\/",
            "cookies": 0.000401,
            "fingerprinting": 0,
            "subdomains": [
                "www"
            ],
            "apis": {},
            "sites": 4,
            "prevalence": 0.000401,
            "cnames": [],
            "responseHashes": [
                "331e8d727021723043d407cffb8a9d6974b943ec625f0c5217c71569aad28696",
                "dce3b6e2b8b90dea82f9fb80ae520ca18ba3a99b5bcec2320de706068aafbccd",
                "b3b716135f967f51e11d4934bdf3fdb2a5752db8c39d64f1834d31bb18b08fa9"
            ],
            "type": "Document",
            "firstPartyCookies": {},
            "firstPartyCookiesSent": {
                "dmd-vid": 0.0004011633737839735,
                "dmd-sid": 0.0004011633737839735
            },
            "exampleSites": [
                "sagepub.com",
                "journals.sagepub.com",
                "radiopaedia.org",
                "www.hopkinsmedicine.org"
            ]
        },
        {
            "rule": "medtargetsystem\\.com\\/analytics\\/collect\\.gif",
            "cookies": 0.000401,
            "fingerprinting": 0,
            "subdomains": [
                "www"
            ],
            "apis": {},
            "sites": 4,
            "prevalence": 0.000401,
            "cnames": [],
            "responseHashes": [
                "e3b0c44298fc1c149afbf4c8996fb92427ae41e4649b934ca495991b7852b855"
            ],
            "type": "Image",
            "firstPartyCookies": {},
            "firstPartyCookiesSent": {
                "dmd-vid": 0.0004011633737839735,
                "dmd-sid": 0.0004011633737839735
            },
            "exampleSites": [
                "sagepub.com",
                "journals.sagepub.com",
                "radiopaedia.org",
                "www.hopkinsmedicine.org"
            ]
        },
        {
            "rule": "medtargetsystem\\.com\\/js\\/build\\/iframe\\/signal\\.js",
            "cookies": 0,
            "fingerprinting": 1,
            "subdomains": [
                "www"
            ],
            "apis": {
                "Navigator.prototype.product": 4,
                "Navigator.prototype.userAgent": 4,
                "Document.cookie getter": 3
            },
            "sites": 4,
            "prevalence": 0.000401,
            "cnames": [],
            "responseHashes": [
                "2cdc4849098cabed16ef5d2e488221c57b815b25d8fc042898bdffb6ec9fb8bf",
                "fe02f9e6979493408b2802243e022413702338dc10b333c43746cd559005a124",
                "7ba07522c13ed1e824a7bcb84d6ff799c19fc13cdade05cf1f8d24312e20d31c"
            ],
            "type": "Script",
            "firstPartyCookies": {},
            "firstPartyCookiesSent": {},
            "exampleSites": [
                "sagepub.com",
                "journals.sagepub.com",
                "radiopaedia.org",
                "www.hopkinsmedicine.org"
            ]
        },
        {
            "rule": "medtargetsystem\\.com\\/js\\/build\\/iframe\\/fp\\.js",
            "cookies": 0.000301,
            "fingerprinting": 2,
            "subdomains": [
                "www"
            ],
            "apis": {
                "Navigator.prototype.product": 4,
                "Navigator.prototype.userAgent": 4,
                "window.localStorage": 4,
                "window.sessionStorage": 4,
                "Navigator.prototype.language": 4,
                "Navigator.prototype.platform": 4,
                "Screen.prototype.colorDepth": 4,
                "Screen.prototype.height": 4,
                "Screen.prototype.width": 4,
                "Navigator.prototype.appCodeName": 4,
                "Navigator.prototype.appName": 4,
                "Navigator.prototype.appVersion": 4,
                "Navigator.prototype.doNotTrack": 4,
                "Date.prototype.getTimezoneOffset": 4,
                "Navigator.prototype.plugins": 4,
                "Date.prototype.getTime": 4,
                "Document.cookie getter": 3,
                "CanvasRenderingContext2D.prototype.getImageData": 4,
                "Document.cookie setter": 3
            },
            "sites": 4,
            "prevalence": 0.000401,
            "cnames": [],