{
    "domain": "medtargetsystem.com",
    "owner": {},
    "source": [
        "DuckDuckGo-DE"
    ],
    "prevalence": 0.000201,
    "sites": 2,
    "subdomains": [
        "www"
    ],
    "cnames": [],
    "fingerprinting": 3,
    "resources": [
        {
            "rule": "medtargetsystem\\.com\\/javascript\\/beacon\\.js",
            "cookies": 0.000301,
            "fingerprinting": 1,
            "subdomains": [
                "www"
            ],
            "apis": {
                "Navigator.prototype.product": 3,
                "Navigator.prototype.userAgent": 3,
                "window.localStorage": 3,
                "window.sessionStorage": 3,
                "Document.cookie getter": 3,
                "Date.prototype.getTime": 2,
                "window.name": 3,
                "Document.cookie setter": 3
            },
            "sites": 3,
            "prevalence": 0.000301,
            "cnames": [],
            "responseHashes": [
                "69ddd53a17a5f9b4d76c012f3a606011197bd7510422f9b3d8b4279fa318a40e",
                "26857972d31f321305aa4630403baf098e3621845d0d49000aa8f5e67cabcb05"
            ],
            "type": "Script",
            "firstPartyCookies": {
                "_sess": {
                    "ttl": 1807,
                    "length": 86,
                    "prevalence": 0.00020062192797672785,
                    "uniqueness": 1
                },
                "dmd-vid": {
                    "ttl": 1807,
                    "length": 36,
                    "prevalence": 0.00020062192797672785,
                    "uniqueness": 1
                },
                "dmd-sid": {
                    "ttl": 1807,
                    "length": 36,
                    "prevalence": 0.00020062192797672785,
                    "uniqueness": 1
                },
                "dmd-ahk": {
                    "ttl": 1804,
                    "length": 10,
                    "prevalence": 0.0003009328919650918,
                    "uniqueness": 0.3333333333333333
                },
                "dmd-signal-160-2655-D7D48E5B-63b4ff19-eef8-4a6a-9677-06627d51e040": {
                    "ttl": 1804,
                    "length": 3,
                    "prevalence": 0.00010031096398836393,
                    "uniqueness": 1
                },
                "dmd-signal-126-610-A5ECBB04-63b4ff19-eef8-4a6a-9677-06627d51e040": {
                    "ttl": 1804,
                    "length": 3,
                    "prevalence": 0.00010031096398836393,
                    "uniqueness": 1
                },
                "dmd-signal-104-477-DCF729D3-30f362f4-f8ab-47a7-a5bb-ee2687897064": {
                    "ttl": 1807,
                    "length": 3,
                    "prevalence": 0.00010031096398836393,
                    "uniqueness": 1
                }
            },
            "firstPartyCookiesSent": {},
            "exampleSites": [
                "sagepub.com",
                "journals.sagepub.com",
                "www.hopkinsmedicine.org"
            ]
        },
        {
            "rule": "medtargetsystem\\.com\\/beacon\\/portal\\/",
            "cookies": 0.000301,
            "fingerprinting": 0,
            "subdomains": [
                "www"
            ],
            "apis": {},
            "sites": 3,
            "prevalence": 0.000301,
            "cnames": [],
            "responseHashes": [
                "9effa3bc6dba8dc3e993421fb62173a89b50eb05e44702bbf18865cc1c62379f",
                "bace0fb69c9a175ff96087e1b101f9ec312c443fd1c3d61c899cbedb77ea24b6"
            ],
            "type": "Document",
            "firstPartyCookies": {},
            "firstPartyCookiesSent": {
                "dmd-vid": 0.0003009328919650918,
                "dmd-sid": 0.0003009328919650918
            },
            "exampleSites": [
                "sagepub.com",
                "journals.sagepub.com",
                "www.hopkinsmedicine.org"
            ]
        },
        {
            "rule": "medtargetsystem\\.com\\/analytics\\/collect\\.gif",
            "cookies": 0.000301,
            "fingerprinting": 0,
            "subdomains": [
                "www"
            ],
            "apis": {},
            "sites": 3,
            "prevalence": 0.000301,
            "cnames": [],
            "responseHashes": [
                "e3b0c44298fc1c149afbf4c8996fb92427ae41e4649b934ca495991b7852b855"
            ],
            "type": "Image",
            "firstPartyCookies": {},
            "firstPartyCookiesSent": {
                "dmd-vid": 0.0003009328919650918,
                "dmd-sid": 0.0003009328919650918
            },
            "exampleSites": [
                "sagepub.com",
                "journals.sagepub.com",
                "www.hopkinsmedicine.org"
            ]
        },
        {
            "rule": "medtargetsystem\\.com\\/js\\/build\\/iframe\\/signal\\.js",
            "cookies": 0,
            "fingerprinting": 1,
            "subdomains": [
                "www"
            ],
            "apis": {
                "Navigator.prototype.product": 3,
                "Navigator.prototype.userAgent": 3,
                "Document.cookie getter": 3
            },
            "sites": 3,
            "prevalence": 0.000301,
            "cnames": [],
            "responseHashes": [
                "2856417bd39ebd5883bf0b7f0cdc01a0aef1aebce5d89c39ba3e3d505142fa22",
                "5e1653c9898122e9db839ea753ae6c18334311bc37332d912a240540ad009190"
            ],
            "type": "Script",
            "firstPartyCookies": {},
            "firstPartyCookiesSent": {},
            "exampleSites": [
                "sagepub.com",
                "journals.sagepub.com",
                "www.hopkinsmedicine.org"
            ]
        },
        {
            "rule": "medtargetsystem\\.com\\/js\\/build\\/iframe\\/fp\\.js",
            "cookies": 0.000301,
            "fingerprinting": 2,
            "subdomains": [
                "www"
            ],
            "apis": {
                "Navigator.prototype.product": 3,
                "Navigator.prototype.userAgent": 3,
                "window.localStorage": 3,
                "window.sessionStorage": 3,
                "Navigator.prototype.language": 3,
                "Navigator.prototype.platform": 3,
                "Screen.prototype.colorDepth": 3,
                "Screen.prototype.height": 3,
                "Screen.prototype.width": 3,
                "Navigator.prototype.appCodeName": 3,
                "Navigator.prototype.appName": 3,
                "Navigator.prototype.appVersion": 3,
                "Navigator.prototype.doNotTrack": 3,
                "Date.prototype.getTimezoneOffset": 3,
                "Navigator.prototype.plugins": 3,
                "Date.prototype.getTime": 3,
                "Document.cookie getter": 3,
                "CanvasRenderingContext2D.prototype.getImageData": 3,
                "Document.cookie setter": 3
            },
            "sites": 3,
            "prevalence": 0.000301,
            "cnames": [],
            "responseHashes": [
                "e865098164aa5d87577a9a5f50c9dcc0adac124312faf2259f77ac12c48e06a5",
                "6e7a793f4c4d8a61a93f041a151837c7fd4c72c9a757f1e980d0bb09ee26a149"
            ],
            "type": "Script",
            "firstPartyCookies": {},
            "firstPartyCookiesSent": {},
            "exampleSites": [
                "sagepub.com",
                "journals.sagepub.com",
                "www.hopkinsmedicine.org"
            ]
        },
        {
            "rule": "medtargetsystem\\.com\\/_itu\\.png",
            "cookies": 0.000301,
            "fingerprinting": 0,
            "subdomains": [
                "www"
            ],
            "apis": {},
            "sites": 3,
            "prevalence": 0.000301,
            "cnames": [],