{
    "domain": "ntvpinp.com",
    "owner": {},
    "source": [
        "DuckDuckGo-DE"
    ],
    "prevalence": 0.00432,
    "sites": 43,
    "subdomains": [],
    "cnames": [],
    "fingerprinting": 0,
    "resources": [
        {
            "rule": "ntvpinp\\.com\\/in\\/multy",
            "cookies": 0,
            "fingerprinting": 0,
            "subdomains": [],
            "apis": {},
            "sites": 43,
            "prevalence": 0.00432,
            "cnames": [],
            "responseHashes": [
                "3e99a76d555944520c101e2c47cda914365777628bbbdb8f645ac8e2567b05b5",
                "5eed06240f297ed659be3d5b6d4d5c8bc2ac48c0e0d65810941261de571a0805",
                "c9a60f45e59f623504d805a1a133dab024124d85c4b0b133de1d0c5e7d306268",
                "16491b0058d99b6818b00fdea7aa66e625d4383e4fb4182c3087b74aea83301a",
                "5afc1f2c16e3ca9cf0e9100811ab4319939eabad3c08a8b886a9e3ea57a80285",
                "a3b6c402e50d5f1bf29457ba6d08b09bc7f28144162f753756ac313cb84e07c8",
                "ba7f79d1bf5444ecf4515ce5032335686ae7f3b409e8d4fc8acc020cd74008b4",
                "0520c60d8dd0d885a3e12fe0db3852a120a2d7350a3670d78fe7e62d656be956",
                "6d11e22f26036d3868b7e93277cb89cd7f7cb0d954527e75d07c53abd6e3946c",
                "ef71935e9a156bcb6fb0e00d951393bff1291bdf86a3fd4d26599de918542b99",
                "e3b0c44298fc1c149afbf4c8996fb92427ae41e4649b934ca495991b7852b855",
                "02b52e0c122de7908a351c15bbf9639adc88ea128b96dfe5b8d055160ed9b60e",
                "561f08a43459d470f9f94c0818a7eabe47fde9ea8699c81968dbc184b966531c",
                "483d208c86b837e16b760a07568543aa8384a4e00fd52c8a0c67561e843a3df7",
                "2233352eaa4965a6d3239142eba539c4578adb084ef63cf011b1437061e0670c",
                "1db0d60ec96b9d7393f12f966b776cb8f6d511c0cace782f3d45f7e52d777541",
                "3d3c9b0a90c0a85ad3c1a059e74c0f508392daf0a6b71671fb5c0af6b887d3a6",
                "46b3f1afb717342bcf3f19938659f291ad213823ac42f1d878c43501585f2e1e",
                "7af255ff25c89d25c412f2bfe74e18425a716c5fead75448157d34d87261215d",
                "b7e82ded92668abc431270b53083b63474f1e1de911e3198c643274471c03738",
                "86de6c774dc299c1986472a032bd1862858724acfbc57f7a34673f4fbd45f076",
                "c3a70bba5643be1de6d44f7e8a3667523e0a2a23a77c86031ef2e28369d3a464",
                "74ef6049cd5edf0c19d2955b39c27fcc6efa84e66499ef6d0e6e81e6d2037a37",
                "ce4a6bb1963ac82bf7c85836cdd07370dee6a4e3d3218998eeb3f466c8014a2f",
                "5b709f32c86b04187a1f05759e8aedcf100c2065546f12ee0864aec35916ff29",
                "ea38c9d3294a3e73563a1ead68dd08f302b9293be2f13817a34f5890d4cc832d",
                "9e2555ab8ebd5d2106bfda73719ef1f2330985ba1c67030ee5504ce6c2dc771c",
                "409fa44bff4e7e347e4f0fb8c5bdd837863eb4b9b58386743ea8bdf531a17c8f",
                "4c951fa07dba82c5a3e301817da2e3343f3a59c6da5ad12aa1798d2095bea955",
                "4c230326c319486a7e204addc4b5721d390d8eeca5219726c81b4847b249daa8",
                "d6c05920d1da798ff1121709ea61c86a17dac09329e6b0c0b75eec47462da886",
                "00ef5644f31171ff1b7c1949300a0fba66225e7dcc7a77c00aff978a66f1d91e",
                "1233deca365ce1cd0a3b3ceb9762fdde84b5740321bf133ca52132d4c9ec7339",
                "18df6841b4c1f72014557ebc9ad48d9c8e1057186adc0f4892ba25152f48fa9d",
                "002848fa46805236eb871fed3e4cb02140063810ded8033c7f03d48f39042413",
                "117608ec18f9cc3b15b6fbcbdf4bec419961bf59ee678c29f994dab44adaf6e8"
            ],
            "type": "XHR",
            "firstPartyCookies": {},
            "firstPartyCookiesSent": {},
            "exampleSites": [
                "pornzog.com",
                "tubepornclassic.com",
                "tokthots.com",
                "darknetdesires.top",
                "pornone.com",
                "www.hitprn.com",
                "www.xxxvideoindian.com",
                "upornia.com",
                "thots.network",
                "www.newarabsex.com",
                "hcbdsm.com",
                "pornogids.net",
                "de.pretty.porn",
                "vjav.com",
                "myscatporn.com",
                "highporn.net",
                "tubedupe.com",
                "famousinternetgirls.pw",
                "forum.sexy-egirls.com",
                "xxxcom.asia"
            ]
        }
    ],
    "categories": [],
    "performance": {},
    "cookies": 0,
    "types": {
        "XHR": 43
    },
    "nameservers": [
        "ns3.digitalocean.com",
        "ns2.digitalocean.com",
        "ns1.digitalocean.com"
    ]
}