{
    "domain": "prmutv.co",
    "owner": {},
    "source": [
        "DuckDuckGo-DE"
    ],
    "prevalence": 0.00221,
    "sites": 22,
    "subdomains": [
        "a49795fb-5053-49b1-8c42-32306718829e",
        "f7e98148-cb09-4cf1-9b9f-b5aee3465d6e",
        "5814efa5-d41d-4a89-b176-1cc26fae87cd",
        "0272ac85-5199-4024-a555-397c3d825d95",
        "3aba5292-ba75-422b-8715-bd21146f7836",
        "3b5c18b9-96b7-48e4-a3ef-011eb84a970d",
        "d2fb08da-1c03-4c8a-978f-ad8a96b4c31f",
        "f5b3be27-f789-4ef1-8867-37c67da5b361",
        "2a28082a-de31-45fd-a00c-548117e422f7",
        "aed734e6-3de8-4370-9867-1c6f173c45b9",
        "93bfda6d-607a-4f67-9c40-61e8b08a03e1",
        "00917082-71e9-498e-8343-00c3df06b798",
        "51f7b159-295e-4eeb-821b-565af794f8a6",
        "67cbf6c5-d926-407b-a684-a0606570ff08"
    ],
    "cnames": [],
    "fingerprinting": 0,
    "resources": [
        {
            "rule": "prmutv\\.co\\/v2\\.0\\/pxid",
            "cookies": 0.00211,
            "fingerprinting": 0,
            "subdomains": [
                "a49795fb-5053-49b1-8c42-32306718829e",
                "f7e98148-cb09-4cf1-9b9f-b5aee3465d6e",
                "5814efa5-d41d-4a89-b176-1cc26fae87cd",
                "0272ac85-5199-4024-a555-397c3d825d95",
                "3aba5292-ba75-422b-8715-bd21146f7836",
                "3b5c18b9-96b7-48e4-a3ef-011eb84a970d",
                "d2fb08da-1c03-4c8a-978f-ad8a96b4c31f",
                "f5b3be27-f789-4ef1-8867-37c67da5b361",
                "2a28082a-de31-45fd-a00c-548117e422f7",
                "aed734e6-3de8-4370-9867-1c6f173c45b9",
                "93bfda6d-607a-4f67-9c40-61e8b08a03e1",
                "00917082-71e9-498e-8343-00c3df06b798",
                "51f7b159-295e-4eeb-821b-565af794f8a6",
                "67cbf6c5-d926-407b-a684-a0606570ff08"
            ],
            "apis": {},
            "sites": 22,
            "prevalence": 0.00221,
            "cnames": [],
            "responseHashes": [
                "ceb6126f08e83b52392101ac84b4634fbb8eec1957ccfb4f7dc82d51c115c1aa",
                "6a4c55906798c48bf772b4a596fce4399d0da0eff0f874aa6a3bc744812f65e2",
                "2658c9a55d40683db7f5f4ef22cea322f0549f3bc7439f86c8f87504fd85c1b8",
                "3cc7a022cf7e654f25b24b4390f07e850dc0347181415a03c09972195de01e59",
                "8e9db21fa12db6aeef5fd8c962926b2f6d592a6c878fda7bc92568027f453f38",
                "260c03704f9153f7e5eb6a4fbae30acc131aec17e4303774d9716df0844ad363",
                "6a6ec62bb3cd9e82fd87693c59c45de07d6a6c4d3a02aa2eee3b46ac53211f6f",
                "8ff9bcc86ac2659577fbe4e2bcd59c24e391250f2c9a125e6ef4017da212e1d7",
                "3d040d18c882991e84cb214cccf2fc7df517516acaf33d03284e90e1b8eac6f8",
                "bbac26560c7eb10c285667172e4a062086e46b9f0d751151bd59171a401d207b",
                "481d77f5d1a9c24f102bb6af246ecbff595011e0d73e70b652c39d702565d47d",
                "e4bd757940ce8262486190bced9b5fbe0569913a873ee145135b46599542966b",
                "77feded7b4442bba39dc2f5b4c62b1fd674015c31bbf0c3c0ebcb767438819be",
                "aebe384ef7865d6ab6fec4b2c781c3a5257174f4bf222815aab29d3c8f060dda",
                "030f73c5877a625a07861581346eaf36b5c0c5c1a866c47ce3bf88bcf52a850f",
                "4c5d5965539e79b6dac0dd24a3e7c84a1f6fbf4c21140ad656348c2ec9e2fe9f",
                "b12125dc934aa8cb13e2ca210db1024b83cca0ff7dea00ddb58f64d7c0db6bab",
                "2ea81774bbdebe126374cbbd506a69de11c85e82292552d39a56efe564e9db71",
                "136820e8ad4562330aad187de8e4b9f8a6e2b6a5dde117ca4b88d0b66845e38a",
                "f1c62c82dc56cec5a47d2407dd04962f2d6e929ca736e92e20e065c7b175d1a8",
                "57e2530f2f6e6afcd0c61bb2a41564092555e4664e74bd5cd9fc98603c3ab81b"
            ],
            "type": "XHR",
            "firstPartyCookies": {},
            "firstPartyCookiesSent": {},
            "exampleSites": [
                "digitaltrends.com",
                "globalnews.ca",
                "healthfully.com",
                "homeguides.sfgate.com",
                "www.digitaltrends.com",
                "www.livestrong.com",
                "www.pcworld.com",
                "www.techwalla.com",
                "observer.com",
                "www.elconfidencial.com",
                "www.vulture.com",
                "markets.businessinsider.com",
                "www.macworld.co.uk",
                "www.fool.com",
                "www.pcgamesn.com",
                "www.theloadout.com",
                "www.thrillist.com",
                "www.csoonline.com",
                "www.economist.com",
                "www.timeout.com"
            ]
        }
    ],
    "categories": [],
    "performance": {},
    "cookies": 0.00211,
    "types": {
        "XHR": 22
    },
    "nameservers": [
        "ns-cloud-d3.googledomains.com",
        "ns-cloud-d4.googledomains.com",
        "ns-cloud-d2.googledomains.com",
        "ns-cloud-d1.googledomains.com"
    ]
}