{
    "domain": "prmutv.co",
    "owner": {},
    "source": [
        "DuckDuckGo-DE"
    ],
    "prevalence": 0.00222,
    "sites": 22,
    "subdomains": [
        "a49795fb-5053-49b1-8c42-32306718829e",
        "00917082-71e9-498e-8343-00c3df06b798",
        "5814efa5-d41d-4a89-b176-1cc26fae87cd",
        "f3a06674-ebb9-4b9d-ba8f-0052018c0687",
        "d2fb08da-1c03-4c8a-978f-ad8a96b4c31f",
        "2a28082a-de31-45fd-a00c-548117e422f7",
        "f5b3be27-f789-4ef1-8867-37c67da5b361",
        "949f2c9a-8270-440d-b4b2-f6186829dfdb",
        "51f7b159-295e-4eeb-821b-565af794f8a6",
        "0cf17917-395b-4f25-91cc-db3bdd6044b0",
        "67cbf6c5-d926-407b-a684-a0606570ff08"
    ],
    "cnames": [],
    "fingerprinting": 0,
    "resources": [
        {
            "rule": "prmutv\\.co\\/v2\\.0\\/pxid",
            "cookies": 0.00131,
            "fingerprinting": 0,
            "subdomains": [
                "a49795fb-5053-49b1-8c42-32306718829e",
                "00917082-71e9-498e-8343-00c3df06b798",
                "5814efa5-d41d-4a89-b176-1cc26fae87cd",
                "f3a06674-ebb9-4b9d-ba8f-0052018c0687",
                "d2fb08da-1c03-4c8a-978f-ad8a96b4c31f",
                "2a28082a-de31-45fd-a00c-548117e422f7",
                "f5b3be27-f789-4ef1-8867-37c67da5b361",
                "949f2c9a-8270-440d-b4b2-f6186829dfdb",
                "51f7b159-295e-4eeb-821b-565af794f8a6",
                "0cf17917-395b-4f25-91cc-db3bdd6044b0",
                "67cbf6c5-d926-407b-a684-a0606570ff08"
            ],
            "apis": {},
            "sites": 22,
            "prevalence": 0.00222,
            "cnames": [],
            "responseHashes": [
                "2a68740e7b89ee6fbce686e5f0646a26824208e1a941d45940edd15db22010dc",
                "ae56f1c4fad8215d60298133a1bfc142c838eebb29231bf02fa0219250c3a318",
                "e52485ca066554a291e6addd3f660563866c7f6b6932033d1372c552ee01c3c2",
                "d0b57fb6655f4b9c9ed02fe643bb2cb37df060e561dc548bb0fec06d612a93e8",
                "91758dc4745adecb2c6d172fa50e5c717211e8afcd339856ec63831b8d985f92",
                "6d3ed52a91ba0e6b75e02da2a9257b9c6c7bc82777b1b82ac25c5c7051dc70b5",
                "7fb3f1826ba35d27dae1de09626699aa196c1945a061625d9d8ad8051d3d423a",
                "adda4bfb9f40994aa82937b7fb86c79bc2567bf6d7823f339a982e8744416047"
            ],
            "type": "XHR",
            "firstPartyCookies": {},
            "firstPartyCookiesSent": {},
            "exampleSites": [
                "digitaltrends.com",
                "healthfully.com",
                "www.digitaltrends.com",
                "www.hunker.com",
                "www.livestrong.com",
                "www.pcworld.com",
                "www.realtor.com",
                "www.techwalla.com",
                "www.trueachievements.com",
                "www.nflgamepass.com",
                "www.thrillist.com",
                "mawdoo3.com",
                "namemc.com",
                "www.vulture.com",
                "www.economist.com",
                "genshin.gg",
                "www.pcgamesn.com",
                "www.popsugar.com",
                "www.timeout.com",
                "www.macworld.co.uk"
            ]
        }
    ],
    "categories": [],
    "performance": {},
    "cookies": 0.00131,
    "types": {
        "XHR": 22
    },
    "nameservers": [
        "ns-cloud-d4.googledomains.com",
        "ns-cloud-d1.googledomains.com",
        "ns-cloud-d2.googledomains.com",
        "ns-cloud-d3.googledomains.com"
    ]
}