{
    "domain": "prmutv.co",
    "owner": {},
    "source": [
        "DuckDuckGo-DE"
    ],
    "prevalence": 0.00181,
    "sites": 18,
    "subdomains": [
        "a49795fb-5053-49b1-8c42-32306718829e",
        "f3a06674-ebb9-4b9d-ba8f-0052018c0687",
        "3aba5292-ba75-422b-8715-bd21146f7836",
        "00917082-71e9-498e-8343-00c3df06b798",
        "f5b3be27-f789-4ef1-8867-37c67da5b361",
        "2a28082a-de31-45fd-a00c-548117e422f7",
        "93bfda6d-607a-4f67-9c40-61e8b08a03e1",
        "68547f8f-2fd8-4ff3-9b63-51e86e2edee8",
        "5814efa5-d41d-4a89-b176-1cc26fae87cd",
        "51f7b159-295e-4eeb-821b-565af794f8a6",
        "0cf17917-395b-4f25-91cc-db3bdd6044b0",
        "3d2fb0bd-52fc-4b75-aaf5-2d436c172540",
        "67cbf6c5-d926-407b-a684-a0606570ff08",
        "d2fb08da-1c03-4c8a-978f-ad8a96b4c31f"
    ],
    "cnames": [],
    "fingerprinting": 0,
    "resources": [
        {
            "rule": "prmutv\\.co\\/v2\\.0\\/pxid",
            "cookies": 0.0016,
            "fingerprinting": 0,
            "subdomains": [
                "a49795fb-5053-49b1-8c42-32306718829e",
                "f3a06674-ebb9-4b9d-ba8f-0052018c0687",
                "3aba5292-ba75-422b-8715-bd21146f7836",
                "00917082-71e9-498e-8343-00c3df06b798",
                "f5b3be27-f789-4ef1-8867-37c67da5b361",
                "2a28082a-de31-45fd-a00c-548117e422f7",
                "93bfda6d-607a-4f67-9c40-61e8b08a03e1",
                "68547f8f-2fd8-4ff3-9b63-51e86e2edee8",
                "5814efa5-d41d-4a89-b176-1cc26fae87cd",
                "51f7b159-295e-4eeb-821b-565af794f8a6",
                "0cf17917-395b-4f25-91cc-db3bdd6044b0",
                "3d2fb0bd-52fc-4b75-aaf5-2d436c172540",
                "67cbf6c5-d926-407b-a684-a0606570ff08",
                "d2fb08da-1c03-4c8a-978f-ad8a96b4c31f"
            ],
            "apis": {},
            "sites": 18,
            "prevalence": 0.00181,
            "cnames": [],
            "responseHashes": [
                "307b919b68596ddb8c015bdc88d4103656d1d36c6c589af595480f08af3f28f1",
                "8fa40bf1eb516bc48c56c3fd3d828e5c6ac727865803ae0a8e4dd5be7ef5d4a6",
                "481d77f5d1a9c24f102bb6af246ecbff595011e0d73e70b652c39d702565d47d",
                "84fdd41c36db852b1a541a322ca174712ec9613a79f9def4c32b317fb255c030",
                "7f93345cc45a766fe6b5c8c05bddb4240017ca4b6c72aec2afc4fb4a1aeab7de",
                "a4bb8aeafd6087136e405044f61fdfc7cd5497fd6d47cb2c6672dfed4d02621f",
                "b0cb14e5f21a2f37673dafc8785c2bfd2b8c01bced1987b53d59e409fa61fd2c",
                "c6246471612ddee3365ec7fe4a3fe78563acfbbe8bb4c98edb499a2527508638",
                "03ffaa83535856f535e99f82118e92eb0cfbeee076f0da8a68b858d4db42b2d7",
                "404361d29cde4714a288339a873479e65b45a574e206870d1e65ab8e757de9a9",
                "88eda9d404aa5f98a674840810fa0c9dbc9da291191271ff00df7d44426002e7",
                "d8fd8c1e79f88f2fb2339de0da1c0703d1cd8ec607b691916ee50769353347a0",
                "6ac6ec95d0ef539f9e4b86d111650594f7487af710f2ab4653b67002d988652d",
                "cdb65e9beaa1250bcbfebb6f9342ceeffd549f8e472999c3cb9855af8e4d4b30",
                "08f83f97607f80bcffcea6dc3343b1b76484454ef51c3ff5da42ab883f75864b",
                "7b6a8f4105ae9e403d446bb8637e4a30c253c1ecd25a6af7868b37ad636125c4"
            ],
            "type": "XHR",
            "firstPartyCookies": {},
            "firstPartyCookiesSent": {},
            "exampleSites": [
                "digitaltrends.com",
                "mawdoo3.com",
                "markets.businessinsider.com",
                "newworldfans.com",
                "www.computerworld.com",
                "www.digitaltrends.com",
                "www.economist.com",
                "www.fool.com",
                "www.latimes.com",
                "www.livestrong.com",
                "www.macworld.co.uk",
                "www.popsugar.com",
                "www.realtor.com",
                "www.rollingstone.com",
                "www.techwalla.com",
                "www.thrillist.com",
                "www.timeout.com",
                "www.vulture.com"
            ]
        }
    ],
    "categories": [],
    "performance": {},
    "cookies": 0.0016,
    "types": {
        "XHR": 18
    },
    "nameservers": [
        "ns-cloud-d4.googledomains.com",
        "ns-cloud-d2.googledomains.com",
        "ns-cloud-d1.googledomains.com",
        "ns-cloud-d3.googledomains.com"
    ]
}