{
    "domain": "promo-bc.com",
    "owner": {
        "name": "BongaCams",
        "displayName": "BongaCams"
    },
    "source": [
        "DuckDuckGo-DE"
    ],
    "prevalence": 0.00492,
    "sites": 49,
    "subdomains": [],
    "cnames": [],
    "fingerprinting": 1,
    "resources": [
        {
            "rule": "promo-bc\\.com\\/promo\\.php",
            "cookies": 0,
            "fingerprinting": 1,
            "subdomains": [],
            "apis": {
                "Navigator.prototype.userAgent": 38
            },
            "sites": 49,
            "prevalence": 0.00492,
            "cnames": [],
            "responseHashes": [
                "95ee4b3349f7ff568ed04959f7f31536a2a029598ba7494f02d8163dc67e8647",
                "53bd463f3f3dadd2ce607775710ef02ecab77c85ea37fc3efa2f40c93a36c4e8",
                "14cffeddc9e19ac3857fbb585745114ccd154910845e48d0ba18a9ef07c9ccaa",
                "c1dd81cac2ffd22c32ccc858292219beb51412e15cf354cb784c353d7d23e541",
                "5d2ba3cdba8b67b564bac08dbf1831bd643ac99edc3369eb29610617a631f27c",
                "ad20e25249e04549fadc950fb37bc00a9c328b3075af9568aa035fe69643bdc5",
                "6b902c9620a1b87bb0dfc65cd077fdd45ac517443dcbf33297a6fef13d3b4250",
                "aeaaba0bc7b4182fd899267da44f78f714adb1b7e7fd3ba24990cf6dd4a42afd",
                "e251fb3ca448a5ad1b2972f567c69607bdef328771931a52ca8767329d99b399",
                "dc2b5faa323bc6a4c13408c5a1512e3d735f4a098daf81895c679774ab75152a",
                "f96d1a933f58a6933d0a0a2e0b4b514ea335516de83d212357e2e11f82a815e4",
                "ec31f8ff12924f3752c78d5553116baefb9a92cb99f20d5194ffdadc184a5cc6",
                "d6aa9b5bf9f03c6c7783d57e678e1890a9f11351c6a8cede8675f0ffe1d1fae9",
                "d5ad6ef76023b81e3d6c89b1a7d712590a751e2374417404c4dd9c46879564bf",
                "1a9bbafd561fd05b2a679b719c63067bbc3744089c8f7f1b33dbdf2b11560387",
                "60d3262fd16f8409d93597f208ddd5151c86aa89f02747b9ab8ecd9998e8c855",
                "fd000d7f5657c9faad1eab82ae00f43675444031990f37e8eb6df82b1ef14762",
                "285537d1c966d31388b9429696b4bccedf51cc3bdde4c09fe0335ffa96d35ee0",
                "7214c746611ef4bac2bdd313595300344600cff04b2ac38c3ec0150c20f1e790",
                "443d00ee2b405044c143c71667392ac5a62c4ffe68ebe18fb4078b2163d46117",
                "7310f6cbd4634ec1f778601d464b92f4f306c28ea1d9c7db45398843a84a2201",
                "d5a2da57647ba0da1d4e04758866018db62ba2e5be14004b5242a4841cfe2cb7",
                "51d3addb3b9e37a953bfd5182d4141031aa6e9534316ee6165b29262a47d8050",
                "6e52198a51ebc24250045d9fb9525d690a3592aa1f197bc70e771a9a423024d0",
                "aa3b0385d54b4fb6c65d51637226718af642c8128dcf0b1eaffa42884bf5a09e",
                "477863107a87936f02412aa826fcb544e340a8e4ff5a0fc43e06085af54626e0",
                "623d29d7d58ec1a0636b0e98aaf43398fe2b485aee378c97633add1177e1afa6",
                "fb34d0b1b1eba53579601a70590e4d91d00daf4c013a780a7a3a70d0fb5a8bf7",
                "00aab8077dabbaa61cbddd3537517fa338aee73eeabebdb549ab17fbc47f9344",
                "11aca938d471b71a7d65f67d92cff08950ea7bcb063748f38b7679ba8cd02c2b",
                "3abd08f363df926c9ad8f2750e25e0aa4920565a095bedf66b7df0e14d599287",
                "5d81b20c1af4041c87bec47d1139e64f09e3e53ef1c7cc0b3bf3856fa4519b13",
                "90e279ddf5f19da5a2e888d43c2da092ee5b36c946cabca7f968957d12e12074",
                "d79a6bd4718bfba1a6d386d8cb56a69ab3f87e13691b5f9fd53861b3c062c247",
                "867cbe2489b4779b5d4c85d409e1622b5c328c0f9fee4546ec4b71de5c6ff6c0",
                "10571d132822b6341c656225aa58ef41d25468e2ebf70306670db2be86a96baf",
                "7d2b388742a4e7430d4405e265f2b489f4b82a580e890a90cfe1b2f8b64cd7dc",
                "c275732304cda53d84ffe7497fe0bf42c112f9d054e675fc68d5cd5d43595e43",
                "eb2aae517c2497ab7c22cbe083f7ad76b25210c8dca94f95500f1c0b94795fb3",
                "749cbf45e4b8fa76dbc054ba8b0e954672e237c5455739c26705385f61447d16",
                "288409324f9e40dcd32cd6846223c31ace640a926ce9a9b6580f397e9711c9e4",
                "ee5c1918d7876cbe4a9155c26f4c83e6f5465db33cba3612f422e9a756f653c8",
                "71b021aa41020e7ad0a63a3f692d7ceffa6687c2d4800c18e05470d222f0fbcb",
                "f18e350b9c8868a9d6dd91d4a991388728ac1c80223665d5ccde62f03f83ed71",
                "20e724ae6493142ad3249b1cf3b94a7b222d20ee7b9bfadd195d013378540482",
                "f99d7dd4351aed0b43483487efae6a87429750e0d69352ee93cfacec1be86eb2",
                "9467339ecb966fad2417d95dac4c18f1908038a9bc6101920b851ab73180bb29"
            ],
            "type": "Document",
            "firstPartyCookies": {},
            "firstPartyCookiesSent": {},
            "exampleSites": [
                "www.nudecollect.com",
                "m.3movs.com",
                "hentairead.com",
                "www.pornpictureshq.com",
                "bokepcabe.live",
                "masalaseen.com",
                "vndevtop.com",
                "www.pornjk.com",
                "abgcrot.casa",
                "cyberleaks.to",
                "fullscatmovies.club",
                "www.xsemok.com",
                "hdporn92.com",
                "seksohub.com",
                "wapbold.com",
                "www.iceporncasting.com",
                "en.pornohd.porn",
                "xnxx90.com",
                "pornobae.com",
                "www.indo18.com"
            ]
        }
    ],
    "categories": [
        "Advertising",
        "Embedded Content"
    ],
    "performance": {},
    "cookies": 0,
    "types": {
        "Document": 49
    },
    "nameservers": [
        "ns1.gnsbc.com",
        "ns2.gnsbc.com",
        "ns3.gnsbc.com"
    ]
}