{
    "domain": "pub.network",
    "owner": {},
    "source": [
        "DuckDuckGo-DE"
    ],
    "prevalence": 0.00291,
    "sites": 29,
    "subdomains": [
        "d",
        "a",
        "c",
        "prebid-web"
    ],
    "cnames": [],
    "fingerprinting": 2,
    "resources": [
        {
            "rule": "pub\\.network\\/v2\\/init",
            "cookies": 0.00261,
            "fingerprinting": 0,
            "subdomains": [
                "d"
            ],
            "apis": {},
            "sites": 26,
            "prevalence": 0.00261,
            "cnames": [],
            "responseHashes": [
                "02f178880e56429d0e7a7244b5587ff3212e9128143e04775b88d843eb497aa0",
                "e32795ec60a3c851532056e2630ec52f7a8f93c8fa3adfbbe1d1c73cf2d58961",
                "43e54ece2eb4c2619aa41f7c21baf109bd5ebeac8267098910798f8c867a4776",
                "f4b197b5435f86002aef4a56af9f4f6fd4c2444725eff66cad6b526fb9951f1d",
                "3ae3e5a3000644e32da79297977e3e83b72ec9e54bc379981924abdf5a9f5815",
                "2e2a0b3eaa6622e465501e84f6e996e7d29be31acc876495cd9c469304aa1ae8",
                "0551e5b4916d9bbf64e9700956bc037f43b0e1d2279562a74a302bfb9b8eef46",
                "c2d4ba24bf962174d1c59e6c6ec39a84601b329a76c695b5fb68b7d6beb79bc4",
                "ef6a438c6405ab8447b1d5d07147bc95f354c4537077a8002e978260adc56c5b",
                "a97eaf99980fbb0b3c85974ccd3312f85f64f297ee80c7eafda3fa70aa7c8141",
                "50fa2764a15fcf63f75f489caef9079e7ee6951b465cbe01a388e4d3ae324619",
                "274822ad1afada7377f08c683d925b94d12d1d8739e8670825335fb4c4260829",
                "cea20f9aae83f8e943f855716d1324b42296256393d2ee6612ce182c25e33253",
                "8af0a7af3165c5856c7a9cf8c7080c6614b206cf640990192529d6165eebb915",
                "39b456df308443c0aa33cd7810421e021bd5a7eca043dd13072e5b83e2a8158b",
                "9a75d92317b0f9e19a0358039ecfddb6249a580f4df058b79b4f351595762857",
                "0dfa263a074fd4bba61c69aa73c91c474590ab98326711c5ba889d1910b9b705",
                "e658e88cd5388773421dc2460407f319bbe8e85fe3a40056f13f3ef043939d20",
                "744622ed244635b9e689fca56b55535b772804be5b0002e92b88b4239b07e30f",
                "b05c2884ed85346ea4a82e42f58f109c51b7fa802cae06e5f018ef6746484962",
                "2d4fcebd5e7347a63b5cdb41b8c055e94d8a31a84421f65af70b5bf1df110f79",
                "b8e896be5cc5a07a0aff85bd4fd7702f7d530f242b0cc32e1ee5292c3e88c006",
                "9bd203651a5b8a47fd0cf8d47f00c4c8885010f3ff873c0aea8c480231616d28",
                "18822c9fa8833ded420edcd70fbaf4b304baa41ac2ea26fe2c5039f39cb6439d",
                "93ee7e6791c7dd76671a24282258c527cdaed1618bc1583f724a1011d2ae39e9"
            ],
            "type": "XHR",
            "firstPartyCookies": {},
            "firstPartyCookiesSent": {},
            "exampleSites": [
                "forum.xda-developers.com",
                "itsfoss.com",
                "celebs.filmifeed.com",
                "www.bedienungsanleitu.ng",
                "www.phoronix.com",
                "thecinemaholic.com",
                "www.songfacts.com",
                "mkyong.com",
                "www.tecmint.com",
                "www.reuters.com",
                "www.xda-developers.com",
                "krunker.io",
                "worldpopulationreview.com",
                "www.macupdate.com",
                "celebsaga.com",
                "anyconv.com",
                "time.is",
                "www.1001freefonts.com",
                "www.aljazeera.com",
                "www.fossmint.com"
            ]
        },
        {
            "rule": "pub\\.network\\/core\\/pubfig\\/pubfig\\.engine\\.4\\.23\\.5\\.3bc9fcda2d0fabcd3f40724dc7003d41fb4a90ae\\.js",
            "cookies": 0.000201,
            "fingerprinting": 1,
            "subdomains": [
                "a"
            ],
            "apis": {
                "Navigator.prototype.userAgent": 2,
                "Navigator.prototype.product": 2,
                "Document.cookie getter": 2,
                "Date.prototype.getTime": 2,
                "Document.cookie setter": 2,
                "window.sessionStorage": 2,
                "window.localStorage": 2
            },
            "sites": 2,
            "prevalence": 0.000201,
            "cnames": [],
            "responseHashes": [
                "216ebb79c108ef2e3b4e366b7f7f24d6526ae7e72b7230bfb236ca5a844a3c60"
            ],
            "type": "Script",
            "firstPartyCookies": {
                "_fssid": {
                    "ttl": 155520000006,
                    "length": 36,
                    "prevalence": 0.00020060180541624874,
                    "uniqueness": 1
                }
            },
            "firstPartyCookiesSent": {},
            "exampleSites": [
                "anyconv.com",
                "www.aljazeera.com"
            ]
        },
        {
            "rule": "pub\\.network\\/core\\/prebid-analytics-4\\.42\\.7\\.js",
            "cookies": 0.0001,
            "fingerprinting": 2,
            "subdomains": [
                "a"
            ],
            "apis": {
                "Navigator.prototype.userAgent": 2,
                "Navigator.prototype.cookieEnabled": 2,
                "window.sessionStorage": 2,
                "Navigator.prototype.appName": 2,
                "Date.prototype.getTime": 2,
                "window.localStorage": 2,
                "Document.cookie getter": 2,
                "Screen.prototype.width": 2,
                "Screen.prototype.height": 2,
                "window.name": 1,
                "Navigator.prototype.doNotTrack": 2,
                "Navigator.prototype.language": 2,
                "window.devicePixelRatio": 2,
                "Navigator.prototype.maxTouchPoints": 2,
                "Document.cookie setter": 1,
                "Date.prototype.getTimezoneOffset": 1,
                "Intl.DateTimeFormat.prototype.resolvedOptions": 1,
                "Screen.prototype.colorDepth": 1,
                "Navigator.prototype.connection": 1
            },
            "sites": 2,
            "prevalence": 0.000201,
            "cnames": [],
            "responseHashes": [
                "844d16730113c50876b1ea84b4ba3a56a4c0f115d04b8a25da0d558f1d799b00"
            ],
            "type": "Script",
            "firstPartyCookies": {
                "_pbjs_userid_consent_data": {
                    "ttl": 2592007,
                    "length": 16,
                    "prevalence": 0.00010030090270812437,
                    "uniqueness": 1
                },
                "_pubcid": {
                    "ttl": 15552007,
                    "length": 36,
                    "prevalence": 0.00010030090270812437,
                    "uniqueness": 1
                },
                "_lr_retry_request": {
                    "ttl": 3614,
                    "length": 4,
                    "prevalence": 0.00010030090270812437,
                    "uniqueness": 1
                },
                "_lr_env_src_ats": {
                    "ttl": 2592014,
                    "length": 5,
                    "prevalence": 0.00010030090270812437,
                    "uniqueness": 1
                }
            },
            "firstPartyCookiesSent": {},
            "exampleSites": [
                "anyconv.com",
                "www.aljazeera.com"
            ]
        },
        {
            "rule": "pub\\.network\\/core\\/pubfig\\/pubfig\\.messaging\\.2\\.22\\.5\\.3bc9fcda2d0fabcd3f40724dc7003d41fb4a90ae\\.js",
            "cookies": 0,
            "fingerprinting": 1,
            "subdomains": [
                "a"
            ],
            "apis": {
                "Navigator.prototype.userAgent": 2,
                "Navigator.prototype.product": 2,
                "Document.cookie getter": 2,
                "Date.prototype.getTime": 2
            },
            "sites": 2,