{
    "domain": "rollectricbyi.xyz",
    "owner": {},
    "source": [
        "DuckDuckGo-DE"
    ],
    "prevalence": 0.00211,
    "sites": 21,
    "subdomains": [],
    "cnames": [],
    "fingerprinting": 0,
    "resources": [
        {
            "rule": "rollectricbyi\\.xyz\\/utx",
            "cookies": 0.00211,
            "fingerprinting": 0,
            "subdomains": [],
            "apis": {},
            "sites": 21,
            "prevalence": 0.00211,
            "cnames": [],
            "responseHashes": [
                "e3b0c44298fc1c149afbf4c8996fb92427ae41e4649b934ca495991b7852b855"
            ],
            "type": "XHR",
            "firstPartyCookies": {},
            "firstPartyCookiesSent": {},
            "exampleSites": [
                "justpicsplease.com",
                "www.heavy-r.com",
                "www.homemoviestube.com",
                "biqle.org",
                "hentaiworld.tv",
                "www.pornrewind.com",
                "animeporn.xxx",
                "www.pornachi.com",
                "rapepornvideo.net",
                "biqle.ru",
                "pornbitte.com",
                "www.fmovies.top",
                "xnxx.club",
                "megapornx.com",
                "notfans.com",
                "smutr.com",
                "www.pornhubgerman.com",
                "thothub.to",
                "cartoonprn.com",
                "influencersgonewild.com"
            ]
        },
        {
            "rule": "rollectricbyi\\.xyz\\/floater",
            "cookies": 0.00181,
            "fingerprinting": 0,
            "subdomains": [],
            "apis": {},
            "sites": 18,
            "prevalence": 0.00181,
            "cnames": [],
            "responseHashes": [
                "1128854dfa0749f44f187cb55867e3433f1aa843995552a3ac832e4a13ea468e",
                "9f1c966bca975c3914c6aaf26ff89944efe1198b268dcc6409b713f6a7c22f35",
                "84f21fd20dbf66ecb08a67167f214667f4412d2a4099e0ab418cfdac89ef9e95",
                "962e6923a074f4883c23a7d8240734d724bfd8c48fd0cbd042cb4321e9ba5ace",
                "eb50a2dabfaef7d1cfe5c583062af5b216af3fafccb9929751a837a9c4cebaa8",
                "a8d360754f699d77d8b906e9e351e43da6e68320cedbc7cc4100fcabce2aeb58",
                "64f3100dc9ae3daceeb9acea584511e6ab6ff0e860960cac2f182e41837bcd9b",
                "b4783a3bc8574482b30caf505f14d4943346f52c3d6021bbf222a19f7924a07c",
                "d9706d75d5b66263ac03f7fd6ddd170b62bfd6b2a3c5ad62f4830f8d14ba1209",
                "2b6b640e2b159df86fcf44215e5702a18587519aa51e8a97a60a7c6d2c139378",
                "b96c0a8b9f7a26f6050d490526272d8ee69c48f6ce0a04076ba66ce347fd3ced",
                "627b6413b30d2f1459509f9079855756ea5a38a0dce986a4b6da7e7029a6618c",
                "0285a78b957c38cd44fd8a32bdeee110973fe9ef85cbb54914edf97b3d252acc",
                "2ac2125f2ba2db49d4e7a0412f0995052f079fd2148cef1377b757b256740c48",
                "8813f51978facec85153e58c6470cb443f7fea88b8aebbdd2d4f5909c16237b1",
                "1731cd4dcfcfb5a3a11c35757eec3d854e72bd243878b1a226426c697e0cc78e",
                "d8e61340b3a852bcc94c2140e6680ffa8308919015e1281cd556d571a0d0094d"
            ],
            "type": "XHR",
            "firstPartyCookies": {},
            "firstPartyCookiesSent": {},
            "exampleSites": [
                "animeporn.xxx",
                "biqle.ru",
                "biqle.org",
                "cartoonprn.com",
                "influencersgonewild.com",
                "justpicsplease.com",
                "megapornx.com",
                "notfans.com",
                "pornbitte.com",
                "rapepornvideo.net",
                "thothub.to",
                "www.heavy-r.com",
                "www.homemoviestube.com",
                "www.pornachi.com",
                "www.pornhubgerman.com",
                "www.pornrewind.com",
                "xnxx90.com",
                "xnxx.club"
            ]
        }
    ],
    "categories": [],
    "performance": {},
    "cookies": 0.00211,
    "types": {
        "XHR": 39
    },
    "nameservers": [
        "aiden.ns.cloudflare.com",
        "demi.ns.cloudflare.com"
    ]
}