{
    "domain": "sensic.net",
    "owner": {},
    "source": [
        "DuckDuckGo-DE"
    ],
    "prevalence": 0.00121,
    "sites": 12,
    "subdomains": [
        "sg-config",
        "de-config",
        "de-config-preproduction",
        "1ca2e153ba304b1036ecbe0c46ad540125134eb29902b160f2061229.trk",
        "b4023c2aaf03c641dab0c8a020a4a363f51fd6ac283c2366e1e369b9.trk",
        "e51958a715735a0100d37d045e2f42f5820b34b7f185f80e4bbe90ee.trk",
        "503d2bc9c1a08f85652574d8689d63d7ec52e240f66732fbc1236195.trk",
        "89c85945868ab1aca55be2da2b1db79787354a1472d8f7613745ac18.trk",
        "2bf660caf5565e79fa91e633f915e2478d4bcf4f11fcca4ace685d2d.trk",
        "d6891609bace4c4a1230de3ed246bec1da6eb025ea29d2841300d5d9.trk",
        "4ca026dd3c4dcea067710928386c25a4d50c2c35ba0093f5972e5568.trk",
        "509d17d2560b6f9e8727cfcfaf897234c39aa99853ee3c5f5de47c79.trk",
        "4a995196148077220f97eef21584873693a1d75882ab1c68f7c37eab.trk"
    ],
    "cnames": [],
    "fingerprinting": 1,
    "resources": [
        {
            "rule": "sensic\\.net\\/sui\\.html",
            "cookies": 0,
            "fingerprinting": 0,
            "subdomains": [
                "sg-config",
                "de-config",
                "de-config-preproduction"
            ],
            "apis": {},
            "sites": 11,
            "prevalence": 0.00111,
            "cnames": [],
            "responseHashes": [
                "d8bc402f0b0bd629a68cfe0318d54d195a08f189ed97e823bec7ade045717a68"
            ],
            "type": "Document",
            "firstPartyCookies": {},
            "firstPartyCookiesSent": {},
            "exampleSites": [
                "straitstimes.com",
                "tv.sport1.de",
                "www.3sat.de",
                "www.ardmediathek.de",
                "www.hessenschau.de",
                "www.hr-fernsehen.de",
                "www.hr2.de",
                "www.phoenix.de",
                "www.sportschau.de",
                "www.sr.de",
                "www.tagesschau.de"
            ]
        },
        {
            "rule": "sensic\\.net\\/sui\\.js",
            "cookies": 0,
            "fingerprinting": 1,
            "subdomains": [
                "sg-config",
                "de-config",
                "de-config-preproduction"
            ],
            "apis": {
                "Navigator.prototype.userAgent": 8,
                "window.localStorage": 10,
                "Date.prototype.getTime": 1
            },
            "sites": 11,
            "prevalence": 0.00111,
            "cnames": [],
            "responseHashes": [
                "3e95f189a197557326589a746ecdbc67f3be07f2424e87b7ca22a127880db0c9",
                "1b6be21dbcb49c02d9f135b5ae67bb6e5f370ef6bbd159f24165f90e7dc82d83"
            ],
            "type": "Script",
            "firstPartyCookies": {},
            "firstPartyCookiesSent": {},
            "exampleSites": [
                "straitstimes.com",
                "tv.sport1.de",
                "www.3sat.de",
                "www.ardmediathek.de",
                "www.hessenschau.de",
                "www.hr-fernsehen.de",
                "www.hr2.de",
                "www.phoenix.de",
                "www.sportschau.de",
                "www.sr.de",
                "www.tagesschau.de"
            ]
        },
        {
            "rule": "sensic\\.net\\/suigenerator",
            "cookies": 0,
            "fingerprinting": 0,
            "subdomains": [
                "sg-config",
                "de-config",
                "de-config-preproduction"
            ],
            "apis": {},
            "sites": 11,
            "prevalence": 0.00111,
            "cnames": [],
            "responseHashes": [
                "f36c1b9ca4323a9659dffada7aa231f9899bc80ea1e86a19100ca61b065308f6",
                "c78541dfaee6181001c290aa3b45fe719f5167ed8f832825a1aadb821fa389f2",
                "03a0820d2362b39b2cbeaeb4cb9a9c1eba6980ab4db573261609690c655545ea",
                "b679165de67b7f2c17f261b7f27e1bf9ef4f18bcc116c25f05eb87560fb7cc16",
                "d95615bdf106cf57063a9ba494dc023f2d9942075fe5021474a9d009a9ca7275",
                "3134a3277c071c33e61a28aa9e28bc71256a143f8a9998720fbe1ea65769216f",
                "0dcd5337d5ab01b73e4614315a9a3d9156f31a9f725ecc92aa741e20d7b82a99",
                "6a7de09d5d161a84992dd1e8634cec4fe4cd8c9442348feca2431efa3da15bb8",
                "947050051f7e63758fcf27f6c95ba7db887551b4e1827e9f5073c2e50f51c7f9"
            ],
            "type": "XHR",
            "firstPartyCookies": {},
            "firstPartyCookiesSent": {},
            "exampleSites": [
                "straitstimes.com",
                "tv.sport1.de",
                "www.3sat.de",
                "www.ardmediathek.de",
                "www.hessenschau.de",
                "www.hr-fernsehen.de",
                "www.hr2.de",
                "www.phoenix.de",
                "www.sportschau.de",
                "www.sr.de",
                "www.tagesschau.de"
            ]
        },
        {
            "rule": "sensic\\.net\\/tp\\.gif",
            "cookies": 0,
            "fingerprinting": 0,
            "subdomains": [
                "1ca2e153ba304b1036ecbe0c46ad540125134eb29902b160f2061229.trk",
                "b4023c2aaf03c641dab0c8a020a4a363f51fd6ac283c2366e1e369b9.trk",
                "e51958a715735a0100d37d045e2f42f5820b34b7f185f80e4bbe90ee.trk",
                "503d2bc9c1a08f85652574d8689d63d7ec52e240f66732fbc1236195.trk",
                "89c85945868ab1aca55be2da2b1db79787354a1472d8f7613745ac18.trk",
                "2bf660caf5565e79fa91e633f915e2478d4bcf4f11fcca4ace685d2d.trk",
                "d6891609bace4c4a1230de3ed246bec1da6eb025ea29d2841300d5d9.trk",
                "4ca026dd3c4dcea067710928386c25a4d50c2c35ba0093f5972e5568.trk",
                "509d17d2560b6f9e8727cfcfaf897234c39aa99853ee3c5f5de47c79.trk",
                "4a995196148077220f97eef21584873693a1d75882ab1c68f7c37eab.trk"
            ],
            "apis": {},
            "sites": 10,
            "prevalence": 0.001,
            "cnames": [],
            "responseHashes": [],
            "type": "Preflight",
            "firstPartyCookies": {},
            "firstPartyCookiesSent": {},
            "exampleSites": [
                "straitstimes.com",
                "www.3sat.de",
                "www.ardmediathek.de",
                "www.hessenschau.de",
                "www.hr-fernsehen.de",
                "www.hr2.de",
                "www.phoenix.de",
                "www.sportschau.de",
                "www.sr.de",
                "www.tagesschau.de"
            ]
        },
        {
            "rule": "sensic\\.net\\/tp\\.gif",
            "cookies": 0,
            "fingerprinting": 0,
            "subdomains": [
                "1ca2e153ba304b1036ecbe0c46ad540125134eb29902b160f2061229.trk",
                "b4023c2aaf03c641dab0c8a020a4a363f51fd6ac283c2366e1e369b9.trk",
                "e51958a715735a0100d37d045e2f42f5820b34b7f185f80e4bbe90ee.trk",
                "503d2bc9c1a08f85652574d8689d63d7ec52e240f66732fbc1236195.trk",
                "89c85945868ab1aca55be2da2b1db79787354a1472d8f7613745ac18.trk",
                "2bf660caf5565e79fa91e633f915e2478d4bcf4f11fcca4ace685d2d.trk",
                "d6891609bace4c4a1230de3ed246bec1da6eb025ea29d2841300d5d9.trk",
                "4ca026dd3c4dcea067710928386c25a4d50c2c35ba0093f5972e5568.trk",
                "509d17d2560b6f9e8727cfcfaf897234c39aa99853ee3c5f5de47c79.trk",
                "4a995196148077220f97eef21584873693a1d75882ab1c68f7c37eab.trk"
            ],
            "apis": {},
            "sites": 10,
            "prevalence": 0.001,
            "cnames": [],
            "responseHashes": [
                "ef1955ae757c8b966c83248350331bd3a30f658ced11f387f8ebf05ab3368629"
            ],
            "type": "XHR",
            "firstPartyCookies": {},
            "firstPartyCookiesSent": {},