{
    "domain": "shopvote.de",
    "owner": {},
    "source": [
        "DuckDuckGo-DE"
    ],
    "prevalence": 0.00181,
    "sites": 18,
    "subdomains": [
        "widgets",
        "img"
    ],
    "cnames": [],
    "fingerprinting": 1,
    "resources": [
        {
            "rule": "shopvote\\.de\\/js\\/reputation-badge-v2\\.min\\.js",
            "cookies": 0,
            "fingerprinting": 1,
            "subdomains": [
                "widgets"
            ],
            "apis": {
                "window.sessionStorage": 8,
                "Date.prototype.getTime": 8
            },
            "sites": 10,
            "prevalence": 0.00101,
            "cnames": [],
            "responseHashes": [
                "1106878b2f736024179b1d455a81a8c5f3175cec16d695792c020e50f90218c4"
            ],
            "type": "Script",
            "firstPartyCookies": {},
            "firstPartyCookiesSent": {},
            "exampleSites": [
                "reiseschein.de",
                "sportwaffen-triebel.de",
                "www.greenbike-shop.de",
                "www.idee-shop.com",
                "www.interaquaristik.de",
                "www.it-recht-kanzlei.de",
                "www.juraprofi.de",
                "www.porzellanhandel24.de",
                "www.reifen-felgen.de",
                "www.wolle-roedel.com"
            ]
        },
        {
            "rule": "shopvote\\.de\\/allvotes-v2\\.php",
            "cookies": 0,
            "fingerprinting": 0,
            "subdomains": [
                "widgets"
            ],
            "apis": {},
            "sites": 9,
            "prevalence": 0.000907,
            "cnames": [],
            "responseHashes": [
                "749213da48f63b50d160417edecd47221e211312a34f94e53d04d244df241cb3",
                "fa8ba5d7600c65474cc6d7282bb6b37bffb3024ede7ac05a49722ed647be79e0",
                "7012c3a159a8b5f27b523152ec32f54bff9ea8580dc516d3424740ade57aa495",
                "e653ee5afdfd32c09e19b589ddb2d167578927be0693e91972bd0b8cdbb32621",
                "46c69459c1863edf566ece9ccc844752876296defb358e67b565d9399c05cf99",
                "7c24f3eb376843775317a3215eb63611a62b94c8d46a8d2251666b5e26054fd7",
                "87d231f84ea4bf7ced878580d6f6b5a02da49efd638fc90f39430c2a8bda799a",
                "739caf892b7c68f8e33b4ca9a27a4fb031081d8c40d6c8ff045860972f4194cb"
            ],
            "type": "XHR",
            "firstPartyCookies": {},
            "firstPartyCookiesSent": {},
            "exampleSites": [
                "reiseschein.de",
                "sportwaffen-triebel.de",
                "www.ersatzteilfachmann.de",
                "www.greenbike-shop.de",
                "www.interaquaristik.de",
                "www.it-recht-kanzlei.de",
                "www.juraprofi.de",
                "www.porzellanhandel24.de",
                "www.reifen-felgen.de"
            ]
        },
        {
            "rule": "shopvote\\.de\\/buttons\\/avg2-gold\\.png",
            "cookies": 0,
            "fingerprinting": 0,
            "subdomains": [
                "widgets"
            ],
            "apis": {},
            "sites": 7,
            "prevalence": 0.000705,
            "cnames": [],
            "responseHashes": [
                "41ef52c38ea5b87a5a0fe4cc2e35e80be49b3754a01cba5698aa764e174b824d"
            ],
            "type": "Image",
            "firstPartyCookies": {},
            "firstPartyCookiesSent": {},
            "exampleSites": [
                "reiseschein.de",
                "sportwaffen-triebel.de",
                "www.ersatzteilfachmann.de",
                "www.greenbike-shop.de",
                "www.interaquaristik.de",
                "www.juraprofi.de",
                "www.porzellanhandel24.de"
            ]
        },
        {
            "rule": "shopvote\\.de\\/buttons\\/av2-stars-gold\\.png",
            "cookies": 0,
            "fingerprinting": 0,
            "subdomains": [
                "widgets"
            ],
            "apis": {},
            "sites": 9,
            "prevalence": 0.000907,
            "cnames": [],
            "responseHashes": [
                "2fdf5fd310a1e33fbe13709923ccd8ca830d8c3411ac9cab953d55d67653f6db"
            ],
            "type": "Image",
            "firstPartyCookies": {},
            "firstPartyCookiesSent": {},
            "exampleSites": [
                "reiseschein.de",
                "sportwaffen-triebel.de",
                "www.ersatzteilfachmann.de",
                "www.greenbike-shop.de",
                "www.interaquaristik.de",
                "www.it-recht-kanzlei.de",
                "www.juraprofi.de",
                "www.porzellanhandel24.de",
                "www.reifen-felgen.de"
            ]
        },
        {
            "rule": "shopvote\\.de\\/profile-seal-160-gold\\.png",
            "cookies": 0,
            "fingerprinting": 0,
            "subdomains": [
                "img"
            ],
            "apis": {},
            "sites": 8,
            "prevalence": 0.000806,
            "cnames": [],
            "responseHashes": [
                "209085c40b0cf21196c8ac7fc5af442af370f91ccc2333fff51a5c2a47ec9d5e"
            ],
            "type": "Image",
            "firstPartyCookies": {},
            "firstPartyCookiesSent": {},
            "exampleSites": [
                "sportwaffen-triebel.de",
                "www.bw-discount.de",
                "www.campingplus.de",
                "www.ersatzteilfachmann.de",
                "www.greenbike-shop.de",
                "www.porzellanhandel24.de",
                "www.shop-naturpur.de",
                "www.taylor-wheels.de"
            ]
        },
        {
            "rule": "shopvote\\.de\\/view\\.php",
            "cookies": 0,
            "fingerprinting": 0,
            "subdomains": [
                "widgets"
            ],
            "apis": {},
            "sites": 4,
            "prevalence": 0.000403,
            "cnames": [],
            "responseHashes": [
                "c0b94b7e1261688934607217a1eb13e6713fd0f0ed774dd3c5a3ff7206cb585e",
                "ef35cf6db161cc4c14664302a750256440ce0c688586e11e665431ff1350c1b4",
                "1277f04fa2a75e206244a958bc3442f83e5e91713de4d825948d1bd6c632310e"
            ],
            "type": "Image",
            "firstPartyCookies": {},
            "firstPartyCookiesSent": {},
            "exampleSites": [
                "stahlshop.de",
                "www.interaquaristik.de",
                "www.orion.de",
                "www.voucherwonderland.com"
            ]
        },
        {
            "rule": "shopvote\\.de\\/js\\/badget-98x98\\.min\\.js",
            "cookies": 0,
            "fingerprinting": 1,
            "subdomains": [
                "widgets"
            ],
            "apis": {
                "window.sessionStorage": 2,
                "Date.prototype.getTime": 2
            },
            "sites": 2,
            "prevalence": 0.000201,
            "cnames": [],
            "responseHashes": [
                "dc96602f5ff54c3a9d462f0bd2eacd916710ccdc46d807bcd2f6615002c2966a"
            ],
            "type": "Script",
            "firstPartyCookies": {},
            "firstPartyCookiesSent": {},
            "exampleSites": [
                "bw-discount.de",
                "www.taylor-wheels.de"
            ]
        },
        {
            "rule": "shopvote\\.de\\/return\\.php",
            "cookies": 0,
            "fingerprinting": 0,
            "subdomains": [
                "widgets"
            ],
            "apis": {},
            "sites": 2,
            "prevalence": 0.000201,
            "cnames": [],
            "responseHashes": [
                "19e247feb50bf64d6da5142671e63d012b301d5ffc5ce47d95e5340ddec5dde7"
            ],
            "type": "XHR",
            "firstPartyCookies": {},
            "firstPartyCookiesSent": {},