{
    "domain": "shopauskunft.de",
    "owner": {},
    "source": [
        "DuckDuckGo-DE"
    ],
    "prevalence": 0.00111,
    "sites": 11,
    "subdomains": [
        "apps"
    ],
    "cnames": [],
    "fingerprinting": 0,
    "resources": [
        {
            "rule": "shopauskunft\\.de\\/widget\\/v5\\/seal\\.php",
            "cookies": 0,
            "fingerprinting": 0,
            "subdomains": [
                "apps"
            ],
            "apis": {},
            "sites": 9,
            "prevalence": 0.000907,
            "cnames": [],
            "responseHashes": [
                "92f3d6b50422c750dc39b7e0e6ff8e5ba99504db4ed67a191cea316f78d98d68",
                "88ebf96759ce49bd47919be239fa6bb635ada441daac77bd3612d0dd294a1ecf",
                "ce39facf849a690f60967f2bcc45262bec8eed3fdc6abda7170de96bdf6c70d0",
                "0e88619a6276e0694363bb6d33af79d086ce6a71200cd3630f0318bb4f6a4693",
                "6c410c976086912cf6ca630a356c698f744e66e4ec0aea2b00ae733421ec01f3",
                "db0ea89e5089879ee1acede98182648708fa6757e57fc49695c0e16e7a04a601",
                "734a18775ede79015742f2688cb15cc73f01dbbfa5743f2fd95e6f56ad6878a0",
                "56fe728e0ac7560b9d221bc2a94c98503358bcf0507b96c42aba15929bca7084"
            ],
            "type": "Image",
            "firstPartyCookies": {},
            "firstPartyCookiesSent": {},
            "exampleSites": [
                "aquasabi.de",
                "www.ars24.com",
                "www.campingshop-24.de",
                "www.dsl.de",
                "www.gerryweber.com",
                "www.reifendirekt.de",
                "www.reifen.com",
                "www.shop4runners.com",
                "www.zoxs.de"
            ]
        }
    ],
    "categories": [],
    "performance": {},
    "cookies": 0,
    "types": {
        "Image": 9
    },
    "nameservers": [
        "ns81.domaincontrol.com",
        "ns82.domaincontrol.com"
    ]
}