{
    "domain": "stuiop.com",
    "owner": {},
    "source": [
        "DuckDuckGo-DE"
    ],
    "prevalence": 0.000705,
    "sites": 7,
    "subdomains": [],
    "cnames": [],
    "fingerprinting": 2,
    "resources": [
        {
            "rule": "stuiop\\.com\\/v1\\/sdk\\.js",
            "cookies": 0,
            "fingerprinting": 2,
            "subdomains": [],
            "apis": {
                "window.localStorage": 6,
                "Document.cookie getter": 6,
                "Navigator.prototype.permissions": 5,
                "Navigator.prototype.userAgent": 5
            },
            "sites": 7,
            "prevalence": 0.000705,
            "cnames": [],
            "responseHashes": [
                "9dbfba7592a9c870a5570a089299b6c7d8b5e899bbe9974410dc8631884934fd",
                "8a4ba60db08b48710de461b398b23cb05fd6008c8139587c31c8f43edd5323bf",
                "2acfbd0d8e3c1d6f0126552b6a3d15730f7b18b0a482b12e144a1e5bb1b8561e",
                "7801041e4103ea3a863f7761d2d79ef860e9f5809c42948581708b03b5665ae9",
                "2c2b99af67121782a43f2eeaa9e00a263fb63ba137e81f259bd5bcfc9d022f94"
            ],
            "type": "Script",
            "firstPartyCookies": {},
            "firstPartyCookiesSent": {},
            "exampleSites": [
                "abcdef.wiki",
                "nudostar.com",
                "video-stb.ru",
                "vip.pornbraze.com",
                "www3.javxxx.me",
                "xnxxstepmom.com",
                "xxx18.uno"
            ]
        },
        {
            "rule": "stuiop\\.com\\/fp\\.js",
            "cookies": 0.000504,
            "fingerprinting": 1,
            "subdomains": [],
            "apis": {
                "window.localStorage": 5,
                "Date.prototype.getTime": 5,
                "Document.cookie setter": 5
            },
            "sites": 7,
            "prevalence": 0.000705,
            "cnames": [],
            "responseHashes": [
                "331c49b4b730a911a8d4f1285c4e55e736dab0a82c8858525eca72cda17ca751",
                "ae515f21fa292676f203481e3302fe239990a06497d61eafd5c70437cb3f7384",
                "76c6ac07d6177da199128674e9b152d3217f40fa76e2a38475fc9a8fd16cee37",
                "e33ff2957a062daac246bb3e0097faac29139ff498a1ed2fdcdc40a7920a09ef"
            ],
            "type": "Script",
            "firstPartyCookies": {
                "ufp2": {
                    "ttl": 604829,
                    "length": 40,
                    "prevalence": 0.0005036261079774375,
                    "uniqueness": 1
                }
            },
            "firstPartyCookiesSent": {},
            "exampleSites": [
                "abcdef.wiki",
                "nudostar.com",
                "video-stb.ru",
                "vip.pornbraze.com",
                "www3.javxxx.me",
                "xnxxstepmom.com",
                "xxx18.uno"
            ]
        }
    ],
    "categories": [],
    "performance": {},
    "cookies": 0.000504,
    "types": {
        "Script": 14
    },
    "nameservers": [
        "brit.ns.cloudflare.com",
        "lex.ns.cloudflare.com"
    ]
}