{
    "domain": "trackcmp.net",
    "owner": {
        "name": "ActiveCampaign, Inc.",
        "displayName": "ActiveCampaign"
    },
    "source": [
        "DuckDuckGo-DE"
    ],
    "prevalence": 0.00191,
    "sites": 19,
    "subdomains": [],
    "cnames": [],
    "fingerprinting": 0,
    "resources": [
        {
            "rule": "trackcmp\\.net\\/t_prism_sitemessages\\.php",
            "cookies": 0,
            "fingerprinting": 0,
            "subdomains": [],
            "apis": {},
            "sites": 16,
            "prevalence": 0.0016,
            "cnames": [],
            "responseHashes": [
                "e3b0c44298fc1c149afbf4c8996fb92427ae41e4649b934ca495991b7852b855"
            ],
            "type": "Script",
            "firstPartyCookies": {},
            "firstPartyCookiesSent": {
                "prism_25849940": 0.00010031096398836393,
                "prism_1001420228": 0.00010031096398836393,
                "prism_91160084": 0.00010031096398836393,
                "prism_90822704": 0.00010031096398836393,
                "prism_476518277": 0.00010031096398836393,
                "prism_25946650": 0.00010031096398836393,
                "prism_25409750": 0.00010031096398836393,
                "IR_gbd": 0.00010031096398836393,
                "prism_475402747": 0.00010031096398836393,
                "prism_476022907": 0.00010031096398836393,
                "prism_90744784": 0.00010031096398836393,
                "prism_26844490": 0.00010031096398836393,
                "prism_25900740": 0.00010031096398836393,
                "prism_649477835": 0.00010031096398836393,
                "prism_252391179": 0.00010031096398836393,
                "prism_610292066": 0.00010031096398836393,
                "prism_799467011": 0.00010031096398836393
            },
            "exampleSites": [
                "charcuteria.de",
                "duft-check.de",
                "hubite.com",
                "november.de",
                "reisetopia.de",
                "seekingalpha.com",
                "skylum.com",
                "www.fairment.de",
                "www.finanzfluss.de",
                "www.geschenke24.de",
                "www.gesundheitszentrale.eu",
                "www.jpost.com",
                "www.lifehack.org",
                "www.lovethislook.de",
                "www.truity.com",
                "www.verbraucherschutz.com"
            ]
        },
        {
            "rule": "trackcmp\\.net\\/visit",
            "cookies": 0.000401,
            "fingerprinting": 0,
            "subdomains": [],
            "apis": {},
            "sites": 4,
            "prevalence": 0.000401,
            "cnames": [],
            "responseHashes": [
                "e3b0c44298fc1c149afbf4c8996fb92427ae41e4649b934ca495991b7852b855"
            ],
            "type": "Script",
            "firstPartyCookies": {},
            "firstPartyCookiesSent": {},
            "exampleSites": [
                "excelhero.de",
                "www.fairment.de",
                "www.fluentu.com",
                "www.nature-love.de"
            ]
        }
    ],
    "categories": [
        "Ad Motivated Tracking",
        "Advertising",
        "Action Pixels"
    ],
    "performance": {},
    "cookies": 0.000401,
    "types": {
        "Script": 20
    },
    "nameservers": [
        "love.ns.cloudflare.com",
        "kellen.ns.cloudflare.com"
    ]
}