{
    "domain": "weekli.de",
    "owner": {},
    "source": [
        "DuckDuckGo-DE"
    ],
    "prevalence": 0.00141,
    "sites": 14,
    "subdomains": [
        "general-anzeiger-bonn",
        "rp-online",
        "blick",
        "epaper-esslinger-zeitung",
        "frankenpost",
        "insuedthueringen",
        "saarbruecker-zeitung",
        "schwarzwaelder-bote",
        "siegener-zeitung",
        "stuttgarter-zeitung",
        "stuttgarter-nachrichten",
        "volksfreund",
        "wochenblatt-reporter"
    ],
    "cnames": [],
    "fingerprinting": 1,
    "resources": [
        {
            "rule": "weekli\\.de\\/widget-loader",
            "cookies": 0,
            "fingerprinting": 0,
            "subdomains": [
                "general-anzeiger-bonn",
                "rp-online",
                "blick",
                "epaper-esslinger-zeitung",
                "frankenpost",
                "insuedthueringen",
                "saarbruecker-zeitung",
                "schwarzwaelder-bote",
                "siegener-zeitung",
                "stuttgarter-zeitung",
                "stuttgarter-nachrichten",
                "volksfreund",
                "wochenblatt-reporter"
            ],
            "apis": {},
            "sites": 14,
            "prevalence": 0.00141,
            "cnames": [],
            "responseHashes": [
                "0e78dc7a3c8fdc96e29bbe4dd84d8e1768b411355061f0ea31c0515623a9c254",
                "d9b89aa65a9af67b1bc976d6c1fb7b372bfbc6e565321e531779d792ae668011",
                "b24c54b6165a44be21ec0b6518d5cf08bae66d6803c07c8a549c853b0a98b400",
                "0874528dd0c63dd8a44dfabf9da7c9e24c60314af76cf79c10149ed5583f7ef5",
                "b131fa88b8593626d6cbe6bdb03e9f24fa8745780622bca2fb9c88141c889831",
                "07a8e98ae98443bcc7346adb403445e0ed6971a761f72f5b64f5d24035f295ca",
                "a0b146447f07e72c23eb26cd617dd528579f8820063864d6b4cd42b7cbe692e3",
                "9ceaad29477c4528e6ffff1c61a61240bd3639e234632af0ec89863166af5a8b",
                "733016c9d0c1e07774c575c6b8d9e7b1de74d1394474e90644a097864bdda646",
                "4a877a606e17a65006cc9352b6b17af878030ffb348a078f1e87e24940350488",
                "f255d34209395dad27b81b57afaf64b411aeebcb877061d12f14e05c8ae0cbf4"
            ],
            "type": "Document",
            "firstPartyCookies": {},
            "firstPartyCookiesSent": {},
            "exampleSites": [
                "ga.de",
                "m.rp-online.de",
                "rp-online.de",
                "www.blick.de",
                "www.esslinger-zeitung.de",
                "www.frankenpost.de",
                "www.insuedthueringen.de",
                "www.saarbruecker-zeitung.de",
                "www.schwarzwaelder-bote.de",
                "www.siegener-zeitung.de",
                "www.stuttgarter-zeitung.de",
                "www.stuttgarter-nachrichten.de",
                "www.volksfreund.de",
                "www.wochenblatt-reporter.de"
            ]
        },
        {
            "rule": "weekli\\.de\\/api\\/a\\/list",
            "cookies": 0.000703,
            "fingerprinting": 0,
            "subdomains": [
                "general-anzeiger-bonn",
                "rp-online",
                "blick",
                "epaper-esslinger-zeitung",
                "frankenpost",
                "insuedthueringen",
                "saarbruecker-zeitung",
                "schwarzwaelder-bote",
                "siegener-zeitung",
                "stuttgarter-zeitung",
                "stuttgarter-nachrichten",
                "volksfreund",
                "wochenblatt-reporter"
            ],
            "apis": {},
            "sites": 14,
            "prevalence": 0.00141,
            "cnames": [],
            "responseHashes": [
                "b4f4dfa0d559d683c5c3214617f5f37a5e3319d391e85c631efc6658722455b5",
                "fd9197d229a1829c98d4842305abb84ec1b866437b93a7457486f7df7ccd85a0",
                "a9dfd9607e52b0b5c24032ebf01aabd5aaa03ddfa9c2d534153396fd138fcc7d",
                "c9c1e24adb01101d2ed590bd0f1d196fcb3c1cc2ad17d4ad235fe9c6feab0511",
                "cd0e846dc6ef6b4af63cdf4113ea9ab0936a8dbe3e19586d57706dd87c0317b7",
                "5e21631b024d8059e8a8b68ef5f100fabab7d0c9006bdbc0b8d32394307aa6d3",
                "8fe6c2b8cced1100f137b36a3eec386c02d00e37d6894b20e21526f798e68ebc",
                "48df4e310709f4a9c495cc001a2e892227ffb85d9e56a9b5a79c08668df60d52",
                "12ff1e8a7cd244ca554881a06ec142dbd3218371946e59619823a3a45bacc397",
                "c25511a83fbea340862157e62e3e5b753a273d4199fbe79e52a75a893a42361e",
                "da6764b16a60b251be6a5f363192f3298e9794401496908d15d6c736eb3f9cd7",
                "c66b0eab1c15b692e39d97bef557ced7084b62b72860bad758fe6403ee052546",
                "22ccd87c0df91b748b8b542fd15e051fa1044fc567f20d5ec1ebd878f22628a4"
            ],
            "type": "XHR",
            "firstPartyCookies": {},
            "firstPartyCookiesSent": {},
            "exampleSites": [
                "ga.de",
                "m.rp-online.de",
                "rp-online.de",
                "www.blick.de",
                "www.esslinger-zeitung.de",
                "www.frankenpost.de",
                "www.insuedthueringen.de",
                "www.saarbruecker-zeitung.de",
                "www.schwarzwaelder-bote.de",
                "www.siegener-zeitung.de",
                "www.stuttgarter-zeitung.de",
                "www.stuttgarter-nachrichten.de",
                "www.volksfreund.de",
                "www.wochenblatt-reporter.de"
            ]
        },
        {
            "rule": "weekli\\.de\\/widgets\\/scroll-widget\\/scroll-widget-1\\.9\\.min\\.js",
            "cookies": 0,
            "fingerprinting": 1,
            "subdomains": [
                "rp-online",
                "epaper-esslinger-zeitung",
                "schwarzwaelder-bote",
                "siegener-zeitung",
                "stuttgarter-zeitung",
                "stuttgarter-nachrichten"
            ],
            "apis": {
                "window.devicePixelRatio": 6
            },
            "sites": 6,
            "prevalence": 0.000603,
            "cnames": [],
            "responseHashes": [
                "53a7b5be782a87a68635734476ff5815d4e97113746084c59254a16c257cec94"
            ],
            "type": "Script",
            "firstPartyCookies": {},
            "firstPartyCookiesSent": {},
            "exampleSites": [
                "rp-online.de",
                "www.esslinger-zeitung.de",
                "www.schwarzwaelder-bote.de",
                "www.siegener-zeitung.de",
                "www.stuttgarter-zeitung.de",
                "www.stuttgarter-nachrichten.de"
            ]
        },
        {
            "rule": "weekli\\.de\\/static\\/widget\\/scroll-widget\\/scroll-widget-1\\.0\\.0\\.css",
            "cookies": 0,
            "fingerprinting": 0,
            "subdomains": [
                "frankenpost",
                "insuedthueringen"
            ],
            "apis": {},
            "sites": 2,
            "prevalence": 0.000201,
            "cnames": [],
            "responseHashes": [
                "555ecdb9a8ee813643d549ed95b1c70e4e96e9a5a7d717d71fb74f6e4faf6459"
            ],
            "type": "Stylesheet",
            "firstPartyCookies": {},
            "firstPartyCookiesSent": {},
            "exampleSites": [
                "frankenpost.de",
                "www.insuedthueringen.de"
            ]
        },
        {
            "rule": "weekli\\.de\\/static\\/widget\\/scroll-widget\\/scroll-widget-1\\.0\\.0\\.src\\.js",
            "cookies": 0,
            "fingerprinting": 1,
            "subdomains": [
                "frankenpost",
                "insuedthueringen"
            ],
            "apis": {
                "window.devicePixelRatio": 2
            },
            "sites": 2,
            "prevalence": 0.000201,