{
    "domain": "wpnsrv.com",
    "owner": {},
    "source": [
        "DuckDuckGo-DE"
    ],
    "prevalence": 0.00221,
    "sites": 22,
    "subdomains": [
        "js"
    ],
    "cnames": [],
    "fingerprinting": 1,
    "resources": [
        {
            "rule": "wpnsrv\\.com\\/pn\\.php",
            "cookies": 0.00131,
            "fingerprinting": 1,
            "subdomains": [
                "js"
            ],
            "apis": {
                "Navigator.prototype.userAgent": 21,
                "Notification.permission": 18,
                "Document.cookie getter": 13,
                "Document.cookie setter": 13
            },
            "sites": 22,
            "prevalence": 0.00221,
            "cnames": [],
            "responseHashes": [
                "a5d96c14adb8f17f11442ba420ddac63d937f2bf0069298728dbcd9689147280"
            ],
            "type": "Script",
            "firstPartyCookies": {
                "pn-zone-3389741": {
                    "ttl": 3888002,
                    "length": 13,
                    "prevalence": 0.0001004419445560466,
                    "uniqueness": 1
                },
                "pn-zone-3199593": {
                    "ttl": 3888001,
                    "length": 13,
                    "prevalence": 0.0002008838891120932,
                    "uniqueness": 1
                },
                "pn-zone-3948256": {
                    "ttl": 3888002,
                    "length": 13,
                    "prevalence": 0.0001004419445560466,
                    "uniqueness": 1
                },
                "pn-zone-3169187": {
                    "ttl": 3888004,
                    "length": 13,
                    "prevalence": 0.0002008838891120932,
                    "uniqueness": 1
                },
                "pn-zone-3184169": {
                    "ttl": 3888004,
                    "length": 13,
                    "prevalence": 0.0001004419445560466,
                    "uniqueness": 1
                },
                "pn-zone-3382805": {
                    "ttl": 3888005,
                    "length": 13,
                    "prevalence": 0.0001004419445560466,
                    "uniqueness": 1
                },
                "pn-zone-4209332": {
                    "ttl": 3888002,
                    "length": 13,
                    "prevalence": 0.0001004419445560466,
                    "uniqueness": 1
                },
                "pn-zone-3870936": {
                    "ttl": 3888002,
                    "length": 13,
                    "prevalence": 0.0001004419445560466,
                    "uniqueness": 1
                },
                "pn-zone-3382743": {
                    "ttl": 3888002,
                    "length": 13,
                    "prevalence": 0.0001004419445560466,
                    "uniqueness": 1
                },
                "pn-zone-3278638": {
                    "ttl": 3888001,
                    "length": 13,
                    "prevalence": 0.0001004419445560466,
                    "uniqueness": 1
                },
                "pn-zone-4359766": {
                    "ttl": 3888001,
                    "length": 13,
                    "prevalence": 0.0001004419445560466,
                    "uniqueness": 1
                }
            },
            "firstPartyCookiesSent": {},
            "exampleSites": [
                "www.everydayporn.co",
                "de.pictoa.com",
                "javtiful.com",
                "m.mylust.com",
                "www.xxbrits.com",
                "manhwamanga.net",
                "xnxxbest.pro",
                "anysex.com",
                "pornobae.com",
                "xnxx1.xyz",
                "www.pictoa.com",
                "xcafe.com",
                "www.pornhubdeutsch.info",
                "sextb.net",
                "xorgasmo.com",
                "kittyporntube.com",
                "smutr.com",
                "www.sexdug.com",
                "mylust.com",
                "goodporn.to"
            ]
        }
    ],
    "categories": [],
    "performance": {
        "time": 1,
        "size": 1,
        "cpu": 1,
        "cache": 3
    },
    "cookies": 0.00131,
    "types": {
        "Script": 22
    },
    "nameservers": [
        "ns3.dnsowl.com",
        "ns1.dnsowl.com",
        "ns2.dnsowl.com"
    ]
}