{
    "domain": "app-us1.com",
    "owner": {
        "name": "ActiveCampaign, Inc.",
        "displayName": "ActiveCampaign"
    },
    "source": [
        "DuckDuckGo-NO"
    ],
    "prevalence": 0.00211,
    "sites": 21,
    "subdomains": [
        "diffuser-cdn",
        "prism"
    ],
    "cnames": [],
    "fingerprinting": 1,
    "resources": [
        {
            "rule": "app-us1\\.com\\/diffuser\\/diffuser\\.js",
            "cookies": 0.00201,
            "fingerprinting": 1,
            "subdomains": [
                "diffuser-cdn"
            ],
            "apis": {
                "Document.cookie getter": 21,
                "Date.prototype.getTime": 20,
                "Document.cookie setter": 20
            },
            "sites": 21,
            "prevalence": 0.00211,
            "cnames": [],
            "responseHashes": [
                "15eb202865d1d835fae2eff61bb922fa91fb4064a1fb850ebadab1f190782648"
            ],
            "type": "Script",
            "firstPartyCookies": {
                "prism_475746447": {
                    "ttl": 2592006,
                    "length": 36,
                    "prevalence": 0.00010052271813429835,
                    "uniqueness": 1
                },
                "prism_224187563": {
                    "ttl": 2592006,
                    "length": 36,
                    "prevalence": 0.00010052271813429835,
                    "uniqueness": 1
                },
                "prism_91160084": {
                    "ttl": 2592005,
                    "length": 36,
                    "prevalence": 0.00010052271813429835,
                    "uniqueness": 1
                },
                "prism_251772639": {
                    "ttl": 2592007,
                    "length": 36,
                    "prevalence": 0.00010052271813429835,
                    "uniqueness": 1
                },
                "prism_999891218": {
                    "ttl": 2592007,
                    "length": 36,
                    "prevalence": 0.00010052271813429835,
                    "uniqueness": 1
                },
                "prism_25946650": {
                    "ttl": 2592006,
                    "length": 36,
                    "prevalence": 0.00010052271813429835,
                    "uniqueness": 1
                },
                "prism_223853213": {
                    "ttl": 2592005,
                    "length": 36,
                    "prevalence": 0.00010052271813429835,
                    "uniqueness": 1
                },
                "prism_649998635": {
                    "ttl": 2592014,
                    "length": 36,
                    "prevalence": 0.00010052271813429835,
                    "uniqueness": 1
                },
                "prism_66978442": {
                    "ttl": 2592006,
                    "length": 36,
                    "prevalence": 0.00010052271813429835,
                    "uniqueness": 1
                },
                "prism_611487216": {
                    "ttl": 2592004,
                    "length": 36,
                    "prevalence": 0.00010052271813429835,
                    "uniqueness": 1
                },
                "prism_25900740": {
                    "ttl": 2592006,
                    "length": 36,
                    "prevalence": 0.00010052271813429835,
                    "uniqueness": 1
                },
                "prism_649477835": {
                    "ttl": 2592022,
                    "length": 36,
                    "prevalence": 0.00010052271813429835,
                    "uniqueness": 1
                },
                "prism_610625106": {
                    "ttl": 2592003,
                    "length": 36,
                    "prevalence": 0.00010052271813429835,
                    "uniqueness": 1
                },
                "prism_610588136": {
                    "ttl": 2592006,
                    "length": 36,
                    "prevalence": 0.00010052271813429835,
                    "uniqueness": 1
                },
                "prism_1000719068": {
                    "ttl": 2592006,
                    "length": 36,
                    "prevalence": 0.00010052271813429835,
                    "uniqueness": 1
                },
                "prism_253578229": {
                    "ttl": 2592004,
                    "length": 36,
                    "prevalence": 0.00010052271813429835,
                    "uniqueness": 1
                },
                "prism_253442009": {
                    "ttl": 2592007,
                    "length": 36,
                    "prevalence": 0.00010052271813429835,
                    "uniqueness": 1
                },
                "prism_610292066": {
                    "ttl": 2592007,
                    "length": 36,
                    "prevalence": 0.00010052271813429835,
                    "uniqueness": 1
                },
                "prism_26016790": {
                    "ttl": 2592005,
                    "length": 36,
                    "prevalence": 0.00010052271813429835,
                    "uniqueness": 1
                }
            },
            "firstPartyCookiesSent": {},
            "exampleSites": [
                "seekingalpha.com",
                "www.nerdsandscoundrels.com",
                "www.peakprosperity.com",
                "iconcollective.edu",
                "www.flightconnections.com",
                "www.truity.com",
                "www.lifehack.org",
                "welovetrump.com",
                "www.yogapedia.com",
                "athleanx.com",
                "www.macrolibrarsi.it",
                "www.jpost.com",
                "www.boss.info",
                "www.reviews.org",
                "www.officefurnitureonline.co.uk",
                "www.altrarunning.com",
                "truestory.no",
                "bottomlineinc.com",
                "daveasprey.com",
                "savory.global"
            ]
        },
        {
            "rule": "app-us1\\.com\\/",
            "cookies": 0.00211,
            "fingerprinting": 0,
            "subdomains": [
                "prism"
            ],
            "apis": {},
            "sites": 21,
            "prevalence": 0.00211,
            "cnames": [],