{
    "domain": "app-us1.com",
    "owner": {
        "name": "ActiveCampaign, Inc.",
        "displayName": "ActiveCampaign"
    },
    "source": [
        "DuckDuckGo-NO"
    ],
    "prevalence": 0.00191,
    "sites": 19,
    "subdomains": [
        "diffuser-cdn",
        "prism"
    ],
    "cnames": [],
    "fingerprinting": 1,
    "resources": [
        {
            "rule": "app-us1\\.com\\/diffuser\\/diffuser\\.js",
            "cookies": 0.00141,
            "fingerprinting": 1,
            "subdomains": [
                "diffuser-cdn"
            ],
            "apis": {
                "Document.cookie getter": 19,
                "Date.prototype.getTime": 14,
                "Document.cookie setter": 14
            },
            "sites": 19,
            "prevalence": 0.00191,
            "cnames": [],
            "responseHashes": [
                "07ef661be38be006eb690a15613c557d418b8780900ff490545bb2b75d23fcd7"
            ],
            "type": "Script",
            "firstPartyCookies": {
                "prism_89246784": {
                    "ttl": 2592038,
                    "length": 36,
                    "prevalence": 0.00010045203415369161,
                    "uniqueness": 1
                },
                "prism_252148999": {
                    "ttl": 2592034,
                    "length": 36,
                    "prevalence": 0.00010045203415369161,
                    "uniqueness": 1
                },
                "prism_650540625": {
                    "ttl": 2592035,
                    "length": 36,
                    "prevalence": 0.00010045203415369161,
                    "uniqueness": 1
                },
                "prism_91160084": {
                    "ttl": 2592008,
                    "length": 36,
                    "prevalence": 0.00010045203415369161,
                    "uniqueness": 1
                },
                "prism_25946650": {
                    "ttl": 2592032,
                    "length": 36,
                    "prevalence": 0.00010045203415369161,
                    "uniqueness": 1
                },
                "prism_25409750": {
                    "ttl": 2592005,
                    "length": 36,
                    "prevalence": 0.00010045203415369161,
                    "uniqueness": 1
                },
                "prism_223686333": {
                    "ttl": 2592005,
                    "length": 36,
                    "prevalence": 0.00010045203415369161,
                    "uniqueness": 1
                },
                "prism_223853213": {
                    "ttl": 2592005,
                    "length": 36,
                    "prevalence": 0.00010045203415369161,
                    "uniqueness": 1
                },
                "prism_66978442": {
                    "ttl": 2592007,
                    "length": 36,
                    "prevalence": 0.00010045203415369161,
                    "uniqueness": 1
                },
                "prism_26021260": {
                    "ttl": 2592007,
                    "length": 36,
                    "prevalence": 0.00010045203415369161,
                    "uniqueness": 1
                },
                "prism_25900740": {
                    "ttl": 2592030,
                    "length": 36,
                    "prevalence": 0.00010045203415369161,
                    "uniqueness": 1
                },
                "prism_609490486": {
                    "ttl": 2592004,
                    "length": 36,
                    "prevalence": 0.00010045203415369161,
                    "uniqueness": 1
                },
                "prism_223877573": {
                    "ttl": 2592005,
                    "length": 36,
                    "prevalence": 0.00010045203415369161,
                    "uniqueness": 1
                },
                "prism_610292066": {
                    "ttl": 2592027,
                    "length": 36,
                    "prevalence": 0.00010045203415369161,
                    "uniqueness": 1
                }
            },
            "firstPartyCookiesSent": {},
            "exampleSites": [
                "cannabistraininguniversity.com",
                "eshop.advania.no",
                "fightthenewdrug.org",
                "hubite.com",
                "lampemesteren.no",
                "sharepointmaven.com",
                "seekingalpha.com",
                "skylum.com",
                "soundstorexl.no",
                "tinybuddha.com",
                "truestory.no",
                "www.boss.info",
                "www.inmotionhosting.com",
                "www.jpost.com",
                "www.learndash.com",
                "www.nerdsandscoundrels.com",
                "www.nipponsport.no",
                "www.techopedia.com",
                "www.truity.com"
            ]
        },
        {
            "rule": "app-us1\\.com\\/",
            "cookies": 0.00191,
            "fingerprinting": 0,
            "subdomains": [
                "prism"
            ],
            "apis": {},
            "sites": 19,
            "prevalence": 0.00191,
            "cnames": [],
            "responseHashes": [
                "0c42bf3112841873a2c895377ed82684c30dde03853d9d28303f10f681b0f942",
                "f7f4ade16686738bcf86137b0d4ec16e1e513b1d5052a66177da205d07fdd7b1",
                "7475d8b42c925430c838606a07534d46fe24e28b6da637957269a3326e689fce",
                "4024861e27285105460d4c39a34b7490ce58c6f752452255c609066a4db1cc21",
                "6af109b582e63152a61281d623408b16a9e58a58302f10150050669aa7e51158",
                "e3b0c44298fc1c149afbf4c8996fb92427ae41e4649b934ca495991b7852b855",
                "b8791a94b19d80475528e7fa849bfc8f181cf87a2e758daec1d9e0840c6d21a4",
                "76340568bf29ea77ab8b3398d5d5ca4bb6446243f84ede78ec673ff56591e31b",
                "15dc1a5d10ce0555a6eee441a53948cbfc2bfae0826a767ffee1d51c2913caca",
                "773cb5bbadff702b273f47f26a78edacdf48f0ee7da1769d13c5aa3bd74b5090",
                "d30e2d807b0767069ed06763c19787a5d5fec4c3faa174e961d4765199fef6e7",
                "82c0bcb2c3a5f9893b6cdabe68d412a021cf5ca60be877e3610b339c37caa8bd",
                "9c04cce2223339d4df53c67f4c30cccb1a0b723e35d8c1d3a129e96332ef5fca",
                "4fb6983e3e77aa187d724fcacf5a098f9fbce2e7c74ea79d3378e713099d0bcc",
                "7ffaf902bc30fd21bc2391e412ad85bd32540584724182fcd4e12ec06404f78a",
                "a3775eeb23ccfcc6b306dc119d04e1c50dc00dea7d805096b2a515322db9836d"
            ],
            "type": "Script",
            "firstPartyCookies": {},
            "firstPartyCookiesSent": {
                "IR_gbd": 0.00020090406830738323
            },
            "exampleSites": [
                "cannabistraininguniversity.com",
                "eshop.advania.no",
                "fightthenewdrug.org",
                "hubite.com",
                "lampemesteren.no",
                "sharepointmaven.com",
                "seekingalpha.com",
                "skylum.com",
                "soundstorexl.no",
                "tinybuddha.com",
                "truestory.no",
                "www.boss.info",
                "www.inmotionhosting.com",
                "www.jpost.com",
                "www.learndash.com",
                "www.nerdsandscoundrels.com",
                "www.nipponsport.no",
                "www.techopedia.com",
                "www.truity.com"
            ]
        }
    ],
    "categories": [],
    "performance": {},
    "cookies": 0.00191,
    "types": {
        "Script": 38
    },
    "nameservers": [
        "abby.ns.cloudflare.com",
        "alex.ns.cloudflare.com"
    ]
}