{
    "domain": "baidu.com",
    "owner": {
        "name": "Baidu, Inc.",
        "displayName": "Baidu"
    },
    "source": [
        "DuckDuckGo-NO"
    ],
    "prevalence": 0.00101,
    "sites": 10,
    "subdomains": [
        "hm"
    ],
    "cnames": [],
    "fingerprinting": 2,
    "resources": [
        {
            "rule": "baidu\\.com\\/hm\\.js",
            "cookies": 0.000804,
            "fingerprinting": 2,
            "subdomains": [
                "hm"
            ],
            "apis": {
                "Navigator.prototype.userAgent": 8,
                "Navigator.prototype.cookieEnabled": 8,
                "Navigator.prototype.javaEnabled": 8,
                "Navigator.prototype.language": 8,
                "Screen.prototype.width": 8,
                "Screen.prototype.height": 8,
                "Screen.prototype.colorDepth": 8,
                "Screen.prototype.orientation": 8,
                "Document.cookie getter": 5,
                "window.sessionStorage": 8,
                "window.localStorage": 8,
                "Date.prototype.getTime": 8,
                "Document.cookie setter": 5,
                "Navigator.prototype.plugins": 8,
                "Navigator.prototype.mimeTypes": 8
            },
            "sites": 8,
            "prevalence": 0.000804,
            "cnames": [],
            "responseHashes": [
                "db2c5be47be94e2fc1c2113104d974e9760221cc48f49466191d907ce8f92a04",
                "01c839abdab07f572ca1c5b9e0ce49368b8108caac54c58ab6216e459466d3fb",
                "a3b5710c24bc5615a0faa8fbf331b73cdfc4dafdcfed1d3e05498188cfba2ea1",
                "f4cc545f3a990aa49cbbca52c2272fbc75c3b77ca5462bc7fd8e5a49bc0def27",
                "cea83098a15716e09deed295688b67ef914d63a173b0cc179a41152d4ed82ff3",
                "6e01c4383dfee186ba2b8f06a6838484df3d11ff445dddde42bfc0eafe37c474",
                "82e6a702388e9a64cc3f9619c5f71602f0a87e2c4efdb776ffbd14f3cfaf9f89"
            ],
            "type": "Script",
            "firstPartyCookies": {
                "Hm_lvt_32304eb8692c77114cb8a8f7658af78b": {
                    "ttl": 31536003,
                    "length": 10,
                    "prevalence": 0.00010052271813429835,
                    "uniqueness": 1
                },
                "Hm_lpvt_32304eb8692c77114cb8a8f7658af78b": {
                    "ttl": null,
                    "length": 10,
                    "prevalence": 0.00010052271813429835,
                    "uniqueness": 1
                },
                "Hm_lvt_49e0c72fc586220c33eb848344f047c5": {
                    "ttl": 31536006,
                    "length": 10,
                    "prevalence": 0.00010052271813429835,
                    "uniqueness": 1
                },
                "Hm_lpvt_49e0c72fc586220c33eb848344f047c5": {
                    "ttl": null,
                    "length": 10,
                    "prevalence": 0.00010052271813429835,
                    "uniqueness": 1
                },
                "Hm_ct_49e0c72fc586220c33eb848344f047c5": {
                    "ttl": 31536006,
                    "length": 16,
                    "prevalence": 0.00010052271813429835,
                    "uniqueness": 1
                },
                "Hm_lvt_29884b6641f1b5709cc89a8ce5a99366": {
                    "ttl": 31536005,
                    "length": 10,
                    "prevalence": 0.0002010454362685967,
                    "uniqueness": 1
                },
                "Hm_lpvt_29884b6641f1b5709cc89a8ce5a99366": {
                    "ttl": null,
                    "length": 10,
                    "prevalence": 0.0002010454362685967,
                    "uniqueness": 1
                },
                "Hm_lvt_f6c810f7047303d924b8e202ffd75ef2": {
                    "ttl": 31536004,
                    "length": 10,
                    "prevalence": 0.00010052271813429835,
                    "uniqueness": 1
                },
                "Hm_lpvt_f6c810f7047303d924b8e202ffd75ef2": {
                    "ttl": null,
                    "length": 10,
                    "prevalence": 0.00010052271813429835,
                    "uniqueness": 1
                }
            },
            "firstPartyCookiesSent": {},
            "exampleSites": [
                "bato.to",
                "downloadcenter.intel.com",
                "euw.op.gg",
                "www.op.gg",
                "www.rabudoll.com",
                "www.telwin.com",
                "www.transweet.com",
                "www.zhihu.com"
            ]
        },
        {
            "rule": "baidu\\.com\\/hm\\.gif",
            "cookies": 0.000101,
            "fingerprinting": 0,
            "subdomains": [
                "hm"
            ],
            "apis": {},
            "sites": 9,
            "prevalence": 0.000905,
            "cnames": [],
            "responseHashes": [
                "cf4724b2f736ed1a0ae6bc28f1ead963d9cd2c1fd87b6ef32e7799fc1c5c8bda"
            ],
            "type": "Image",
            "firstPartyCookies": {},
            "firstPartyCookiesSent": {
                "Hm_ct_49e0c72fc586220c33eb848344f047c5": 0.00010052271813429835
            },
            "exampleSites": [
                "bato.to",
                "downloadcenter.intel.com",
                "euw.op.gg",
                "news.4399.com",
                "www.op.gg",
                "www.rabudoll.com",
                "www.telwin.com",
                "www.transweet.com",
                "www.zhihu.com"
            ]
        }
    ],
    "categories": [],
    "performance": {
        "time": 1,
        "size": 1,
        "cpu": 2,
        "cache": 3
    },
    "cookies": 0.000905,
    "types": {
        "Script": 8,
        "Image": 9
    },
    "nameservers": [
        "ns2.baidu.com",
        "ns7.baidu.com",
        "ns3.baidu.com",
        "ns4.baidu.com",
        "dns.baidu.com"
    ]
}