{
    "domain": "captcha-delivery.com",
    "owner": {},
    "source": [
        "DuckDuckGo-NO"
    ],
    "prevalence": 0.00111,
    "sites": 11,
    "subdomains": [
        "ct",
        "geo",
        "static"
    ],
    "cnames": [],
    "fingerprinting": 1,
    "resources": [
        {
            "rule": "captcha-delivery\\.com\\/c\\.js",
            "cookies": 0,
            "fingerprinting": 0,
            "subdomains": [
                "ct"
            ],
            "apis": {},
            "sites": 9,
            "prevalence": 0.000904,
            "cnames": [],
            "responseHashes": [
                "a3115b3171e1296a4405efa0cd3f729e76f3f451cadc89fc1fddfbb1005a7eea"
            ],
            "type": "Script",
            "firstPartyCookies": {},
            "firstPartyCookiesSent": {},
            "exampleSites": [
                "tidal.com",
                "www.fnac.com",
                "www.hellyhansen.com",
                "www.hermes.com",
                "www.hhworkwear.com",
                "www.idealista.com",
                "www.leroymerlin.fr",
                "www.ouest-france.fr",
                "www.pokemoncenter.com"
            ]
        },
        {
            "rule": "captcha-delivery\\.com\\/captcha\\/",
            "cookies": 0,
            "fingerprinting": 1,
            "subdomains": [
                "geo"
            ],
            "apis": {
                "Navigator.prototype.userAgent": 9,
                "Navigator.prototype.language": 9,
                "Date.prototype.getTime": 1
            },
            "sites": 11,
            "prevalence": 0.00111,
            "cnames": [],
            "responseHashes": [
                "a2ce14d80d4dc9083cf35155ef3aea1643c533f056cfc00e0d153fac57ef8fbd",
                "d8e792a156d9d461f466666c9c422591daf353908783df508a80de35888f787b",
                "e3b0c44298fc1c149afbf4c8996fb92427ae41e4649b934ca495991b7852b855",
                "0fbbbdbed196b295819225750dbc64f488eb927ce9854bfdeaead3d9eba3f040",
                "8b07f3a259cb24484b032ffb5dadf4435ce2376d0b332e496947becb00368e21",
                "6e9c8c917cd58ff48bfc25224d7a5124c8b8d421f5229ba69643f27f464ea80f",
                "652f6f2e55cd02a6aa6cd256ac39f918afceb3c7e6327ba8b1bb2aff21542a6e",
                "44dfd69b1bae57ac22b5dc2cb521ff66c42e0adc093c83f8369b987ac68cf9b3",
                "1f6be0df0a721e6fa43057b1444af6f6ab0b19d32719b51cd3f7686ecff97a9b"
            ],
            "type": "Document",
            "firstPartyCookies": {},
            "firstPartyCookiesSent": {},
            "exampleSites": [
                "tidal.com",
                "www.alltrails.com",
                "www.fnac.com",
                "www.hellyhansen.com",
                "www.hermes.com",
                "www.hhworkwear.com",
                "www.idealista.com",
                "www.leroymerlin.fr",
                "www.ouest-france.fr",
                "www.pokemoncenter.com",
                "www.vy.no"
            ]
        },
        {
            "rule": "captcha-delivery\\.com\\/captcha\\/assets\\/tpl\\/6dc485c0c428c35b53577b146dc6f9179f55ef9ad41b327a2a179998839364bf\\/index\\.css",
            "cookies": 0,
            "fingerprinting": 0,
            "subdomains": [
                "static"
            ],
            "apis": {},
            "sites": 9,
            "prevalence": 0.000904,
            "cnames": [],
            "responseHashes": [
                "ed243a7fa712a26559089ad5eadb7bffb314357ac21966fe20f5cef1fb6355b1"
            ],
            "type": "Stylesheet",
            "firstPartyCookies": {},
            "firstPartyCookiesSent": {},
            "exampleSites": [
                "tidal.com",
                "www.alltrails.com",
                "www.fnac.com",
                "www.hermes.com",
                "www.idealista.com",
                "www.leroymerlin.fr",
                "www.ouest-france.fr",
                "www.pokemoncenter.com",
                "www.vy.no"
            ]
        },
        {
            "rule": "captcha-delivery\\.com\\/captcha\\/assets\\/tpl\\/6dc485c0c428c35b53577b146dc6f9179f55ef9ad41b327a2a179998839364bf\\/loading_spinner\\.gif",
            "cookies": 0,
            "fingerprinting": 0,
            "subdomains": [
                "static"
            ],
            "apis": {},
            "sites": 9,
            "prevalence": 0.000904,
            "cnames": [],
            "responseHashes": [
                "fab79f1dfdc7b759da9e1c4d80169bc879352b47bf0cf9352e3eeaed39e55de7"
            ],
            "type": "Image",
            "firstPartyCookies": {},
            "firstPartyCookiesSent": {},
            "exampleSites": [
                "tidal.com",
                "www.alltrails.com",
                "www.fnac.com",
                "www.hermes.com",
                "www.idealista.com",
                "www.leroymerlin.fr",
                "www.ouest-france.fr",
                "www.pokemoncenter.com",
                "www.vy.no"
            ]
        }
    ],
    "categories": [],
    "performance": {},
    "cookies": 0,
    "types": {
        "Script": 9,
        "Document": 11,
        "Stylesheet": 9,
        "Image": 9
    },
    "nameservers": [
        "ns-1456.awsdns-54.org",
        "ns-1890.awsdns-44.co.uk",
        "ns-257.awsdns-32.com",
        "ns-730.awsdns-27.net"
    ]
}