{
    "domain": "confirmit.com",
    "owner": {},
    "source": [
        "DuckDuckGo-NO"
    ],
    "prevalence": 0.00131,
    "sites": 13,
    "subdomains": [
        "digitalfeedback.euro",
        "digitalfeedback.us"
    ],
    "cnames": [],
    "fingerprinting": 1,
    "resources": [
        {
            "rule": "confirmit\\.com\\/api\\/digitalfeedback\\/loader",
            "cookies": 0,
            "fingerprinting": 1,
            "subdomains": [
                "digitalfeedback.euro",
                "digitalfeedback.us"
            ],
            "apis": {
                "Navigator.prototype.userAgent": 13
            },
            "sites": 13,
            "prevalence": 0.00131,
            "cnames": [],
            "responseHashes": [
                "4f102ef5a4d61fd760027194c95cba3ddf6454901edb603c001fd9a2dbfb5578",
                "7f7612bfc7802aac96bd1d71961e5dc7ccfe3d38c08ec43db604272c7b1cbab1",
                "66c671b88560caf39280e30d8a841415d965d983f62e47c62e050e5d9329ad84",
                "70d63862c4d42909bf2b67825994a1069cea6c29d20cb6073139f1215edf660a",
                "9ed2aba9046b50e0b8c32902357b05eaa7989b8a86718abe29eed9fb8384f90c",
                "05bda71eddd1c2f000fb051cbde5decd52463c6f2111a7bb7f7749c656f116db",
                "053431810e893fcb916febf604af4cffde76fb6e41cad473104dcae526afa597",
                "eb76bb7dab012cc5de7cddcf8f5a0e97e138742e55d2533b46f11c4e86cacf43",
                "e20e80b6878f69cc448166db9c373214211d141611734cd00137fa075f312e2d",
                "aa7ea184bea07edd1ffb52260073c0c07b4edb5c82f79b5e62d4032915214ad5"
            ],
            "type": "Script",
            "firstPartyCookies": {},
            "firstPartyCookiesSent": {},
            "exampleSites": [
                "lex.dk",
                "forums.lenovo.com",
                "pcsupport.lenovo.com",
                "support.lenovo.com",
                "trinesmatblogg.no",
                "utdanning.no",
                "www.clasohlson.com",
                "www.dyreparken.no",
                "www.ilmatieteenlaitos.fi",
                "www.lenovo.com",
                "www.medietilsynet.no",
                "www.sjomannskirken.no",
                "www.wwf.no"
            ]
        },
        {
            "rule": "confirmit\\.com\\/api\\/digitalfeedback\\/static\\/v27\\/intercept-survey\\.js",
            "cookies": 0,
            "fingerprinting": 1,
            "subdomains": [
                "digitalfeedback.euro"
            ],
            "apis": {
                "Navigator.prototype.product": 4,
                "Navigator.prototype.userAgent": 4
            },
            "sites": 4,
            "prevalence": 0.000402,
            "cnames": [],
            "responseHashes": [
                "bb3ea0501a381f822e6d6144485765db64bb38ec67661ba90724d43830526f38"
            ],
            "type": "Script",
            "firstPartyCookies": {},
            "firstPartyCookiesSent": {},
            "exampleSites": [
                "lex.dk",
                "utdanning.no",
                "www.clasohlson.com",
                "www.dyreparken.no"
            ]
        },
        {
            "rule": "confirmit\\.com\\/api\\/digitalfeedback\\/loader\\/prod\\/program",
            "cookies": 0,
            "fingerprinting": 0,
            "subdomains": [
                "digitalfeedback.euro",
                "digitalfeedback.us"
            ],
            "apis": {},
            "sites": 13,
            "prevalence": 0.00131,
            "cnames": [],
            "responseHashes": [
                "c9255e0add203cb675e910eeab0d315e24be32b22b54bd898a1f87787e084b3b",
                "164cb13b94a118e15e4e184b88350195bf53077366d8145ca2bfee2c25033792",
                "70480c62b4975ed23559d9a1744d9456e3bcd7bb3b7941549e8a3e036e8c09ff",
                "1e6ceb95a177f093f679f68b4e956b236497c9f6bd9c269257d68610971ce60f",
                "f07dd98c1fb5f1027f5b6233b2b732e1d71522f0907e1048de22d87e022e5bf6",
                "e6ce8d6f00b4f53be226dfc6063ac48752da8b4a679230feec072bec45f33d73",
                "90451e4131017c6d456c9e975289934a36d1822cebc8c391d9e8fa649c6d2c8f",
                "3997f126b8ef95e493b6f9c9c7cf55173753fac74d32313037e4e5f4a3fc3d97",
                "0e33bd6be1ba9432dff9e4f21b22a0c7fea455a5fe4c5c169dccde0dce33354a",
                "71ebff27da9b90e13ebc1c0dd5a388893b02a3e8a8d0c1134259fd09542b2676"
            ],
            "type": "XHR",
            "firstPartyCookies": {},
            "firstPartyCookiesSent": {},
            "exampleSites": [
                "lex.dk",
                "forums.lenovo.com",
                "pcsupport.lenovo.com",
                "support.lenovo.com",
                "trinesmatblogg.no",
                "utdanning.no",
                "www.clasohlson.com",
                "www.dyreparken.no",
                "www.ilmatieteenlaitos.fi",
                "www.lenovo.com",
                "www.medietilsynet.no",
                "www.sjomannskirken.no",
                "www.wwf.no"
            ]
        },
        {
            "rule": "confirmit\\.com\\/api\\/digitalfeedback\\/loader\\/prod\\/scenario",
            "cookies": 0.0001,
            "fingerprinting": 1,
            "subdomains": [
                "digitalfeedback.euro",
                "digitalfeedback.us"
            ],
            "apis": {
                "window.localStorage": 4,
                "Navigator.prototype.userAgent": 4,
                "Document.cookie getter": 3,
                "Date.prototype.getTime": 2,
                "Document.cookie setter": 1
            },
            "sites": 12,
            "prevalence": 0.00121,
            "cnames": [],
            "responseHashes": [
                "2b397bd3e65da6e831cf9a449b61da3fec564c3a61c37a2571c40e48b5488281",
                "fcdbacf4ad38af4aaca1fd9004575d02d18a805e1750b03d3b38e8d3996cbdae",
                "5316e9625e64f8206c451ceb7a610671c6b1549d4fbbd8d9ce1e283b5577c79a",
                "11220b00cbcb87fdc129667f7a9ce61c80010e0abc36077674690cc88f620a9e",
                "c898aa080cdd5af29edb355e27e861d7438f6b42de60016ddd8d5b5e9296e0a6",
                "cd5f4eab88c646f50034b8f75be2d2383ecf875c895c6be70280c804d04dfb92",
                "87888db6c0b610e35f052e2065b18153c188dce859b7fec2a8939e4c0cfc1019",
                "76b92bd5d11b1a1e529026bcf51fc7a09b63cc9237b265cc62c4d9be08a76a04",
                "8340f61d97f58d5fec152d0e4454582032bd5d328bf74b4db47f36c1f24b1c71"
            ],
            "type": "Script",
            "firstPartyCookies": {
                "unc": {
                    "ttl": 86407,
                    "length": 4,
                    "prevalence": 0.00010046212577858148,
                    "uniqueness": 1
                }
            },
            "firstPartyCookiesSent": {},
            "exampleSites": [
                "lex.dk",
                "denstoredanske.lex.dk",
                "forums.lenovo.com",
                "pcsupport.lenovo.com",
                "support.lenovo.com",
                "trinesmatblogg.no",
                "www.clasohlson.com",
                "www.dyreparken.no",
                "www.ilmatieteenlaitos.fi",
                "www.lenovo.com",
                "www.medietilsynet.no",
                "www.sjomannskirken.no"
            ]
        },
        {
            "rule": "confirmit\\.com\\/api\\/digitalfeedback\\/static\\/v28\\/intercept-survey\\.js",
            "cookies": 0,
            "fingerprinting": 1,
            "subdomains": [
                "digitalfeedback.us",
                "digitalfeedback.euro"
            ],
            "apis": {
                "Navigator.prototype.product": 5,
                "Navigator.prototype.userAgent": 5
            },
            "sites": 5,
            "prevalence": 0.000502,
            "cnames": [],
            "responseHashes": [
                "230ca72f805300b229be1af2d0ce739f8a0c86a9166bb634af9ab46ce704d6b7"
            ],