{
    "domain": "freychang.fun",
    "owner": {},
    "source": [
        "DuckDuckGo-NO"
    ],
    "prevalence": 0.00261,
    "sites": 26,
    "subdomains": [],
    "cnames": [],
    "fingerprinting": 0,
    "resources": [
        {
            "rule": "freychang\\.fun\\/",
            "cookies": 0.00261,
            "fingerprinting": 0,
            "subdomains": [],
            "apis": {},
            "sites": 26,
            "prevalence": 0.00261,
            "cnames": [],
            "responseHashes": [
                "a50aa769d5a77f57cf8279d2f137b977791c2030d7c9e87704c86d381832918b",
                "55679f089b6891d42ace39bab79ab095ff5ccaaecf0ca6f4710f82b0b1d3ff0d",
                "dcd4521eedd716cf19e56adf912523d3580c34c28605418e3f7797881a4c19b5",
                "d7a13c48ff2771514b73264d98f8e8d90bee71ef4f7061918b115ce96d161197",
                "dbb383112ace9679d7ff0907f706855b0c836179beb6e56122e325893aabdee7",
                "60b6845b1422242bd94e9775a91443888af963fba35cabb8d6070def8af75cce",
                "02debfa455bb2baa2a73b5be50fe1ee8536e3192f122413d1fbe9f02af75abbc",
                "cabc7595f491cc547a69359ae9fca6f9118bf7888a45a06912631cd1607626e4",
                "f435550a5158fda01c2bdcb5091f19d5cb07ee172e1c94e159527585d0776718",
                "36bf39966e1c440eed170fc28981ea757cfc5a624da1589a239f338e09fcd76c",
                "30be9d40fc2842011b7e0e042ef61cd5deec7cc25fb6b3138f1f3c50e0111c28",
                "c20652208c86137bce89313b99afd73fe5d537733a42268f3d31aa1cd99234f7",
                "f4bc6ca8552307e71109e4ca44eb284d9b2f0628dbf0967f69846182e219b427",
                "ef70783c39540f798a32410ba2947c4414e315d1075a8ec4b8e11c72a1207174",
                "157c15234dbb6d99feda85da905ae7ede9ef20ff85b3e95506b40105875ae3aa",
                "adc5940c60856c34ececff94bb7016806cb826c6867f7bea4f7f32b04377b3b0",
                "7885e2f0f9dac8e22bdea8c70c768efa0516a7818fd8217c5a783881cb60b2fd",
                "5f6b1bdae750df651cabb22110832827110fdbc6f8ca33a32dd78d2374e5c556",
                "7eba2cecbf95b004ac64eb00bb9dfd360e02cb5690d1ad458f835f04499cee6b",
                "dbbe3f09d81aa9e26d4d6855a6cc44be11e1fda2484d759f73d038fa558d36d0",
                "115719ade43ddad187f41161c44abf946b373541303e7250abe04dd6105e6f11",
                "e2d6f92e099a0ac82c872bae3d4cc1b7eff914623eb63b64377b7fb9276c7892",
                "0c71289684bdc77e9afa93032b6e8a594cb936bb215c0d5d52b068a2986f8188",
                "16addb1c5ac98e77f17c2c200f164658c23daacf1c83431d30ecb33c4729484c",
                "5ecf70bbfbfd48ddddaeaa635e62f8463b6ebce74234dd71baab20b13d8643ba"
            ],
            "type": "Fetch",
            "firstPartyCookies": {},
            "firstPartyCookiesSent": {},
            "exampleSites": [
                "www.visitmama.com",
                "xxx-porn-hub.com",
                "xxxpicss.com",
                "xxxpicz.com",
                "thothub.to",
                "uleaks.net",
                "repacklab.com",
                "www.pornwatchers.com",
                "notfans.com",
                "muchohentai.com",
                "ofleaksdaily.com",
                "onlyleakedfree.com",
                "leakedtoday.me",
                "cartoonprn.com",
                "123movies4u.art",
                "everysubtitles.com",
                "m.smutty.com",
                "freeofleaks.com",
                "mangaeffect.com",
                "www.anime1st.com"
            ]
        }
    ],
    "categories": [],
    "performance": {},
    "cookies": 0.00261,
    "types": {
        "Fetch": 26
    },
    "nameservers": [
        "aiden.ns.cloudflare.com",
        "demi.ns.cloudflare.com"
    ]
}