{
    "domain": "infomaker.io",
    "owner": {},
    "source": [
        "DuckDuckGo-NO"
    ],
    "prevalence": 0.000803,
    "sites": 8,
    "subdomains": [
        "imengine.public.prod.agp",
        "imengine.public.prod.tun",
        "static.ew.agp",
        "static.tun"
    ],
    "cnames": [],
    "fingerprinting": 2,
    "resources": [
        {
            "rule": "infomaker\\.io\\/",
            "cookies": 0,
            "fingerprinting": 0,
            "subdomains": [
                "imengine.public.prod.agp",
                "imengine.public.prod.tun"
            ],
            "apis": {},
            "sites": 9,
            "prevalence": 0.000903,
            "cnames": [],
            "responseHashes": [
                "8a4e8c5f29cd51619f7dc5a882d700e97081347538d20d45d4b404fe1d7bdc20",
                "5b6e98a2eb47924d9ec32ac27e4dc753ab0ee972cc5528436f7ca81a0fa7c82c",
                "516ab85edf2e8a3dcfa64596e61764e9133520ce822397c8c224c868db9275c8",
                "6f32fe7348a91bb9683b4fce8639352877089bb87957ff23918755ed18da7920",
                "357128d08d3332b34f2b1c0f8d5ec1f39625d807b6e73d3204bfc55a0e940f7c",
                "c9787a46d5b0c0c7cc178e4c25025bbb21c543a8f2574496dd6494264d96cbc6",
                "c396ea5282776f09bb83b06b3405003ad5d5b6c6b6efc2019214ace0cdbbbce5",
                "194c40d6d38b4d4acf13a966717fe861a5f1003cc805f24f121f2fb6e05e35b3"
            ],
            "type": "Image",
            "firstPartyCookies": {},
            "firstPartyCookiesSent": {},
            "exampleSites": [
                "agderposten.no",
                "www.agderposten.no",
                "www.avisa-hordaland.no",
                "www.dagen.no",
                "www.hyttavaar.no",
                "www.nationen.no",
                "www.norsklandbruk.no",
                "www.sunnhordland.no",
                "www.varden.no"
            ]
        },
        {
            "rule": "infomaker\\.io\\/wp-content\\/themes\\/agderposten\\/assets\\/dist\\/css\\/style\\.min\\.css",
            "cookies": 0,
            "fingerprinting": 0,
            "subdomains": [
                "static.ew.agp"
            ],
            "apis": {},
            "sites": 6,
            "prevalence": 0.000602,
            "cnames": [],
            "responseHashes": [
                "43a4d227683b94f080e49c55cd989708b8cb6a2da2845af2743298ac1a9f5afc"
            ],
            "type": "Stylesheet",
            "firstPartyCookies": {},
            "firstPartyCookiesSent": {},
            "exampleSites": [
                "agderposten.no",
                "www.avisa-hordaland.no",
                "www.dagen.no",
                "www.hyttavaar.no",
                "www.sunnhordland.no",
                "www.varden.no"
            ]
        },
        {
            "rule": "infomaker\\.io\\/wp-content\\/themes\\/agderposten\\/assets\\/dist\\/js\\/body\\.min\\.js",
            "cookies": 0,
            "fingerprinting": 2,
            "subdomains": [
                "static.ew.agp"
            ],
            "apis": {
                "Navigator.prototype.userAgent": 6,
                "Navigator.prototype.platform": 6,
                "window.matchMedia(\"prefers-reduced-motion\")": 6,
                "Element.prototype.getClientRects": 6,
                "Event.prototype.timeStamp": 6,
                "Document.cookie getter": 3,
                "Navigator.prototype.maxTouchPoints": 2
            },
            "sites": 6,
            "prevalence": 0.000602,
            "cnames": [],
            "responseHashes": [
                "17350f72667c456f88b7690c79201a123b8dda5fc04a0e46f21f04d1e4e9ad7d"
            ],
            "type": "Script",
            "firstPartyCookies": {},
            "firstPartyCookiesSent": {},
            "exampleSites": [
                "agderposten.no",
                "www.avisa-hordaland.no",
                "www.dagen.no",
                "www.hyttavaar.no",
                "www.sunnhordland.no",
                "www.varden.no"
            ]
        },
        {
            "rule": "infomaker\\.io\\/wp-content\\/themes\\/tun-master\\/assets\\/js\\/jquery\\.dfp\\.min\\.js",
            "cookies": 0,
            "fingerprinting": 0,
            "subdomains": [
                "static.tun"
            ],
            "apis": {},
            "sites": 2,
            "prevalence": 0.000201,
            "cnames": [],
            "responseHashes": [
                "5bc26e05c4fc29916038176834caf607a7d045cb85188e60bf0830497e1fe29c"
            ],
            "type": "Script",
            "firstPartyCookies": {},
            "firstPartyCookiesSent": {},
            "exampleSites": [
                "nationen.no",
                "www.norsklandbruk.no"
            ]
        },
        {
            "rule": "infomaker\\.io\\/wp-content\\/themes\\/tun-master\\/assets\\/js\\/device\\.min\\.js",
            "cookies": 0,
            "fingerprinting": 1,
            "subdomains": [
                "static.tun"
            ],
            "apis": {
                "Navigator.prototype.userAgent": 2,
                "window.devicePixelRatio": 2,
                "Screen.prototype.height": 2,
                "Screen.prototype.width": 2
            },
            "sites": 2,
            "prevalence": 0.000201,
            "cnames": [],
            "responseHashes": [
                "69f10576f09eed11bdc5bcb4b190bbe98825a1c3a0799b9b132fed1f27bac923"
            ],
            "type": "Script",
            "firstPartyCookies": {},
            "firstPartyCookiesSent": {},
            "exampleSites": [
                "nationen.no",
                "www.norsklandbruk.no"
            ]
        },
        {
            "rule": "infomaker\\.io\\/wp-content\\/themes\\/tun-master\\/assets\\/js\\/unispring\\.min\\.js",
            "cookies": 0,
            "fingerprinting": 1,
            "subdomains": [
                "static.tun"
            ],
            "apis": {
                "Navigator.prototype.userAgent": 2,
                "Date.prototype.getTime": 2,
                "Screen.prototype.width": 2,
                "Screen.prototype.height": 2,
                "Screen.prototype.colorDepth": 2
            },
            "sites": 2,
            "prevalence": 0.000201,
            "cnames": [],
            "responseHashes": [
                "f0379eebc9b7d332a094fa860cdd8f979787855e0aa384f2606ac5162ce568b6"
            ],
            "type": "Script",
            "firstPartyCookies": {},
            "firstPartyCookiesSent": {},
            "exampleSites": [
                "nationen.no",
                "www.norsklandbruk.no"
            ]
        },
        {
            "rule": "infomaker\\.io\\/wp-content\\/themes\\/tun-master\\/assets\\/js\\/head\\.min\\.js",
            "cookies": 0,
            "fingerprinting": 1,
            "subdomains": [
                "static.tun"
            ],
            "apis": {
                "Navigator.prototype.userAgent": 2,
                "Date.prototype.getTime": 2
            },
            "sites": 2,
            "prevalence": 0.000201,
            "cnames": [],
            "responseHashes": [
                "5bda734ed25f6d7de1a6f7835c72dae48b42ab0f3a43c82c4b5fff66a087a103"
            ],
            "type": "Script",
            "firstPartyCookies": {},
            "firstPartyCookiesSent": {},
            "exampleSites": [
                "nationen.no",
                "www.norsklandbruk.no"
            ]
        },
        {
            "rule": "infomaker\\.io\\/wp-content\\/themes\\/tun-master\\/assets\\/js\\/body\\.min\\.js",
            "cookies": 0,
            "fingerprinting": 1,
            "subdomains": [
                "static.tun"
            ],
            "apis": {
                "Navigator.prototype.userAgent": 2,
                "Date.prototype.getTime": 2,
                "Navigator.prototype.appVersion": 2
            },
            "sites": 2,
            "prevalence": 0.000201,