{
    "domain": "ntvpinp.com",
    "owner": {},
    "source": [
        "DuckDuckGo-NO"
    ],
    "prevalence": 0.00362,
    "sites": 36,
    "subdomains": [],
    "cnames": [],
    "fingerprinting": 0,
    "resources": [
        {
            "rule": "ntvpinp\\.com\\/in\\/multy",
            "cookies": 0,
            "fingerprinting": 0,
            "subdomains": [],
            "apis": {},
            "sites": 36,
            "prevalence": 0.00362,
            "cnames": [],
            "responseHashes": [
                "46a8ad94a3c3da11b52c5d15af76f6b2792203b4c14346f3aac946d6def656d6",
                "950d799c089811807e106a908c4b3154fa515d27a1634a2939bd6d49baae38c7",
                "19e58faf68672558b82b7d2f2681d84cc8e5f63f0ca15d70aa7dfb7ed9bf99b7",
                "13b0b01244284ea3b969cdfeb72e3525dab87c2ae5b1b538988e6273641803a2",
                "d2f513ae58693292d929912df841be6af0c04848aa134436951fcde4a2453718",
                "18029a28a7f4a1a066dcc4597329e613807366363f2b94e3ec4278735d75dc38",
                "a1468cfc09015ac087ee989d37fdd9b743ad0c7cd3743722c5041e2023e6946a",
                "3fe192b63e4740e23b8ec9aa621882b9104f6fa22e1f6503bcbb2b92c35912eb",
                "b92f8e1b320cdf5234395755853a9d88dc948276f787a8db3f1e3ab895612388",
                "54e78cb741ab552d3f3b7f15a854c438c6bffb1c4d0864efc602f209b853f800",
                "6bcbedd35bc17aff1788ff81738ece3e06e7370a343dd2de5b05ad9fbfb4ab64",
                "a1d9bbde9f37740698763260326caa4c53ce0b212890ce402801121f77317c27",
                "fcce5435f3248df60fc59ad9d3e8469364bbdcdaada178dfbd4e32488be4b49f",
                "9455d94dcded287b021b39dbd9edbbb58b274dafa632308ce7d31f14b733b35d",
                "bac5d918ee016bd63b430ecd3439fca930a8de0a346a0451d2593b73e604ae55",
                "c49c7b4e8d70248b3938e04859068da43485ed790ff906ea6f2491f7ccc19d99",
                "647432b24512fdd0dafcacbfccd8aaedcf5ebe15e452840bb22c3a7165ffc904",
                "3e6b093c3a916c0097763e8987e2e6f1a81155048b3a8260bd4c8d63322daca6",
                "8cd1d0694454ca1571647e127045ffb5ad71b9d54a3d51ce6d8f67780f08cf58",
                "426049052fa00adc800e1469e7708f857d15ce277f69a669965788e0a152ca66",
                "90bcc31581952fc97fa96405056269bd88077f4d209441ad54ac48ccbe36f3ea",
                "b3b8103713fcaf253ae58e6fd58c24c815b15e66ee338514e6f1d592b6763a0a",
                "fe5b4ef32f4da172f1c1aca5cf9cf2ecd9cb9138cedad5c87145ff6b3a997639",
                "a327914f4dff3b4fe4cf0d021a557195626ef67d455a928b19ef969688b4c015",
                "8192c255bc3c993255860b61053671b7d15b089e05ff8cd08de4d8f1032d2e71",
                "fb3545e66a7ab45c84907a6e76bc5f30b1662ac971b957ba3271262396b56094",
                "d6af993625d3cc9101f99a4e2eb9618b0c6ca4416c5b6424d5524a68bba7b9a3",
                "1cd89e2567e6d72a52f8abfc460871413f5b18cf380da2e13cd3a8cc7e5e5cca",
                "1f3fe35bd166aee93ae6c593cc4514c20d20f1700d04afe7f2f5e9d71fd1a225",
                "76ac69092ab3677afc56c61e7cc52ae023eaba4acd090dcbe298e49ffb1085bc",
                "3fe3fcf0e797d29d6aeee21e6e6f9c7bc35d27b61458219a53e17c252c5590d7",
                "269f569896e848fa15b97ad1cac73a296bb8c904cbae4093d64986463833fd57",
                "ce039181dc277bb5626af5d6c330744198f04a42f76c88161d38d28e05bb6cdb",
                "10cc9431a7492bf93ee2f2bb8cef1f12baf4bb7f09fb05e06d649a8cf53b457f"
            ],
            "type": "XHR",
            "firstPartyCookies": {},
            "firstPartyCookiesSent": {},
            "exampleSites": [
                "hib6.com",
                "javhub.net",
                "hclips.com",
                "www.xmegadrive.com",
                "lesbianporn.club",
                "kindnudist.eu",
                "www.hitprn.com",
                "mult34.com",
                "bestnudecelebs.net",
                "leakers.tv",
                "porntn.com",
                "www.perverttube.com",
                "www.eroclips.org",
                "hcbdsm.com",
                "www2.javhdporn.net",
                "en.pornosearch.guru",
                "myloliteen.com",
                "vulgarx.com",
                "shittytube.com",
                "streamporn.pw"
            ]
        }
    ],
    "categories": [],
    "performance": {},
    "cookies": 0,
    "types": {
        "XHR": 36
    },
    "nameservers": [
        "ns1.digitalocean.com",
        "ns2.digitalocean.com",
        "ns3.digitalocean.com"
    ]
}