{
    "domain": "res-x.com",
    "owner": {
        "name": "Kibo Software, Inc.",
        "displayName": "Kibo Software"
    },
    "source": [
        "DuckDuckGo-NO"
    ],
    "prevalence": 0.00122,
    "sites": 12,
    "subdomains": [
        "www"
    ],
    "cnames": [],
    "fingerprinting": 0,
    "resources": [
        {
            "rule": "res-x\\.com\\/ws\\/r2\\/Resonance\\.aspx",
            "cookies": 0,
            "fingerprinting": 0,
            "subdomains": [
                "www"
            ],
            "apis": {},
            "sites": 12,
            "prevalence": 0.00122,
            "cnames": [],
            "responseHashes": [
                "e3b0c44298fc1c149afbf4c8996fb92427ae41e4649b934ca495991b7852b855",
                "dc2f90715c309062cbe653afdd04b6bc0d998a260d86930f510e7c33971d05d6",
                "5a50fdc4389de7a6e84ea1cc7690e6d0559430421976b4cf1d710c22b5cfd009",
                "0ea0ad7901a18aed04ae721fd82a71b0f9c0a7417c579ced44ec03b05b55596f",
                "11d54261a618e56da30e4d8773bf1f330bc62dcfb412f81a5f3b6ca87d442a9e",
                "8508e7d20dd867c4af24beed46ab6c46c7843344dd09bd46ef4cbb0612b6d2a6",
                "9b3a751954873fa3722a4884a107c9958a376baa28cebe3ce37405511fd3daba",
                "f035765a358f92fc46acda260cf9d047669d379d097375cd1a6fee709cdebfd0"
            ],
            "type": "Script",
            "firstPartyCookies": {},
            "firstPartyCookiesSent": {
                "IR_gbd": 0.00010140959334753067,
                "RES_TRACKINGID": 0.000608457560085184,
                "RES_SESSIONID": 0.000608457560085184,
                "s_p24": 0.00010140959334753067,
                "s_pltp": 0.00010140959334753067
            },
            "exampleSites": [
                "advanceautoparts.com",
                "www.adidas.com",
                "www.asics.com",
                "www.autozone.com",
                "www.bodybuilding.com",
                "www.homedepot.com",
                "www.hottopic.com",
                "www.sephora.com",
                "www.spirithalloween.com",
                "www.summitracing.com",
                "www.thenorthface.com",
                "www.zooplus.no"
            ]
        }
    ],
    "categories": [],
    "performance": {},
    "cookies": 0,
    "types": {
        "Script": 12
    },
    "nameservers": [
        "edns1.ultradns.org",
        "edns1.ultradns.net",
        "edns1.ultradns.biz",
        "edns1.ultradns.com"
    ]
}