{
    "domain": "vlitag.com",
    "owner": {},
    "source": [
        "DuckDuckGo-NO"
    ],
    "prevalence": 0.00211,
    "sites": 21,
    "subdomains": [
        "services",
        "assets"
    ],
    "cnames": [],
    "fingerprinting": 2,
    "resources": [
        {
            "rule": "vlitag\\.com\\/adv1\\/",
            "cookies": 0,
            "fingerprinting": 0,
            "subdomains": [
                "services"
            ],
            "apis": {},
            "sites": 21,
            "prevalence": 0.00211,
            "cnames": [],
            "responseHashes": [
                "6fe4b77bd571afbd06fee2e63a695c287876350b57f5cad452ed6228d8bb3dcf",
                "f2ab845389d88f95ecb1ea00d8bc01335641bb1a70cd21ea1b4f735ed841bdaf",
                "c0dcbd7a0337097a9acebee78931a2c5233cb4ceb80e7b0fc01ce374d8ac6841",
                "2f26d0fefd1203aeca1745860f2a591a809d13ae348efb4416ba1124cf71875b",
                "d4f87de80fa7a457d1e19e08d1f9f545d145ce9fe3c83e25897ce565a8f877d2",
                "643b77e6a2396e6562a770f668423de1e49b4f53cfe696e15787a1770af0f6cd",
                "738571937f3804e7f8eb72f80fd07706632604f4ca2c8aaf48b132e2238f0bd7",
                "b79f8832eda5e2ffdb9f43f270f30f69cdcddbc77c73e9b3726eadec00d1d225",
                "cc78d33776923197dff531f46ada4c036246dd5ab896baa3529c5e93761a1596",
                "544682160136bfeb497f6ba07fdd626e781ca0fe5ac07f547bf07fb69a5c0065",
                "e18b7bb37b1abccf77b36fd87cabb3b980deaf5e6afa0f7201efe40e6dea9659",
                "92d1e49c50efb4b42faa699cd88b92eb9968894a19eafb60b49376a1bce62bdb",
                "007fe90a886df4c96f284b65dbf6ce5de05cded71adcde2f7c9c1b23554c2c0b",
                "4bca3e6fb679cfd5f37de7a1c352bdbad3eb487916f5acf4251c738dac05fd87",
                "7b0e63780d6fd59a732c3097a601459ef0e604b66553331c39e0dc9679ea970f",
                "10d2eae002c05c08dfb360ee10b0a338e50fbdbc8db0df4691e446014246bcd5",
                "eba0288d93890618f6a4fb8d7c37999a8b7026614a5ea89952df379d3ff5023e",
                "9c795e7562e4465a556b11aa8517e7bcb00f24873ccece26bd880c8801a76813",
                "b3bfe53debe44828ef2f2671682d81bb82d4d6971bf86c4b7c02e8bcdfa32472",
                "30531a66ed2809543bc3b937d4a570455c1015196b09f4e9f81d00d91e23e0c2"
            ],
            "type": "Script",
            "firstPartyCookies": {},
            "firstPartyCookiesSent": {},
            "exampleSites": [
                "pastebin.com",
                "www.ultimatespecs.com",
                "isekaiscan.com",
                "www.codespeedy.com",
                "techstory.in",
                "www.freakyjolly.com",
                "www.connectivasystems.com",
                "read-onepiecemanga.com",
                "thetalesofdemonsandgods.com",
                "www.poftut.com",
                "randomwordgenerator.com",
                "www.thewatchcartoononline.tv",
                "qawithexperts.com",
                "nanoreview.net",
                "theitbros.com",
                "www.thetopsites.net",
                "ustv247.tv",
                "readcomiconline.li",
                "10minutemail.com",
                "www.includehelp.com"
            ]
        },
        {
            "rule": "vlitag\\.com\\/uv\\/",
            "cookies": 0,
            "fingerprinting": 0,
            "subdomains": [
                "services"
            ],
            "apis": {},
            "sites": 21,
            "prevalence": 0.00211,
            "cnames": [],
            "responseHashes": [
                "76aacba4eece592e3a3281e69a5762c6f10b527a29fbba5eae5ac091f47ae554"
            ],
            "type": "XHR",
            "firstPartyCookies": {},
            "firstPartyCookiesSent": {},
            "exampleSites": [
                "pastebin.com",
                "techstory.in",
                "randomwordgenerator.com",
                "www.poftut.com",
                "read-onepiecemanga.com",
                "www.ultimatespecs.com",
                "www.includehelp.com",
                "10minutemail.com",
                "www.connectivasystems.com",
                "theitbros.com",
                "qawithexperts.com",
                "www.freakyjolly.com",
                "nanoreview.net",
                "thetalesofdemonsandgods.com",
                "www.codespeedy.com",
                "www.thewatchcartoononline.tv",
                "www.thetopsites.net",
                "isekaiscan.com",
                "readcomiconline.li",
                "ustv247.tv"
            ]
        },
        {
            "rule": "vlitag\\.com\\/prebid\\/default\\/prebid-v5\\.8\\.1\\.js",
            "cookies": 0,
            "fingerprinting": 2,
            "subdomains": [
                "assets"
            ],
            "apis": {
                "Navigator.prototype.userAgent": 17,
                "Navigator.prototype.cookieEnabled": 17,
                "window.sessionStorage": 17,
                "Navigator.prototype.appName": 17,
                "Date.prototype.getTime": 17,
                "window.localStorage": 17,
                "Document.cookie getter": 15
            },
            "sites": 17,
            "prevalence": 0.00171,
            "cnames": [],
            "responseHashes": [
                "32c10d35396f1f2cc090d0fb2df38b33e1a60acb4c29fd8577c636ff5767cbcc"
            ],
            "type": "Script",
            "firstPartyCookies": {},
            "firstPartyCookiesSent": {},
            "exampleSites": [
                "isekaiscan.com",
                "nanoreview.net",
                "pastebin.com",
                "randomwordgenerator.com",
                "readcomiconline.li",
                "techstory.in",
                "theitbros.com",
                "thetalesofdemonsandgods.com",
                "ustv247.tv",
                "www.codespeedy.com",
                "www.connectivasystems.com",
                "www.how2shout.com",
                "www.includehelp.com",
                "www.poftut.com",
                "www.thetopsites.net",
                "www.thewatchcartoononline.tv",
                "www.ultimatespecs.com"
            ]
        },
        {
            "rule": "vlitag\\.com\\/plugins\\/vlPlayer\\/viPlayer_v47\\.min\\.js",
            "cookies": 0,
            "fingerprinting": 1,
            "subdomains": [
                "assets"
            ],
            "apis": {
                "Date.prototype.getTime": 1
            },
            "sites": 17,
            "prevalence": 0.00171,
            "cnames": [],
            "responseHashes": [
                "820940626c8b0ea4d61278c472b9f3f4b02358cbba4c85c0bb22c1d14584b806"
            ],
            "type": "Script",
            "firstPartyCookies": {},
            "firstPartyCookiesSent": {},
            "exampleSites": [
                "isekaiscan.com",
                "nanoreview.net",
                "pastebin.com",
                "randomwordgenerator.com",
                "readcomiconline.li",
                "techstory.in",
                "theitbros.com",
                "thetalesofdemonsandgods.com",
                "ustv247.tv",
                "www.codespeedy.com",
                "www.connectivasystems.com",
                "www.how2shout.com",
                "www.includehelp.com",
                "www.poftut.com",
                "www.thetopsites.net",
                "www.thewatchcartoononline.tv",
                "www.ultimatespecs.com"
            ]
        },
        {
            "rule": "vlitag\\.com\\/plugins\\/safeframe\\/src\\/js\\/sf_host\\.min\\.js",
            "cookies": 0.00151,
            "fingerprinting": 1,
            "subdomains": [
                "assets"
            ],
            "apis": {
                "Navigator.prototype.userAgent": 17,
                "Date.prototype.getTime": 17,
                "Document.cookie setter": 15,
                "Document.cookie getter": 15
            },
            "sites": 17,