{
    "domain": "wisepops.com",
    "owner": {
        "name": "Benjamin Cahen",
        "displayName": "Benjamin Cahen"
    },
    "source": [
        "DuckDuckGo-NO"
    ],
    "prevalence": 0.00181,
    "sites": 18,
    "subdomains": [
        "loader",
        "popup",
        "tracking"
    ],
    "cnames": [],
    "fingerprinting": 1,
    "resources": [
        {
            "rule": "wisepops\\.com\\/get-loader\\.js",
            "cookies": 0.0013,
            "fingerprinting": 1,
            "subdomains": [
                "loader"
            ],
            "apis": {
                "window.localStorage": 15,
                "Date.prototype.getTime": 15,
                "Navigator.prototype.cookieEnabled": 15,
                "Document.cookie getter": 13,
                "Document.cookie setter": 13
            },
            "sites": 18,
            "prevalence": 0.00181,
            "cnames": [],
            "responseHashes": [
                "cae6df7f3929b2976622f5ed73433e33636e9a286802a70d56dcce12c7e59bd3",
                "8eabde6bd2b48672cd25c98476e99b11f4b9c29c68b58fe09d45a0496ed7d2ad",
                "a3580f1cbf4625223c2bea9f64177a1b046c8b391a7f68c4a629be5bcc94f1b7",
                "e3b0c44298fc1c149afbf4c8996fb92427ae41e4649b934ca495991b7852b855",
                "d5044ebb88b0f0b314bb6f5ff91a06ed6cecf2305484d197130a048f957b67b1",
                "c41b2ea238508598679573723ff5d9bc7a846b4120a9ac62f0e576ee61786138",
                "54c46f982d7009d0ba05f6b5a6aa3cef6b51c734a269c94ae861d14b1def1907",
                "884469d0931d7f907c23afe505cebb9a7adf2cbc133f95d17a9e357b396971ef",
                "a34afaf692279c0d18d0596fbe69ce560a7fe6b6d03284ac0fffa4f0f51faab2",
                "181f5ce093155476f27ada08f910bed1f13e0a9569f82b9ed50382810fc50b85",
                "5ddabbd46d7eafd5d403b0db326b39ee6e5356b1766739538c03e0fb5d3d80e7",
                "b94d0844ace722e2d6cbbf5cd13bbf8b0dfdf7e51bf7924d57aa7985c5a9c867",
                "5d92ea2a3e11116c4a3b317d7557a491210be071af7ef3e4d505c1943f94715a",
                "6e9cfda0e5db4739b6a0bcc8911f43618d36cb08013e0d78993869c4589a9df9",
                "0f268f3d81cc13e05f43f53d5859ec6968af95c0e9d7d3167bd874ad1ef6d413"
            ],
            "type": "Script",
            "firstPartyCookies": {
                "wisepops": {
                    "ttl": 63072006,
                    "length": 170,
                    "prevalence": 0.0013045659809332664,
                    "uniqueness": 1
                },
                "wisepops_session": {
                    "ttl": null,
                    "length": 250,
                    "prevalence": 0.0013045659809332664,
                    "uniqueness": 1
                },
                "wisepops_visits": {
                    "ttl": 63072005,
                    "length": 40,
                    "prevalence": 0.0012042147516307074,
                    "uniqueness": 1
                },
                "wisepops_props": {
                    "ttl": 63072006,
                    "length": 145,
                    "prevalence": 0.00020070245860511792,
                    "uniqueness": 0.5
                }
            },
            "firstPartyCookiesSent": {},
            "exampleSites": [
                "sinful.no",
                "haynes.com",
                "rexmd.com",
                "welovetrump.com",
                "www.bolde.com",
                "www.byggmax.no",
                "www.byggmax.se",
                "www.clickmechanic.com",
                "www.dailywire.com",
                "www.fiskeribladet.no",
                "www.kramerav.com",
                "www.lividjeans.com",
                "www.platekompaniet.no",
                "www.projectveritas.com",
                "www.theproscloset.com",
                "www.verdidebatt.no",
                "www.vl.no",
                "www.zamnesia.com"
            ]
        },
        {
            "rule": "wisepops\\.com\\/my-wisepop",
            "cookies": 0,
            "fingerprinting": 0,
            "subdomains": [
                "popup"
            ],
            "apis": {},
            "sites": 15,
            "prevalence": 0.00151,
            "cnames": [],
            "responseHashes": [
                "af339519d5b6918be4fdc28ba0e4e78fa72b9cfd6114b2da610164e238a8e4de",
                "38b904a1cf83df048360fb2480571b749fd98d57e11f1afdffb5a74a78166fea",
                "467061ae58e17e1473a79474a4f6b3c46d690be6c1570eb492468901d694850a",
                "c669fbe869c1eacdc72a86e00868534ad50d58913cb2ba9af9e498541ac2ce98",
                "cad3504dfbfbb982465218db050b50e88dc30686b05afdce20828dfe5f642f39",
                "50a19bdbe2d5393e903df0543e0af43e0ee717897f2b91af52874675179ab1a9",
                "91a093fb1a738b1d090185e4852bb3076065a33cde7a6c4cd6ea1355c2b8ba56",
                "e261606feabcba8244be09cc8aea8baa328cc6bedab998ceea8c94b15a9e7ea9",
                "d90cef50112f435aeb2cbd2a59c1f19082cfbb44714860389fd5b7e63b4f5984",
                "659814bfa8d567791cfb9e683c52ec01a2d5b9fb4174d81db2794040d69f8e0b",
                "eaadb9b03fa51a2b6c83ebe060ce2fad546f73ad662e0e82000439aed55da997"
            ],
            "type": "XHR",
            "firstPartyCookies": {},
            "firstPartyCookiesSent": {},
            "exampleSites": [
                "sinful.no",
                "haynes.com",
                "rexmd.com",
                "welovetrump.com",
                "www.byggmax.no",
                "www.byggmax.se",
                "www.clickmechanic.com",
                "www.fiskeribladet.no",
                "www.kramerav.com",
                "www.lividjeans.com",
                "www.platekompaniet.no",
                "www.projectveritas.com",
                "www.theproscloset.com",
                "www.vl.no",
                "www.zamnesia.com"
            ]
        },
        {
            "rule": "wisepops\\.com\\/_\\.gif",
            "cookies": 0,
            "fingerprinting": 0,
            "subdomains": [
                "tracking"
            ],
            "apis": {},
            "sites": 2,
            "prevalence": 0.000201,
            "cnames": [],
            "responseHashes": [
                "ef1955ae757c8b966c83248350331bd3a30f658ced11f387f8ebf05ab3368629"
            ],
            "type": "Other",
            "firstPartyCookies": {},
            "firstPartyCookiesSent": {},
            "exampleSites": [
                "haynes.com",
                "www.platekompaniet.no"
            ]
        }
    ],
    "categories": [],
    "performance": {},
    "cookies": 0.0014,
    "types": {
        "Script": 18,
        "XHR": 15,
        "Other": 2
    },
    "nameservers": [
        "wally.ns.cloudflare.com",
        "marek.ns.cloudflare.com"
    ]
}