{
    "domain": "162.252.214.4",
    "owner": {},
    "source": [
        "DuckDuckGo-US"
    ],
    "prevalence": 0.000753,
    "sites": 107,
    "subdomains": [],
    "cnames": [],
    "fingerprinting": 0,
    "resources": [
        {
            "rule": "162\\.252\\.214\\.4\\/p",
            "cookies": 0,
            "fingerprinting": 0,
            "subdomains": [],
            "apis": {},
            "sites": 88,
            "prevalence": 0.000619,
            "cnames": [],
            "responseHashes": [
                "e3b0c44298fc1c149afbf4c8996fb92427ae41e4649b934ca495991b7852b855",
                "304c7de1e331edc72cba26266030729673bf1037e02188529d995a7c34d29e0b",
                "ab09b21400586e0b7a31742518cbf18f616379baf7353b14cf8ff21fc5d8cbc6",
                "347ddfe065c5e792ee545880e667ab5a585c5033549d14a7127ce044834781a2",
                "6fc45ee4a9d652fe8b0b0bd408266ee3469d23af920112f6459907d6b7a39f80",
                "8d1861a047a83d2e5c252e4a73c41517693fe46f9109040ccb7809a49d5061c2",
                "95fda86bb9f4e5f3967ec5c22d3e221662f992d6bed895381546eb4ef2969a99",
                "4b518e975d11cf254fed2702ceb17951285adc360773d205d8855548a9a5e2c6",
                "89af26d96697022be9e02e4cfcbbbca4602b5bb5b2d27230830fae31687498ff",
                "7860b654fbdb2e6b94d878c73fd43cdb0d7c82cf033dcabec5bce0a8c1f17081",
                "79bd144e8b3898860dc3fd0ee332977576af0ffde2974b9aa49e4d75d65b60c4",
                "aa544d9d74e5b9095441ea315b43b758459971763538ef41893ba538cab7f813",
                "3d2304afb151c1b60629fdd91c265bc0fa2ad3fce8de1db2544a63558aed4930",
                "26e87157926203cdc19aad04d516dd877da780b255d63d2d1169623f660e47df",
                "bba1739bb4fdb4f80367aa9cf8c89119c9e141a2052f5b039c70d7056bce7702",
                "03a44586862fc3b1b1acf7284466d0555a62c0e274890730c5ff2f34e8cd96ba",
                "6359d1bd2f0f00e8acaaca25c5fa20c4a8a192b7cf501fc6cdd621926178e044",
                "4ffa73f7ab6f9448004fc1b4527fd550f5a823b8926f08f4bd0792afba15863c",
                "77e0107ca0ebfb99c8248676911b270457bd0b4b492193cb4e036493573c8bc1",
                "7c581b29b63e6ba0e0370176cb23f91bd39ac58a462ec2d31c6a74e400e06f8f",
                "4aaef0e4ab323442615d48549cf85f882bb05e242442dca32fb845fb35c7380f",
                "9aed56879188385d68a4df5ea74b75d3b63894c467fb98fc29b82bf6eff30b2f",
                "32f20a3794ea4730abc4e8f6917d43e2bde3144dcee135f9d4dee53df6cc6f42",
                "7b34c28077b4dc9e9f658fbec8a2dc71096bd38874835a693e7c3147573574b4",
                "7502df708bee5c35f27eba434fb19828433ef67b4fa6f3260d03fc8793f6f791",
                "217fdeb34b29c9b340d3279609d36710bb5b276a920445ffecc9402e997168a3"
            ],
            "type": "XHR",
            "firstPartyCookies": {},
            "firstPartyCookiesSent": {},
            "exampleSites": [
                "www.link.mediapemersatubangsa.com",
                "moviesmom.club",
                "iyotvideos.com",
                "www.xvidzone.com",
                "latestporn.co",
                "www.tamilrockerlatest.com",
                "megapornpics.com",
                "indosubjav.com",
                "www.toptamilsexvideos.com",
                "xxxclub.club",
                "kalitelialtyazilar.xyz",
                "www.1tamilmv.sbs",
                "www.1tamilmv.vin",
                "mangagenki.com",
                "viewplugg.com",
                "palimas.org",
                "xxxmax.net",
                "xxvideoss.org",
                "yourdailypornvideos.ws",
                "xnxx4.net"
            ]
        }
    ],
    "categories": [],
    "performance": {},
    "cookies": 0,
    "types": {
        "XHR": 88
    },
    "nameservers": []
}