{
    "domain": "1ts19.top",
    "owner": {},
    "source": [
        "DuckDuckGo-US"
    ],
    "prevalence": 0.000352,
    "sites": 51,
    "subdomains": [],
    "cnames": [],
    "fingerprinting": 0,
    "resources": [
        {
            "rule": "1ts19\\.top\\/show\\.php",
            "cookies": 0,
            "fingerprinting": 0,
            "subdomains": [],
            "apis": {},
            "sites": 17,
            "prevalence": 0.000117,
            "cnames": [],
            "responseHashes": [
                "76f7f996a8739866abbc20496a28430f9317805829e87846126c57404835d623"
            ],
            "type": "Script",
            "firstPartyCookies": {},
            "firstPartyCookiesSent": {},
            "exampleSites": [
                "attractivemoms.com",
                "charmingtits.com",
                "hdpussy.xxx",
                "indian-xnxx.pro",
                "lesbiansex.best",
                "lesbiantube.club",
                "matureclub.com",
                "momxmature.com",
                "sex-xxx.video",
                "tastyspics.com",
                "verysexyladies.com",
                "www.amateurvoyeurforum.com",
                "www.porn-xnxx.com",
                "www.xxxvideos247.com",
                "xnnx.watch",
                "xsexvideos.pro",
                "xxx-sex.org"
            ]
        },
        {
            "rule": "1ts19\\.top\\/show_new_auction\\.php",
            "cookies": 0,
            "fingerprinting": 0,
            "subdomains": [],
            "apis": {},
            "sites": 28,
            "prevalence": 0.000193,
            "cnames": [],
            "responseHashes": [
                "64c6d6e65fe6e36e410ef2d985eb872a83d0882d559a090afa72d90d48ba87e8",
                "c9b0959bd75d9eca94ffd2e53f50f3d71bf65e54650fbc93e5488f1ec86ece57",
                "4362727c4048be4c5a28732ecdefda2d5dd5c054ece905035ab972891f2875eb",
                "9dd5d33e905f8657bdd7fb5b45ebecd83edbd3c81439da35df6bd32f2d22de23",
                "49c95261a25881b196ed9ca9efa633e46165412c63f408fde8ac8cfb2fbac623",
                "b9a69d9c03476843e9ec5a91bcf3c0e7257323e376bb7b004b47de88aad74ece",
                "5014d14762c88ed1475a1cb7b435774f8adf56fd4d28336ac5eaa25d65839b91",
                "ce8e68bf0e54a33ae620f24df295e3eae4d4fb9a666e5c8016682c412eabb6d8",
                "b3c96896c3559af185afc642b5acc29099d823704af9a828bc6521c9accfa907",
                "538b52c218be6c81412690e1bc16bb3a38ca5a4a690d9b4ef1d7961f6421f32a",
                "032840e401d675a3b4df02b95b79b76e51f5c10ed606abf819b2f5b5704e9802",
                "457594ca18906e1f41c1cc6b861926c32576d4850264ce84099e5a4515b5385f",
                "0ea1e11a5251cd5ee44e3703b4d3ca8cbd9ac86dd840def8f28a7b120604f4cb",
                "1aa80816cc4fb1692420db35f0c082e6d1f8e3f802b7e7a887994f4a8c4c79aa",
                "0013783a19cf9fbbf6a15345f8aefed13f064f4501b8c2ccc82024b54d7f5104",
                "9f340c187fba30fd4606e136b9952e4ba1e08aa11638f2fdba70788ce7a3325b",
                "e8406167056dc4056af1c5a160361c9b0876cf8d8c1a32cb37ecddf53a12697f",
                "abb8870de16afeb1b5df0186b79532d49d8937e5243702a7f7b80196f61f83ee",
                "2640deab8f2efdc509abacbe25d2253c4cb84e74651ca86541df9aebb1768947",
                "ced86ccf9484df5c58edc4b92579abbd5840f4c0aba2d21264a1177169441d0a"
            ],
            "type": "XHR",
            "firstPartyCookies": {},
            "firstPartyCookiesSent": {},
            "exampleSites": [
                "www.brandytube.com",
                "www.newsextv.com",
                "xsexvideos.pro",
                "www.porn-xnxx.com",
                "lesbiansex.best",
                "www.madsextube.com",
                "charmingtits.com",
                "indian-xnxx.pro",
                "xnnx.watch",
                "momxmature.com",
                "xxx-sex.org",
                "lesbiantube.club",
                "www.realamateurfuck.com",
                "hdpussy.xxx",
                "www.xvxx.mobi",
                "attractivemoms.com",
                "verysexyladies.com",
                "sex-xxx.video",
                "www.tubeum.com",
                "tastyspics.com"
            ]
        },
        {
            "rule": "1ts19\\.top\\/content\\.php",
            "cookies": 0,
            "fingerprinting": 0,
            "subdomains": [],
            "apis": {},
            "sites": 25,
            "prevalence": 0.000173,
            "cnames": [],
            "responseHashes": [
                "e9cfc350f14ec519a2c0c3711aacf0d8f4c8dbc6b720747e0308e03f0fdf0af2",
                "e8832155e807192ca02f519ade3a35cd53436074f7df98255b5f8d737974bd46",
                "d8be1df46597290841019d1c8fe4eec297cbfc448639e4513025a7101a63506e",
                "f1f4e212d327dbb1cc74ea776ba6741d20d7df4a25a9c476e17494b79937dcdd",
                "473f5e031a2526b5f46636e16277dfb389d14f6714489ddc90ef70b7586ca9d0",
                "e1535f7ac44668daf87854e4f5bf79b75c2b9da8f891d224c31bc0f2e874855d",
                "a8f110bf8228ad9c8d920558f5c9afa5d013fd0b150c8afa3bebd1b5042fa403",
                "cef51ba8315c05e6b6274e6aa9bcbc142dac934a8ce030937be13ce7b47bf815",
                "6b369f89436333b8ee1671883fea3e674bfe8824c1de063dcc18ad77ab80bea3",
                "148ce63509fe14725206cb00dce990c5482aecf0e3c981572661a329cbf9968e",
                "fbf42eee9b2dc55f26808f5287b9a83b7dc658428f92ff47f8f39590dd774de7",
                "d8fb23ef268b7f0bb91fd17367698792f873898049b001caf49bd75f3db68ff1",
                "e2329dff129a13e3db561d176be849e04f13e030c6ed18407c97505ee0897736",
                "07d94fd9c0fbbf128af877922050816c31b2e54df0c6f7cc138f02d34466e42b",
                "d69e0305c49b35a32302ba24c7e4e4472c6fc438d7a659ea55e8ee875524da35",
                "0b68304e12998b251e78b77cd28c69a8020637d84ad9821cbeef45e930c4fc03",
                "90057933e9bf7fd8b1efb3eaa98f051858ae2416a210dd675abb560384e3c548",
                "e03eb9a9bb573f2d16f2cafa85f76429c18a76575a880f240d230ad3a62500fe",
                "005e9e1329be64ed2ca4b74a96951b177bef31d8020ffcfff8875c2186d54ebf",
                "3cf06249463f102164fed3d8570212348416713e82eb20919dc301b9d2845fa6",
                "2d51dd93c995ccbcf16bcf8e61076f5aa1ed1078ae9f0247b04ae682a13e8fb6",
                "f055fb4360352a9962b5acc38a59f3b7372a0bbde36d0d0cdb2049171b23a68f",
                "51628b1b0a96b39dea3bb30e02736f4a0981952401a7dcfbd3be3265e3eaf90f",
                "5f4692c431afc4d219f2e08cc636a608c6df2c8d972cb93783cfd47af6106685"
            ],
            "type": "Document",
            "firstPartyCookies": {},
            "firstPartyCookiesSent": {
                "_ym_d": 0.00003451036691422103
            },
            "exampleSites": [
                "indian-xnxx.pro",
                "sex-xxx.video",
                "www.porn-xnxx.com",
                "xxx-sex.org",
                "www.sexbright.com",
                "verysexyladies.com",
                "lesbiansex.best",
                "charmingtits.com",
                "matureclub.com",
                "www.xxxvideos247.com",
                "www.newsextv.com",
                "www.brandytube.com",
                "www.amateurvoyeurforum.com",
                "www.tubeum.com",
                "www.realamateurfuck.com",
                "hdpussy.xxx",
                "www.lusthero.com",
                "lesbiantube.club",
                "www.madsextube.com",
                "tastyspics.com"
            ]
        },
        {
            "rule": "1ts19\\.top\\/content\\.php",
            "cookies": 0,
            "fingerprinting": 0,
            "subdomains": [],
            "apis": {},
            "sites": 9,
            "prevalence": 0.0000621,
            "cnames": [],