{
    "domain": "a47b.com",
    "owner": {},
    "source": [
        "DuckDuckGo-US"
    ],
    "prevalence": 0.0000833,
    "sites": 12,
    "subdomains": [
        "aam",
        "ajs",
        "a"
    ],
    "cnames": [],
    "fingerprinting": 2,
    "resources": [
        {
            "rule": "a47b\\.com\\/aam",
            "cookies": 0,
            "fingerprinting": 1,
            "subdomains": [
                "aam"
            ],
            "apis": {
                "Date.prototype.getTimezoneOffset": 6,
                "Date.prototype.getTime": 6
            },
            "sites": 11,
            "prevalence": 0.0000764,
            "cnames": [],
            "responseHashes": [
                "9ff2f4b3c64581123c1b7fe50f6d4cb19baa050088ed8468d4493626cce249d9",
                "671ffab7bd131de1ee30eb539fe181f0e7c375f23ebb65e0869abe8dca0b6042",
                "ee6e69166644034dc3ebdff47eba2b62e5ec6937198100c5613844bf709af62d",
                "f1f82070c4f6715bf2573d0105f02b78645c9619b73a03381416f39322a0c9e6",
                "96dcff2462f86a4e30218e7f16c82b8f033ef2e212ab5d6b2fceedcaec1a77f5",
                "111910651a27f8f3f7bd367b88efbb4dccd4eb67bd5914e39d085216ce1fc091",
                "c039021569598b735ad9a2a6631fd044a9586a48c8bae14eea3cea648a9fc890",
                "3b76086bc74d3ce6a93c1e193eb56ef29e15924bd8f92b8c82800a6aa147ef3e",
                "6997624d2dbd40c279b75d2bd735eeba214b33dd6d09c509237252c001ad9ebf"
            ],
            "type": "Script",
            "firstPartyCookies": {},
            "firstPartyCookiesSent": {},
            "exampleSites": [
                "autosport.com",
                "gamerpillar.com",
                "ketosummit.com",
                "thewest.com.au",
                "www.barchart.com",
                "www.bluemoongame.com",
                "www.gimmesomeoven.com",
                "www.iol.co.za",
                "www.marketscreener.com",
                "www.silverdoctors.com",
                "www.technopat.net"
            ]
        },
        {
            "rule": "a47b\\.com\\/js\\/mntr\\.min\\.2\\.7\\.0\\.js",
            "cookies": 0,
            "fingerprinting": 1,
            "subdomains": [
                "ajs"
            ],
            "apis": {
                "Navigator.prototype.userAgent": 1,
                "Screen.prototype.availHeight": 1,
                "Screen.prototype.availWidth": 1
            },
            "sites": 10,
            "prevalence": 0.0000694,
            "cnames": [],
            "responseHashes": [
                "0730f464e19c2480999da5137323d05a6654807ba22e1016c4fcf7e944a4c04b"
            ],
            "type": "Script",
            "firstPartyCookies": {},
            "firstPartyCookiesSent": {},
            "exampleSites": [
                "gamerpillar.com",
                "ketosummit.com",
                "thewest.com.au",
                "www.barchart.com",
                "www.bluemoongame.com",
                "www.gimmesomeoven.com",
                "www.iol.co.za",
                "www.marketscreener.com",
                "www.silverdoctors.com",
                "www.technopat.net"
            ]
        },
        {
            "rule": "a47b\\.com\\/track\\/aamjsResponded",
            "cookies": 0,
            "fingerprinting": 0,
            "subdomains": [
                "a"
            ],
            "apis": {},
            "sites": 8,
            "prevalence": 0.0000555,
            "cnames": [],
            "responseHashes": [
                "e3b0c44298fc1c149afbf4c8996fb92427ae41e4649b934ca495991b7852b855"
            ],
            "type": "Image",
            "firstPartyCookies": {},
            "firstPartyCookiesSent": {},
            "exampleSites": [
                "gamerpillar.com",
                "thewest.com.au",
                "www.barchart.com",
                "www.gimmesomeoven.com",
                "www.iol.co.za",
                "www.marketscreener.com",
                "www.silverdoctors.com",
                "www.technopat.net"
            ]
        },
        {
            "rule": "a47b\\.com\\/track\\/aamjsLoaded",
            "cookies": 0,
            "fingerprinting": 0,
            "subdomains": [
                "a"
            ],
            "apis": {},
            "sites": 8,
            "prevalence": 0.0000555,
            "cnames": [],
            "responseHashes": [
                "e3b0c44298fc1c149afbf4c8996fb92427ae41e4649b934ca495991b7852b855"
            ],
            "type": "Image",
            "firstPartyCookies": {},
            "firstPartyCookiesSent": {},
            "exampleSites": [
                "gamerpillar.com",
                "thewest.com.au",
                "www.barchart.com",
                "www.gimmesomeoven.com",
                "www.iol.co.za",
                "www.marketscreener.com",
                "www.silverdoctors.com",
                "www.technopat.net"
            ]
        },
        {
            "rule": "a47b\\.com\\/track\\/mntrjsRequested",
            "cookies": 0,
            "fingerprinting": 0,
            "subdomains": [
                "a"
            ],
            "apis": {},
            "sites": 8,
            "prevalence": 0.0000555,
            "cnames": [],
            "responseHashes": [
                "e3b0c44298fc1c149afbf4c8996fb92427ae41e4649b934ca495991b7852b855"
            ],
            "type": "Image",
            "firstPartyCookies": {},
            "firstPartyCookiesSent": {},
            "exampleSites": [
                "gamerpillar.com",
                "thewest.com.au",
                "www.barchart.com",
                "www.gimmesomeoven.com",
                "www.iol.co.za",
                "www.marketscreener.com",
                "www.silverdoctors.com",
                "www.technopat.net"
            ]
        },
        {
            "rule": "a47b\\.com\\/track\\/mntrjsResponded",
            "cookies": 0,
            "fingerprinting": 0,
            "subdomains": [
                "a"
            ],
            "apis": {},
            "sites": 6,
            "prevalence": 0.0000416,
            "cnames": [],
            "responseHashes": [
                "e3b0c44298fc1c149afbf4c8996fb92427ae41e4649b934ca495991b7852b855"
            ],
            "type": "Image",
            "firstPartyCookies": {},
            "firstPartyCookiesSent": {},
            "exampleSites": [
                "gamerpillar.com",
                "thewest.com.au",
                "www.barchart.com",
                "www.iol.co.za",
                "www.marketscreener.com",
                "www.technopat.net"
            ]
        },
        {
            "rule": "a47b\\.com\\/track\\/mntrErr:build",
            "cookies": 0,
            "fingerprinting": 0,
            "subdomains": [
                "a"
            ],
            "apis": {},
            "sites": 3,
            "prevalence": 0.0000208,
            "cnames": [],
            "responseHashes": [
                "e3b0c44298fc1c149afbf4c8996fb92427ae41e4649b934ca495991b7852b855"
            ],
            "type": "Image",
            "firstPartyCookies": {},
            "firstPartyCookiesSent": {},
            "exampleSites": [
                "thewest.com.au",
                "www.iol.co.za",
                "www.technopat.net"
            ]
        },
        {
            "rule": "a47b\\.com\\/track\\/mntrjsLoaded",
            "cookies": 0,
            "fingerprinting": 0,
            "subdomains": [
                "a"
            ],
            "apis": {},
            "sites": 2,
            "prevalence": 0.0000139,
            "cnames": [],
            "responseHashes": [
                "e3b0c44298fc1c149afbf4c8996fb92427ae41e4649b934ca495991b7852b855"
            ],
            "type": "Image",
            "firstPartyCookies": {},
            "firstPartyCookiesSent": {},