{
    "domain": "aaacompany.net",
    "owner": {},
    "source": [
        "DuckDuckGo-US"
    ],
    "prevalence": 0.0000828,
    "sites": 12,
    "subdomains": [
        "srv1",
        "s-srv35",
        "s-srv6",
        "s-srv1"
    ],
    "cnames": [],
    "fingerprinting": 1,
    "resources": [
        {
            "rule": "aaacompany\\.net\\/om\\/sd\\/load\\.js",
            "cookies": 0.0000138,
            "fingerprinting": 1,
            "subdomains": [
                "srv1"
            ],
            "apis": {
                "Navigator.prototype.userAgent": 2,
                "Document.cookie getter": 2,
                "Screen.prototype.height": 2,
                "Date.prototype.getTime": 2,
                "Document.cookie setter": 2
            },
            "sites": 3,
            "prevalence": 0.0000207,
            "cnames": [],
            "responseHashes": [
                "77af2e52c553ed7e0c10159b1b2aee3502fd458b1d422708404cbc17bf6be505",
                "0330d5f3e06327e8de61e4d530d3bd51ec29abe68f10f10a1e824fca32de77a8"
            ],
            "type": "Script",
            "firstPartyCookies": {
                "aaac_sd_ima": {
                    "ttl": 0,
                    "length": 4,
                    "prevalence": 0.000013807196310717146,
                    "uniqueness": 0.5
                }
            },
            "firstPartyCookiesSent": {},
            "exampleSites": [
                "erogazou.gallery",
                "eromangram.com",
                "www.twi-videos.net"
            ]
        },
        {
            "rule": "aaacompany\\.net\\/om_res\\.php",
            "cookies": 0,
            "fingerprinting": 0,
            "subdomains": [
                "srv1"
            ],
            "apis": {},
            "sites": 10,
            "prevalence": 0.000069,
            "cnames": [],
            "responseHashes": [
                "2c34fb6bb3a570be6ea1d961e7398f5baaf023feed2f0e8fbd471d17d189fc12",
                "8793bebc002a9e35d5f46777922679ad63f3af960ba6f49eb8c0cf90fe48f86f",
                "bcc02e250c71f448fbba9b70e8b53288b221eb2b2b69adb6cf90018b6ccf93a4",
                "a21400db97b56d3d10aadb8a6a2d1c34dd93b48608eef96987b74ca20b33a525",
                "a7ee5c09d56a17705192fc8cf45caf2895f20bd95f02176da822da53db772a0d",
                "aa2b0c9dc5ccf78e86dbe43a3bcab1e750439da7a0d939420fc154bd5977d734",
                "a655b188d0c209ac8faf539c1559985f29afe7df7bc1168d48cc3ed47c8592eb",
                "ade04bf372eef5a13325bf729a453d9fec9b5f8f7f7f0516cd8df97610963ae1",
                "b0bba6c7500db47d706be914adec32f709ffa37dfd5bd4552a0894d39539e059"
            ],
            "type": "XHR",
            "firstPartyCookies": {},
            "firstPartyCookiesSent": {
                "_ym_d": 0.000006903598155358573
            },
            "exampleSites": [
                "erogazou.gallery",
                "eromangram.com",
                "iqoo.me",
                "jav.direct",
                "javmix.tv",
                "nurebajk.blog.fc2.com",
                "poyopara.com",
                "sugirl.info",
                "www.dl8x.com",
                "www.twi-videos.net"
            ]
        },
        {
            "rule": "aaacompany\\.net\\/om\\.php",
            "cookies": 0,
            "fingerprinting": 0,
            "subdomains": [
                "s-srv35",
                "s-srv6",
                "s-srv1"
            ],
            "apis": {},
            "sites": 3,
            "prevalence": 0.0000207,
            "cnames": [],
            "responseHashes": [
                "e3b0c44298fc1c149afbf4c8996fb92427ae41e4649b934ca495991b7852b855"
            ],
            "type": "Image",
            "firstPartyCookies": {},
            "firstPartyCookiesSent": {},
            "exampleSites": [
                "erogazou.gallery",
                "eromangram.com",
                "www.twi-videos.net"
            ]
        },
        {
            "rule": "aaacompany\\.net\\/om\\/pr\\/a\\/load\\.js",
            "cookies": 0,
            "fingerprinting": 1,
            "subdomains": [
                "srv1"
            ],
            "apis": {
                "Navigator.prototype.userAgent": 5,
                "window.localStorage": 5,
                "Screen.prototype.height": 5,
                "Date.prototype.getTime": 5
            },
            "sites": 5,
            "prevalence": 0.0000345,
            "cnames": [],
            "responseHashes": [
                "f5ce06360d06c5b7284499fe556a3151ddaa6036ec82ad58c2882e65be6d301a",
                "212135db374c6125672f4626ea0f62e8097150eaac7029ee33a741cd480e29cb",
                "c421bfd24114127ec743d8e7af0506af5e51e73da48c277977af85c336baa806"
            ],
            "type": "Script",
            "firstPartyCookies": {},
            "firstPartyCookiesSent": {},
            "exampleSites": [
                "iqoo.me",
                "jav.direct",
                "javmix.tv",
                "poyopara.com",
                "sugirl.info"
            ]
        },
        {
            "rule": "aaacompany\\.net\\/119\\/load\\.js",
            "cookies": 0,
            "fingerprinting": 1,
            "subdomains": [
                "srv1"
            ],
            "apis": {
                "Navigator.prototype.userAgent": 2,
                "window.localStorage": 2,
                "Screen.prototype.height": 2,
                "Date.prototype.getTime": 2
            },
            "sites": 2,
            "prevalence": 0.0000138,
            "cnames": [],
            "responseHashes": [
                "58f69b27f91b61b7ea13185ce8b6396ef3e382e6640d08e903504c5c02c6b6ac"
            ],
            "type": "Script",
            "firstPartyCookies": {},
            "firstPartyCookiesSent": {},
            "exampleSites": [
                "fc2.com",
                "www.dl8x.com"
            ]
        },
        {
            "rule": "aaacompany\\.net\\/om\\/m\\/load\\.js",
            "cookies": 0,
            "fingerprinting": 1,
            "subdomains": [
                "srv1"
            ],
            "apis": {
                "Navigator.prototype.userAgent": 2,
                "Document.cookie getter": 2,
                "Screen.prototype.height": 2,
                "Date.prototype.getTime": 2
            },
            "sites": 2,
            "prevalence": 0.0000138,
            "cnames": [],
            "responseHashes": [
                "1ad833eac06ebbc76eea1cb79074597eb8d9a4746e5ed62b37396ac0aa59a5d4"
            ],
            "type": "Script",
            "firstPartyCookies": {},
            "firstPartyCookiesSent": {},
            "exampleSites": [
                "twi-videos.net",
                "www.twi-videos.net"
            ]
        }
    ],
    "categories": [],
    "performance": {},
    "cookies": 0.0000276,
    "types": {
        "Script": 12,
        "XHR": 10,
        "Image": 3
    },
    "nameservers": [
        "01.dnsv.jp",
        "02.dnsv.jp",
        "03.dnsv.jp",
        "04.dnsv.jp"
    ]
}