{
    "domain": "aaacompany.net",
    "owner": {},
    "source": [
        "DuckDuckGo-US"
    ],
    "prevalence": 0.000236,
    "sites": 34,
    "subdomains": [
        "srv1",
        "srv100",
        "srv82",
        "s-srv25",
        "srv112",
        "srv62",
        "s-srv41",
        "s-srv32",
        "srv15",
        "s-srv21",
        "s-srv24"
    ],
    "cnames": [],
    "fingerprinting": 1,
    "resources": [
        {
            "rule": "aaacompany\\.net\\/om_res\\.php",
            "cookies": 0,
            "fingerprinting": 0,
            "subdomains": [
                "srv1"
            ],
            "apis": {},
            "sites": 21,
            "prevalence": 0.000146,
            "cnames": [],
            "responseHashes": [
                "a55ca04b56e5a3918e936707c670b50b25672a5d04a28f028bce55bc8e8ea628",
                "7acb13db3449148620f68a5c86102c30230504767ee4741a58ba9e237c8d0bd4",
                "d824227c59872a9c9fbc027e1d1fa8ca8bdf38099582b9227cebd9f058c94ded",
                "debfc081c8dd66cf9ae2db9acc328db31c63830afbe94b9c50aff466e11955c4",
                "698528f4ac1e66a9bc3dde46cfadd4889b5deb6b62372eb4e876a9643cbd96ba",
                "13753010a66cf16d6229282da44b87fb3cf5168bf167955fa700c3450dad232b",
                "268d2247253d3dda8270875564468e9ece4d20f4c87894d56ae82ab1232a6968",
                "f85b4a5757c45bd79b48c2139bb464ecd029d2e46565ea105cca84c164b440bc",
                "fc364933088101e167defb27bb38fd121fdb7845dbb6d8d15ecdaba9a0879444",
                "b5bc9e4c7b9c8de4e76819e07674697f8ff50ff9383480285b5e3c33e4e8c690",
                "f9152a0815795ea6afb578acbfe233e3e7898596e7783085439aedb71f1a7074",
                "b48d04c29ea76d67186cecb286504d10b068498092cb2b99aa5bc40099a35044",
                "7b666bc0df1c1bbc41b7856bee0323c647fd3a3a4d59a9ed1da6c0fd90cf9948",
                "a12e19306ee2a8438bfd2124ce31c4fc38e55dc7d9b23fdae3134739d6381730",
                "0e9e61da739737e54ffb0453acc589139eedcc089e2bdfc61b1830582397c471",
                "5d2ead689a82be8d5d8f08f333d09c1c3fcb3e90162eea378afc2c13ccd26096",
                "81225b2334e7dec66be663e53d250cc2b3edba03047f6631be20fe92780de81e",
                "f76ba06eb4359034c37a4c2a798734e438fc549053c02285241b8e031cbc0dae",
                "f86e60312cb542c0bcf86cd65044af3b2f2a805b7826260337741bc66c57161a"
            ],
            "type": "XHR",
            "firstPartyCookies": {},
            "firstPartyCookiesSent": {},
            "exampleSites": [
                "javmix.tv",
                "poyopara.com",
                "erogazou.gallery",
                "jp.xero.porn",
                "www.nukistream.com",
                "www.twi-videos.net",
                "moeero-library.com",
                "idol-blog.com",
                "hobonichielog.com",
                "jp.xero.tube",
                "drdinl.com",
                "eromangram.com",
                "ivfree.me",
                "sumomo-ch.com",
                "jav.direct",
                "sugirl.info",
                "moeimg.net",
                "erodoujinshi-world.com",
                "eroyakuba.com",
                "iqoo.me"
            ]
        },
        {
            "rule": "aaacompany\\.net\\/om\\.php",
            "cookies": 0,
            "fingerprinting": 0,
            "subdomains": [
                "srv100",
                "srv82",
                "s-srv25",
                "srv112",
                "srv62",
                "s-srv41",
                "s-srv32",
                "srv15",
                "s-srv21",
                "s-srv24"
            ],
            "apis": {},
            "sites": 10,
            "prevalence": 0.0000694,
            "cnames": [],
            "responseHashes": [
                "e3b0c44298fc1c149afbf4c8996fb92427ae41e4649b934ca495991b7852b855"
            ],
            "type": "Image",
            "firstPartyCookies": {},
            "firstPartyCookiesSent": {},
            "exampleSites": [
                "drdinl.com",
                "erodoujinshi-world.com",
                "erogazou.gallery",
                "eromangram.com",
                "eromangacafe.com",
                "hobonichielog.com",
                "idol-blog.com",
                "moeero-library.com",
                "moeimg.net",
                "sumomo-ch.com"
            ]
        },
        {
            "rule": "aaacompany\\.net\\/sd\\/load_side_drawer\\.js",
            "cookies": 0.0000278,
            "fingerprinting": 1,
            "subdomains": [
                "srv1"
            ],
            "apis": {
                "Navigator.prototype.userAgent": 5,
                "Document.cookie getter": 5,
                "Screen.prototype.height": 5,
                "Date.prototype.getTime": 5,
                "Document.cookie setter": 4
            },
            "sites": 6,
            "prevalence": 0.0000416,
            "cnames": [],
            "responseHashes": [
                "943b71225de60a77c90e7915fa1ce94f5139d357d38c757e81b9cd5d5e17d61a",
                "afff317a99b7411977b2797b99ad645420aaff30c28b3ff8733e50db4fb0d292",
                "728951725b4555957d19021f1abb367f6ed56134cad217ffbf3ff5ecaea789a7"
            ],
            "type": "Script",
            "firstPartyCookies": {
                "aaac_sd_ima": {
                    "ttl": 0,
                    "length": 4,
                    "prevalence": 0.000027766208524226018,
                    "uniqueness": 0.25
                }
            },
            "firstPartyCookiesSent": {},
            "exampleSites": [
                "erodoujinshi-world.com",
                "erogazou.gallery",
                "eromangacafe.com",
                "hobonichielog.com",
                "idol-blog.com",
                "moeero-library.com"
            ]
        },
        {
            "rule": "aaacompany\\.net\\/om\\/sd\\/load\\.js",
            "cookies": 0.0000208,
            "fingerprinting": 1,
            "subdomains": [
                "srv1"
            ],
            "apis": {
                "Navigator.prototype.userAgent": 3,
                "Document.cookie getter": 3,
                "Screen.prototype.height": 3,
                "Date.prototype.getTime": 3,
                "Document.cookie setter": 3
            },
            "sites": 9,
            "prevalence": 0.0000625,
            "cnames": [],
            "responseHashes": [
                "9130e05199b9d6f475cd2553314596b1b0c2b7683ab64a8aadbdf6b4a83e1eb4",
                "1f3eb7be127a36bf8f31cf6668798bf974ff0199e233de18f939a19bdfc2c6e2",
                "24335875e58b54ca9ee88c6c72d728a1a4edfa2105eb9d5c6944709ea309efc2",
                "943b71225de60a77c90e7915fa1ce94f5139d357d38c757e81b9cd5d5e17d61a",
                "afff317a99b7411977b2797b99ad645420aaff30c28b3ff8733e50db4fb0d292",
                "728951725b4555957d19021f1abb367f6ed56134cad217ffbf3ff5ecaea789a7",
                "7e4cf4a43e53d784fee04d201254b4fa799221d808d2bbf60951256afe1e891c",
                "0fa12e872a350a676f5d2e234443eda7c318b9a4af8fb8e5a2dbcc3434411079"
            ],
            "type": "Script",
            "firstPartyCookies": {
                "aaac_sd_ima": {
                    "ttl": 0,
                    "length": 4,
                    "prevalence": 0.000020824656393169513,
                    "uniqueness": 0.3333333333333333
                }
            },
            "firstPartyCookiesSent": {},
            "exampleSites": [
                "erodoujinshi-world.com",
                "erogazou.gallery",
                "eromangram.com",
                "eromangacafe.com",
                "hobonichielog.com",
                "idol-blog.com",
                "moeero-library.com",
                "moeimg.net",
                "sumomo-ch.com"
            ]
        },
        {
            "rule": "aaacompany\\.net\\/om\\/pr\\/a\\/load\\.js",
            "cookies": 0,
            "fingerprinting": 1,