{
    "domain": "abcdef.wiki",
    "owner": {},
    "source": [
        "DuckDuckGo-US"
    ],
    "prevalence": 0.000111,
    "sites": 16,
    "subdomains": [
        "de",
        "es",
        "fr",
        "it",
        "nl",
        "pl",
        "pt",
        "ru"
    ],
    "cnames": [],
    "fingerprinting": 0,
    "resources": [
        {
            "rule": "abcdef\\.wiki\\/",
            "cookies": 0,
            "fingerprinting": 0,
            "subdomains": [
                "de",
                "es",
                "fr",
                "it",
                "nl",
                "pl",
                "pt",
                "ru"
            ],
            "apis": {},
            "sites": 8,
            "prevalence": 0.0000555,
            "cnames": [],
            "responseHashes": [
                "e9258886f79032102585b3d605c4c2bf42cbdc01aaff1c90d302efc200c1df72"
            ],
            "type": "Document",
            "firstPartyCookies": {},
            "firstPartyCookiesSent": {},
            "exampleSites": [
                "xcv.wiki",
                "es.xcv.wiki",
                "fr.xcv.wiki",
                "it.xcv.wiki",
                "nl.xcv.wiki",
                "pl.xcv.wiki",
                "pt.xcv.wiki",
                "ru.xcv.wiki"
            ]
        },
        {
            "rule": "abcdef\\.wiki\\/wiki\\/Main_Page",
            "cookies": 0,
            "fingerprinting": 0,
            "subdomains": [
                "de",
                "es",
                "fr",
                "it",
                "nl",
                "pl",
                "pt",
                "ru"
            ],
            "apis": {},
            "sites": 8,
            "prevalence": 0.0000555,
            "cnames": [],
            "responseHashes": [
                "e9258886f79032102585b3d605c4c2bf42cbdc01aaff1c90d302efc200c1df72",
                "3b70b0a475400ae18e9c0f501b7c8ecb0f4f848ef6ecd255c8c219a0feebed88",
                "fbed01e752969afe53cb77d51c800301102d47b4ceaa1d2ac024c5fffde37784",
                "b51a36ef4aa8f2e38c97bbec986a5333b3e5a07180aa45334df310cd8f2cef0d",
                "d3bae3bd86c3096ff0c589f8f1a00165c1ea8a727d242d8981b5b9fd13c5a699",
                "58f49a8519576ce546716cd553d78fa92fce0391586471885a07486dd6e1221f",
                "e1bbdf3d0b79d47831f8894a6114f108befa56af3e6ff56b6353458042841505"
            ],
            "type": "Document",
            "firstPartyCookies": {},
            "firstPartyCookiesSent": {},
            "exampleSites": [
                "xcv.wiki",
                "es.xcv.wiki",
                "fr.xcv.wiki",
                "it.xcv.wiki",
                "nl.xcv.wiki",
                "pl.xcv.wiki",
                "pt.xcv.wiki",
                "ru.xcv.wiki"
            ]
        },
        {
            "rule": "abcdef\\.wiki\\/css\\/qwerty\\.wiki\\.css",
            "cookies": 0,
            "fingerprinting": 0,
            "subdomains": [
                "de",
                "es",
                "fr",
                "it",
                "nl",
                "pl",
                "pt",
                "ru"
            ],
            "apis": {},
            "sites": 9,
            "prevalence": 0.0000625,
            "cnames": [],
            "responseHashes": [
                "c449311802c3aa32af09582f3ceed3f102aadff624cd77b1870ce7b979b2275e"
            ],
            "type": "Stylesheet",
            "firstPartyCookies": {},
            "firstPartyCookiesSent": {},
            "exampleSites": [
                "xcv.wiki",
                "de.xcv.wiki",
                "es.xcv.wiki",
                "fr.xcv.wiki",
                "it.xcv.wiki",
                "nl.xcv.wiki",
                "pl.xcv.wiki",
                "pt.xcv.wiki",
                "ru.xcv.wiki"
            ]
        },
        {
            "rule": "abcdef\\.wiki\\/js\\/my\\.js",
            "cookies": 0,
            "fingerprinting": 0,
            "subdomains": [
                "de",
                "es",
                "fr",
                "it",
                "nl",
                "pl",
                "pt",
                "ru"
            ],
            "apis": {},
            "sites": 9,
            "prevalence": 0.0000625,
            "cnames": [],
            "responseHashes": [
                "a3e3bbd3a98edc5104e021a3cb7c7ec9d7c40f2b592abf528c7b82963a44d58e"
            ],
            "type": "Script",
            "firstPartyCookies": {},
            "firstPartyCookiesSent": {},
            "exampleSites": [
                "xcv.wiki",
                "de.xcv.wiki",
                "es.xcv.wiki",
                "fr.xcv.wiki",
                "it.xcv.wiki",
                "nl.xcv.wiki",
                "pl.xcv.wiki",
                "pt.xcv.wiki",
                "ru.xcv.wiki"
            ]
        },
        {
            "rule": "abcdef\\.wiki\\/img\\/1x1\\.png",
            "cookies": 0,
            "fingerprinting": 0,
            "subdomains": [
                "de",
                "es",
                "fr",
                "it",
                "nl",
                "pl",
                "pt",
                "ru"
            ],
            "apis": {},
            "sites": 9,
            "prevalence": 0.0000625,
            "cnames": [],
            "responseHashes": [
                "794658e1c5cc2fdabc604b62c8deda9ced96adbda66207915e5551a4ddde65d6"
            ],
            "type": "Image",
            "firstPartyCookies": {},
            "firstPartyCookiesSent": {},
            "exampleSites": [
                "xcv.wiki",
                "de.xcv.wiki",
                "es.xcv.wiki",
                "fr.xcv.wiki",
                "it.xcv.wiki",
                "nl.xcv.wiki",
                "pl.xcv.wiki",
                "pt.xcv.wiki",
                "ru.xcv.wiki"
            ]
        },
        {
            "rule": "abcdef\\.wiki\\/favicon-96x96\\.png",
            "cookies": 0,
            "fingerprinting": 0,
            "subdomains": [
                "de",
                "es",
                "fr",
                "it",
                "nl",
                "pl",
                "pt",
                "ru"
            ],
            "apis": {},
            "sites": 9,
            "prevalence": 0.0000625,
            "cnames": [],
            "responseHashes": [
                "f2a4fc7bf73bb76d50c0c537bb0e74c91cabbc1a90439b28126c0a122b1a38c9"
            ],
            "type": "Image",
            "firstPartyCookies": {},
            "firstPartyCookiesSent": {},
            "exampleSites": [
                "xcv.wiki",
                "de.xcv.wiki",
                "es.xcv.wiki",
                "fr.xcv.wiki",
                "it.xcv.wiki",
                "nl.xcv.wiki",
                "pl.xcv.wiki",
                "pt.xcv.wiki",
                "ru.xcv.wiki"
            ]
        }
    ],
    "categories": [],
    "performance": {},
    "cookies": 0,
    "types": {
        "Document": 16,
        "Stylesheet": 9,
        "Script": 9,
        "Image": 18
    },
    "nameservers": [
        "pns1.cloudns.net",
        "pns3.cloudns.net",
        "pns4.cloudns.net",
        "pns2.cloudns.net"
    ]
}