{
    "domain": "acstat.com",
    "owner": {},
    "source": [
        "DuckDuckGo-US"
    ],
    "prevalence": 0.000187,
    "sites": 27,
    "subdomains": [
        "code",
        "antifraud",
        "hit",
        "hitbr"
    ],
    "cnames": [],
    "fingerprinting": 1,
    "resources": [
        {
            "rule": "acstat\\.com\\/",
            "cookies": 0.0000555,
            "fingerprinting": 1,
            "subdomains": [
                "code",
                "antifraud"
            ],
            "apis": {
                "Date.prototype.getTime": 9,
                "Screen.prototype.width": 9,
                "Screen.prototype.height": 9,
                "Document.cookie getter": 8,
                "Document.cookie setter": 8,
                "window.localStorage": 2
            },
            "sites": 11,
            "prevalence": 0.0000764,
            "cnames": [],
            "responseHashes": [
                "421af72135c86259f565788f618d5ac6a41a63435ea75ad4cb2a1b9a8267b296",
                "8ede13778189f7a20d28377c283a49f8476d1256f6ae8c2d864883c8c9d73249",
                "95c61b8e618d629ef96198188be15ac711fd74abd08f303ba70c557b3f593c25",
                "9b9e72a49c23e8dec85ac80ab5fae669a918eb456e72ea9450cb2b6502364379",
                "c30444a396f3160ea48fb9de030b9b564fbe754a6f13841fd99683258bd9c48d",
                "d503d5b7412e28d93a2b31d1263549530b07f5eacbadc34f9a543ce4f22d7e73",
                "aa46a4531231d313d24e36037be5ac048420f8d5a6921c74d1bc213a0c05f784",
                "579c346faf80f0b9edaaa365f12f4ea5284e509d452b94f13a2dabb70f527056"
            ],
            "type": "Script",
            "firstPartyCookies": {
                "cake_ga": {
                    "ttl": 2678424,
                    "length": 27,
                    "prevalence": 0.0000069415521310565046,
                    "uniqueness": 1
                },
                "user_unic_ac_id": {
                    "ttl": 2678406,
                    "length": 36,
                    "prevalence": 0.00003470776065528252,
                    "uniqueness": 1
                },
                "advcake_trackid": {
                    "ttl": 2678416,
                    "length": 36,
                    "prevalence": 0.000027766208524226018,
                    "uniqueness": 1
                },
                "advcake_session_id": {
                    "ttl": 1209605,
                    "length": 36,
                    "prevalence": 0.000020824656393169513,
                    "uniqueness": 1
                },
                "advcake_track_id": {
                    "ttl": 1209602,
                    "length": 36,
                    "prevalence": 0.0000069415521310565046,
                    "uniqueness": 1
                },
                "advcake_session": {
                    "ttl": 3605,
                    "length": 1,
                    "prevalence": 0.0000069415521310565046,
                    "uniqueness": 1
                }
            },
            "firstPartyCookiesSent": {},
            "exampleSites": [
                "tutu.ru",
                "bus.tutu.ru",
                "msk.tele2.ru",
                "shop.mts.ru",
                "skillbox.ru",
                "www.21vek.by",
                "www.citilink.ru",
                "www.drogaraia.com.br",
                "www.drogasil.com.br",
                "www.maxidom.ru",
                "www.tutu.ru"
            ]
        },
        {
            "rule": "acstat\\.com\\/tutu\\/",
            "cookies": 0,
            "fingerprinting": 0,
            "subdomains": [
                "hit"
            ],
            "apis": {},
            "sites": 3,
            "prevalence": 0.0000208,
            "cnames": [],
            "responseHashes": [
                "e3b0c44298fc1c149afbf4c8996fb92427ae41e4649b934ca495991b7852b855"
            ],
            "type": "Image",
            "firstPartyCookies": {},
            "firstPartyCookiesSent": {
                "user_unic_ac_id": 0.0000069415521310565046
            },
            "exampleSites": [
                "tutu.ru",
                "bus.tutu.ru",
                "www.tutu.ru"
            ]
        },
        {
            "rule": "acstat\\.com\\/tele2\\/",
            "cookies": 0,
            "fingerprinting": 0,
            "subdomains": [
                "hit"
            ],
            "apis": {},
            "sites": 2,
            "prevalence": 0.0000139,
            "cnames": [],
            "responseHashes": [
                "e3b0c44298fc1c149afbf4c8996fb92427ae41e4649b934ca495991b7852b855"
            ],
            "type": "XHR",
            "firstPartyCookies": {},
            "firstPartyCookiesSent": {
                "user_unic_ac_id": 0.000013883104262113009,
                "advcake_trackid": 0.000013883104262113009
            },
            "exampleSites": [
                "tele2.ru",
                "msk.tele2.ru"
            ]
        },
        {
            "rule": "acstat\\.com\\/shopmts\\/",
            "cookies": 0,
            "fingerprinting": 0,
            "subdomains": [
                "hit"
            ],
            "apis": {},
            "sites": 2,
            "prevalence": 0.0000139,
            "cnames": [],
            "responseHashes": [
                "e3b0c44298fc1c149afbf4c8996fb92427ae41e4649b934ca495991b7852b855"
            ],
            "type": "Image",
            "firstPartyCookies": {},
            "firstPartyCookiesSent": {
                "advcake_session_id": 0.000013883104262113009,
                "dy_fs_page": 0.0000069415521310565046
            },
            "exampleSites": [
                "mts.ru",
                "shop.mts.ru"
            ]
        },
        {
            "rule": "acstat\\.com\\/21vekby\\/",
            "cookies": 0,
            "fingerprinting": 0,
            "subdomains": [
                "hit"
            ],
            "apis": {},
            "sites": 2,
            "prevalence": 0.0000139,
            "cnames": [],
            "responseHashes": [
                "e3b0c44298fc1c149afbf4c8996fb92427ae41e4649b934ca495991b7852b855"
            ],
            "type": "Image",
            "firstPartyCookies": {},
            "firstPartyCookiesSent": {
                "advcake_track_id": 0.000013883104262113009,
                "advcake_session_id": 0.000013883104262113009
            },
            "exampleSites": [
                "21vek.by",
                "www.21vek.by"
            ]
        },
        {
            "rule": "acstat\\.com\\/drogaraia\\/",
            "cookies": 0,
            "fingerprinting": 0,
            "subdomains": [
                "hit"
            ],
            "apis": {},
            "sites": 2,
            "prevalence": 0.0000139,
            "cnames": [],
            "responseHashes": [
                "e3b0c44298fc1c149afbf4c8996fb92427ae41e4649b934ca495991b7852b855"
            ],
            "type": "XHR",
            "firstPartyCookies": {},
            "firstPartyCookiesSent": {
                "user_unic_ac_id": 0.000013883104262113009,
                "advcake_trackid": 0.000013883104262113009
            },
            "exampleSites": [
                "drogaraia.com.br",
                "www.drogaraia.com.br"
            ]
        },
        {
            "rule": "acstat\\.com\\/drogasil\\/",
            "cookies": 0,
            "fingerprinting": 0,
            "subdomains": [
                "hit"
            ],
            "apis": {},
            "sites": 2,
            "prevalence": 0.0000139,
            "cnames": [],
            "responseHashes": [
                "e3b0c44298fc1c149afbf4c8996fb92427ae41e4649b934ca495991b7852b855"
            ],
            "type": "XHR",
            "firstPartyCookies": {},
            "firstPartyCookiesSent": {
                "user_unic_ac_id": 0.000013883104262113009,
                "advcake_trackid": 0.000013883104262113009
            },