{
    "domain": "ad-nex.com",
    "owner": {},
    "source": [
        "DuckDuckGo-US"
    ],
    "prevalence": 0.000262,
    "sites": 38,
    "subdomains": [
        "img"
    ],
    "cnames": [],
    "fingerprinting": 0,
    "resources": [
        {
            "rule": "ad-nex\\.com\\/data\\.php",
            "cookies": 0,
            "fingerprinting": 0,
            "subdomains": [],
            "apis": {},
            "sites": 19,
            "prevalence": 0.000131,
            "cnames": [],
            "responseHashes": [
                "e3ee9862e1d104bff9117969a7a8b14038feb6367dbb81f9216373fcebf2cd78",
                "7b06cb96e8ac3d348f7baf64320eac00afe985b94e89f8ec2a54110b4b8913e5",
                "e3b0c44298fc1c149afbf4c8996fb92427ae41e4649b934ca495991b7852b855",
                "111970f474dc3b17dc47e8b0659e1ef94d4174215a68bd3094b98f2894f1379f",
                "f8222aef9c8c4ab6a545c1751d71f9c5c340c6751dded183027b825faecfee34",
                "e11edf671418bbf604dec392d68dee3657d645faf6b4d5fab6fdc90898739360",
                "1199d3a8011b7c42c481f838539f237d42dbb00e1a5dd1373862e788994201c7",
                "02581a6fdb776015eef89bccf9a8d2a338f32830c35dd38fd55326c3ec99cf89",
                "9b3eedaf433cdfddfac635b89788f15cd4149def4f3536b82fc8b9d6bcd9a4e7",
                "65c0f479a2bcd4a76032cfd466a7f8ee4a30c36e2ec5b3530d1f2b3f0d5728cc",
                "b1cd2f71e64fded60af092e8b3ee2c29ea8be005d0f694a9a3233acc3638201d"
            ],
            "type": "Script",
            "firstPartyCookies": {},
            "firstPartyCookiesSent": {},
            "exampleSites": [
                "1000giribest.com",
                "daretoku-eromanga.info",
                "ero-koen.com",
                "erogazou-pinkline.com",
                "erogazoo555.com",
                "eromanga-search.com",
                "eropasture.com",
                "gifruo.com",
                "iqoo.me",
                "jav.direct",
                "javmix.tv",
                "mankist.com",
                "masutabe.info",
                "okkisokuho.com",
                "oppaisan.com",
                "panchira.tokyo",
                "poyopara.com",
                "sugirl.info",
                "www.po-kaki-to.com"
            ]
        },
        {
            "rule": "ad-nex\\.com\\/file\\/universal_tag\\/mgo0047yjpgw\\/ugo0r22kscpf\\.js",
            "cookies": 0,
            "fingerprinting": 0,
            "subdomains": [
                "img"
            ],
            "apis": {},
            "sites": 2,
            "prevalence": 0.0000138,
            "cnames": [],
            "responseHashes": [
                "e37c8a76ee87d47a35f075b37be6c82d3aff7e928a5b2a05394e668725057ccd"
            ],
            "type": "Script",
            "firstPartyCookies": {},
            "firstPartyCookiesSent": {},
            "exampleSites": [
                "nukistream.com",
                "www.nukistream.com"
            ]
        }
    ],
    "categories": [],
    "performance": {},
    "cookies": 0,
    "types": {
        "Script": 21
    },
    "nameservers": [
        "ns1.dns.ne.jp",
        "ns2.dns.ne.jp"
    ]
}