{
    "domain": "adalyser.com",
    "owner": {
        "name": "OneSoon Ltd",
        "displayName": "OneSoon"
    },
    "source": [
        "DuckDuckGo-US"
    ],
    "prevalence": 0.000511,
    "sites": 74,
    "subdomains": [
        "c0",
        "c5",
        "c1",
        "tracking",
        "c3"
    ],
    "cnames": [],
    "fingerprinting": 1,
    "resources": [
        {
            "rule": "adalyser\\.com\\/adalyser\\.js",
            "cookies": 0.000248,
            "fingerprinting": 1,
            "subdomains": [
                "c0",
                "c5",
                "c1"
            ],
            "apis": {
                "Navigator.prototype.userAgent": 38,
                "Navigator.prototype.language": 38,
                "Date.prototype.getTime": 38,
                "window.localStorage": 38,
                "Document.cookie setter": 36,
                "Document.cookie getter": 36
            },
            "sites": 38,
            "prevalence": 0.000262,
            "cnames": [],
            "responseHashes": [
                "c1b356f3f76ac3ce3f19997f63fa181cb9d05cd531eb1ee612ce69a2a57fa56f",
                "250755cc5ede9311a8db013b4c58a45d08c3239af3341c8aa2287cc5e4a9b7b5",
                "fd2c07b20d515291e0c7a3dd9f31f1fb211f6e027bfe25559b34e2c10642d4ac",
                "4a9b6603ef41adb1bea50a3b32b75d3cb2b3b836e78bcbdbcb2b71ac41b882a9",
                "300c4434f462167751e0183f7222f4e876e4511f77682850101e08adf6770883",
                "8a8beec5e0c5d2e3d4071a8c532dd315c8a22e30fcdf570946a360e19809aace"
            ],
            "type": "Script",
            "firstPartyCookies": {
                "__adal_ses": {
                    "ttl": 1802,
                    "length": 1,
                    "prevalence": 0.00024157256839954722,
                    "uniqueness": 0.02857142857142857
                },
                "__adal_id": {
                    "ttl": 63072002,
                    "length": 108,
                    "prevalence": 0.00024157256839954722,
                    "uniqueness": 1
                },
                "__adal_ca": {
                    "ttl": 15552002,
                    "length": 89,
                    "prevalence": 0.00024157256839954722,
                    "uniqueness": 0.05714285714285714
                },
                "__adal_cw": {
                    "ttl": 604802,
                    "length": 13,
                    "prevalence": 0.00024157256839954722,
                    "uniqueness": 1
                }
            },
            "firstPartyCookiesSent": {},
            "exampleSites": [
                "etsy.com",
                "www.littlewoods.com",
                "www.unison.org.uk",
                "www.belong.com.au",
                "www.farmison.com",
                "www.talktalk.co.uk",
                "www.visitmalta.com",
                "www.therabody.com",
                "www.pavers.co.uk",
                "www.motability.co.uk",
                "beyond.life",
                "www.nastygal.com",
                "www.bensonsforbeds.co.uk",
                "www.betfred.com",
                "www.theiconic.com.au",
                "test.eolo.it",
                "tradingbeasts.com",
                "www.samaritans.org",
                "www.itv.com",
                "www.duolingo.com"
            ]
        },
        {
            "rule": "adalyser\\.com\\/tracking\\/track\\/v3\\/p",
            "cookies": 0,
            "fingerprinting": 0,
            "subdomains": [
                "c0",
                "c5"
            ],
            "apis": {},
            "sites": 37,
            "prevalence": 0.000255,
            "cnames": [],
            "responseHashes": [
                "a065920df8cc4016d67c3a464be90099c9d28ffe7c9e6ee3a18f257efc58cbd7"
            ],
            "type": "Image",
            "firstPartyCookies": {},
            "firstPartyCookiesSent": {
                "__adal_cw": 0.00023467049501670303,
                "dwh_channel": 0.000006902073382844206
            },
            "exampleSites": [
                "etsy.com",
                "www.selectcarleasing.co.uk",
                "www.visitmalta.com",
                "www.itv.com",
                "www.therabody.com",
                "www.sykescottages.co.uk",
                "www.farmison.com",
                "tradingbeasts.com",
                "beyond.life",
                "test.eolo.it",
                "www.theiconic.com.au",
                "www.samaritans.org",
                "theathletic.com",
                "www.bensonsforbeds.co.uk",
                "www.belong.com.au",
                "www.lovehoney.com.au",
                "www.nastygal.com",
                "www.etoro.com",
                "www.watchfinder.co.uk",
                "www.missguided.co.uk"
            ]
        },
        {
            "rule": "adalyser\\.com\\/",
            "cookies": 0,
            "fingerprinting": 0,
            "subdomains": [
                "tracking",
                "c3"
            ],
            "apis": {},
            "sites": 6,
            "prevalence": 0.0000414,
            "cnames": [],
            "responseHashes": [
                "e3b0c44298fc1c149afbf4c8996fb92427ae41e4649b934ca495991b7852b855"
            ],
            "type": "XHR",
            "firstPartyCookies": {},
            "firstPartyCookiesSent": {
                "__adal_first_visit": 0.000020706220148532618,
                "__adal_session_start": 0.000020706220148532618,
                "__adal_last_visit": 0.000020706220148532618
            },
            "exampleSites": [
                "boohoo.com",
                "www.boohoo.com",
                "www.funkypigeon.com",
                "www.hoseasons.co.uk",
                "www.watchfinder.co.uk",
                "www.watchshop.com"
            ]
        },
        {
            "rule": "adalyser\\.com\\/tracking\\/track\\/v4\\/p",
            "cookies": 0,
            "fingerprinting": 0,
            "subdomains": [
                "c1"
            ],
            "apis": {},
            "sites": 2,
            "prevalence": 0.0000138,
            "cnames": [],
            "responseHashes": [
                "a065920df8cc4016d67c3a464be90099c9d28ffe7c9e6ee3a18f257efc58cbd7"
            ],
            "type": "Image",
            "firstPartyCookies": {},
            "firstPartyCookiesSent": {
                "__adal_cw": 0.000013804146765688412
            },
            "exampleSites": [
                "uswitch.com",
                "www.uswitch.com"
            ]
        }
    ],
    "categories": [],
    "performance": {},
    "cookies": 0.000442,
    "types": {
        "Script": 38,
        "Image": 39,
        "XHR": 6
    },
    "nameservers": [
        "ns10.dnsmadeeasy.com",
        "ns11.dnsmadeeasy.com",
        "ns12.dnsmadeeasy.com",
        "ns13.dnsmadeeasy.com",
        "ns14.dnsmadeeasy.com",
        "ns15.dnsmadeeasy.com"
    ]
}