{
    "domain": "adensemble.com",
    "owner": {},
    "source": [
        "DuckDuckGo-US"
    ],
    "prevalence": 0.000104,
    "sites": 15,
    "subdomains": [
        "pixel"
    ],
    "cnames": [],
    "fingerprinting": 0,
    "resources": [
        {
            "rule": "adensemble\\.com\\/event\\/tag\\.js",
            "cookies": 0,
            "fingerprinting": 0,
            "subdomains": [
                "pixel"
            ],
            "apis": {},
            "sites": 10,
            "prevalence": 0.0000691,
            "cnames": [],
            "responseHashes": [
                "9ecdba40dc6f498a8f6c5f44be6fa5dd93e208ff3f161920d4dc5df2de7eed11",
                "4ab6c80b3de45ade0c040c5094797e15a5523af2c5e84fdb132e9d4e5af797ee",
                "948915f364838dff75664d5108001a7b48fcdb8ea9facfe0f0b667b813b22987",
                "8c13553fa48d1d45c05b74059c199dbbe0af68afaeb4b7dd75b91671fe0bbd8a",
                "abcb380e9774eb97bb80156caadd2e57bead2cd7b7f905860e13bf8bfd190e3d",
                "872c5a3c138309d5c9c15babf97b5a889bc9410b8d02ee953503ec7874fff86e",
                "d28fbd201578a0367fc9cb3ba869ceca1fe48779add87907e07105e288eeefbd"
            ],
            "type": "Script",
            "firstPartyCookies": {},
            "firstPartyCookiesSent": {},
            "exampleSites": [
                "dhgate.com",
                "bigl.ua",
                "ca.dhgate.com",
                "uk.dhgate.com",
                "uk.banggood.com",
                "www.banggood.com",
                "www.dhgate.com",
                "www.eataly.com",
                "www.elektra.com.mx",
                "www.milanoo.com"
            ]
        },
        {
            "rule": "adensemble\\.com\\/event\\/trk\\.js",
            "cookies": 0.0000691,
            "fingerprinting": 0,
            "subdomains": [
                "pixel"
            ],
            "apis": {},
            "sites": 10,
            "prevalence": 0.0000691,
            "cnames": [],
            "responseHashes": [
                "656442384ce64a2a180dc5e9665423b59a42d805c057710019f1486776d6ae34",
                "7ea6d7fe45bf8a870757ae1f04c67749f04c9033593c574addeff49912e5049d"
            ],
            "type": "Script",
            "firstPartyCookies": {},
            "firstPartyCookiesSent": {
                "ref_f": 0.000006913525621525954
            },
            "exampleSites": [
                "dhgate.com",
                "bigl.ua",
                "ca.dhgate.com",
                "uk.dhgate.com",
                "uk.banggood.com",
                "www.banggood.com",
                "www.dhgate.com",
                "www.eataly.com",
                "www.elektra.com.mx",
                "www.milanoo.com"
            ]
        },
        {
            "rule": "adensemble\\.com\\/img\\/pix\\.jpg",
            "cookies": 0,
            "fingerprinting": 0,
            "subdomains": [
                "pixel"
            ],
            "apis": {},
            "sites": 10,
            "prevalence": 0.0000691,
            "cnames": [],
            "responseHashes": [
                "0f1235bab4f00effeb74bad4391164cb0567ba1504a4209587c026ff2a65befa"
            ],
            "type": "Image",
            "firstPartyCookies": {},
            "firstPartyCookiesSent": {},
            "exampleSites": [
                "dhgate.com",
                "bigl.ua",
                "ca.dhgate.com",
                "uk.dhgate.com",
                "uk.banggood.com",
                "www.banggood.com",
                "www.dhgate.com",
                "www.eataly.com",
                "www.elektra.com.mx",
                "www.milanoo.com"
            ]
        }
    ],
    "categories": [],
    "performance": {},
    "cookies": 0.000104,
    "types": {
        "Script": 20,
        "Image": 10
    },
    "nameservers": [
        "ns1.dondominio.com",
        "ns2.dondominio.com"
    ]
}