{
    "domain": "adsglobal.ru",
    "owner": {},
    "source": [
        "DuckDuckGo-US"
    ],
    "prevalence": 0.000139,
    "sites": 20,
    "subdomains": [],
    "cnames": [],
    "fingerprinting": 0,
    "resources": [
        {
            "rule": "adsglobal\\.ru\\/mark\\/",
            "cookies": 0.0000833,
            "fingerprinting": 0,
            "subdomains": [],
            "apis": {},
            "sites": 12,
            "prevalence": 0.0000833,
            "cnames": [],
            "responseHashes": [
                "c825a44973aefa338265ec1cc0dc80e5900078eb59509e0f87f4aa922f0c61d5",
                "0ddedb9fde8ed2291cd89f874aa302addc9aae3ac208911530c683845702a3c7",
                "6517ab7dc209f70c818d7ffe4c3eaee0d8489b9f23a0e08aa1ed42f7d84ba2a5",
                "011f72dafadb5e2682416c0c85cf510583dbbd356e1d349d5addfd21eed2b8d9",
                "12593d7dbd2390556b86781a6e3f9426e5f7b6949806388a4ec58c7702427d74",
                "d0dbef992ca9ff0d888d5787b1e319118a14258bbf38e29cf96c1f47b5dcd73f",
                "5aa55951174d41adb6abb92b404eb498aac43dfa1e5150edcf63edf5ed5fd570",
                "e3b0c44298fc1c149afbf4c8996fb92427ae41e4649b934ca495991b7852b855",
                "8285692cea64634a9420534bd74cc7592878d0da22b21bd4b80056b0830d2345",
                "09e7fd17a4cd8e7a15d26d7ae09774e253729e509091a7efc0511a6a39d6d2e2",
                "8c157f1657d318668ebeed1a1ef716c3ec9635e8f42b623756ad2a7661e66b63"
            ],
            "type": "Script",
            "firstPartyCookies": {},
            "firstPartyCookiesSent": {},
            "exampleSites": [
                "cont.ws",
                "cross.expert",
                "fanfics.me",
                "kg-portal.ru",
                "m.hotmovies.cc",
                "m.tizam.pro",
                "m.povar.ru",
                "povar.ru",
                "sprosivracha.com",
                "tizam.pro",
                "uniondht.org",
                "wifispc.com"
            ]
        }
    ],
    "categories": [],
    "performance": {},
    "cookies": 0.000139,
    "types": {
        "Script": 12
    },
    "nameservers": [
        "ns1.r01.ru",
        "ns2.r01.ru"
    ]
}