{
    "domain": "adsolut.in",
    "owner": {},
    "source": [
        "DuckDuckGo-US"
    ],
    "prevalence": 0.000173,
    "sites": 25,
    "subdomains": [
        "cpm"
    ],
    "cnames": [],
    "fingerprinting": 0,
    "resources": [
        {
            "rule": "adsolut\\.in\\/hb",
            "cookies": 0,
            "fingerprinting": 0,
            "subdomains": [
                "cpm"
            ],
            "apis": {},
            "sites": 15,
            "prevalence": 0.000104,
            "cnames": [],
            "responseHashes": [
                "ab395cba0a05a09673fef41b3ed604f0eeb474d573c5fe3c4f4e358d0342b5c1",
                "38994b78a985cdf57a085a33ea88d110df3faac816d3631c3374b2bb7ad6af06",
                "9665e8913690f7ab9935793c3551c12ebe1e8cf49ba462c119a9c5b3e53f8a90",
                "f255d80bf62c2cc3b76d4b8b12d2fa431b2de2e8fbf3135a990d5a73946f800b",
                "e3b0c44298fc1c149afbf4c8996fb92427ae41e4649b934ca495991b7852b855",
                "6707785821d56b816b066630d1cf6c0ec526c26cb2646f6669eb02c2f4b5a607",
                "c2c2b625fe6f22074277bb9bca2d5d6e633c3b52b76bdb4117ae478de708ae12",
                "e956528f0fa31d1f4e53d918ddb41dbb256ad195973fdb448daf8b0205919970",
                "16e6f1a986dfef0c8f2b966119066a685db8c1d63a13b54910e8725cd67370e4"
            ],
            "type": "XHR",
            "firstPartyCookies": {},
            "firstPartyCookiesSent": {},
            "exampleSites": [
                "detik.com",
                "finance.detik.com",
                "food.detik.com",
                "health.detik.com",
                "hot.detik.com",
                "inet.detik.com",
                "m.jagranjosh.com",
                "m.onlymyhealth.com",
                "news.detik.com",
                "newsable.asianetnews.com",
                "sport.detik.com",
                "wolipop.detik.com",
                "www.detik.com",
                "www.jagranjosh.com",
                "www.onlymyhealth.com"
            ]
        }
    ],
    "categories": [],
    "performance": {},
    "cookies": 0.0000069,
    "types": {
        "XHR": 15
    },
    "nameservers": [
        "mira.ns.cloudflare.com",
        "seth.ns.cloudflare.com"
    ]
}