{
    "domain": "adtarget.com.tr",
    "owner": {},
    "source": [
        "DuckDuckGo-US"
    ],
    "prevalence": 0.00353,
    "sites": 511,
    "subdomains": [
        "s.console",
        "sync.console",
        "ghb.console"
    ],
    "cnames": [],
    "fingerprinting": 1,
    "resources": [
        {
            "rule": "adtarget\\.com\\.tr\\/sync\\.html",
            "cookies": 0,
            "fingerprinting": 0,
            "subdomains": [
                "s.console"
            ],
            "apis": {},
            "sites": 363,
            "prevalence": 0.00251,
            "cnames": [],
            "responseHashes": [
                "d08213d6bec2ffbc813ca7522353c65a97241a26d89bc7964ae1805ca65c9e09",
                "769fb13dfd9d8910573715658208d739da83f51b618b43936add3e404e7710ab",
                "d87a44fbe50e1d5036f06ebe68b84a0c67dcb54bf36033b8af44013af134e92b",
                "10424daca90a3213938d84d8259098b2146af39aa01f3bdbee1d1b8f8d2f037c",
                "06cd6cbf17b313a09da75a7ab05a668d663358ca368f59d374cedd11287d2de9",
                "34e6dfb8b64a0e431e9bb85e6e2a007523e76e282e792248422850c3600165cb",
                "007768a9b6fce174d880fe1a65ce3444c98b52aa5965cc711ef3c7b443d60213",
                "6e1641c969a2431a41a21ca24e354a8eed0f6fd2b68024cc7437c6afc51eb026",
                "916f754be3ca32a361a7a4ebb50a8a66002fb9cec468d5be28e8501814f73cd9",
                "d65d6ebb115b2d467c2aea5c7d4e2e095120b801ff6743719f86eb2db924a5b7",
                "6d23eceee8ce846191ba1a465fcb4cbe44ddd4ea6f5a4d81a71952f3b37cb088",
                "07cbc527467c45f00c23b58f4f1ddf8165307ebbdbc176b5d87e2ff83c721d2c"
            ],
            "type": "Document",
            "firstPartyCookies": {},
            "firstPartyCookiesSent": {},
            "exampleSites": [
                "9gag.com",
                "acronyms.thefreedictionary.com",
                "bulbapedia.bulbagarden.net",
                "idioms.thefreedictionary.com",
                "issuu.com",
                "itsfoss.com",
                "medical-dictionary.thefreedictionary.com",
                "www.makeuseof.com",
                "www.researchgate.net",
                "www.snopes.com",
                "www.coloradopolitics.com",
                "www.automateexcel.com",
                "loudwire.com",
                "popnable.com",
                "hollowknight.wiki.fextralife.com",
                "theconstructor.org",
                "www.grandtournation.com",
                "www.tenforums.com",
                "www.wcostream.com",
                "www.tribdem.com"
            ]
        },
        {
            "rule": "adtarget\\.com\\.tr\\/csync",
            "cookies": 0.00242,
            "fingerprinting": 0,
            "subdomains": [
                "sync.console"
            ],
            "apis": {},
            "sites": 353,
            "prevalence": 0.00244,
            "cnames": [],
            "responseHashes": [
                "2dfe28cbdb83f01c940de6a88ab86200154fd772d568035ac568664e52068363",
                "e3b0c44298fc1c149afbf4c8996fb92427ae41e4649b934ca495991b7852b855"
            ],
            "type": "Image",
            "firstPartyCookies": {},
            "firstPartyCookiesSent": {
                "__adm_ui": 0.00008284832542822228
            },
            "exampleSites": [
                "9gag.com",
                "acronyms.thefreedictionary.com",
                "bulbapedia.bulbagarden.net",
                "idioms.thefreedictionary.com",
                "issuu.com",
                "itsfoss.com",
                "medical-dictionary.thefreedictionary.com",
                "www.makeuseof.com",
                "www.researchgate.net",
                "www.snopes.com",
                "www.thespread.com",
                "www.gismeteo.ua",
                "road.cc",
                "samurai-gamers.com",
                "itsgame7.com",
                "www.cleverism.com",
                "learnopengl.com",
                "www.crictracker.com",
                "www.trackitt.com",
                "forum.psnprofiles.com"
            ]
        },
        {
            "rule": "adtarget\\.com\\.tr\\/csync",
            "cookies": 0.00236,
            "fingerprinting": 0,
            "subdomains": [
                "sync.console"
            ],
            "apis": {},
            "sites": 344,
            "prevalence": 0.00237,
            "cnames": [],
            "responseHashes": [
                "e3b0c44298fc1c149afbf4c8996fb92427ae41e4649b934ca495991b7852b855"
            ],
            "type": "Document",
            "firstPartyCookies": {},
            "firstPartyCookiesSent": {},
            "exampleSites": [
                "9gag.com",
                "acronyms.thefreedictionary.com",
                "bulbapedia.bulbagarden.net",
                "idioms.thefreedictionary.com",
                "issuu.com",
                "itsfoss.com",
                "medical-dictionary.thefreedictionary.com",
                "www.makeuseof.com",
                "www.researchgate.net",
                "www.snopes.com",
                "www.dbstalk.com",
                "awfulannouncing.com",
                "www.carls-sims-3-guide.com",
                "www.superpages.com",
                "www.accuradio.com",
                "www.thexboxhub.com",
                "www.thetalko.com",
                "www.bank-codes.com",
                "uk.investing.com",
                "www.gismeteo.ua"
            ]
        },
        {
            "rule": "adtarget\\.com\\.tr\\/v2\\/auction\\/",
            "cookies": 0,
            "fingerprinting": 0,
            "subdomains": [
                "ghb.console"
            ],
            "apis": {},
            "sites": 8,
            "prevalence": 0.0000552,
            "cnames": [],
            "responseHashes": [
                "f71c47b7672cc2181a875433a9d8e4498f14390a46169590f057337df294688d",
                "d16f00f8bee761509ede265f3a7d8b0c1ebacf2fed5a4645255fd752429e4bb5",
                "115def194a76c0a51e78c882979141bc7e9b27e7c2d86e485a6ffe8e3184808f",
                "6f560f8d243061ae432beda2321d11f8335f7a751f76d185675746310ea82795"
            ],
            "type": "XHR",
            "firstPartyCookies": {},
            "firstPartyCookiesSent": {},
            "exampleSites": [
                "odatv4.com",
                "www.ahaber.com.tr",
                "www.fotomac.com.tr",
                "www.memurlar.net",
                "www.nedir.com",
                "www.ntv.com.tr",
                "www.sabah.com.tr",
                "www.sondakika.com"
            ]
        }
    ],
    "categories": [],
    "performance": {},
    "cookies": 0.00329,
    "types": {
        "Document": 707,
        "Image": 353,
        "XHR": 8
    },
    "nameservers": [
        "ns2.adtarget.com.tr",
        "ns1.adtarget.com.tr"
    ]
}