{
    "domain": "advertnative.com",
    "owner": {},
    "source": [
        "DuckDuckGo-US"
    ],
    "prevalence": 0.00018,
    "sites": 26,
    "subdomains": [
        "click"
    ],
    "cnames": [],
    "fingerprinting": 0,
    "resources": [
        {
            "rule": "advertnative\\.com\\/test\\/iframe_7747\\.html",
            "cookies": 0,
            "fingerprinting": 0,
            "subdomains": [],
            "apis": {},
            "sites": 11,
            "prevalence": 0.000076,
            "cnames": [],
            "responseHashes": [
                "03daa02f3b08c821e9e4983cddfe34045ef8af730cce03fe1515cab6fe1de19d"
            ],
            "type": "Document",
            "firstPartyCookies": {},
            "firstPartyCookiesSent": {},
            "exampleSites": [
                "tribunnews.com",
                "aceh.tribunnews.com",
                "jabar.tribunnews.com",
                "kaltim.tribunnews.com",
                "m.tribunnews.com",
                "makassar.tribunnews.com",
                "medan.tribunnews.com",
                "pekanbaru.tribunnews.com",
                "pontianak.tribunnews.com",
                "sumsel.tribunnews.com",
                "www.tribunnews.com"
            ]
        },
        {
            "rule": "advertnative\\.com\\/loading\\/",
            "cookies": 0,
            "fingerprinting": 0,
            "subdomains": [
                "click"
            ],
            "apis": {},
            "sites": 23,
            "prevalence": 0.000159,
            "cnames": [],
            "responseHashes": [
                "18ed9f86e827a35cb1d1bcb95c8da9824b67bcd8a86927b334bd84ef79e038cd",
                "46ea6eb7945441c96a9d6ca0293f0286c49f3b1613b54e20d5bcf9198f7ce9f9",
                "1da29e43fb953fc238d1ec2c5ca4386200066b95993aa5148ebeea1b204b4f58",
                "5fbbd0e8490ab76278b10d6df75bb508a32a36ee07cca488466224b3cfdc689c",
                "c03b9b0ed2bfca498d01fe9147ca68aa6ef386aecbb3bdf6cee7c1ed470e6dd7",
                "eca73ee5b52413bfb019a323cee7c6d4a0b39c3fcd31d52bbcf305e4b64b8241",
                "c2405ff7b5e94620bf86b2a9bc28976cba86f2382fe5b6d36d12d2b4281af580",
                "b3c0a54f45fcd5ce621c661780529100ee28009dec811ee54e95b3dc7ddea555",
                "3fcc7c00c73d4c4960967f4c7c505d1fbb984d65b010eb9a8218d0c8c1682e3a",
                "f13def5112c448a04047a433c3b6da0fbe8e616dcc46b892406cc28544a50e0f"
            ],
            "type": "Script",
            "firstPartyCookies": {},
            "firstPartyCookiesSent": {},
            "exampleSites": [
                "malang.ayoindonesia.com",
                "aceh.tribunnews.com",
                "sumsel.tribunnews.com",
                "www.ayobandung.com",
                "www.indozone.id",
                "m.brilio.net",
                "medan.tribunnews.com",
                "pekanbaru.tribunnews.com",
                "jabar.tribunnews.com",
                "tribunnews.com",
                "kaltim.tribunnews.com",
                "news.okezone.com",
                "m.tribunnews.com",
                "www.kompasiana.com",
                "www.tribunnews.com",
                "lifestyle.okezone.com",
                "daerah.sindonews.com",
                "celebrity.okezone.com",
                "www.medcom.id",
                "pontianak.tribunnews.com"
            ]
        },
        {
            "rule": "advertnative\\.com\\/storage\\/logo\\/all_an_white_4\\.png",
            "cookies": 0,
            "fingerprinting": 0,
            "subdomains": [],
            "apis": {},
            "sites": 23,
            "prevalence": 0.000159,
            "cnames": [],
            "responseHashes": [
                "eb0d12d2937d2ddc431cae68c1b3133bf500a838940bf287acb620267e9c7d31"
            ],
            "type": "Image",
            "firstPartyCookies": {},
            "firstPartyCookiesSent": {},
            "exampleSites": [
                "daerah.sindonews.com",
                "jabar.tribunnews.com",
                "sumsel.tribunnews.com",
                "pontianak.tribunnews.com",
                "www.indozone.id",
                "malang.ayoindonesia.com",
                "lifestyle.okezone.com",
                "www.medcom.id",
                "celebrity.okezone.com",
                "news.okezone.com",
                "m.brilio.net",
                "www.brilio.net",
                "aceh.tribunnews.com",
                "www.kompasiana.com",
                "pekanbaru.tribunnews.com",
                "www.ayobandung.com",
                "medan.tribunnews.com",
                "www.tribunnews.com",
                "makassar.tribunnews.com",
                "tribunnews.com"
            ]
        }
    ],
    "categories": [],
    "performance": {},
    "cookies": 0,
    "types": {
        "Document": 11,
        "Script": 23,
        "Image": 23
    },
    "nameservers": [
        "ns29.domaincontrol.com",
        "ns30.domaincontrol.com"
    ]
}