{
    "domain": "adverticum.net",
    "owner": {
        "name": "Adverticum Zrt.",
        "displayName": "Adverticum Zrt"
    },
    "source": [
        "DuckDuckGo-US"
    ],
    "prevalence": 0.000304,
    "sites": 44,
    "subdomains": [
        "ad",
        "forrest",
        "imgs"
    ],
    "cnames": [],
    "fingerprinting": 2,
    "resources": [
        {
            "rule": "adverticum\\.net\\/g3\\.js",
            "cookies": 0.00011,
            "fingerprinting": 2,
            "subdomains": [
                "ad"
            ],
            "apis": {
                "Navigator.prototype.userAgent": 19,
                "window.localStorage": 19,
                "window.sessionStorage": 19,
                "Document.cookie getter": 15,
                "Navigator.prototype.language": 19,
                "Navigator.prototype.javaEnabled": 19,
                "Navigator.prototype.mimeTypes": 19,
                "Navigator.prototype.plugins": 19,
                "Screen.prototype.colorDepth": 19,
                "Screen.prototype.availWidth": 19,
                "Screen.prototype.availHeight": 19,
                "Date.prototype.getTime": 14,
                "Document.cookie setter": 16,
                "Event.prototype.timeStamp": 6,
                "HTMLMediaElement.prototype.canPlayType": 1
            },
            "sites": 20,
            "prevalence": 0.000138,
            "cnames": [],
            "responseHashes": [
                "286aea4c6d3fef97dab346a6890cb6c78658180d4b372b3883246e36a575c2d0",
                "954d114b87211f149201b132cb9702ab0590f9a89cbca5c91ace16a7105d4c22",
                "a6aa886edddfdf5ec97d0a022f60708e232685fe4434fd9210b27c80d0d3bc8f",
                "d1c4c8cade6e702e3c8facbd14493edbd74490b7925930b23f3eb4dc02061ed1",
                "dff5b273ffb08f5f27730b22799e81eb729e0258fd92f7110c5f8d9806f7d535",
                "07da289e61200a5f24741610db03990844d1705cc766495e4e80585d9bb1e8b0"
            ],
            "type": "Script",
            "firstPartyCookies": {
                "_goa3GDPR": {
                    "ttl": 63072002,
                    "length": 47,
                    "prevalence": 0.000055233360950013806,
                    "uniqueness": 1
                },
                "_goa3": {
                    "ttl": 63072006,
                    "length": 30,
                    "prevalence": 0.00010356255178127589,
                    "uniqueness": 0.06666666666666667
                },
                "_goa3test": {
                    "ttl": 63072006,
                    "length": 35,
                    "prevalence": 0.00010356255178127589,
                    "uniqueness": 1
                },
                "_goa3session": {
                    "ttl": 172805,
                    "length": 26,
                    "prevalence": 0.00010356255178127589,
                    "uniqueness": 1
                }
            },
            "firstPartyCookiesSent": {},
            "exampleSites": [
                "24.hu",
                "accounts.freemail.hu",
                "hvg.hu",
                "ingatlan.com",
                "koponyeg.hu",
                "mandiner.hu",
                "menetrendek.hu",
                "net.jogtar.hu",
                "topszotar.hu",
                "videa.hu",
                "www.ceginformacio.hu",
                "www.funpic.hu",
                "www.hazipatika.com",
                "www.hirstart.hu",
                "www.jofogas.hu",
                "www.libri.hu",
                "www.mindmegette.hu",
                "www.nosalty.hu",
                "www.origo.hu",
                "www.vatera.hu"
            ]
        },
        {
            "rule": "adverticum\\.net\\/scripts\\/goa3\\/main\\/2\\.14\\.3b5\\/goa3\\.js",
            "cookies": 0,
            "fingerprinting": 0,
            "subdomains": [
                "ad"
            ],
            "apis": {},
            "sites": 20,
            "prevalence": 0.000138,
            "cnames": [],
            "responseHashes": [
                "a6aa886edddfdf5ec97d0a022f60708e232685fe4434fd9210b27c80d0d3bc8f",
                "d1c4c8cade6e702e3c8facbd14493edbd74490b7925930b23f3eb4dc02061ed1"
            ],
            "type": "Script",
            "firstPartyCookies": {},
            "firstPartyCookiesSent": {},
            "exampleSites": [
                "24.hu",
                "accounts.freemail.hu",
                "hvg.hu",
                "ingatlan.com",
                "koponyeg.hu",
                "mandiner.hu",
                "menetrendek.hu",
                "net.jogtar.hu",
                "topszotar.hu",
                "videa.hu",
                "www.ceginformacio.hu",
                "www.funpic.hu",
                "www.hazipatika.com",
                "www.hirstart.hu",
                "www.jofogas.hu",
                "www.libri.hu",
                "www.mindmegette.hu",
                "www.nosalty.hu",
                "www.origo.hu",
                "www.vatera.hu"
            ]
        },
        {
            "rule": "adverticum\\.net\\/z",
            "cookies": 0.000131,
            "fingerprinting": 0,
            "subdomains": [
                "ad"
            ],
            "apis": {},
            "sites": 19,
            "prevalence": 0.000131,
            "cnames": [],
            "responseHashes": [
                "5c16923371662f6ac7b7f96faaf24ddca4c551e496c8d80ad1e80f826bb31487",
                "d37b636e986ec22d639ce7023991beb8c5d48a35b733c756df4140427957ffa8",
                "bbb7b4b4dfbda02e24bd961cc7141afe68ab086dd7e4ad9cf01292fbf885f764",
                "2922bf86ad9d09dcb699caead2b1db13901f03be8ac12906fbaf13ada2cebef7",
                "3ff527cd7b28065d9680d6db24654be84adc4e41effda82245cdc7a67084d338",
                "a586601ede5ac0db93309265aed293572b0e52612ecaaeb6ee22ef631cd6185b",
                "a8478244bc537f21e3756d18461c06467b3e6b852b33c8ba8663e11b6506a73b",
                "14a34d8b07f4873e834d36916e788dfdbd9d082c2ed74f2e49cd71de290acf56",
                "3d2e53b066c312768f2ae451bf97d00ffa7c40fbc40fc91b15aaf9032ca07f01",
                "43a64f64414b1ea326959afe6c9c67b132e9581096fb8d4c3d3df7da360d3130",
                "827146d010f9fac713727ae3bdbf0602ff61b14efb007a4f77cd645259bcb4fb",
                "6f34261d7a7184db9ff86dc5db91cc2351c3d342ca4e39cdac69e5fc832debd6",
                "c079b012cdd86c329aefd5f06b42c6151f09f13ecf4f3097efccccfbf6f3b867",
                "de03b8c46830fe9d17a799ba11408861d255aba76adb997f95b298347d3a93d6",
                "a30109978ad312bfcff6bbcf5e1fe9a6fc971038e8ef75916468ceef83a4f8be",
                "3fa92d0fde25d5a34f7c673a82f8a5648c4b58ca6764b75f2db15b7c6c98d124",
                "36e495c115d3f2eee4a26b1f5a5c9323729c9e1856f3df80f9f9a8a4bcb3451a",
                "9826fbce6c547708f496c9ec5eb847d4114c7e9c35570fc515b0c3f5a741facb"
            ],
            "type": "Script",
            "firstPartyCookies": {},
            "firstPartyCookiesSent": {
                "_goa3GDPR": 0.00004142502071251036
            },
            "exampleSites": [
                "24.hu",
                "accounts.freemail.hu",
                "hvg.hu",
                "ingatlan.com",
                "koponyeg.hu",
                "mandiner.hu",
                "menetrendek.hu",
                "net.jogtar.hu",
                "topszotar.hu",
                "videa.hu",
                "www.ceginformacio.hu",
                "www.funpic.hu",
                "www.hazipatika.com",
                "www.hirstart.hu",
                "www.jofogas.hu",
                "www.libri.hu",
                "www.mindmegette.hu",
                "www.nosalty.hu",
                "www.origo.hu"
            ]
        },
        {
            "rule": "adverticum\\.net\\/s",
            "cookies": 0,
            "fingerprinting": 0,
            "subdomains": [
                "ad"
            ],
            "apis": {},
            "sites": 12,