{
    "domain": "advg.jp",
    "owner": {
        "name": "OPT Inc.",
        "displayName": "OPT"
    },
    "source": [
        "DuckDuckGo-US"
    ],
    "prevalence": 0.000167,
    "sites": 22,
    "subdomains": [
        "ds",
        "dex",
        "v6"
    ],
    "cnames": [],
    "fingerprinting": 1,
    "resources": [
        {
            "rule": "advg\\.jp\\/adpds_deliver\\/js\\/pjs\\.js",
            "cookies": 0,
            "fingerprinting": 1,
            "subdomains": [
                "ds"
            ],
            "apis": {
                "Navigator.prototype.userAgent": 8,
                "Navigator.prototype.plugins": 8,
                "Date.prototype.getTime": 8
            },
            "sites": 8,
            "prevalence": 0.0000607,
            "cnames": [],
            "responseHashes": [
                "223bb76f9f6f6a5408d04b4ded906c43c8b0e7995764cc53c0f679df53291cf4"
            ],
            "type": "Script",
            "firstPartyCookies": {},
            "firstPartyCookiesSent": {},
            "exampleSites": [
                "alc.co.jp",
                "eow.alc.co.jp",
                "epark.jp",
                "geinoukame.blog.fc2.com",
                "pmall.gpoint.co.jp",
                "www.alc.co.jp",
                "www.ehonnavi.net",
                "www.enjoytokyo.jp"
            ]
        },
        {
            "rule": "advg\\.jp\\/adpds_deliver\\/p\\/js",
            "cookies": 0.0000835,
            "fingerprinting": 0,
            "subdomains": [
                "ds"
            ],
            "apis": {},
            "sites": 11,
            "prevalence": 0.0000835,
            "cnames": [],
            "responseHashes": [
                "8553449483b4222cd166322e8a8225631a9fcbdd3f02babcc6264752f7cdb0e3",
                "e3b0c44298fc1c149afbf4c8996fb92427ae41e4649b934ca495991b7852b855",
                "caf6f775c8bcd0a65ea08c1186489c63d7e9c5a231f3610366faf8c1b7ebc6a7",
                "ca6ad8b08274a50f86fbea88ce595c560eec75481c68f23a7d9002c79b1fe470",
                "2b6572682a5908b296e9443d062788994ce56dae366bcc7a2f86bc836000e5c3",
                "3590e6239549f5c5b651cd634c7dd10e0f1c3ee11762dbaeb148f2d70c6bd357",
                "eea9a8425991eaea972cb657d44672474fe905ea4cccdca57046caee036b10c5",
                "ccacd096e29180e7c9621b9631c51ad255aa972f140730cda42433c5fb7275c7",
                "621400a5ab44a61abf745fdb7cbacd6f9735e58f0c93a292dbbad6be8aef5716"
            ],
            "type": "Script",
            "firstPartyCookies": {},
            "firstPartyCookiesSent": {},
            "exampleSites": [
                "alc.co.jp",
                "eow.alc.co.jp",
                "epark.jp",
                "geinoukame.blog.fc2.com",
                "pmall.gpoint.co.jp",
                "www.4gamer.net",
                "www.alc.co.jp",
                "www.cyzowoman.com",
                "www.ehonnavi.net",
                "www.enjoytokyo.jp",
                "www.kusurinomadoguchi.com"
            ]
        },
        {
            "rule": "advg\\.jp\\/adpds_deliver\\/dscc\\/tag_page\\.jsp",
            "cookies": 0.0000152,
            "fingerprinting": 0,
            "subdomains": [
                "ds"
            ],
            "apis": {},
            "sites": 2,
            "prevalence": 0.0000152,
            "cnames": [],
            "responseHashes": [
                "4dcc966b26e90fe69a3064939e577428ecc245ba6f02917e3aceaaad2c3726a4"
            ],
            "type": "Script",
            "firstPartyCookies": {},
            "firstPartyCookiesSent": {},
            "exampleSites": [
                "ehonnavi.net",
                "www.ehonnavi.net"
            ]
        },
        {
            "rule": "advg\\.jp\\/dx\\/p\\/us0",
            "cookies": 0,
            "fingerprinting": 0,
            "subdomains": [
                "dex"
            ],
            "apis": {},
            "sites": 2,
            "prevalence": 0.0000152,
            "cnames": [],
            "responseHashes": [],
            "type": "Script",
            "firstPartyCookies": {},
            "firstPartyCookiesSent": {},
            "exampleSites": [
                "skincare-univ.com",
                "www.skincare-univ.com"
            ]
        },
        {
            "rule": "advg\\.jp\\/adpv6\\/pv\\.js\\/4gs",
            "cookies": 0,
            "fingerprinting": 0,
            "subdomains": [
                "v6"
            ],
            "apis": {},
            "sites": 2,
            "prevalence": 0.0000152,
            "cnames": [],
            "responseHashes": [
                "dcccfc67d1653b92f31a85ebb9c5d1270b6191837cf68e1a3fe0d5845efb1048"
            ],
            "type": "Script",
            "firstPartyCookies": {},
            "firstPartyCookiesSent": {},
            "exampleSites": [
                "yamada-denkiweb.com",
                "www.yamada-denkiweb.com"
            ]
        }
    ],
    "categories": [],
    "performance": {},
    "cookies": 0.000121,
    "types": {
        "Script": 25
    },
    "nameservers": [
        "ns-1891.awsdns-44.co.uk",
        "ns-244.awsdns-30.com",
        "ns-801.awsdns-36.net",
        "ns-1399.awsdns-46.org"
    ]
}