{
    "domain": "adxadserv.com",
    "owner": {},
    "source": [
        "DuckDuckGo-US"
    ],
    "prevalence": 0.000236,
    "sites": 34,
    "subdomains": [
        "static",
        "ads"
    ],
    "cnames": [],
    "fingerprinting": 3,
    "resources": [
        {
            "rule": "adxadserv\\.com\\/js\\/adb\\.js",
            "cookies": 0,
            "fingerprinting": 1,
            "subdomains": [
                "static"
            ],
            "apis": {
                "Screen.prototype.width": 11,
                "Screen.prototype.height": 11,
                "Date.prototype.getTime": 16
            },
            "sites": 17,
            "prevalence": 0.000118,
            "cnames": [],
            "responseHashes": [
                "26ec90d22570d3951bcd6006eefe2d622a85ef89598d75418dda23cbae996dc8"
            ],
            "type": "Script",
            "firstPartyCookies": {},
            "firstPartyCookiesSent": {},
            "exampleSites": [
                "avgle.com",
                "desibahu.com",
                "hentaifromhell.org",
                "highporn.net",
                "ja.javhub.net",
                "japanhub.net",
                "jav.la",
                "jav.sh",
                "javfree.la",
                "javhub.net",
                "javla.tv",
                "javrank.com",
                "kantotin.com",
                "muchohentai.com",
                "sexkbj.com",
                "supjav.com",
                "xjavtube.com"
            ]
        },
        {
            "rule": "adxadserv\\.com\\/ad",
            "cookies": 0,
            "fingerprinting": 0,
            "subdomains": [
                "ads"
            ],
            "apis": {},
            "sites": 18,
            "prevalence": 0.000125,
            "cnames": [],
            "responseHashes": [
                "23f3016b6f6a078ac2758513cdcc8a7a1ef0c6a31fbd8a397d538f42192a9539",
                "62371067e149bb640394899452cef937d9d8a431965c3a7659b6aec37e24fa2b",
                "a8cca88e2ac85c7260f763a8397776cee2f156783b15c323f06914d91ec7d367",
                "0ca434ba211f71cb083b8be8a6effc6d9c537b7929ed98f7caff8077b4efa649",
                "123dba3294f84cf0b20e08e6d1db90b901c1e51be1cd14c07e7a2ae19a769c8b",
                "ae433fffbf0bdd6b0608f5b0020a90f52236214c5b24c04b214943d3656184a1",
                "1c35ff5e1eb0bb6d3b6ff6b4f7c4016463f51c0cbdd8e24e22f251bac82b4de4",
                "ad0103155e4b88a3188ceb0f8c984edf34fd620d4ec2fcb4be8c7651152d41a0",
                "7dcad0d693d9929af7f2f53b0fb3aec38058578a33f013229357f043474252c4",
                "ff61bdad0d48268f17e1f0e2aa189788de88b7229b6ed255e75d9edd8916f04a",
                "ef4d92083f41fba26d46add9e25fbff03e8246efa33fa120d475838cfe88711a",
                "6ccb6f0e97556daa8b7a939592162d9561640de6ea8db7ab062f2a420def7530",
                "074ed9eea862190ae617a34ea55017a08b1745536af91e665b61630e8e5cecf6",
                "d6ddee3591c05c056b491dae60960c595f82b7ab1519732ba3f2afcad1a78761",
                "0bf827cc622cfea278dc15fc73066bdb823cd8881fdbf030b8d648989b827261",
                "2aafc5fa71334b2359f911927e920211c19420d04369823d7a94d5a97c740111",
                "b5284217a8bee6606f4109e5c43abd4cd94bb8cbd821156ffce4f42445a82cfa"
            ],
            "type": "Document",
            "firstPartyCookies": {},
            "firstPartyCookiesSent": {},
            "exampleSites": [
                "avgle.com",
                "desibahu.com",
                "hentaifromhell.org",
                "highporn.net",
                "ja.javhub.net",
                "japanhub.net",
                "jav.la",
                "jav.sh",
                "javfree.la",
                "javhub.net",
                "javla.tv",
                "javrank.com",
                "kantotin.com",
                "muchohentai.com",
                "sexkbj.com",
                "supjav.com",
                "videoslounge.com",
                "xjavtube.com"
            ]
        },
        {
            "rule": "adxadserv\\.com\\/css\\/wm\\.css",
            "cookies": 0,
            "fingerprinting": 0,
            "subdomains": [
                "static"
            ],
            "apis": {},
            "sites": 17,
            "prevalence": 0.000118,
            "cnames": [],
            "responseHashes": [
                "425ada380ee0eea11f25db022a49856977415561b9728b9add91e5a79edd10e3"
            ],
            "type": "Stylesheet",
            "firstPartyCookies": {},
            "firstPartyCookiesSent": {},
            "exampleSites": [
                "avgle.com",
                "hentaifromhell.org",
                "highporn.net",
                "ja.javhub.net",
                "japanhub.net",
                "jav.la",
                "jav.sh",
                "javfree.la",
                "javhub.net",
                "javla.tv",
                "javrank.com",
                "kantotin.com",
                "muchohentai.com",
                "sexkbj.com",
                "supjav.com",
                "videoslounge.com",
                "xjavtube.com"
            ]
        },
        {
            "rule": "adxadserv\\.com\\/ascripts\\/gcr\\.js",
            "cookies": 0.000111,
            "fingerprinting": 3,
            "subdomains": [],
            "apis": {
                "window.localStorage": 16,
                "Date.prototype.getTime": 16,
                "Navigator.prototype.userAgent": 16,
                "Navigator.prototype.language": 16,
                "Screen.prototype.colorDepth": 16,
                "Navigator.prototype.deviceMemory": 11,
                "window.devicePixelRatio": 16,
                "Navigator.prototype.hardwareConcurrency": 16,
                "Screen.prototype.width": 16,
                "Screen.prototype.height": 16,
                "Screen.prototype.availWidth": 16,
                "Screen.prototype.availHeight": 16,
                "Date.prototype.getTimezoneOffset": 16,
                "Intl.DateTimeFormat.prototype.resolvedOptions": 16,
                "window.sessionStorage": 16,
                "window.indexedDB": 16,
                "Navigator.prototype.platform": 16,
                "Navigator.prototype.doNotTrack": 16,
                "Navigator.prototype.appName": 16,
                "Navigator.prototype.plugins": 16,
                "CanvasRenderingContext2D.prototype.isPointInPath": 16,
                "HTMLCanvasElement.prototype.toDataURL": 16,
                "WebGLRenderingContext.prototype.getSupportedExtensions": 16,
                "WebGLRenderingContext.prototype.getParameter": 16,
                "WebGLRenderingContext.prototype.getContextAttributes": 16,
                "WebGLRenderingContext.prototype.getExtension": 16,
                "WebGLRenderingContext.prototype.getShaderPrecisionFormat": 16,
                "Navigator.prototype.languages": 16,
                "Navigator.prototype.maxTouchPoints": 16,
                "Navigator.prototype.productSub": 16,
                "Document.cookie getter": 16,
                "Document.cookie setter": 16,
                "Navigator.prototype.mediaDevices": 13
            },
            "sites": 18,
            "prevalence": 0.000125,
            "cnames": [],
            "responseHashes": [
                "4c17d8e0fa184b34585cee448d6ea434eb24e5f70f9b79fb905d632f1155c4bb"
            ],
            "type": "Script",
            "firstPartyCookies": {},
            "firstPartyCookiesSent": {},