{
    "domain": "adxpremium.services",
    "owner": {},
    "source": [
        "DuckDuckGo-US"
    ],
    "prevalence": 0.00102,
    "sites": 148,
    "subdomains": [
        "rtb",
        "user-sync",
        "sync-amp",
        "mrtb",
        "s333",
        "s2"
    ],
    "cnames": [],
    "fingerprinting": 0,
    "resources": [
        {
            "rule": "adxpremium\\.services\\/openrtb2\\/auction",
            "cookies": 0,
            "fingerprinting": 0,
            "subdomains": [
                "rtb"
            ],
            "apis": {},
            "sites": 90,
            "prevalence": 0.000622,
            "cnames": [],
            "responseHashes": [
                "fc45837db7a015d1ea726282d68a05a7b3b851405794156b7fb4c089770ca7fb",
                "882ed016d1c9ed853fb5f600338e138a898b41edc12d14b32e51953749a31814",
                "903f30a5f8460430f9685c64db2133c31eba519faecf4edf3b059e9ca9ccfaf5",
                "25c98c7b34eb3595d05a48c90dd243e278da03ffb45c00b9fe960abc57f426a7",
                "3d4531b3e8c6e1e107350fd55567ebf1d0e2a6155f2bacef3c098928f50bcf18",
                "a11c11f8ce78d668206e39cdb8ee9cfe35b17092c82f2b4f356a6c49f99c6210",
                "952cc639c076a9a83553c172982ea08ddfda387604c4845efa47d36e92ca2edb",
                "23fa55bb9ecafea5305ab3859ffb27f94d0a74a113aba047d897dc021370d492",
                "44b7256fa728f6c3b6897b6c998595523c97394c880a1764aed5a0df1490f1be",
                "d1d13e830fc6b3463669878573a98a1e442bfeea3ef47eab994ed0ea37f2bb5e",
                "c4d00b0b1c72b375bb4b51c643b8df1a0fe83827b5c10323d9c7b88c5a96f947",
                "57f333836b9c99c5ef81af06ad3ef9bf7be9742f1b43d2e223fb93416e157b57",
                "5639d5da1cd444982f5d43bce0a28a0d4f0d58872b7b658842c9baf77c8aa216",
                "5b158d2c85d9c22f70a99e99980b66e5cf41fd8ccf5351a3e43fe740589d872a",
                "ffd4f39a56e31e73cd84b3b663305ee3cbb9ceaf0e4fca7e444f13292e55397c",
                "787a2968137cd6a11a924496514dc185b1307beb944a416d4924890ca6e7fd80",
                "cafd1217acc0c1301e02df306622eccd671f31b9eaa6be4523654f35c8fc3890",
                "f22dc105630d59f706ee64b89ddb862df2b5e34fc0a4ebb34917897b42ab6e2a",
                "b306068b7df5629ae7722c1737e8fe0cac7e3cfca3c91a1085e6ac0a228b8173",
                "3228c501e55222b987c1069c54f77d983184336c72919bd85243f297481f74e9",
                "1303452f2546751b7b07ea39e8a6ed51f1fe539a610c32f978c729e6d0e7ee70",
                "081c734cdb3f7008aa340aca1bd5c2c216d09946e4c9295b265e2080e4472882",
                "959ddfe00bc7b450049779befa736468dc5a60669aff28e5b138e12930caa1a4",
                "b7e15d2ea3f3c302e40388e442d5a8e372c0de0e7511538fce1fa49af861d2ff",
                "7655cd63be8aafc6ff405f48e7092a3cf46673d5f658052ec427a6ad7431fb91",
                "8a25dac4c223331f5ddaffe10f63923dd10d8af591d16b13a8daad07435d837b",
                "d0fc812bdbf5c048c55b63deffc9635cd53689935a937b8d14e9b4e21c41d780",
                "69c0c69716a4491b9b36ede888cc01568983cc0c8b5370d23546419616be33ab",
                "2e093976ea3fa57234d396a642a7c4c3773edae85d0e40169d2d649bcab11d44",
                "5a4cdab5f7362af6b23a7c94fd9821dced76d306c27b6e15d1be033953cdb1c2",
                "98a02bfb11afdd84c1b96f83a6b00fb5a2006af83689fd25f5db64e5eaf79d9e",
                "2f9ba8bc76ef03b78bebbbe170ed629ff6f7dbcfcb454601f2e215a6e8342254",
                "2ba012eb40959d94c033d3246f1123122f31a9f20c8c000cd497f1764cc870a4",
                "d80f00a6aa318219bd10349d88a565f43c95b5170537bcfa065d962ae4d30c69",
                "84405b9e30bd0f9d6a904ba609f16af50ea8a20928680d9e0d2da19593e047ab",
                "87601b139ec2f51dd64fd1d39d3435cd6872a6a43330490cc08b3c56ff1fdc74",
                "ea1369e9e5497188e78e92ee61716fb998faabac301614ea0d79d2a124c643f1",
                "8916163b56083981e35e38dbf9dc22daeab28a747e20728b4f6a00df11ad62a4",
                "243f5fb7003b16f5b3d2cd02c355c39de04f1162cf57180c446680ceeaaa53aa",
                "aec5d55f8f1d94434f3423a099b75351358f602c6bf9c868b7f49bd06aade488",
                "60db0c03cd14a84aa0db7cee00d08257e0d9d7b6ffadc6c51328ea8b57e5fc02",
                "873825c489bd127b46a733c5959728c26597e28364099decd68cd604ba486f63",
                "2719776ac420301895c53f66203faa94d6213d4990e498415b746ee0a2d0c4a1",
                "7abb71bbf57c5cb304317d4b93126121203e1fb232fc7e96d0b0016647dd7027",
                "6de511430bf424de6eae96a58961d3724a623dc543ea4bb1747f52e2fead9c88",
                "2a55d9cb52fc1a5204eebfd517c1e1c0cf2bb7124640ac7601e4210be2d0bd7c",
                "266f091edcca4c3908f39581953edc94492a92be457550c8db8646bf3499c87e",
                "29ac2908109f6734b7151fc828f4a24ba916223b37c3f267d4bd6e159d560e50",
                "536aad4d89984cb62c465a3ddf3045f21837da901f090e0fddce1f2e252a20c4",
                "1cdfa20f858957a62100d3999dfd81bde6ce53d865ba3baa33bfc7833b6d5610",
                "697d56772bab7294e8c568b1c4756209492cf09ac03b565ae86d1b914054e6f7",
                "46be60aafa34e67e017a9ed4c158cac3e45fa80a1fe1901d5b61eecc1f79d679",
                "3f006908e41b308803aede9d50241cbf23209cf3a7516d2fdb95ea5682db0b6d",
                "9145cf37558931f490227979ca3f687556a701d50fd393cb23c6406f8450e198",
                "a1c18be4d24ec12ea01d97c24a3d7e34875adc32a345bb03fa14f1b452d0a198",
                "71eaa218fb3fdd22aac38d864d413e7383a1ea27f40aa30b474147e8981640dc",
                "61d66ce2dd53edad5f389bdae5b665ad4701bb0d5d004ccabf0a1c885f236a90",
                "002cf8354b6628ace29c12514cb38fb1870f0d340081186e9c6d8fe527f3e8f6",
                "a03f9668f32c57aa6014e4b65737faa53ad5689f341124a5e208e2fc180be371",
                "697609b21fc6dcf9822b80423f21c76518c584e6161cde084447608241f22128",
                "002960456b4b42f11afd27342bc78dac9e82fad9b21e4ae85d21831264f35141",
                "968fc40f02f1ece28ddf331e9f29fb48363cc5c011baf8b9b3164b5713a1d6df",
                "70e99fc65735586f70a78f5b7138426ac08ed365ee8cf9288162539fcd528b74",
                "48714ea82b6ce24012f497ada6d87c7da39ffa884f66d4349c6f398bc319e7fe",
                "50b4828acfd45e5195bc0355f4604eec09fd611393b8dfebd2947daccff8c0d2",
                "558d58912b0e876dbf1be0faa8ad4e242038302dba8ce688cd7ca1e6e9918b51",
                "8bb136ba5806cf9c852a1ecfb7279941f711264f4d1068d2f896204d3b43b521",
                "2f02bcd2eaaf2525812b9ccf265bd61a3559fab74860c3ce2fd2f1b14f4b0351",
                "f0851ab43466415b3ae0208b8ac5345bc7a932d4fdc732d41d073859e7e2835b",
                "b6e20fd2d27269ef61bb9fd5a1e0c1e90c1f1a615443d26c24cfc6529418e680",
                "f72baf18f7d20aedec111e092fc5599df4c6bf380075d17054b14e5dafe3aeac",
                "7297bc1d3ca93a8990a274737a7b82a289ed006bb93821c8fde6c7abad7bb62f",
                "36e5931b7544c1468878d1b1f33831f5a8d5f016c90877663f13ef2fce954ef4",
                "a8c7a4cea898c22fc17cdceeded39f74b224daae5696f1a789fa1662ad74b631",
                "cd60a5cd0390dab54f74e52937756c180b04ef2747ec252f9038b370244e0e34",
                "c0245f337a10391faae8e5886d46668e39a51bd8109afadde82e0f697e9055b0",
                "dc14fc04875f804cdba9e018ac7336f929f696a63a9dd6a55b7789de28125a6b",
                "f2132603a4274d0ba470f7d218af568c74240e609659993c94f8fae9859865a9"
            ],
            "type": "XHR",
            "firstPartyCookies": {},
            "firstPartyCookiesSent": {},