{
    "domain": "afi-b.com",
    "owner": {
        "name": "For it Inc.",
        "displayName": "For it"
    },
    "source": [
        "DuckDuckGo-US"
    ],
    "prevalence": 0.000159,
    "sites": 23,
    "subdomains": [
        "t"
    ],
    "cnames": [],
    "fingerprinting": 1,
    "resources": [
        {
            "rule": "afi-b\\.com\\/jslib\\/lpcv\\.js",
            "cookies": 0.0000069,
            "fingerprinting": 1,
            "subdomains": [
                "t"
            ],
            "apis": {
                "Document.cookie getter": 11,
                "window.localStorage": 10,
                "Document.cookie setter": 1
            },
            "sites": 11,
            "prevalence": 0.0000759,
            "cnames": [],
            "responseHashes": [
                "0817bfa411b74b605823f8766f410bbc12b9770daa25f3cfb5b9a5b1d98f547a",
                "c94a289941a241333d961c3718e1774f967cbfcde350d232c5a05c572c6fb3ac",
                "30c66c26899fb9bef09c5620708b402cdf4e18d68acf31e86841f8db545dc0bd",
                "0ae1b97a5ca32d01f932701403a2c7dccf0898258108fdb60fc8d929e7ab6850",
                "c4a7b795da25c4a4a30154260a309519f7c71fd6b4d1ab0cea14fe6a00a2dee5",
                "6b7348e8f133f0083bc12ca0b3d57292a69dad83b49000378fc7ff6dec74ce7e",
                "70aeba7743144511e42b8aa5bf9cc9fe073dc415b863f36d6d595573a1c812d9",
                "34125cd2e4b4757a5600c8284d3da4e43677ec1f44b4efd76aa4df20c5d8b9b4",
                "32d0bb27383c692e090e7296f6a9a366dd721238d03384d15e6a615af5dbc4f0",
                "3e169e69d10e1e2643a7c3041efc9b1f74025e23739f8fd8c45e71508d905b7b"
            ],
            "type": "Script",
            "firstPartyCookies": {},
            "firstPartyCookiesSent": {},
            "exampleSites": [
                "aucfan.com",
                "aucview.aucfan.com",
                "k-nihondo.jp",
                "magazine.ufit.co.jp",
                "skyticket.jp",
                "www.donki.com",
                "www.ekiten.jp",
                "www.macrophi.co.jp",
                "www.sejuku.net",
                "www.yukoyuko.net",
                "yaraon-blog.com"
            ]
        }
    ],
    "categories": [],
    "performance": {},
    "cookies": 0.0000138,
    "types": {
        "Script": 11
    },
    "nameservers": [
        "ns-203.awsdns-25.com",
        "ns-702.awsdns-23.net",
        "ns-1062.awsdns-04.org",
        "ns-1922.awsdns-48.co.uk"
    ]
}