{
    "domain": "aikraith.net",
    "owner": {},
    "source": [
        "DuckDuckGo-US"
    ],
    "prevalence": 0.0000899,
    "sites": 13,
    "subdomains": [],
    "cnames": [],
    "fingerprinting": 2,
    "resources": [
        {
            "rule": "aikraith\\.net\\/5\\/4402993\\/",
            "cookies": 0.0000691,
            "fingerprinting": 0,
            "subdomains": [],
            "apis": {},
            "sites": 10,
            "prevalence": 0.0000691,
            "cnames": [],
            "responseHashes": [
                "4dd3eec15a1df79f5dec6b712a96a440702c6eb4cc2eef1c74a96ee79e963a74",
                "cd4ba0e9154710674dbcf80834b29cde279a2a1c083e982ebba7c4f91c8e9a4c",
                "f0cff1be8d02867799e16ec98fd2d6ccdae8da3caabb748e8e5f33f1750d5795",
                "3f4bc2911f66b6cc472ffe8654a67cfde3b37985c9c1800f4b2f605ab23c2b94",
                "f498fe75b82a6901e0e38cf834c5fc9497f1be8e0d6d630bf5745c66a402e346",
                "59d4c96cf98dde906164f4119746ec7b9a85edff4be556255aa5d635867ba075",
                "9c8e1d2aebe980e14d49336631b0edd524ad5c6526dc88c141b077b3c72d740d",
                "78d0f70ccfc74e0c9a4352f9f143a474f424e90686c383781da11457146df7a7",
                "136bac19f58813fc9c4cc8519083bc24fd6ec28f2aac073ccc8960bf698f6cc3"
            ],
            "type": "XHR",
            "firstPartyCookies": {},
            "firstPartyCookiesSent": {},
            "exampleSites": [
                "4anime.ch",
                "anime-freak.su",
                "animecoke.com",
                "animedao.li",
                "animedao.to",
                "animefrenzy.net",
                "gogoanimeapk.net",
                "kissanimes.ru.net",
                "www.animebubble.net",
                "yugen.to"
            ]
        },
        {
            "rule": "aikraith\\.net\\/tag\\.min\\.js",
            "cookies": 0.0000691,
            "fingerprinting": 2,
            "subdomains": [],
            "apis": {
                "Navigator.prototype.userAgent": 13,
                "Screen.prototype.availHeight": 13,
                "Date.prototype.getTime": 13,
                "Navigator.prototype.plugins": 13,
                "Navigator.prototype.mimeTypes": 13,
                "Screen.prototype.width": 13,
                "Screen.prototype.height": 13,
                "Navigator.prototype.maxTouchPoints": 13,
                "window.sessionStorage": 13,
                "window.localStorage": 13,
                "Document.cookie getter": 13,
                "Document.cookie setter": 10
            },
            "sites": 13,
            "prevalence": 0.0000899,
            "cnames": [],
            "responseHashes": [
                "9c6ce7b0c6df1f16a194be60fca2ca5cff0726696f21fca2ae30d63009e221de"
            ],
            "type": "Script",
            "firstPartyCookies": {
                "prefetchAd_4402993": {
                    "ttl": 124,
                    "length": 4,
                    "prevalence": 0.00005530820497220763,
                    "uniqueness": 0.125
                },
                "prefetchAd_4402982": {
                    "ttl": 125,
                    "length": 4,
                    "prevalence": 0.000013827051243051907,
                    "uniqueness": 0.5
                }
            },
            "firstPartyCookiesSent": {},
            "exampleSites": [
                "4anime.ch",
                "anime-freak.su",
                "animecoke.com",
                "animedao.li",
                "animedao.to",
                "animefrenzy.net",
                "gogoanime.vc",
                "gogoanime.wiki",
                "gogoanime.pe",
                "gogoanimeapk.net",
                "kissanimes.ru.net",
                "www.animebubble.net",
                "yugen.to"
            ]
        },
        {
            "rule": "aikraith\\.net\\/",
            "cookies": 0.0000691,
            "fingerprinting": 0,
            "subdomains": [],
            "apis": {},
            "sites": 10,
            "prevalence": 0.0000691,
            "cnames": [],
            "responseHashes": [],
            "type": "Fetch",
            "firstPartyCookies": {},
            "firstPartyCookiesSent": {},
            "exampleSites": [
                "4anime.ch",
                "anime-freak.su",
                "animecoke.com",
                "animedao.li",
                "animefrenzy.net",
                "gogoanime.vc",
                "gogoanime.pe",
                "gogoanimeapk.net",
                "kissanimes.ru.net",
                "www.animebubble.net"
            ]
        },
        {
            "rule": "aikraith\\.net\\/5\\/4402982\\/",
            "cookies": 0.0000207,
            "fingerprinting": 0,
            "subdomains": [],
            "apis": {},
            "sites": 3,
            "prevalence": 0.0000207,
            "cnames": [],
            "responseHashes": [
                "09059c2785717402afe52322d5693a0e7ecebd6a875fa519d628d9123aa4bc0b",
                "5b641da592bc7ce5019159704e882d70c2efe1562247ee8612c7317fcc9f57ad"
            ],
            "type": "XHR",
            "firstPartyCookies": {},
            "firstPartyCookiesSent": {},
            "exampleSites": [
                "gogoanime.vc",
                "gogoanime.wiki",
                "gogoanime.pe"
            ]
        }
    ],
    "categories": [],
    "performance": {},
    "cookies": 0.0000899,
    "types": {
        "XHR": 13,
        "Script": 13,
        "Fetch": 10
    },
    "nameservers": [
        "ns-465.awsdns-58.com",
        "ns-812.awsdns-37.net",
        "ns-1176.awsdns-19.org",
        "ns-1900.awsdns-45.co.uk"
    ]
}