{
    "domain": "aimbase.com",
    "owner": {
        "name": "Avala Marketing Group",
        "displayName": "Avala Marketing Group"
    },
    "source": [
        "DuckDuckGo-US"
    ],
    "prevalence": 0.000236,
    "sites": 34,
    "subdomains": [
        "ws",
        "nmma",
        "marinemaxfans"
    ],
    "cnames": [],
    "fingerprinting": 1,
    "resources": [
        {
            "rule": "aimbase\\.com\\/Scripts\\/awa\\.js",
            "cookies": 0.000118,
            "fingerprinting": 1,
            "subdomains": [
                "ws"
            ],
            "apis": {
                "Document.cookie getter": 10,
                "Date.prototype.getTime": 17,
                "Document.cookie setter": 10
            },
            "sites": 17,
            "prevalence": 0.000118,
            "cnames": [],
            "responseHashes": [
                "eec6914bb9fd78d188378ecbfe7435260a1d55a7454dfa72631c91206f7c2118",
                "3b23a46c94d5038f827370c9e2337e89a6810a1596434510b736d9fca2248a6f",
                "df375fcc43f7140741198b8e26d11fa6fde2d08241f5a2c029feb43206175ded",
                "80cd744b6067251c462036ec8567259a7c4bf105cf241615621041cea7f0f1da",
                "39a3ee537cc7eeb99b4b2688309c73b6b21f9ca6f72ad96743c1bdae186429ff",
                "8810890a6cbe746823793dc91bf622dd0979097c9b2cceac3f231c1178804a16",
                "515a97411a49913a195c6c815d89ca832839fd2f577609700c4a62efc10ebaa5",
                "b83d7bf90fb80a5fec0b1c9dda9d0f6d41c30592c9ff5fa9c8c26f81f524d263",
                "8409bc1ab0c3294d95ebfa1801c53799ad6e6ac4b7f97b810f47c1b7bf563e97",
                "8756ac3528a243c5e608159065e50149d2c9ab0baabe44507ddfb99c2ad5afcf",
                "2a62563a94105d9ecb6d3247c944dcde73556bcbe3569556d70ef4cacd56a536",
                "26d96c4277b8833b867bc6d9bb21fbaa705eb04aecda2290b5a980e10d1aff35",
                "5998a6a274fcdad0358d053b5056366e42afa734c9ff68755b446a215df55cc9",
                "e7fc7df68c23fbb6a82c49a859077d41568f8e003ad6421a04f612ab160d8d1f",
                "091cb77a93888a50e70420d8a88d46522151e45b415a5cc48ca085d445c28252",
                "d98b2a4800f4cb908dc2e7ffe7580ae51e62b5b8f796cb5a6f70a85e2ba1fa14"
            ],
            "type": "Script",
            "firstPartyCookies": {
                "Aimbase.Analytics.Session": {
                    "ttl": 1203,
                    "length": 105,
                    "prevalence": 0.00006943142605205969,
                    "uniqueness": 1
                }
            },
            "firstPartyCookiesSent": {},
            "exampleSites": [
                "gorollick.com",
                "heartlandrvs.com",
                "nautique.com",
                "www.bluedogrv.com",
                "www.campersinn.com",
                "www.crossroadsrv.com",
                "www.dutchmen.com",
                "www.entegracoach.com",
                "www.exploreusa.com",
                "www.gradywhite.com",
                "www.granddesignrv.com",
                "www.keystonerv.com",
                "www.nadaguides.com",
                "www.newmarcorp.com",
                "www.pleasurelandrv.com",
                "www.thormotorcoach.com",
                "www.winnebago.com"
            ]
        },
        {
            "rule": "aimbase\\.com\\/api\\/pagevisit",
            "cookies": 0,
            "fingerprinting": 0,
            "subdomains": [
                "ws"
            ],
            "apis": {},
            "sites": 17,
            "prevalence": 0.000118,
            "cnames": [],
            "responseHashes": [
                "dcecab1355b5c2b9ecef281322bf265ac5840b4688748586e9632b473a5fe56b"
            ],
            "type": "Image",
            "firstPartyCookies": {},
            "firstPartyCookiesSent": {},
            "exampleSites": [
                "gorollick.com",
                "heartlandrvs.com",
                "nautique.com",
                "www.bluedogrv.com",
                "www.campersinn.com",
                "www.crossroadsrv.com",
                "www.dutchmen.com",
                "www.entegracoach.com",
                "www.exploreusa.com",
                "www.gradywhite.com",
                "www.granddesignrv.com",
                "www.keystonerv.com",
                "www.nadaguides.com",
                "www.newmarcorp.com",
                "www.pleasurelandrv.com",
                "www.thormotorcoach.com",
                "www.winnebago.com"
            ]
        },
        {
            "rule": "aimbase\\.com\\/api\\/pageaction",
            "cookies": 0,
            "fingerprinting": 0,
            "subdomains": [
                "ws"
            ],
            "apis": {},
            "sites": 4,
            "prevalence": 0.0000278,
            "cnames": [],
            "responseHashes": [
                "dcecab1355b5c2b9ecef281322bf265ac5840b4688748586e9632b473a5fe56b"
            ],
            "type": "Image",
            "firstPartyCookies": {},
            "firstPartyCookiesSent": {},
            "exampleSites": [
                "bluedogrv.com",
                "www.campersinn.com",
                "www.exploreusa.com",
                "www.pleasurelandrv.com"
            ]
        },
        {
            "rule": "aimbase\\.com\\/scripts\\/reviewwidget\\.js",
            "cookies": 0,
            "fingerprinting": 0,
            "subdomains": [
                "nmma",
                "marinemaxfans"
            ],
            "apis": {},
            "sites": 2,
            "prevalence": 0.0000139,
            "cnames": [],
            "responseHashes": [
                "3fde71d652e0019af03dd82384622f12a6b969398233d970b95c25defe179d88"
            ],
            "type": "Script",
            "firstPartyCookies": {},
            "firstPartyCookiesSent": {},
            "exampleSites": [
                "loweboats.com",
                "www.marinemax.com"
            ]
        },
        {
            "rule": "aimbase\\.com\\/CSI\\/API\\/ReviewSearch",
            "cookies": 0,
            "fingerprinting": 0,
            "subdomains": [
                "nmma",
                "marinemaxfans"
            ],
            "apis": {},
            "sites": 2,
            "prevalence": 0.0000139,
            "cnames": [],
            "responseHashes": [],
            "type": "Preflight",
            "firstPartyCookies": {},
            "firstPartyCookiesSent": {},
            "exampleSites": [
                "loweboats.com",
                "www.marinemax.com"
            ]
        },
        {
            "rule": "aimbase\\.com\\/content\\/reviewwidget\\.css",
            "cookies": 0,
            "fingerprinting": 0,
            "subdomains": [
                "nmma",
                "marinemaxfans"
            ],
            "apis": {},
            "sites": 2,
            "prevalence": 0.0000139,
            "cnames": [],
            "responseHashes": [
                "c057a2386c02eb12728b7542a2dae0af91212fa8e9a37d7618ce4e3097ab0a4f"
            ],
            "type": "Stylesheet",
            "firstPartyCookies": {},
            "firstPartyCookiesSent": {},
            "exampleSites": [
                "loweboats.com",
                "www.marinemax.com"
            ]
        },
        {
            "rule": "aimbase\\.com\\/CSI\\/API\\/ReviewSearch",
            "cookies": 0,
            "fingerprinting": 0,
            "subdomains": [
                "nmma",
                "marinemaxfans"
            ],
            "apis": {},
            "sites": 2,
            "prevalence": 0.0000139,
            "cnames": [],
            "responseHashes": [
                "d19657fc222075785ffa43074b44af838cac15106ed9d6435a1b24098aaf2f51"
            ],
            "type": "XHR",
            "firstPartyCookies": {},
            "firstPartyCookiesSent": {},
            "exampleSites": [
                "loweboats.com",
                "www.marinemax.com"
            ]
        }
    ],