{
    "domain": "alxbgo.com",
    "owner": {},
    "source": [
        "DuckDuckGo-US"
    ],
    "prevalence": 0.000131,
    "sites": 19,
    "subdomains": [
        "go",
        "creative"
    ],
    "cnames": [],
    "fingerprinting": 2,
    "resources": [
        {
            "rule": "alxbgo\\.com\\/i",
            "cookies": 0.0000483,
            "fingerprinting": 0,
            "subdomains": [
                "go"
            ],
            "apis": {},
            "sites": 7,
            "prevalence": 0.0000483,
            "cnames": [],
            "responseHashes": [
                "761ef053d61d94f4b71d133fc7cb7c77af53d1e7f94ffbcc1564f77e39d26ef3"
            ],
            "type": "Document",
            "firstPartyCookies": {},
            "firstPartyCookiesSent": {},
            "exampleSites": [
                "animalpornrocks.co",
                "dickflash.com",
                "fapopedia.net",
                "nudethot.com",
                "teen-girls-tube.com",
                "www.camfz.com",
                "www.sexyboyz.net"
            ]
        },
        {
            "rule": "alxbgo\\.com\\/config",
            "cookies": 0.0000621,
            "fingerprinting": 0,
            "subdomains": [
                "go"
            ],
            "apis": {},
            "sites": 11,
            "prevalence": 0.0000759,
            "cnames": [],
            "responseHashes": [
                "f6c7278ba69d462995ef587be2fe3f805ee7c09583cb9a886ff9ac753b7cdb40",
                "1cf216069c0b866b1cb93317c60ea42aede4c74e68dc21e5d800d98dc7903080",
                "2a2dd6f0da80bb429744988c0d6146950575ac828369d3e2451120b06b218c7b",
                "0051b7a23e74c2f49259545ca013727bb43e993ebc1e332ae19ea00ae5f2958d",
                "c7d4b1eae62da3cce44610cb13a2a13defd82bf21449c679f3c0d14ff36ef245",
                "aecfa90aa443f63fcd0582f7c1d0930b1a24a196a0f2417af7f72ecde65a7cfd",
                "0a0d56387e6b6e29844e7cc7d186ac4178a0ea2ab3e2e763a336a6be66f7c8c8",
                "795cbff2789c28c45efb8290f2e2f51d9407d3253cac577c507545076e1c6602"
            ],
            "type": "Fetch",
            "firstPartyCookies": {},
            "firstPartyCookiesSent": {},
            "exampleSites": [
                "animalpornrocks.co",
                "desipornlist.com",
                "dickflash.com",
                "fapopedia.net",
                "mmsbee1.com",
                "nudethot.com",
                "teen-girls-tube.com",
                "www.camfz.com",
                "www.camhub.cc",
                "www.rectube.webcam",
                "www.sexyboyz.net"
            ]
        },
        {
            "rule": "alxbgo\\.com\\/api\\/models",
            "cookies": 0,
            "fingerprinting": 0,
            "subdomains": [
                "go"
            ],
            "apis": {},
            "sites": 8,
            "prevalence": 0.0000552,
            "cnames": [],
            "responseHashes": [
                "eb6bfc3d3ffa436cb01523cbe60f46c7e45e4c7949bbaf47180759708bbf9514",
                "4e1cf2d1a7b40841ede9d95fe48250cb94592755d72f1a13f1fe8e7b4eca579c",
                "9a32a7cff918725a5407771a0e864e925a08f75fe8665457a4d1b89eba5c8002",
                "bad7441a55a7123e8861538dac0072b39005b50a09d36da4cb9084f54f882ce9",
                "ef58ea1e5d2a0569fb585efcd6bdfe8ab6cb134541ad2680c9c3d684d6d94345",
                "af397463c668b229e5a95c935315c0676b582effac09598ce6168de41fb86eac",
                "9a0cca798fe494daaf132ea37aef898fa276c140c751cc32cf9667814552e122"
            ],
            "type": "Fetch",
            "firstPartyCookies": {},
            "firstPartyCookiesSent": {},
            "exampleSites": [
                "animalpornrocks.co",
                "desipornlist.com",
                "dickflash.com",
                "fapopedia.net",
                "nudethot.com",
                "teen-girls-tube.com",
                "www.camfz.com",
                "www.sexyboyz.net"
            ]
        },
        {
            "rule": "alxbgo\\.com\\/thumbs\\/view",
            "cookies": 0.0000552,
            "fingerprinting": 0,
            "subdomains": [
                "go"
            ],
            "apis": {},
            "sites": 8,
            "prevalence": 0.0000552,
            "cnames": [],
            "responseHashes": [
                "54579e1e36894cf87ef476d21d7a847b6dd8ce2014d76451a90f88dbbe836430",
                "fa9bb1bce1d7263608ff47ab23d33394fe7163bca7fba119ac450ef80b31db0a",
                "13aced048f7bcaddf52b0740b141968795e4ab26d20bc39b136a0d55db2ba28b",
                "7571e5833cf8a3e87efdbd178f05e0b62f5895b66b25f8229b2147c5a0651b84",
                "3b74b2c41ca0ead2cb1219b1118a9470a07066ba265769f462a89f3c8ef8b9de",
                "6b2d04cd4087bd2278db2b294b7f94fe117894e599971db9a2e057f32f7bcfe2",
                "a84590ed2130d8df48b5bf1dffe0f3475ed93e5d01d16ecb63579412cb4da52e"
            ],
            "type": "Fetch",
            "firstPartyCookies": {},
            "firstPartyCookiesSent": {},
            "exampleSites": [
                "desipornlist.com",
                "dickflash.com",
                "fapopedia.net",
                "mmsbee1.com",
                "nudethot.com",
                "www.camfz.com",
                "www.camhub.cc",
                "www.rectube.webcam"
            ]
        },
        {
            "rule": "alxbgo\\.com\\/widgets\\/v4\\/Universal\\/",
            "cookies": 0.0000069,
            "fingerprinting": 0,
            "subdomains": [
                "creative"
            ],
            "apis": {},
            "sites": 6,
            "prevalence": 0.0000414,
            "cnames": [],
            "responseHashes": [
                "761ef053d61d94f4b71d133fc7cb7c77af53d1e7f94ffbcc1564f77e39d26ef3"
            ],
            "type": "Document",
            "firstPartyCookies": {},
            "firstPartyCookiesSent": {},
            "exampleSites": [
                "dickflash.com",
                "fapopedia.net",
                "nudethot.com",
                "teen-girls-tube.com",
                "www.camfz.com",
                "www.sexyboyz.net"
            ]
        },
        {
            "rule": "alxbgo\\.com\\/widgets\\/v4\\/Universal\\/main\\.551757c3cbbb00c2a0eb\\.css",
            "cookies": 0.0000069,
            "fingerprinting": 0,
            "subdomains": [
                "creative"
            ],
            "apis": {},
            "sites": 6,
            "prevalence": 0.0000414,
            "cnames": [],
            "responseHashes": [
                "b8438e2db1bffbf089cacdcda66d74dcb42714f9f23cb183d2710564152645e1"
            ],
            "type": "Stylesheet",
            "firstPartyCookies": {},
            "firstPartyCookiesSent": {},
            "exampleSites": [
                "dickflash.com",
                "fapopedia.net",
                "nudethot.com",
                "teen-girls-tube.com",
                "www.camfz.com",
                "www.sexyboyz.net"
            ]
        },
        {
            "rule": "alxbgo\\.com\\/widgets\\/v4\\/Universal\\/main\\.551757c3cbbb00c2a0eb\\.js",
            "cookies": 0.0000138,
            "fingerprinting": 2,
            "subdomains": [
                "creative"
            ],
            "apis": {
                "Navigator.prototype.userAgent": 5,
                "Navigator.prototype.language": 5,
                "Navigator.prototype.vendor": 5,
                "MediaSource.isTypeSupported": 5,
                "HTMLMediaElement.prototype.canPlayType": 5
            },
            "sites": 6,
            "prevalence": 0.0000414,
            "cnames": [],
            "responseHashes": [
                "0cf59f1ab4a9cae313ed29e335207fef29aa3765bf21dba4c15d816c60005728"
            ],
            "type": "Script",
            "firstPartyCookies": {},
            "firstPartyCookiesSent": {},