{
    "domain": "analytics-sm.com",
    "owner": {},
    "source": [
        "DuckDuckGo-US"
    ],
    "prevalence": 0.000566,
    "sites": 82,
    "subdomains": [],
    "cnames": [],
    "fingerprinting": 1,
    "resources": [
        {
            "rule": "analytics-sm\\.com\\/js\\/v1\\/beacon\\.js",
            "cookies": 0.000255,
            "fingerprinting": 1,
            "subdomains": [],
            "apis": {
                "Document.cookie getter": 38,
                "Date.prototype.getTime": 46,
                "Document.cookie setter": 37,
                "Date.prototype.getTimezoneOffset": 46
            },
            "sites": 46,
            "prevalence": 0.000318,
            "cnames": [],
            "responseHashes": [
                "133b0a1570d26f9e1beeecaeb4587a8f449c65bff8c87895cdd7e98879644ba6"
            ],
            "type": "Script",
            "firstPartyCookies": {
                "__t1634402121472": {
                    "ttl": -1634402117,
                    "length": 4,
                    "prevalence": 0.000006903979453757146,
                    "uniqueness": 1
                },
                "sm_uuid": {
                    "ttl": 251767841655,
                    "length": 12,
                    "prevalence": 0.0002416392808815001,
                    "uniqueness": 0.9428571428571428
                },
                "__t1634404390511": {
                    "ttl": -1634404382,
                    "length": 4,
                    "prevalence": 0.000006903979453757146,
                    "uniqueness": 1
                },
                "__t1634413492301": {
                    "ttl": -1634413489,
                    "length": 4,
                    "prevalence": 0.000006903979453757146,
                    "uniqueness": 1
                },
                "__t1634417451444": {
                    "ttl": -1634417447,
                    "length": 4,
                    "prevalence": 0.000006903979453757146,
                    "uniqueness": 1
                },
                "__t1634419073038": {
                    "ttl": -1634419071,
                    "length": 4,
                    "prevalence": 0.000006903979453757146,
                    "uniqueness": 1
                },
                "__t1634419577608": {
                    "ttl": -1634419577,
                    "length": 4,
                    "prevalence": 0.000006903979453757146,
                    "uniqueness": 1
                },
                "__t1634424930736": {
                    "ttl": -1634424928,
                    "length": 4,
                    "prevalence": 0.000006903979453757146,
                    "uniqueness": 1
                },
                "__t1634441436540": {
                    "ttl": -1634441429,
                    "length": 4,
                    "prevalence": 0.000006903979453757146,
                    "uniqueness": 1
                },
                "__t1634441870817": {
                    "ttl": -1634441868,
                    "length": 4,
                    "prevalence": 0.000006903979453757146,
                    "uniqueness": 1
                },
                "__t1634443691831": {
                    "ttl": -1634443690,
                    "length": 4,
                    "prevalence": 0.000006903979453757146,
                    "uniqueness": 1
                },
                "__t1634443691834": {
                    "ttl": -1634443690,
                    "length": 4,
                    "prevalence": 0.000006903979453757146,
                    "uniqueness": 1
                },
                "__t1634445081460": {
                    "ttl": -1634445080,
                    "length": 4,
                    "prevalence": 0.000006903979453757146,
                    "uniqueness": 1
                },
                "__t1634445149413": {
                    "ttl": -1634445146,
                    "length": 4,
                    "prevalence": 0.000006903979453757146,
                    "uniqueness": 1
                },
                "__t1634445891463": {
                    "ttl": -1634445888,
                    "length": 4,
                    "prevalence": 0.000006903979453757146,
                    "uniqueness": 1
                },
                "__t1634448840404": {
                    "ttl": -1634448833,
                    "length": 4,
                    "prevalence": 0.000006903979453757146,
                    "uniqueness": 1
                },
                "__t1634451138933": {
                    "ttl": -1634451131,
                    "length": 4,
                    "prevalence": 0.000006903979453757146,
                    "uniqueness": 1
                },
                "__t1634451232539": {
                    "ttl": -1634451226,
                    "length": 4,
                    "prevalence": 0.000006903979453757146,
                    "uniqueness": 1
                },
                "__t1634452520216": {
                    "ttl": -1634452518,
                    "length": 4,
                    "prevalence": 0.000006903979453757146,
                    "uniqueness": 1
                },
                "__t1634457997002": {
                    "ttl": -1634457993,
                    "length": 4,
                    "prevalence": 0.000006903979453757146,
                    "uniqueness": 1
                },
                "__t1634458835593": {
                    "ttl": -1634458831,
                    "length": 4,
                    "prevalence": 0.000006903979453757146,
                    "uniqueness": 1
                },
                "__t1634459145475": {
                    "ttl": -1634459144,
                    "length": 4,
                    "prevalence": 0.000006903979453757146,
                    "uniqueness": 1
                },
                "__t1634459418352": {
                    "ttl": -1634459417,
                    "length": 4,
                    "prevalence": 0.000006903979453757146,
                    "uniqueness": 1
                },
                "__t1634461080103": {
                    "ttl": -1634461074,
                    "length": 4,
                    "prevalence": 0.000006903979453757146,
                    "uniqueness": 1
                },
                "__t1634461907863": {
                    "ttl": -1634461903,
                    "length": 4,
                    "prevalence": 0.000006903979453757146,
                    "uniqueness": 1
                },
                "__t1634463542809": {
                    "ttl": -1634463542,
                    "length": 4,
                    "prevalence": 0.000006903979453757146,
                    "uniqueness": 1
                },
                "__t1634463802169": {
                    "ttl": -1634463801,
                    "length": 4,
                    "prevalence": 0.000006903979453757146,
                    "uniqueness": 1
                },
                "__t1634465919966": {
                    "ttl": -1634465917,
                    "length": 4,
                    "prevalence": 0.000006903979453757146,
                    "uniqueness": 1
                },
                "__t1634466565934": {
                    "ttl": -1634466561,
                    "length": 4,
                    "prevalence": 0.000006903979453757146,
                    "uniqueness": 1
                },
                "__t1634467265190": {
                    "ttl": -1634467264,
                    "length": 4,
                    "prevalence": 0.000006903979453757146,
                    "uniqueness": 1
                },
                "__t1634467556372": {
                    "ttl": -1634467556,
                    "length": 4,
                    "prevalence": 0.000006903979453757146,
                    "uniqueness": 1
                },
                "__t1634469120132": {
                    "ttl": -1634469115,