{
    "domain": "ap3prod.com",
    "owner": {},
    "source": [
        "DuckDuckGo-US"
    ],
    "prevalence": 0.0000898,
    "sites": 13,
    "subdomains": [
        "capture-api",
        "static"
    ],
    "cnames": [],
    "fingerprinting": 1,
    "resources": [
        {
            "rule": "ap3prod\\.com\\/-\\/events\\/page-event",
            "cookies": 0.0000483,
            "fingerprinting": 0,
            "subdomains": [
                "capture-api"
            ],
            "apis": {},
            "sites": 7,
            "prevalence": 0.0000483,
            "cnames": [],
            "responseHashes": [
                "6aead4225e4438de05457a5bc3b83db65a65dae59f460f4103142a71393cccf2",
                "8c2ee20476369499323eb858899ef04996abc5a49fd25ab39b07e9f0d6e011a1",
                "d7de591ae84d7db1552516da34b1f88e7b99a8ea9c76aea96ea644e44db797b0",
                "993e1e52158d7101bf487aeb9f2ad7fc9f8431a5d7965420718c02ad90df7a1e",
                "257f0be8364a4d3a0035b2ba259b63da3a7438c2d432043b251d94f4da03943b",
                "02c0ec5085ba78b8876884af17b471f296ec223b1779b31948560c7adfa1f268"
            ],
            "type": "XHR",
            "firstPartyCookies": {},
            "firstPartyCookiesSent": {},
            "exampleSites": [
                "dogfood.guide",
                "www.carexpert.com.au",
                "www.couriersplease.com.au",
                "www.felineliving.net",
                "www.harrisfarm.com.au",
                "www.orgoneenergy.org",
                "www.walcottradio.com"
            ]
        },
        {
            "rule": "ap3prod\\.com\\/-\\/widgets\\/get",
            "cookies": 0,
            "fingerprinting": 0,
            "subdomains": [
                "capture-api"
            ],
            "apis": {},
            "sites": 7,
            "prevalence": 0.0000483,
            "cnames": [],
            "responseHashes": [
                "bdc4f9624aadb5fb7d775a18799ea60e3860424211cc07a8164b7a6af12fbd2c",
                "a32aaae51e5419544d11cd50e2d4fbe48aca1bca93e67a77048987fd33f2374a",
                "5d117172f17260d028bdb502997f9bc5d07e3776f9c45c4af38cfcbfe99ae490",
                "eb9c42b0cc2cc3a68ed84f0b40b4b4d11a4e6c3755ac899a0f7f4d8a901a4bdf",
                "274b90418a532486d304eeff703a40c87bfb0e21474385d385d196a8ae3d636a"
            ],
            "type": "XHR",
            "firstPartyCookies": {},
            "firstPartyCookiesSent": {},
            "exampleSites": [
                "dogfood.guide",
                "www.carexpert.com.au",
                "www.couriersplease.com.au",
                "www.felineliving.net",
                "www.harrisfarm.com.au",
                "www.orgoneenergy.org",
                "www.walcottradio.com"
            ]
        },
        {
            "rule": "ap3prod\\.com\\/app\\.js",
            "cookies": 0.0000138,
            "fingerprinting": 2,
            "subdomains": [
                "static"
            ],
            "apis": {
                "Navigator.prototype.userAgent": 2,
                "Document.cookie getter": 2,
                "Navigator.prototype.language": 2,
                "Screen.prototype.width": 2,
                "Screen.prototype.height": 2,
                "window.devicePixelRatio": 2,
                "Document.cookie setter": 2,
                "window.localStorage": 2,
                "Date.prototype.getTime": 2
            },
            "sites": 2,
            "prevalence": 0.0000138,
            "cnames": [],
            "responseHashes": [
                "12b8298024b3338f344285435317845da30b6518e83b715e06a961ee3a3aaf73"
            ],
            "type": "Script",
            "firstPartyCookies": {
                "ap3c": {
                    "ttl": 31536007,
                    "length": 50,
                    "prevalence": 0.000013811105509940544,
                    "uniqueness": 1
                }
            },
            "firstPartyCookiesSent": {},
            "exampleSites": [
                "couriersplease.com.au",
                "www.couriersplease.com.au"
            ]
        }
    ],
    "categories": [],
    "performance": {},
    "cookies": 0.0000898,
    "types": {
        "XHR": 14,
        "Script": 2
    },
    "nameservers": [
        "ns-679.awsdns-20.net",
        "ns-508.awsdns-63.com",
        "ns-1365.awsdns-42.org",
        "ns-1999.awsdns-57.co.uk"
    ]
}