{
    "domain": "areyouwatchingthis.com",
    "owner": {},
    "source": [
        "DuckDuckGo-US"
    ],
    "prevalence": 0.000181,
    "sites": 26,
    "subdomains": [
        "metabet.static.api",
        "metabet.static"
    ],
    "cnames": [],
    "fingerprinting": 0,
    "resources": [
        {
            "rule": "areyouwatchingthis\\.com\\/api\\/odds\\.json",
            "cookies": 0,
            "fingerprinting": 0,
            "subdomains": [
                "metabet.static.api"
            ],
            "apis": {},
            "sites": 24,
            "prevalence": 0.000167,
            "cnames": [],
            "responseHashes": [
                "b66035eeefc4763c8ff7bd28d62f1e1f924c1a1beb2502ce3867210b6c504db2",
                "441b9ee821c44477813bc487545636648d95363e062d7e63fd8098ab984d4c00",
                "660c630fc02c0920828126c796a596cccf5ac320505b02a4f92f54c0d1e2d37a",
                "0b4e306c05d868d1dbabb3d6bfdf8b367f86ed92a4d87702ddcdd7326da532c0",
                "1e1076584ed6c2dab65f5002a2e6fcacf4d81f874b475febaff84613ff134522",
                "54e3d017273342c9d737a674fac6e9425d512366e57e5024392b5bb6376593ef",
                "323d96de6fecf04e3230ad236eb05ea8125284caa907d34fbf94afd8fa9fe3a1",
                "83cfa019e3face273fb84261e73a76c3e0935bcd85e9d659cd207b3ea9fca813",
                "ed393d8fb4c5b470b65c77bae5002919c951abc3e2aa9f0ec4fd118d16a612a5",
                "bf999745e7173b9c94809a6564c20738e38531d66a8f5352b439305be474012e",
                "7d1a501a6b086b88646753b0d6a32103ac2d7b3d4760ea00c0734afd8e833477",
                "28a873bdfea8a472f22ce0a88e1547353e969a1996670e3c3d84bd10afea6cd2",
                "8f516db61518b70e97ffe3693e569f61e5558fe9367ae0fc12c3b2890005d8a5",
                "a958a17c5a24c33bb47789c79ade0ef30f04522c2fe659d3282f95b324636c02",
                "e6e116370662cd87420397ec28fdaa593f218b82fe736f73c02ec13d82f3a378",
                "fc2c483eb8fc8e410d7bd027a5f538901e3528beaa5b0bb717fff63801572a9c",
                "57fc246bdc9f453e76570f98431cf94a664744f46d745fc9a903fc5343d3c278",
                "218b7977aad9cfac65a816a321fce77d21fa00f4366373393933b2c96c486834",
                "bcc6185a4f976e52dff6c3d2e106d6e579d16c62900183f8b4ebf6fd31dcef8a",
                "a097850dda76db999f925d491ec7c9fe0b83ceda9e21640be83f27b820dfc45b",
                "e051a42bb7e334e382e6f483d9600caee0f2fbec43dab564af22df09ef30db73",
                "88f57a0ec0ac7b843358e0b11548d358517debbdb0901290702e8fa7fc9393af"
            ],
            "type": "XHR",
            "firstPartyCookies": {},
            "firstPartyCookiesSent": {},
            "exampleSites": [
                "www.patspulpit.com",
                "www.bigblueview.com",
                "www.thephinsider.com",
                "dknation.draftkings.com",
                "www.fieldgulls.com",
                "www.behindthesteelcurtain.com",
                "weaintgotnohistory.sbnation.com",
                "cartilagefreecaptain.sbnation.com",
                "www.acmepackingcompany.com",
                "www.ninersnation.com",
                "www.blazersedge.com",
                "www.truebluela.com",
                "www.mccoveychronicles.com",
                "www.bloodyelbow.com",
                "www.thefalcoholic.com",
                "www.burntorangenation.com",
                "sbnation.com",
                "www.cagesideseats.com",
                "www.barcablaugranes.com",
                "www.celticsblog.com"
            ]
        },
        {
            "rule": "areyouwatchingthis\\.com\\/tracking\\/metabet\\/",
            "cookies": 0,
            "fingerprinting": 0,
            "subdomains": [
                "metabet.static"
            ],
            "apis": {},
            "sites": 18,
            "prevalence": 0.000125,
            "cnames": [],
            "responseHashes": [
                "e3b0c44298fc1c149afbf4c8996fb92427ae41e4649b934ca495991b7852b855"
            ],
            "type": "XHR",
            "firstPartyCookies": {},
            "firstPartyCookiesSent": {},
            "exampleSites": [
                "sbnation.com",
                "weaintgotnohistory.sbnation.com",
                "www.acmepackingcompany.com",
                "www.barcablaugranes.com",
                "www.behindthesteelcurtain.com",
                "www.bigblueview.com",
                "www.bloodyelbow.com",
                "www.burntorangenation.com",
                "www.fieldgulls.com",
                "www.hogshaven.com",
                "www.lineups.com",
                "www.mccoveychronicles.com",
                "www.milehighreport.com",
                "www.ninersnation.com",
                "www.patspulpit.com",
                "www.thelines.com",
                "www.thephinsider.com",
                "www.truebluela.com"
            ]
        },
        {
            "rule": "areyouwatchingthis\\.com\\/api\\/sideodds\\.json",
            "cookies": 0,
            "fingerprinting": 0,
            "subdomains": [
                "metabet.static.api"
            ],
            "apis": {},
            "sites": 8,
            "prevalence": 0.0000555,
            "cnames": [],
            "responseHashes": [
                "34c39578245d61b268a66949230005cd769afd125b4979a78a35c9a6482dbb49",
                "bfcd9f253a9090f7453ad7da02fef42e13db2e353e9fbcc183ade52b36b27106",
                "3332833bdf290ab9e87defd4f3e63288cf98b9021bf948ff9f5ea6591ce62772",
                "166807a6ceb7e2f17ea6680dcff349e52b8e5ed4fcb8598058dae40363ddd83f",
                "7f843d71f4cf7d9a1843f231222b04d39e4d6b330bafe1661c646d3376b621c9",
                "5842ecece3c4039cf5ab67ca20f839740b25c93e21531273ee6631969c1e9a49",
                "07f248465a075ce23e2797578d8a518468812c4dc6a45547effa2bffd972508b"
            ],
            "type": "XHR",
            "firstPartyCookies": {},
            "firstPartyCookiesSent": {},
            "exampleSites": [
                "draftkings.com",
                "www.blazersedge.com",
                "www.burntorangenation.com",
                "www.cagesideseats.com",
                "www.celticsblog.com",
                "www.silverscreenandroll.com",
                "www.thefalcoholic.com",
                "www.thelines.com"
            ]
        },
        {
            "rule": "areyouwatchingthis\\.com\\/8c1914e6dc70129867b29e538a59b28a\\/images\\/teams\\/80x80\\/13316\\.png",
            "cookies": 0,
            "fingerprinting": 0,
            "subdomains": [
                "metabet.static"
            ],
            "apis": {},
            "sites": 2,
            "prevalence": 0.0000139,
            "cnames": [],
            "responseHashes": [
                "933fd4aa545093e245252d80dba7e7d61c6558eff6f364b22ddca2de7f6f49ec"
            ],
            "type": "Image",
            "firstPartyCookies": {},
            "firstPartyCookiesSent": {},
            "exampleSites": [
                "fieldgulls.com",
                "www.milehighreport.com"
            ]
        },
        {
            "rule": "areyouwatchingthis\\.com\\/8c1914e6dc70129867b29e538a59b28a\\/images\\/teams\\/80x80\\/13334\\.png",
            "cookies": 0,
            "fingerprinting": 0,
            "subdomains": [
                "metabet.static"
            ],
            "apis": {},
            "sites": 2,
            "prevalence": 0.0000139,
            "cnames": [],
            "responseHashes": [
                "8d6275f7b8b8c6e97f176034c541f41685085f4ad616445ef53cc16927055a01"
            ],
            "type": "Image",
            "firstPartyCookies": {},
            "firstPartyCookiesSent": {},
            "exampleSites": [
                "fieldgulls.com",
                "www.milehighreport.com"
            ]
        }
    ],
    "categories": [],
    "performance": {},
    "cookies": 0,
    "types": {
        "XHR": 50,
        "Image": 4
    },