{
    "domain": "asf4f.us",
    "owner": {},
    "source": [
        "DuckDuckGo-US"
    ],
    "prevalence": 0.000601,
    "sites": 87,
    "subdomains": [
        "engine",
        "cdn"
    ],
    "cnames": [],
    "fingerprinting": 0,
    "resources": [
        {
            "rule": "asf4f\\.us\\/",
            "cookies": 0,
            "fingerprinting": 0,
            "subdomains": [
                "engine"
            ],
            "apis": {},
            "sites": 2,
            "prevalence": 0.0000138,
            "cnames": [],
            "responseHashes": [
                "e3b0c44298fc1c149afbf4c8996fb92427ae41e4649b934ca495991b7852b855"
            ],
            "type": "Media",
            "firstPartyCookies": {},
            "firstPartyCookiesSent": {},
            "exampleSites": [
                "avsubindo.com",
                "f95zonegames.com"
            ]
        },
        {
            "rule": "asf4f\\.us\\/",
            "cookies": 0,
            "fingerprinting": 0,
            "subdomains": [
                "engine"
            ],
            "apis": {},
            "sites": 67,
            "prevalence": 0.000463,
            "cnames": [],
            "responseHashes": [
                "0b9bbeee59785caa16380eb6a83730c7b4f728dce542b53c75a432ec428797e4",
                "d73201ecd41cc820c2a284444df47ecee62c2f546032fbd5631470afd5d44941",
                "6006cc5ae6796bc9379de982a1fcce00ee9fcb036bd0949b0a0e2069c5af6901",
                "67131a30d5f8336fa5d9920c5eb9c4f6a98d4167fabf221da4a74b530b98389c",
                "8c8ec8486833c98c18c55c2ca1aa7ddcdaec90a6d36895b5cfc8fcea72a5cb64",
                "ebe2c2f7994f7009ed2080df092690bbe71aeff54d2debdc97b041c28c2382f9",
                "c282bba61c3c05f79f5114a93530406d995de67db61bf5812df2cda868fc8278",
                "388a029f94bcae3a6439d5a8537a80192bf4e363bdcd0a77758f381ad4a8e28b",
                "0142e9f57e06ccb51559a52bb5d010b8c4774bca1beee65f5397e928671923ce",
                "e63469c4af2168f8c87485957b54c7e9a78177c326bce3fe960ab4c55df07a80",
                "6c846e07c2a4a44fb64f3e4f3cf2fbc5cd238fdc47d90872d89bc4c403f6cea9",
                "1942faf2152aae737da87176a10d29cceeb8054ed0786400c08b8f3c95fc4c59",
                "75447d6f5f6d3e5b9e72e2c6dc0819d760521195cd631694ea40d5516dfd3933",
                "8ad010e59cdab0c84b659d32e10d4af1568eab6ccdac6a7e48c46517b975f9ab",
                "adf319f4402d29532e16c852a4b517085403c182502c83608fe198410d52179f",
                "f8b0783b4a0d5f7f48f1401fdd37176c49400a5346abde2725ee928d85f68311",
                "b06492345ffc1737fe7691c6a894438adc7c5924b189fd0d86398ab759ab8dc2",
                "ee73bc2936f38474fc2d390fa6f7af3a1966785e0fdb496f0d09b4f8a3ab21bb",
                "66c2cfd93125eb052e6127dfa73ebb4551da5e54aea6e89ef46c96490e1d725c",
                "2ee7b813734a2ca3f80d2c387027ceddb0043819a302c0e8316381d620225c16",
                "cba2db099e313851d5de8a6bb1eb085c2e4e16865e0cec20f8fb719a556dd1e2",
                "39c6c0e6923dac02105bb15edcdc6f7ea2104e25955f20732275b1d78443ea09",
                "0853f01e80a32c57ba0b493b86eac842a2665e52e4b6030bf92302fd05644fed",
                "6787d2df724ccc9ee76c9c48db1f2a39d209d635831f658ea0411719ccc81c73",
                "cbc0637f2d62416f391c0e188bec28be9176e5b14fbd00dbe7788879d470fe06",
                "c762954443ba57a86ded040aca453c8838b89a2e770eb6f1eeb3283233ac1e61",
                "9666ac7cc084fc579bf47582da0c47695f78944739666c2b5c79764756836dc5",
                "ec7677dc9539e69510fbd16691f932bc4f9d31aaaeb42b613bd9e36a9348fef9",
                "902d99e1e4abd84ff1cb72bf5a28f170dca370b4f32b775de3c167bce2a2992f",
                "735e203403b5fe690ab77eb6512acb66461111159aca617fe98b3c4b0abae40a",
                "8cad169a22146bde20312e99e18d5f0bb0098a33135d70b28bfe9d88d1ffd1b3",
                "29c959d9224d7a779709c51c6c91ec9d4fb49e09b063bcaf809b975fd00112e3",
                "0dffee2e0a23de8b82d543ee9316c713a8b0527ecf1afc5775b4879538a10bc1",
                "0bc81d62666f85178979e610ddc74310d36a36a1a57af0353872e99645fa021c",
                "cfc7666aaa420fd2ba49509642433fe5d908df393ab01f7db45829b466b89556",
                "233fbfe8b66bde145708590394988432a8bdf345aab37f6e6e0c55a6cc50a184",
                "6ed5fef29554a7496827efa616caab79f81d947f4dcc7662130964aeccd1887e",
                "f0087554fcfc2eafccecd0608d25eedff75c4ad30db97302657c19ddb57e5cb0",
                "db8dc3405e40211adac9b2bb6aa16c9700a056dec4d0d36bdfd7d327119d3bd2",
                "2b5f86e87d43fd44b66be4cbc679c0d2f8b2dccfd32fb985f6fcde0d2636cef2",
                "b776091263aed2e61b144c99bad97dca60f2b79cf69cee694f8a1fbbf9650750",
                "9be078f4960c40f0fa0a9d801c7c3acccb3b4459a202955e4d9dab5c89095c82",
                "7d1fc697889a48335f5d72d7155a047c6433248ec882645475d9205fbf6956ad",
                "48f1eebaf3775d67e2f15bacae1f8dab729007fc714deaf7782447c7191e51b3",
                "ff2ca1a5c103afa5d199e069e3ce3f8f4386ac4b6a5064dc34dc38959d196071",
                "c2b15a4eec831b08bc4609aed6cb3739cb04605307bd3349cca767edf213b359",
                "df69dc0236325e34241e40ca5141de2b54cb206f97ad61c406d991f82aaf407e",
                "7865095a6c8414911432e1758817d49d9797444fa8d460da8e440494397db846",
                "495df787334887e7b16475bf5888efbed60f49200801bd1e51ced04c6c9bfb00",
                "26669ac0c40514ea41967950a0240c4247cbf5c9d3f76510a2997d1bec00616e",
                "e1e066a2f1760fa90d9a4eaeb608959632b0f014f18617331c65c3f296062b12",
                "ee47f388bd5e501cff758b342ba627a39b80039f736d857b48635e351f9db32e",
                "87ebff209208df0e8647f96aeeba21efe42115be4317345dd782b1a86112c1e9",
                "53e97372ef51bd0da8fd35f248dcd416de2fab8abaf19924ce1025792526be19",
                "1cbf5953936e941e2213f3d6e7187d2c9139419eb7b2dcad1c7cb847d49a3f45",
                "a928bfbc5067e4c4fdf2aed7e8587d40aba95202cb751b6b7379c7a11aa7d947",
                "8a4808f58aedb00c03e849ac0e91da215ed38233cac2c9292edca4caab3e2e34",
                "b7e894df2ca473b098417b7e714bb580a3d586b92fe15ed1a18eb02fc21cabfc",
                "4c31679a0601f186fc2f84dbbb5451bddabc10aa3da70c3b94472aaf16b3a008",
                "9c3b17ebf8c2c4bd48a62d1fb1c3678d612f31d446c047e8f981495b3420cdf9",
                "4274c11c43ebfe0c930fd765d15084ce182bb3aef029d3f04964ee95cbbffa81",
                "9a04b7af6dabbd765cda8c9a9a9960b5dccf56e1cd9693ca74b194b09ae24e4f",
                "77115bed0ebb7e0a7b80a59d30abedc41e31f23a4652a63b176a1af085a60609",
                "ed9644d0d538e63aaf4ef356f8578c0311bc2298a2d05c3a80a84234240b4052",
                "80e39f33516ae979d9b91f9a4cf0c6f29b3490e846c1bd319e8c2dcc3e225482",
                "09fa2b2fcfa7c9bfc10c34e2830fd27447ec381c9729b6e953e00c61467886cf"
            ],
            "type": "XHR",
            "firstPartyCookies": {},
            "firstPartyCookiesSent": {},
            "exampleSites": [
                "myhdjav.net",
                "xnbokep.net",
                "xnnx.icu",
                "bustybus.com",
                "www.yepporn.com",
                "milkporntube.com",
                "fxggxt.com",
                "famousnipple.com",
                "www.fux.com",
                "xsexvideos.pro",
                "pornbobi.com",
                "javroi.com",
                "beeg.sex",
                "deepfakeporn.net",
                "xhdporno.online",
                "cock-milking.com",
                "www.moglie.xxx",
                "javlast.com",
                "xnxxhamster.net",
                "www.rat.xxx"
            ]
        },
        {
            "rule": "asf4f\\.us\\/tc52c7fcf\\/img\\/e7f2q_ztb2vt_48d426ba\\.mp4",
            "cookies": 0,
            "fingerprinting": 0,
            "subdomains": [
                "cdn"
            ],
            "apis": {},
            "sites": 8,
            "prevalence": 0.0000552,
            "cnames": [],
            "responseHashes": [],
            "type": "Media",