{
    "domain": "baimgfroggd.site",
    "owner": {},
    "source": [
        "DuckDuckGo-US"
    ],
    "prevalence": 0.00174,
    "sites": 252,
    "subdomains": [
        "tb"
    ],
    "cnames": [],
    "fingerprinting": 0,
    "resources": [
        {
            "rule": "baimgfroggd\\.site\\/in\\/1739\\/",
            "cookies": 0.000767,
            "fingerprinting": 0,
            "subdomains": [
                "tb"
            ],
            "apis": {},
            "sites": 111,
            "prevalence": 0.000767,
            "cnames": [],
            "responseHashes": [
                "26783c7e908a986579449dabaee74c62b14583d7a0cf8144a3e076b92a5c9abd",
                "7279333c2610bb99ffb34954bd8d027c78ee0402e56f9c1f26cec1d73e972026",
                "b8dd16e206b7eadc2ca3639eb99104bc358ffdc24646807bfeb709bc79a14b15",
                "fba1be4973247a7b1ebb41d7740a88bee271c4a812ab8c214da479567a923385",
                "23406e7608e7c469376aef39f6efe0c55381b3f3a3b9ee02e17212c11d0a0b99",
                "0ccade36d9b4331d01d7e92b52e6b997d168f96408c109bda30da3b74988e688",
                "9009fbab7cbbab0c976f5f0f7877a5b10a85cd2358126940b435add6f8376fa0",
                "f801f612849a227bc8427b94c3421363561c815b5488344044a8d187a73b8331",
                "30d7b6e50c67b420d52c9c79a34ea2c7ce0f6e08150b1ca430229f934232ef70",
                "d63de129bb9cd497c323ea28e2ae0616b0257d6dc3ea026fe9c3415031d8de46",
                "8c89e5cd736ac6080629d0fad011301bbfe3d8350a5bca7776c8fc9f0091b760",
                "d7f3c3e084801039baa7258a753003df783d696ae38db80c71d66c079156f95a",
                "7ed0369938234a72ba2ac32fb178b01bec57f9fe7894b2ff23966496dc3a38de",
                "e3b0c44298fc1c149afbf4c8996fb92427ae41e4649b934ca495991b7852b855",
                "6d376c66b9c635bd471e764c6b3467570cc5401211e734cb2a4262e99d8572e5",
                "11151d5efda908c160c0d3f17082f7aa6f4e3fccda2b7c15f5805f618c852867",
                "128ec1be636febe1caa7e6fb85ff71129262b5a6a463b72dbdd22527ee963bce",
                "bac781713d479027a8d4218adffb75df04b9c52a1bce7632a4c49096bd1a3879",
                "1599dbc55d3b1c5268213bf1548c4bdf34e00a5090dad7806b080b4e73888bc2",
                "48ef9178f8949189e7aad650341b7b7ce3b6b23f06010a872dccaf8166324110",
                "ef2df60af0a518f878b1d2869bb900b2eda85734396f410614757bc94f733e38"
            ],
            "type": "Document",
            "firstPartyCookies": {},
            "firstPartyCookiesSent": {},
            "exampleSites": [
                "watchpornx.com",
                "www.hispasexy.org",
                "www.3rab-naar.com",
                "rajahentai.xyz",
                "firstxnxx.com",
                "bokepindo.one",
                "messytube.com",
                "www.rapedvideo.com",
                "monoschinos2.com",
                "videopornoitalia.it",
                "photochki.pro",
                "pornone.com",
                "pornkino.cc",
                "youporn.fyi",
                "givemenudes.com",
                "hentaienglish.com",
                "desi52.club",
                "www.kyotomotion.net",
                "javfc2.net",
                "hentaihaven.me"
            ]
        },
        {
            "rule": "baimgfroggd\\.site\\/in\\/tbvs",
            "cookies": 0,
            "fingerprinting": 0,
            "subdomains": [
                "tb"
            ],
            "apis": {},
            "sites": 8,
            "prevalence": 0.0000552,
            "cnames": [],
            "responseHashes": [
                "31cbb9a4a8cef6b72b09ac30ce7b5a14e92fcebf3c61a780d799f54a8215e577",
                "f0aa1359455c53dec74541373ea283f0fe1692238392171e1c3848521274bc91",
                "cfdae01e240cf7d9c18cc0904192431460443bc29c5d8093c8eb82790c3122d1",
                "c05b7e92c104fcaf5fa5d55549c1579d9da1f8841c363480d21722b7b46bba2f",
                "6dd66b7969e9f6374099719bebce3a58dddec30360cae79c38889e01cc7f761b",
                "7a61540f4d3effeddcbd402fcc7c00a05da7efc9026b4a074fbf24870e199638",
                "4f53ffb996128584f834e448c797e101509d1e0e686e8d013d0933a32d47dadb"
            ],
            "type": "Fetch",
            "firstPartyCookies": {},
            "firstPartyCookiesSent": {},
            "exampleSites": [
                "bokepdino24.blogspot.com",
                "matureclub.com",
                "nakedolderwomen.net",
                "streamporn.pw",
                "x-xx.pro",
                "xnxx-xxx.pro",
                "xnxx.club",
                "xxxparodyhd.net"
            ]
        },
        {
            "rule": "baimgfroggd\\.site\\/in\\/1689\\/",
            "cookies": 0.000131,
            "fingerprinting": 0,
            "subdomains": [
                "tb"
            ],
            "apis": {},
            "sites": 19,
            "prevalence": 0.000131,
            "cnames": [],
            "responseHashes": [
                "258622b9b57903a149b2966fd887a18390ce00421826f22f202621246f31f560",
                "a1849df871d984bb34f1ee16a740890ed6e647ac2244a6fd1424a61de80ecad7"
            ],
            "type": "Document",
            "firstPartyCookies": {},
            "firstPartyCookiesSent": {},
            "exampleSites": [
                "desiporn.tube",
                "hclips.com",
                "hdzog.com",
                "hotmovs.com",
                "m.porn555.com",
                "m.pornq.com",
                "m.see.xxx",
                "m.sss.xxx",
                "pornq.com",
                "porntop.com",
                "sss.xxx",
                "tubepornclassic.com",
                "txxx.com",
                "txxx.tube",
                "upornia.com",
                "vjav.com",
                "voyeurhit.com",
                "vxxx.com",
                "www.pornhits.com"
            ]
        },
        {
            "rule": "baimgfroggd\\.site\\/in\\/1639\\/",
            "cookies": 0.0000898,
            "fingerprinting": 0,
            "subdomains": [
                "tb"
            ],
            "apis": {},
            "sites": 13,
            "prevalence": 0.0000898,
            "cnames": [],
            "responseHashes": [
                "108cad0cea3b296fe15b917f7811835faada894b2ccffdc45c2aa66c3d9d52e8",
                "f8464e58d1cdfafd406c684eb77ee9fc980e372b6e8c04c48167a8439c151193",
                "9d262e88a3c8a3634d1beb26e70381fc5b1181ecb9940043e17eb41313c9001a"
            ],
            "type": "Document",
            "firstPartyCookies": {},
            "firstPartyCookiesSent": {},
            "exampleSites": [
                "sexy-egirls.com",
                "forum.sexy-egirls.com",
                "gurrrls.com",
                "hentai.haus",
                "lewdthots.com",
                "porno.org.in",
                "storyxxx.ru",
                "tokthots.com",
                "verpeliculasonline.org",
                "www.bispak.cyou",
                "www.eshentai.tv",
                "www.sexy-egirls.com",
                "www.vkulak.com"
            ]
        },
        {
            "rule": "baimgfroggd\\.site\\/in\\/tbvs",
            "cookies": 0,
            "fingerprinting": 0,
            "subdomains": [
                "tb"
            ],
            "apis": {},
            "sites": 6,
            "prevalence": 0.0000414,
            "cnames": [],
            "responseHashes": [
                "ca9c24db70050302dfd58483db4fc4c09e72475b4d6871d1cb5efd059ae367d9",
                "c0606808073ef52ab3637ce60513105b6221b765c528a7e8ce1e917f15e5f74d",
                "ee94dde8d5645703b103137c2044f7ed100f0cb8a3798ab2657877a36830322e",
                "2ff37493a9eaf119d2b35ce01e1ffec6524692e6ead141521144f4d1037ce83a"
            ],
            "type": "XHR",
            "firstPartyCookies": {},
            "firstPartyCookiesSent": {},