{
    "domain": "bannersolution.net",
    "owner": {},
    "source": [
        "DuckDuckGo-US"
    ],
    "prevalence": 0.000159,
    "sites": 23,
    "subdomains": [
        "engine",
        "cdn"
    ],
    "cnames": [],
    "fingerprinting": 2,
    "resources": [
        {
            "rule": "bannersolution\\.net\\/",
            "cookies": 0,
            "fingerprinting": 2,
            "subdomains": [
                "engine"
            ],
            "apis": {
                "window.devicePixelRatio": 12,
                "Screen.prototype.width": 12,
                "Screen.prototype.height": 12,
                "Navigator.prototype.webdriver": 10,
                "Navigator.prototype.userAgent": 16
            },
            "sites": 17,
            "prevalence": 0.000118,
            "cnames": [],
            "responseHashes": [
                "e293a4e67dec7964b3e943618ab0c0abfa3816f8a00a4cec2255fde62524a808",
                "649dcc07918d79788c8ebb12db49e01c0619f752b8908278b0022c9e3e735cc4",
                "afcd2b53b3e6def769ed810c5aea874d62c4f9e71d279f7db61c95b7a1c1ff10",
                "a374460a92281825eeafa03de23fe09db5a789319f30dfedc1eac518a93307e3",
                "34a45370417bae88bc5554accc737ce92382a67b1c9a8fea51c36a521c89310b",
                "2a4cd0107b8987b8203f281fc1a796f347e47bda406bb0480f222f4e7a760291",
                "7e8f1b5d6137b204293d91f31f604c717a858f524f93e263c22237074b9331f3",
                "f6c34b8ed53469fa7582d5ee6b6dffb3a80ad1ccf88aab431bd41d7548a5b883",
                "445d1eaaf4b398452543b3df094a09cacddeab832f804b808e3131464943fda8",
                "7409d705f1e480479096daea544b25083517353be540c3c72e0b16bcee4d8c39",
                "e9b2017ee0b544b1a161f1eeba9685c9c204bbf5bce7ea21cea10a4954cd17b5",
                "c94bd496c04ed6a2c7d1ec8a6ed45e0326bcd950f5908368572976c223890fcb",
                "d81bf6212f268c1d9ffd0b2608d5e6912ad24ebba9e56b0e1f32b5650b93df55",
                "6811de33d4d1052dbba4419160b54423aa08ba537c82cd50cfcb4f60099c0ff4",
                "2d3f0b602434d312fa059c52524206765d34c4f58e116fe0a6c5d967df4042f8",
                "f16acde48b128b83746c275115fe74220b5615fc44c86a7a5f677486da50f966"
            ],
            "type": "Document",
            "firstPartyCookies": {},
            "firstPartyCookiesSent": {},
            "exampleSites": [
                "kyma.com",
                "www.actionnewsnow.com",
                "www.kcra.com",
                "www.khq.com",
                "www.koaa.com",
                "www.kpvi.com",
                "www.mynbc5.com",
                "www.wbaltv.com",
                "www.wdsu.com",
                "www.wgal.com",
                "www.whec.com",
                "www.wilx.com",
                "www.wlwt.com",
                "www.wsav.com",
                "www.wvtm13.com",
                "www.wxii12.com",
                "www.wyff4.com"
            ]
        },
        {
            "rule": "bannersolution\\.net\\/",
            "cookies": 0,
            "fingerprinting": 1,
            "subdomains": [
                "engine"
            ],
            "apis": {
                "Element.prototype.getClientRects": 16,
                "window.devicePixelRatio": 4,
                "Screen.prototype.width": 4,
                "Screen.prototype.height": 4,
                "Navigator.prototype.webdriver": 4,
                "Navigator.prototype.userAgent": 4
            },
            "sites": 21,
            "prevalence": 0.000145,
            "cnames": [],
            "responseHashes": [
                "e97fa880843368b74e494c752c9b3af10f41590e8702528f540edb3fe5968464",
                "f99b75cfd1d4d34df55d3423fbd52be45aad4ec2793a2dc97eacca73ef968230",
                "56f23e3b73a37b6f07587cdcbaaa90f3f9a15c8b13a542745ee0092b7645ff06",
                "ccff00a226c83c6273aecf1c03c7cd68d4be4e4609fb08bf280caf34c98fd493",
                "29a2462ab4fcad7d9bff215252895e2926cdb8f2e9834103797b999c5e396e55",
                "4c84a4179eab9a45c65372918db43d11e797108bb3daebb7ebe3cf7ab34083c8",
                "5be38e6c12320f171a4a34c6e432c47f22a829ad838f8cade0fe9d552206097c",
                "1dc03c8740e0699a4994d54bd1ed7dddeb34cca444514f25b8d762215260f951",
                "814a945ec20bda26d43eedf9217be55ce0faf5f4c7c7f83d9b631338cec57b38",
                "9120a9ad9c7a9bf487cf555185a851b616d13f4e493b52c2c4ec93494ea72892",
                "7bf0bf3da6fe1057b2b273ea6441943c32763e10ff2d9819ace08ad61f5b1fbf",
                "a2a2c32e48a9c0748cdb1eb3a9fce416d3ef5e7406f23c04ea393e9fbdec69d8",
                "683bb6da3bcd73a737f08a453ee59bdbc0fe3609f606f00b183f9ea88abf757a",
                "98147d00478219030965f6421a656f6e17bd3aa9dda52961260ea3051f31a7f8",
                "acf24a9de233e8ff5755bf03f11b4c3c218bdd36945a1403a56b2a3da54ede1a",
                "ae8ad9345585e3757d060e1b1601babf80609555a705798999ed37f9a0def3a5",
                "a770e11eb81d74da2d8d214bc5981af5b6f3e3d4a5e3acd6103492164882ea7a",
                "8bc1df301db0c43f913e8e1e2705064ad62e7cab3b17bfbc51ec259b2948a1b7",
                "ff9495f759f6c4e5b7870aa1b6268121b646738b2af39399528b965fe3428991",
                "841a913d732e0ebad35b59a6524901d58dd9e432a66665bd758393033d860549"
            ],
            "type": "Script",
            "firstPartyCookies": {},
            "firstPartyCookiesSent": {
                "_li_dcdm_c": 0.00006222087026257207
            },
            "exampleSites": [
                "nbc-2.com",
                "www.wsav.com",
                "www.wgal.com",
                "www.whec.com",
                "www.mynbc5.com",
                "www.wilx.com",
                "www.wlwt.com",
                "www.khq.com",
                "kyma.com",
                "www.wdsu.com",
                "www.wvtm13.com",
                "news3lv.com",
                "www.wfmj.com",
                "www.wyff4.com",
                "www.kcra.com",
                "www.kpvi.com",
                "www.wbaltv.com",
                "www.koaa.com",
                "www.actionnewsnow.com",
                "www.nbc15.com"
            ]
        },
        {
            "rule": "bannersolution\\.net\\/data",
            "cookies": 0,
            "fingerprinting": 0,
            "subdomains": [
                "engine"
            ],
            "apis": {},
            "sites": 21,
            "prevalence": 0.000145,
            "cnames": [],
            "responseHashes": [
                "e3b0c44298fc1c149afbf4c8996fb92427ae41e4649b934ca495991b7852b855"
            ],
            "type": "Ping",
            "firstPartyCookies": {},
            "firstPartyCookiesSent": {},
            "exampleSites": [
                "www.kpvi.com",
                "www.wxii12.com",
                "www.nbc15.com",
                "www.wsav.com",
                "www.wyff4.com",
                "kyma.com",
                "www.actionnewsnow.com",
                "www.khq.com",
                "news3lv.com",
                "www.wilx.com",
                "www.wdsu.com",
                "www.koaa.com",
                "www.kcra.com",
                "www.wgal.com",
                "www.wfmj.com",
                "www.whec.com",
                "www.wvtm13.com",
                "nbc-2.com",
                "www.mynbc5.com",
                "www.wlwt.com"
            ]
        },
        {
            "rule": "bannersolution\\.net\\/t620df8d8\\/img\\/du8nv_v23tec_bed3101c\\.zip\\/index\\.html",
            "cookies": 0,
            "fingerprinting": 0,
            "subdomains": [
                "cdn"
            ],
            "apis": {},
            "sites": 9,
            "prevalence": 0.0000622,
            "cnames": [],
            "responseHashes": [
                "ea9686b210b8b4bcbe48878a3c8e0b7bc9e7a872ff8aadc5f8ce75840daaffb0"
            ],
            "type": "Document",
            "firstPartyCookies": {},
            "firstPartyCookiesSent": {},