{
    "domain": "barilliance.net",
    "owner": {
        "name": "Barilliance Ltd",
        "displayName": "Barilliance"
    },
    "source": [
        "DuckDuckGo-US"
    ],
    "prevalence": 0.000472,
    "sites": 68,
    "subdomains": [
        "www"
    ],
    "cnames": [],
    "fingerprinting": 1,
    "resources": [
        {
            "rule": "barilliance\\.net\\/data\\.js\\.php",
            "cookies": 0.000271,
            "fingerprinting": 1,
            "subdomains": [
                "www"
            ],
            "apis": {
                "window.localStorage": 1,
                "window.sessionStorage": 1
            },
            "sites": 39,
            "prevalence": 0.000271,
            "cnames": [],
            "responseHashes": [
                "ff73e06ea0384e50aef2afe506922b85bc1b201762ea8b19776bbe02548e17ff",
                "100a878594c8be035a1b104e3fb4259ecaf9b233cd1360e9a5e0071582436d5a",
                "df61593afc026b836279c8a5667b89d3b25b09a9e16ddfada393450a4f69b448",
                "1a919347ea264cd0414d52227e524c96b3597c62db666134a1010dac7b33f42e",
                "e1f78aa0a63c738b4aa6da68f8f9252f915fe91ebdeb860d562648773408f950",
                "c062fe90defceaad8f901464803c90948599bdaefbe34442c6128585ddafd943",
                "d9ae417261153657bc5e28023129c5212ea1a8ca984cdaf3c2bf731053f94d4f",
                "a9561ceb66206f42072744474bb9a9520320d875d309f1a31d3595c8f2ddf62e",
                "1c60192fd70812c7796584c816edfcbd5a6b020603a7789916ea10bd947dad84",
                "50999194358eb2536bd8f531bffdf4fa627884d3363d7c19086ade83bd33e52d",
                "0c1f3046e6710b5a23b839fbda6446e938ff1a6ed81fae177cca6d4035edc654",
                "b30535699812c726cdc92d5da08fe2acbdfb7703489ede93c204b82fae92681c",
                "f8309e2d0d681d967aaf1df474782ddebc42a4f1e6481e0d5da94acbd386c95c",
                "9c497a73810f6aa86c124f3c22c5ead7657dc340d03aff9dec687eb434d6d5af",
                "830042b986e20514d244356b447d914fd0e179f9a5aa7bba7e28ec25f05aaeec",
                "4e66d5b7fddae37d4a9cafab3dfa2ad830f81562a92fcec02da45b146bdf17ca",
                "656cbce70266a79870fdd45b04ea0fa264135f07bea9d9af093f22fa82f345f9",
                "f7531e7cf9852dcef630a23c973147ec78ed5fa979cbed4cbd2241b40f801caf",
                "41bc42701fc6206898483d7d34b53bcbfe5ca91a7c80b135c671ce2f0180eef4",
                "ef6e1390269da686d5fbd1b6ba8816ce0b0bd16b8661bf13b72c4013afefa932",
                "4b4275acd9363b80a7e65fb26a85f32ac0447f70180d85a2db6d85b4a64b3dae",
                "ef9fd177b584365bb321d9d06b35d5d38ff382d1eb18d13de9ded8b14ce92a94",
                "0f73cac7f5fdae129804cb9c48e8f0df72ecf369466e17fee0fa5301992db14a",
                "141032f003dcfe0751f8bbb5cdb1b5efbf638de759057667fe1c60ac0dd2e8e0",
                "20737c314a7d41a2d87e2cb5274dc8268fa210b9b65e2dfe203b58e1438714dc",
                "2eb49fc0f0f99e5c951830064de14649566177b91ca3748e9bbd37d1a9a72250",
                "9c78503acac4eac899e66a0613107950496d6d368ef367c560cb13f928b28fd9",
                "e85721eb64f7abafda7f6b08476980c110d8b7708c4c75d7a2a7af5f33801850",
                "716c9cabee33df1e7f8924525297f54c8ab133835ca0e8f823fd0062709bd0bf",
                "7a89ac570b9e0f7ae208412527d15400ab888b326884b1350f2f09d44cc35e85",
                "d862a12a7f62419b7431660e39b6bec4e866893100b116632e2a4406e01436de",
                "6ee73449858451fe6bdf6d42b7394463c95ba95d71b353451488e75b2cfa1fa0",
                "c42f83cb970c878579ace60086546a861301374c6dbe065009c230a4698763e0",
                "7ab28412e4e600d343294440c42b78abafbf18724969ec6817fb5aed5671c8b5",
                "3eea47b02b7632bf6d050ba5227daad5ed926565d0f758f4dcc939ba58ab7c3c",
                "4e7c411ff99b13b05e2da36fe58197582d163ddbac4f959d9f00c2471f89e70c",
                "13f2f030eacfeb41e03e0eebd18d97f84cac8bc6f08919e821165298ed53d756",
                "cd892e6856bb0476552c882887b68b9ae638002caedbacc9811758299d639a73"
            ],
            "type": "Script",
            "firstPartyCookies": {},
            "firstPartyCookiesSent": {
                "cbar_uid": 0.00004859086491739553,
                "cbar_lvt": 0.00004859086491739553,
                "_vwo_page_type": 0.0000069415521310565046,
                "ins-c": 0.0000069415521310565046,
                "optimizelyPendingLogEvents": 0.0000069415521310565046
            },
            "exampleSites": [
                "www.chemistwarehouse.com.au",
                "www.3balls.com",
                "www.blackwoods.com.au",
                "www.paddypallin.com.au",
                "www.harrisscarfe.com.au",
                "m.ezcosplay.com",
                "www.quiksilver.com",
                "www.chemistwarehouse.co.nz",
                "www.house.com.au",
                "www.eplastics.com",
                "www.michaelhill.com.au",
                "www.mrtoys.com.au",
                "www.dcshoes.com",
                "www.roxy.com",
                "www.blacks.co.uk",
                "www.us-appliance.com",
                "simple.ripley.cl",
                "www.inyopools.com",
                "www.lowes.com.au",
                "www.autodesk.de"
            ]
        }
    ],
    "categories": [],
    "performance": {
        "time": 0,
        "size": 0,
        "cpu": 0,
        "cache": 0
    },
    "cookies": 0.000472,
    "types": {
        "Script": 39
    },
    "nameservers": [
        "ns-1385.awsdns-45.org",
        "ns-1651.awsdns-14.co.uk",
        "ns-57.awsdns-07.com",
        "ns-764.awsdns-31.net"
    ]
}