{
    "domain": "bebasads.com",
    "owner": {},
    "source": [
        "DuckDuckGo-US"
    ],
    "prevalence": 0.000292,
    "sites": 42,
    "subdomains": [],
    "cnames": [],
    "fingerprinting": 0,
    "resources": [
        {
            "rule": "bebasads\\.com\\/ads\\/alds\\.php",
            "cookies": 0,
            "fingerprinting": 0,
            "subdomains": [],
            "apis": {},
            "sites": 24,
            "prevalence": 0.000167,
            "cnames": [],
            "responseHashes": [
                "e3b0c44298fc1c149afbf4c8996fb92427ae41e4649b934ca495991b7852b855",
                "3247a1bacf9ae28429d6eec0c48f4cafa0795ec976bd6abd75148738d73a4b81",
                "5c38421aec04ea8871e62c14bfd8c501d0b742e3f5ad8a169bac6c3b3c0c9dac",
                "472218b7fe2212fbb3075cc7d163211947da52ac9efb1c903e00832a0005f4bf",
                "c439c46bac99bdcd6e73a843db1d0d49077410031bc505e2b046c673f3199d8f",
                "8679dfd099ff02fef3b12873274dbf14b719e5f99e745ce0454357c90e9087f9",
                "4a42779c022e37604958c6ab2a3ff4f413fb5951c9c9702ccbabfeb4a6cc51fb",
                "cddfe4f670de99fbbd4d0afcd972e8b630fecc50deff86ad197eb47002bb08e1",
                "6b8cb272921e6ddcc3321b064281db455e0f55ed9aa9a374bd41c11d902ac45d",
                "c67b08ddf73318f915c9de476857cf70942dd63b4e389521f4136f6fe8ba2589",
                "409de7379c53e84a7de79f1312e9c9bef197ef76f75dcdc0483b39c243dc7de1",
                "5708c72966483e0246c5e8df931915c2f29eadaefb44354b210bd5be91e911f5",
                "1ec52936f463a1b4922534d981c0d1dfea7aa3221e569326dc7656c13bebf7c1"
            ],
            "type": "XHR",
            "firstPartyCookies": {},
            "firstPartyCookiesSent": {},
            "exampleSites": [
                "ceritabokepindonesia.com",
                "ceritabokepindonesia.org",
                "ceritaseksbergambar.com",
                "ceritasexindonesia.com",
                "photomemek.com",
                "putri77.org",
                "www.artikelbokep.com",
                "www.ceritabokepindonesia.info",
                "www.ceritaseksbergambar.com",
                "www.ceritasex1.com",
                "www.photomemek.com",
                "www.putri77.com",
                "www.putri77.org"
            ]
        },
        {
            "rule": "bebasads\\.com\\/ads\\/970bokep\\.php",
            "cookies": 0,
            "fingerprinting": 0,
            "subdomains": [],
            "apis": {},
            "sites": 2,
            "prevalence": 0.0000139,
            "cnames": [],
            "responseHashes": [
                "1f8ca8e097dec64583921e70a2dcb1a6fa8fe8c05a35c39ecd6f38bc428174ab"
            ],
            "type": "XHR",
            "firstPartyCookies": {},
            "firstPartyCookiesSent": {},
            "exampleSites": [
                "www.artikelbokep.com"
            ]
        }
    ],
    "categories": [],
    "performance": {
        "time": 0,
        "size": 0,
        "cpu": 0,
        "cache": 3
    },
    "cookies": 0,
    "types": {
        "XHR": 26
    },
    "nameservers": [
        "greg.ns.cloudflare.com",
        "tricia.ns.cloudflare.com"
    ]
}