{
    "domain": "bebasads.com",
    "owner": {},
    "source": [
        "DuckDuckGo-US"
    ],
    "prevalence": 0.000304,
    "sites": 44,
    "subdomains": [],
    "cnames": [],
    "fingerprinting": 0,
    "resources": [
        {
            "rule": "bebasads\\.com\\/ads\\/alds\\.php",
            "cookies": 0,
            "fingerprinting": 0,
            "subdomains": [],
            "apis": {},
            "sites": 24,
            "prevalence": 0.000166,
            "cnames": [],
            "responseHashes": [
                "409de7379c53e84a7de79f1312e9c9bef197ef76f75dcdc0483b39c243dc7de1",
                "e3b0c44298fc1c149afbf4c8996fb92427ae41e4649b934ca495991b7852b855",
                "f0f1746295072a8283661103030b9440f4fed271150b70f65aa2d3a83818566d",
                "2004462edc57dcb0ce2bda137dff917f00878ab7f9cf01f9e037ca85a94a91f6",
                "0bfbd11caa558663992634518c67161bb065539d21edc2a5560366f8ae3e2924",
                "e9a078ee0578226295a876504d52a8a0e5556db79c349760bf90d231081f2ce7",
                "1ec52936f463a1b4922534d981c0d1dfea7aa3221e569326dc7656c13bebf7c1",
                "5708c72966483e0246c5e8df931915c2f29eadaefb44354b210bd5be91e911f5",
                "5c38421aec04ea8871e62c14bfd8c501d0b742e3f5ad8a169bac6c3b3c0c9dac",
                "6b8cb272921e6ddcc3321b064281db455e0f55ed9aa9a374bd41c11d902ac45d",
                "3247a1bacf9ae28429d6eec0c48f4cafa0795ec976bd6abd75148738d73a4b81",
                "cddfe4f670de99fbbd4d0afcd972e8b630fecc50deff86ad197eb47002bb08e1"
            ],
            "type": "XHR",
            "firstPartyCookies": {},
            "firstPartyCookiesSent": {},
            "exampleSites": [
                "ceritabokepindonesia.com",
                "ceritabokepindonesia.org",
                "ceritaseksbergambar.com",
                "ceritasex1.com",
                "ceritasexindonesia.com",
                "photomemek.com",
                "putri77.com",
                "putri77.org",
                "www.artikelbokep.com",
                "www.ceritaseksbergambar.com",
                "www.ceritasex1.com",
                "www.photomemek.com",
                "www.putri77.com",
                "www.putri77.org"
            ]
        },
        {
            "rule": "bebasads\\.com\\/ads\\/970bokep\\.php",
            "cookies": 0,
            "fingerprinting": 0,
            "subdomains": [],
            "apis": {},
            "sites": 2,
            "prevalence": 0.0000138,
            "cnames": [],
            "responseHashes": [
                "59186aaaa058380ccdb5224a607a32c6c3330935a36efa9707d8eda450430470"
            ],
            "type": "XHR",
            "firstPartyCookies": {},
            "firstPartyCookiesSent": {},
            "exampleSites": [
                "www.artikelbokep.com"
            ]
        },
        {
            "rule": "bebasads\\.com\\/ads\\/728crita\\.php",
            "cookies": 0,
            "fingerprinting": 0,
            "subdomains": [],
            "apis": {},
            "sites": 2,
            "prevalence": 0.0000138,
            "cnames": [],
            "responseHashes": [
                "d7571aa88fba87e741ef975ed13439a263696f2c3d9f736c6ddc6d47a3fa6c83"
            ],
            "type": "XHR",
            "firstPartyCookies": {},
            "firstPartyCookiesSent": {},
            "exampleSites": [
                "www.artikelbokep.com"
            ]
        }
    ],
    "categories": [],
    "performance": {},
    "cookies": 0,
    "types": {
        "XHR": 28
    },
    "nameservers": [
        "greg.ns.cloudflare.com",
        "tricia.ns.cloudflare.com"
    ]
}