{
    "domain": "bidgear.com",
    "owner": {},
    "source": [
        "DuckDuckGo-US"
    ],
    "prevalence": 0.000373,
    "sites": 54,
    "subdomains": [
        "platform",
        "vn-platform",
        "imp9",
        "demand",
        "source",
        "imp-dsp",
        "imp8"
    ],
    "cnames": [],
    "fingerprinting": 1,
    "resources": [
        {
            "rule": "bidgear\\.com\\/async\\.php",
            "cookies": 0.000159,
            "fingerprinting": 0,
            "subdomains": [
                "platform",
                "vn-platform"
            ],
            "apis": {},
            "sites": 25,
            "prevalence": 0.000173,
            "cnames": [],
            "responseHashes": [
                "f21e1381f5919a7e6e18293053481bde6233a70704418bb19e7b249c070ccb71",
                "8052fbbf32df83c80077218bc7d34d6834cc71451e05eb375da9f1daa39a5aaf",
                "4ee10ed5c9e5dba6d8c14923721699ed315506f3e3c5e7dfc83a7c6c36e45de6",
                "263ac4ca5a71af391a9afc47f286e1eed0910dd16611db193e75e1a51e2d8468",
                "f9cea299a07ff50b954af034ed523f4f54d43d93145e443b8844d6347274d9d2",
                "58f35f4a2f524e229f8dabcf606f28dce07ec337b319715f498e41dd6a46fb4b",
                "3654f665a511941ba2cdc1c7efd59af7f9d03efe29ac7168bd77070498c06007",
                "29d5151c58e638c425d1663cd8a89b26ad95002a0f4ea3c0590af6e829fc2d0f",
                "1c668e2916d4f9aeacbb6f545a645f0882204e7e3928b3f62b5aff3de136c1c5",
                "f5255fe143738b15f629d20169f57c3851b87bc59762484e65aab291364db921",
                "925bea5eebcef30a1350457eab5fd9b9124565a37af5a0bd265922e529fcfdca",
                "f46a07e13c6bc0ff45ae29bb9cedca707a91703e89cc216ef16b2995835e289c",
                "9ff82557b0a3fa2b2200616cd941fadfb59640c391c60d5718de8abc9f4788cb",
                "dd943a0c25acefc294d94dd1ed5076a747ef354dd3cb396c5fdd88a7d3dfa6b1",
                "a2c24c65ccb9d95fd1272581ad956fdafcf9b508dcba3300392e5317519e6db4",
                "c3476c804a67247c047d2db45f293d5ed97f864834eac080e7dc93d2a967aff1",
                "efe16c3a70c46c3f4dbc7bbef190b9a95084f4f169b6c750a0ec37af37e0b406",
                "ecab358bbc843a84676a34030e872714fa317ec14f375eecb7372f549db7f641",
                "70e2132ed77c6121c1807159b512b0f340ea74fe8da8c3a29d9b717389be2a74"
            ],
            "type": "Script",
            "firstPartyCookies": {},
            "firstPartyCookiesSent": {},
            "exampleSites": [
                "ww8.readonepiece.com",
                "9anime.to",
                "w12.mangafreak.net",
                "ww2.readkingdom.com",
                "ww6.readmha.com",
                "hiperdex.com",
                "www.tubeoffline.com",
                "mangakatana.com",
                "animenhentai.com",
                "www.kiss-anime.ws",
                "mangakakalot.com",
                "www.allfreenovel.com",
                "ww1.readjujutsukaisen.com",
                "tuoitre.vn",
                "animedao.to",
                "www.hentaisaturn.com",
                "ww6.readblackclover.com",
                "read.one-punchman.com",
                "voiranime.com",
                "www.hentaiworld.eu"
            ]
        },
        {
            "rule": "bidgear\\.com\\/rec",
            "cookies": 0,
            "fingerprinting": 0,
            "subdomains": [
                "imp9"
            ],
            "apis": {},
            "sites": 31,
            "prevalence": 0.000214,
            "cnames": [],
            "responseHashes": [
                "cbd4fc27d8d80c381d827912340b6d7b2337adbf4c9b2ff5300a09707a2c1c6e"
            ],
            "type": "Image",
            "firstPartyCookies": {},
            "firstPartyCookiesSent": {},
            "exampleSites": [
                "readcomiconline.li",
                "gogoanime.vc",
                "mangayuca.com",
                "ww2.readkingdom.com",
                "animedao.to",
                "readberserk.com",
                "ww8.readonepiece.com",
                "www.hentaiworld.eu",
                "www.survivinginfidelity.com",
                "gogoanime.wiki",
                "ww6.readblackclover.com",
                "tuoitre.vn",
                "www.toongod.com",
                "mangaeffect.com",
                "mangakakalot.com",
                "www.kiss-anime.ws",
                "animenhentai.com",
                "www.tubeoffline.com",
                "www.hentaisaturn.com",
                "gogoanime.pe"
            ]
        },
        {
            "rule": "bidgear\\.com\\/html",
            "cookies": 0,
            "fingerprinting": 0,
            "subdomains": [
                "platform"
            ],
            "apis": {},
            "sites": 14,
            "prevalence": 0.0000968,
            "cnames": [],
            "responseHashes": [
                "7f156bcbf5fe2bbc1e6003d15439d79c0cc84d7e62eb5503b6d969e0cb7da4da",
                "0435a46a44a2cc10b1b86d2d781c75abd83395ae7bbca7ae6894bd3da9fc98d6",
                "bd4ced314760610ced0ee73937688658b78810a7067ed8eef7e0cc413abf2ea0",
                "6f48bb014e33fe79e89a6c2126375927b71e1422cd6272278543f2532fcb8c86",
                "061b80e45186c0fdb6e84c498441a10669e9de2b03a8949e570edfa3fa9225dd",
                "8f8acc9f58e4a7033659d8f41a9a6fb6c1df5dc9ff9eee431c51a146c08c7658",
                "33c8e19ef29676b0cb3b633e5e0db5b4591d4e5f26bbdebd51ed638539d076b5",
                "15d42426a0aeaa5c95c6fce339c0c6adb22cc1de458de781dbd904515a5e6644",
                "e154b7e3864dfeb69e97d6bdce365f1c9a5c27d29cd5d1ddacba94214d61a36e",
                "4fc96ef800f1757f01cbb7289f71bf816794700f8f3dc41661d401b525f44aa4",
                "b66df26ddb3644e846af714a601f7e8e0388129abab32ddd71d7aff9ba788d6b",
                "4f32f412ec13966384b0c7b87c10494e2ff214980d0a620987c2b39bcf35bb20",
                "7da6a00a13764b25b33cd7409d4eb3a96829c3121538d2a00c3fff86055b3bf8"
            ],
            "type": "Script",
            "firstPartyCookies": {},
            "firstPartyCookiesSent": {
                "__PPU___PPU_SESSION_URL": 0.0000069134300291746744
            },
            "exampleSites": [
                "animedao.to",
                "readberserk.com",
                "voiranime.com",
                "vostfree.tv",
                "w12.mangafreak.net",
                "ww1.readjujutsukaisen.com",
                "ww2.readkingdom.com",
                "ww6.readblackclover.com",
                "ww6.readmha.com",
                "ww8.readonepiece.com",
                "www.hentaisaturn.com",
                "www.hentaiworld.eu",
                "www.toongod.com",
                "www.tubeoffline.com"
            ]
        },
        {
            "rule": "bidgear\\.com\\/ads\\.php",
            "cookies": 0.0000622,
            "fingerprinting": 0,
            "subdomains": [
                "platform"
            ],
            "apis": {},
            "sites": 10,
            "prevalence": 0.0000691,
            "cnames": [],
            "responseHashes": [
                "5baf16a2e420f538066769bf0047f631d8701e797071bcc914342a33de79e96a",
                "897abdd213a598de0903b91654cc32ad00c4c202195500a68725189ae0a659c5",
                "110afce9348e4e45cb93daef9871e8419172919f08a6654467ace52d21650b5c",
                "a463e9158ca6406b648896ac407af65d2a0216fc51f3f4f349d4ea21cfd86361",
                "cc485a204de8c492c78002a00154655f4c0f908569726c8707abbb35a3246248",
                "d6fcaef350e32b0eeefea210ebc52fbb63f1fb1f5e59720c321916b60472a02d",
                "74839aedeb72a17de1853ef05f5e9454693853ed4575aa2c86331803dbd2d39f",
                "53ea54bf4b2db395a9fa3e78f5fd7a2b3afb3f59cac5313ba3fbb2b097c632a0",
                "a3c5740e4a66739313a9819b3af84625b87be8df81a28e8c5788b3b3111e4a3b"
            ],
            "type": "Script",
            "firstPartyCookies": {},
            "firstPartyCookiesSent": {},