{
    "domain": "bigmining.com",
    "owner": {
        "name": "BI.Garage, Inc.",
        "displayName": "BI.Garage"
    },
    "source": [
        "DuckDuckGo-US"
    ],
    "prevalence": 0.000952,
    "sites": 138,
    "subdomains": [
        "cdn",
        "ads-tr",
        "adevent"
    ],
    "cnames": [],
    "fingerprinting": 1,
    "resources": [
        {
            "rule": "bigmining\\.com\\/dmp",
            "cookies": 0.000124,
            "fingerprinting": 0,
            "subdomains": [],
            "apis": {},
            "sites": 18,
            "prevalence": 0.000124,
            "cnames": [],
            "responseHashes": [
                "e3b0c44298fc1c149afbf4c8996fb92427ae41e4649b934ca495991b7852b855"
            ],
            "type": "Image",
            "firstPartyCookies": {},
            "firstPartyCookiesSent": {
                "4travelusr": 0.000006902073382844206,
                "akibaskusr": 0.000006902073382844206,
                "hatenausr": 0.000020706220148532618,
                "kakakuusr": 0.00003451036691422103,
                "eigacomusr": 0.000006902073382844206,
                "icottousr": 0.000006902073382844206,
                "gpv_v21": 0.000006902073382844206,
                "s_ppl": 0.000006902073382844206,
                "kinarinousr": 0.000006902073382844206,
                "gpv_v15": 0.000006902073382844206,
                "tasclapusr": 0.000006902073382844206,
                "gpv_v46": 0.000006902073382844206,
                "tabelogusr": 0.000006902073382844206
            },
            "exampleSites": [
                "4travel.jp",
                "akiba-souken.com",
                "b.hatena.ne.jp",
                "bbs.kakaku.com",
                "eiga.com",
                "hazard-j2.hatenadiary.jp",
                "icotto.jp",
                "kakaku.com",
                "kakakumag.com",
                "kinaoworks.hatenablog.com",
                "kinarino.jp",
                "m.tabelog.com",
                "mens.tasclap.jp",
                "review.kakaku.com",
                "s.kakaku.com",
                "search.kakaku.com",
                "tabelog.com",
                "www.webcg.net"
            ]
        },
        {
            "rule": "bigmining\\.com\\/pixel\\/dbm2big\\.png",
            "cookies": 0.000359,
            "fingerprinting": 0,
            "subdomains": [],
            "apis": {},
            "sites": 55,
            "prevalence": 0.00038,
            "cnames": [],
            "responseHashes": [
                "3eb10792d1f0c7e07e7248273540f1952d9a5a2996f4b5df70ab026cd9f05517"
            ],
            "type": "Image",
            "firstPartyCookies": {},
            "firstPartyCookiesSent": {
                "4travelusr": 0.000006902073382844206,
                "akibaskusr": 0.000006902073382844206,
                "hatenausr": 0.000020706220148532618,
                "kakakuusr": 0.00003451036691422103,
                "eigacomusr": 0.000006902073382844206,
                "icottousr": 0.000006902073382844206,
                "kinarinousr": 0.000006902073382844206,
                "tasclapusr": 0.000006902073382844206,
                "tabelogusr": 0.000006902073382844206
            },
            "exampleSites": [
                "onlineshop.smt.docomo.ne.jp",
                "eiga.com",
                "povo.au.com",
                "iosys.co.jp",
                "tabelog.com",
                "kakakumag.com",
                "www.skincare-univ.com",
                "b.hatena.ne.jp",
                "4travel.jp",
                "azby.fmworld.net",
                "review.kakaku.com",
                "s.kakaku.com",
                "moneykit.net",
                "kinaoworks.hatenablog.com",
                "books.rakuten.co.jp",
                "hapitas.jp",
                "db.netkeiba.com",
                "www.cotta.jp",
                "games.dmm.com",
                "www.minden.jp"
            ]
        },
        {
            "rule": "bigmining\\.com\\/pixel\\/supership2big\\.png",
            "cookies": 0.000214,
            "fingerprinting": 0,
            "subdomains": [],
            "apis": {},
            "sites": 37,
            "prevalence": 0.000255,
            "cnames": [],
            "responseHashes": [
                "3eb10792d1f0c7e07e7248273540f1952d9a5a2996f4b5df70ab026cd9f05517"
            ],
            "type": "Image",
            "firstPartyCookies": {},
            "firstPartyCookiesSent": {},
            "exampleSites": [
                "hapitas.jp",
                "camp-fire.jp",
                "gold.tanaka.co.jp",
                "iosys.co.jp",
                "www.tokai-tv.com",
                "wowma.jp",
                "books.rakuten.co.jp",
                "auctions.yahoo.co.jp",
                "join.biglobe.ne.jp",
                "page.auctions.yahoo.co.jp",
                "ananweb.jp",
                "azby.fmworld.net",
                "www.jal.co.jp",
                "www.skincare-univ.com",
                "k-nihondo.jp",
                "povo.au.com",
                "moneykit.net",
                "www.yutori.co.jp",
                "www.toshin.com",
                "eonet.jp"
            ]
        },
        {
            "rule": "bigmining\\.com\\/pixel\\/microad2big\\.png",
            "cookies": 0.000159,
            "fingerprinting": 0,
            "subdomains": [],
            "apis": {},
            "sites": 23,
            "prevalence": 0.000159,
            "cnames": [],
            "responseHashes": [
                "3eb10792d1f0c7e07e7248273540f1952d9a5a2996f4b5df70ab026cd9f05517"
            ],
            "type": "Image",
            "firstPartyCookies": {},
            "firstPartyCookiesSent": {},
            "exampleSites": [
                "mnsatlas.com",
                "sumaiweb.jp",
                "himasoku.com",
                "www.lettuceclub.net",
                "oceans-nadia.com",
                "careergarden.jp",
                "rosie.5ch.net",
                "egg.5ch.net",
                "totalwar.doorblog.jp",
                "www.nikkan-gendai.com",
                "internet.watch.impress.co.jp",
                "fate.5ch.net",
                "krsw.5ch.net",
                "matsuri.5ch.net",
                "swallow.5ch.net",
                "blog.livedoor.jp",
                "eikaiwa.dmm.com",
                "leia.5ch.net",
                "animanch.com",
                "k-tai.watch.impress.co.jp"
            ]
        },
        {
            "rule": "bigmining\\.com\\/private\\/js\\/hatena_bigmining\\.js",
            "cookies": 0.0000207,
            "fingerprinting": 1,
            "subdomains": [
                "cdn"
            ],
            "apis": {
                "Document.cookie getter": 3,
                "Date.prototype.getTime": 3,
                "Document.cookie setter": 3
            },
            "sites": 3,
            "prevalence": 0.0000207,
            "cnames": [],
            "responseHashes": [
                "a4707b6b0a8a3822caec0ee37c5f669498551937b11bae6d58facf2f28f3ae49"
            ],
            "type": "Script",
            "firstPartyCookies": {
                "hatenausr": {
                    "ttl": 31536014,
                    "length": 25,
                    "prevalence": 0.000020706220148532618,
                    "uniqueness": 1
                }
            },
            "firstPartyCookiesSent": {},
            "exampleSites": [
                "hatena.ne.jp",
                "hazard-j2.hatenadiary.jp",
                "kinaoworks.hatenablog.com"
            ]
        },
        {
            "rule": "bigmining\\.com\\/js\\/k3c_bigmining\\.js",
            "cookies": 0.0000345,
            "fingerprinting": 1,
            "subdomains": [
                "cdn"
            ],
            "apis": {
                "Document.cookie getter": 5,
                "Date.prototype.getTime": 5,