{
    "domain": "birdeye.com",
    "owner": {},
    "source": [
        "DuckDuckGo-US"
    ],
    "prevalence": 0.0000897,
    "sites": 13,
    "subdomains": [
        "api"
    ],
    "cnames": [],
    "fingerprinting": 1,
    "resources": [
        {
            "rule": "birdeye\\.com\\/resources\\/v1\\/business\\/146004754181231\\/",
            "cookies": 0,
            "fingerprinting": 0,
            "subdomains": [
                "api"
            ],
            "apis": {},
            "sites": 2,
            "prevalence": 0.0000138,
            "cnames": [],
            "responseHashes": [
                "bdb4bb4719bf8f83798dfaca74f26282e7506e4489ccdf555d1196a7434235d0"
            ],
            "type": "XHR",
            "firstPartyCookies": {},
            "firstPartyCookiesSent": {},
            "exampleSites": [
                "advancedentdenver.com",
                "www.advancedentdenver.com"
            ]
        },
        {
            "rule": "birdeye\\.com\\/embed\\/widget",
            "cookies": 0.0000483,
            "fingerprinting": 1,
            "subdomains": [],
            "apis": {
                "Navigator.prototype.userAgent": 7
            },
            "sites": 7,
            "prevalence": 0.0000483,
            "cnames": [],
            "responseHashes": [
                "f3c64e79b33684125768a04f20cdb5f45360a1e1c01559eb908372b7ce6ad59a",
                "81e2d65a7f7a734a56b5ccbb7fa9b4f712c8572d1bfd353fdeb45d1bc2fa55e9",
                "7501cbec4188f1ff9262731df073d0c4656b12533cf4244c1f624e93196dbbd7",
                "69de34f9c9727ed0bcc625663df2d5c5ac8707907cffe9f4a95dc3758c37ffaa",
                "a72aa41377d61499ceca1b6160be370c1924bf8062381f1626e2c25efb1201a3",
                "5ca0008ca74bc24d1ac6040eed8be1c572d83572aa9736a06a56b1068e14a2d8"
            ],
            "type": "Script",
            "firstPartyCookies": {},
            "firstPartyCookiesSent": {
                "leadCampaign": 0.000006902073382844206,
                "bid": 0.000006902073382844206
            },
            "exampleSites": [
                "agrusslawfirm.com",
                "www.agrusslawfirm.com",
                "www.corvettecentral.com",
                "www.equip-bid.com",
                "www.lambertvetsupply.com",
                "www.streetsideclassics.com",
                "www.tgw.com"
            ]
        },
        {
            "rule": "birdeye\\.com\\/widget\\/render\\.php",
            "cookies": 0.0000483,
            "fingerprinting": 1,
            "subdomains": [],
            "apis": {
                "Date.prototype.getTime": 2,
                "Navigator.prototype.userAgent": 1
            },
            "sites": 7,
            "prevalence": 0.0000483,
            "cnames": [],
            "responseHashes": [
                "73d8841bcfded0f36302678816dbf5dcc13ea5fe1255149b5ee95b7f257e1351",
                "eb9c22653796b59a95eea241bc8f0bedebf7b20bc1fa17e366e935c7bf5d546c",
                "b2d996912a490bfba815f6add7b32730f27c90953889b57e9c2bc6baea0efa2f",
                "bdca039a6e65288cfa6b6b641be947879bd0fee89a16a9d23404eb4e57e20b5e",
                "3b287fb5f39a1b16e446bcc38eda833973fcd97ff07da8e10a35862c1c3a12d1",
                "011914ade41c361aedeb7b9462b96118ccc2dfc2b61432d8a381fac5c47a063a"
            ],
            "type": "Document",
            "firstPartyCookies": {},
            "firstPartyCookiesSent": {
                "leadCampaign": 0.000006902073382844206,
                "bid": 0.000006902073382844206
            },
            "exampleSites": [
                "agrusslawfirm.com",
                "www.agrusslawfirm.com",
                "www.corvettecentral.com",
                "www.equip-bid.com",
                "www.lambertvetsupply.com",
                "www.streetsideclassics.com",
                "www.tgw.com"
            ]
        },
        {
            "rule": "birdeye\\.com\\/tracking\\/p\\.php",
            "cookies": 0.0000552,
            "fingerprinting": 0,
            "subdomains": [],
            "apis": {},
            "sites": 8,
            "prevalence": 0.0000552,
            "cnames": [],
            "responseHashes": [
                "6a842ea462daca2a0b5a0f5f25bcfc8e0059ac811ca6c6a1bc54e4d9119621c3"
            ],
            "type": "Image",
            "firstPartyCookies": {},
            "firstPartyCookiesSent": {
                "bid": 0.000006902073382844206
            },
            "exampleSites": [
                "agrusslawfirm.com",
                "www.agrusslawfirm.com",
                "www.corvettecentral.com",
                "www.equip-bid.com",
                "www.lambertvetsupply.com",
                "www.streetsideclassics.com",
                "www.tgw.com",
                "www.thejollychristmasshop.com"
            ]
        },
        {
            "rule": "birdeye\\.com\\/embed\\/v4\\/149909018372574\\/5\\/750602611",
            "cookies": 0.0000138,
            "fingerprinting": 0,
            "subdomains": [],
            "apis": {},
            "sites": 2,
            "prevalence": 0.0000138,
            "cnames": [],
            "responseHashes": [
                "6b9d8353c08f47fcc2ff1e4ac5f25fbc2e674bd3c9b055f1bb8a2bf50cff9728"
            ],
            "type": "Script",
            "firstPartyCookies": {},
            "firstPartyCookiesSent": {},
            "exampleSites": [
                "lambertvetsupply.com",
                "www.lambertvetsupply.com"
            ]
        },
        {
            "rule": "birdeye\\.com\\/common\\/fonts\\/fontawesome-webfont\\.woff",
            "cookies": 0,
            "fingerprinting": 0,
            "subdomains": [],
            "apis": {},
            "sites": 3,
            "prevalence": 0.0000207,
            "cnames": [],
            "responseHashes": [
                "66db52b456efe7e29cec11fa09421d03cb09e37ed1b567307ec0444fd605ce31"
            ],
            "type": "Font",
            "firstPartyCookies": {},
            "firstPartyCookiesSent": {},
            "exampleSites": [
                "lambertvetsupply.com",
                "www.lambertvetsupply.com",
                "www.tgw.com"
            ]
        },
        {
            "rule": "birdeye\\.com\\/embed\\/v4\\/157650719913805\\/3\\/1234567933259",
            "cookies": 0.0000138,
            "fingerprinting": 0,
            "subdomains": [],
            "apis": {},
            "sites": 2,
            "prevalence": 0.0000138,
            "cnames": [],
            "responseHashes": [
                "7fe8901091bd33ed3ce17b5d3be6edf9ba169971b1436dc61108c3607bbe9f2a"
            ],
            "type": "Script",
            "firstPartyCookies": {},
            "firstPartyCookiesSent": {},
            "exampleSites": [
                "streetsideclassics.com",
                "www.streetsideclassics.com"
            ]
        },
        {
            "rule": "birdeye\\.com\\/embed\\/v4\\/151545541879387\\/5\\/320847300",
            "cookies": 0.0000138,
            "fingerprinting": 0,
            "subdomains": [],
            "apis": {},
            "sites": 2,
            "prevalence": 0.0000138,
            "cnames": [],
            "responseHashes": [
                "a1ce71561278add35b10d5ce7c9d10abcaf33629034e8209019d8e211970e73c"
            ],
            "type": "Script",
            "firstPartyCookies": {},
            "firstPartyCookiesSent": {},
            "exampleSites": [
                "tgw.com",
                "www.tgw.com"
            ]
        },
        {
            "rule": "birdeye\\.com\\/embed\\/v6\\/160191164870248\\/1\\/3133408184\\/65c0747b7681866c8701d8dcab5ed24311c8df05a55e854b",
            "cookies": 0.0000138,
            "fingerprinting": 0,
            "subdomains": [],
            "apis": {},
            "sites": 2,
            "prevalence": 0.0000138,
            "cnames": [],