{
    "domain": "bonertraffic14.info",
    "owner": {},
    "source": [
        "DuckDuckGo-US"
    ],
    "prevalence": 0.0000833,
    "sites": 12,
    "subdomains": [
        "cdn"
    ],
    "cnames": [],
    "fingerprinting": 2,
    "resources": [
        {
            "rule": "bonertraffic14\\.info\\/sdk\\/push_web\\/",
            "cookies": 0.0000278,
            "fingerprinting": 2,
            "subdomains": [
                "cdn"
            ],
            "apis": {
                "Navigator.prototype.userAgent": 7,
                "Intl.DateTimeFormat.prototype.resolvedOptions": 7,
                "Date.prototype.getTimezoneOffset": 7,
                "Date.prototype.getTime": 7,
                "window.devicePixelRatio": 7,
                "Navigator.prototype.appName": 2,
                "Document.cookie getter": 4,
                "Document.cookie setter": 4
            },
            "sites": 9,
            "prevalence": 0.0000625,
            "cnames": [],
            "responseHashes": [
                "6dfe6a0d9ef92b4b82e6e59d831b44c7d9d8b4f16d6c2f13e751eaa61a99370d",
                "4921b508157083da5574d7b592f61a59b1a936cc7a2c43051508ba76b5574d20",
                "a086f1a14a46feab73c1b931645d0ee784d8a76d74ade8c8aa1d528df607dd2c",
                "a268d6d01dddd8db3de7581215b236ce58b226a706ae534efd3558931e8e0ca0",
                "8eebaf71dd888ecc60c78e3332e30eec3d4554430269a0c2e1a6d436fe2ea827",
                "cac49ce19f2407f71ea15161093edcb48cab8eeb86a4c27e15b90c848386a7b3"
            ],
            "type": "Script",
            "firstPartyCookies": {
                "rvt_inlpush_cnt_4790": {
                    "ttl": 86402,
                    "length": 1,
                    "prevalence": 0.000006943142605205969,
                    "uniqueness": 1
                },
                "rvt_inlpush_max_4790": {
                    "ttl": 86402,
                    "length": 3,
                    "prevalence": 0.000006943142605205969,
                    "uniqueness": 1
                },
                "rvt_inlpush_cnt_4795": {
                    "ttl": 86402,
                    "length": 1,
                    "prevalence": 0.000006943142605205969,
                    "uniqueness": 1
                },
                "rvt_inlpush_max_4795": {
                    "ttl": 86402,
                    "length": 3,
                    "prevalence": 0.000006943142605205969,
                    "uniqueness": 1
                },
                "rvt_inlpush_cnt_4796": {
                    "ttl": 86400,
                    "length": 1,
                    "prevalence": 0.000006943142605205969,
                    "uniqueness": 1
                },
                "rvt_inlpush_max_4796": {
                    "ttl": 86400,
                    "length": 3,
                    "prevalence": 0.000006943142605205969,
                    "uniqueness": 1
                },
                "rvt_inlpush_cnt_4800": {
                    "ttl": 86402,
                    "length": 1,
                    "prevalence": 0.000006943142605205969,
                    "uniqueness": 1
                },
                "rvt_inlpush_max_4800": {
                    "ttl": 86401,
                    "length": 3,
                    "prevalence": 0.000006943142605205969,
                    "uniqueness": 1
                },
                "rvt_inlpush_shown_4800": {
                    "ttl": 86402,
                    "length": 1,
                    "prevalence": 0.000006943142605205969,
                    "uniqueness": 1
                }
            },
            "firstPartyCookiesSent": {},
            "exampleSites": [
                "bravoporn.com",
                "es.bravoporn.com",
                "hellmoms.com",
                "m.alphaporno.com",
                "m.hellporno.com",
                "mobile.bravoporn.com",
                "www.bravoporn.com",
                "www.bravoteens.com",
                "xbabe.com"
            ]
        }
    ],
    "categories": [],
    "performance": {},
    "cookies": 0.0000486,
    "types": {
        "Script": 9
    },
    "nameservers": [
        "ray.ns.cloudflare.com",
        "dell.ns.cloudflare.com"
    ]
}