{
    "domain": "booking.com",
    "owner": {
        "name": "Booking.com B.V.",
        "displayName": "Booking.com"
    },
    "source": [
        "DuckDuckGo-US"
    ],
    "prevalence": 0.000145,
    "sites": 21,
    "subdomains": [
        "www"
    ],
    "cnames": [],
    "fingerprinting": 1,
    "resources": [
        {
            "rule": "booking\\.com\\/flexiproduct\\.html",
            "cookies": 0.0000691,
            "fingerprinting": 1,
            "subdomains": [
                "www"
            ],
            "apis": {
                "Date.prototype.getTime": 1,
                "Screen.prototype.width": 1,
                "Screen.prototype.height": 1
            },
            "sites": 11,
            "prevalence": 0.000076,
            "cnames": [],
            "responseHashes": [
                "e3d33d0dde79e1590777c166381c55f9eff370144615a7a38d3901e09cac51ab",
                "e7216cc9f153bf20c6bc8c3b399f727f61611d246ca69fa798e815fb77f2fb46",
                "bd699682ed62f63f67d527c31309cc81269d3ffe7dc1d19a1c000c8e342a75f5",
                "07c48a65cb9f3fbc1015a2c5e8dd29d3196b97423ec86450a16c4e5f23dbb9b4",
                "c5b1f9158d5dc669b164ed158cd63e1c650234f26871d524dfd7bc7f12874b39",
                "04bc13fa1eafa1efbcdff1fdbdd8118f3cf116d8101273072ae87d59c4bbd869",
                "1a2fd90158727804ddab25d49455ccd4b0f84a2d98a666c8be3df6def6a961c0",
                "6460e26437215d1a54f69e3e89921b68c79de6f6da0071e095366e7f4fa4b008",
                "8b2ac93e417ad8be4735e7927589064269cebf8fab1ac0035fd653a4ab97bc47"
            ],
            "type": "Document",
            "firstPartyCookies": {},
            "firstPartyCookiesSent": {},
            "exampleSites": [
                "checkmypostcode.uk",
                "hikersbay.com",
                "jpninfo.com",
                "rotter.net",
                "ville-data.com",
                "www.citydirectory.us",
                "www.distantias.com",
                "www.drivebestway.com",
                "www.roughguides.com",
                "www.traveltomtom.net",
                "www.wantedinrome.com"
            ]
        },
        {
            "rule": "booking\\.com\\/affiliate\\/fp_view",
            "cookies": 0.0000207,
            "fingerprinting": 0,
            "subdomains": [
                "www"
            ],
            "apis": {},
            "sites": 3,
            "prevalence": 0.0000207,
            "cnames": [],
            "responseHashes": [
                "fe85cceb474303eb80a5ca9a60b16d92208a8e0b38647647654b0c42447b51f7"
            ],
            "type": "XHR",
            "firstPartyCookies": {},
            "firstPartyCookiesSent": {},
            "exampleSites": [
                "checkmypostcode.uk",
                "hikersbay.com",
                "ville-data.com"
            ]
        },
        {
            "rule": "booking\\.com\\/affiliatewidget\\.html",
            "cookies": 0.0000484,
            "fingerprinting": 1,
            "subdomains": [
                "www"
            ],
            "apis": {
                "Date.prototype.getTime": 3,
                "Screen.prototype.width": 3,
                "Screen.prototype.height": 3
            },
            "sites": 7,
            "prevalence": 0.0000484,
            "cnames": [],
            "responseHashes": [
                "a7c4e8659716f8f880b6ac3b518b46c6ec6203d11a3bb5db032b0a7fc0082eaf",
                "2ce6d7363ccae51bdae6f067a7c965179ddfbe4599adcb5909d9239807739c5d",
                "5b9bd9deee7d42c65adfa420d870bd1f97fad1917b3cf2885e2fe30b60cdb335",
                "02271941cadcb9e0f2e199566df8ec10a62d5b792e4098c6883a28e50b8d58b8",
                "36f0481990c5d1da0e77593d5b5615077dcbe940aefedde7d2ad1f2e7afba9ad",
                "01688c8357fb604958bead42bff2eef8bcf6b67fdf8bcf839514cb2392dae7db"
            ],
            "type": "Document",
            "firstPartyCookies": {},
            "firstPartyCookiesSent": {},
            "exampleSites": [
                "aegeanair.com",
                "jetsmart.com",
                "southwest.com",
                "www.distanciasentreciudades.com",
                "www.europeanbestdestinations.com",
                "www.sedona.net",
                "www.southwest.com"
            ]
        },
        {
            "rule": "booking\\.com\\/load_times",
            "cookies": 0.0000277,
            "fingerprinting": 0,
            "subdomains": [
                "www"
            ],
            "apis": {},
            "sites": 4,
            "prevalence": 0.0000277,
            "cnames": [],
            "responseHashes": [
                "e3b0c44298fc1c149afbf4c8996fb92427ae41e4649b934ca495991b7852b855"
            ],
            "type": "XHR",
            "firstPartyCookies": {},
            "firstPartyCookiesSent": {},
            "exampleSites": [
                "aegeanair.com",
                "jetsmart.com",
                "southwest.com",
                "www.citydirectory.us"
            ]
        },
        {
            "rule": "booking\\.com\\/flexiproduct\\.html",
            "cookies": 0.0000138,
            "fingerprinting": 0,
            "subdomains": [
                "www"
            ],
            "apis": {},
            "sites": 2,
            "prevalence": 0.0000138,
            "cnames": [],
            "responseHashes": [
                "c5631ce948d5aec3c0cb64ce225e54d54cfbce9109786d580f7433211d0302e9"
            ],
            "type": "XHR",
            "firstPartyCookies": {},
            "firstPartyCookiesSent": {},
            "exampleSites": [
                "hikersbay.com",
                "www.distantias.com"
            ]
        },
        {
            "rule": "booking\\.com\\/_af41d5ef523b14bf",
            "cookies": 0.0000138,
            "fingerprinting": 0,
            "subdomains": [
                "www"
            ],
            "apis": {},
            "sites": 2,
            "prevalence": 0.0000138,
            "cnames": [],
            "responseHashes": [],
            "type": "Document",
            "firstPartyCookies": {},
            "firstPartyCookiesSent": {},
            "exampleSites": [
                "southwest.com",
                "www.southwest.com"
            ]
        }
    ],
    "categories": [],
    "performance": {},
    "cookies": 0.000145,
    "types": {
        "Document": 20,
        "XHR": 9
    },
    "nameservers": [
        "ns0.bkngs.com",
        "ns1.bkngs.com",
        "ns2.bkngs.com",
        "ns3.bkngs.com"
    ]
}