{
    "domain": "boost-next.co.jp",
    "owner": {},
    "source": [
        "DuckDuckGo-US"
    ],
    "prevalence": 0.000131,
    "sites": 19,
    "subdomains": [
        "edayo",
        "cs",
        "js"
    ],
    "cnames": [],
    "fingerprinting": 2,
    "resources": [
        {
            "rule": "boost-next\\.co\\.jp\\/yie\\/ld\\/jsk",
            "cookies": 0,
            "fingerprinting": 0,
            "subdomains": [
                "edayo"
            ],
            "apis": {},
            "sites": 13,
            "prevalence": 0.0000897,
            "cnames": [],
            "responseHashes": [
                "6b754b51cfc20a6dc57e7761512fa849dfb3156f8bd1acc3dc9058e0b3b7b061",
                "4207df9735ff0a160a526ed15bd837ae7d16d8b6498c1eab482ec5860c6a4380",
                "5f26132d104456abd2de7b9796da176f99dcbcf2acb1adb3a6dcd16db1913027",
                "9e26bd65712478f61682e163e765b2629dd5968138b25a93fda372c066aa0dc3",
                "1f8936654ef06bf7967cc210271d1144ed68d51ed00dcb83c01f0654cd8077ad",
                "c704c11de76f3f296da3644b530d8afec223646956f1d6a88a9a64ad6da92e5b",
                "431685609cc03af7fe6cb2c0ff53e4f040e11cfecfefa60fb3bf536ea60746b9",
                "d2c23f8a441221758a9e4ede592f10a61b80e279be29e93307ccacd56cfb8a3d",
                "e318291985bf96856b9cc28fa162605d6b5b185f185f644377d4fe230128c48a",
                "892f0f63da0822da7d3fbcc02d3f642b1b0ab1aa0b8cb167269e4eff4b6cd8b9"
            ],
            "type": "Script",
            "firstPartyCookies": {},
            "firstPartyCookiesSent": {},
            "exampleSites": [
                "erodoujinshi-world.com",
                "eropasture.com",
                "hentaivn.tv",
                "ivfree.me",
                "jav.direct",
                "javmix.tv",
                "movie.eroterest.net",
                "nurebajk.blog.fc2.com",
                "re-hentai.com",
                "shikotch.net",
                "www.dl8x.com",
                "www.po-kaki-to.com",
                "zettai-ero.com"
            ]
        },
        {
            "rule": "boost-next\\.co\\.jp\\/yie\\/ld\\/gl0",
            "cookies": 0,
            "fingerprinting": 0,
            "subdomains": [
                "edayo"
            ],
            "apis": {},
            "sites": 5,
            "prevalence": 0.0000345,
            "cnames": [],
            "responseHashes": [
                "77b1d2c0857d4e95d4c2ae7aa0abc5aaafa6bd4581b31203d1592759c26f5c44"
            ],
            "type": "Image",
            "firstPartyCookies": {},
            "firstPartyCookiesSent": {},
            "exampleSites": [
                "erodoujinshi-world.com",
                "ivfree.me",
                "jav.direct",
                "javmix.tv",
                "movie.eroterest.net"
            ]
        },
        {
            "rule": "boost-next\\.co\\.jp\\/yie\\/ld\\/mcs",
            "cookies": 0.0000897,
            "fingerprinting": 0,
            "subdomains": [
                "cs"
            ],
            "apis": {},
            "sites": 13,
            "prevalence": 0.0000897,
            "cnames": [],
            "responseHashes": [],
            "type": "Image",
            "firstPartyCookies": {},
            "firstPartyCookiesSent": {},
            "exampleSites": [
                "erodoujinshi-world.com",
                "eropasture.com",
                "hentaivn.tv",
                "ivfree.me",
                "jav.direct",
                "javmix.tv",
                "movie.eroterest.net",
                "nurebajk.blog.fc2.com",
                "re-hentai.com",
                "shikotch.net",
                "www.dl8x.com",
                "www.po-kaki-to.com",
                "zettai-ero.com"
            ]
        },
        {
            "rule": "boost-next\\.co\\.jp\\/yie\\/ld\\/cs",
            "cookies": 0.0000897,
            "fingerprinting": 0,
            "subdomains": [
                "cs"
            ],
            "apis": {},
            "sites": 13,
            "prevalence": 0.0000897,
            "cnames": [],
            "responseHashes": [
                "ce20e84bb8047b1b89eed9b431871bcd5348a9e51960d4c71c8f2cb4eb06fc4f"
            ],
            "type": "Image",
            "firstPartyCookies": {},
            "firstPartyCookiesSent": {},
            "exampleSites": [
                "erodoujinshi-world.com",
                "eropasture.com",
                "hentaivn.tv",
                "ivfree.me",
                "jav.direct",
                "javmix.tv",
                "movie.eroterest.net",
                "nurebajk.blog.fc2.com",
                "re-hentai.com",
                "shikotch.net",
                "www.dl8x.com",
                "www.po-kaki-to.com",
                "zettai-ero.com"
            ]
        },
        {
            "rule": "boost-next\\.co\\.jp\\/j\\/rtct_adp_lib\\.20180606\\.min\\.js",
            "cookies": 0,
            "fingerprinting": 1,
            "subdomains": [
                "js"
            ],
            "apis": {
                "Navigator.prototype.userAgent": 6
            },
            "sites": 6,
            "prevalence": 0.0000414,
            "cnames": [],
            "responseHashes": [
                "a519ff476671429195aef3b0fdfb45050a0a55ab373e6612eac7352394491d50"
            ],
            "type": "Script",
            "firstPartyCookies": {},
            "firstPartyCookiesSent": {},
            "exampleSites": [
                "erodoujinshi-world.com",
                "eropasture.com",
                "ivfree.me",
                "jav.direct",
                "re-hentai.com",
                "www.po-kaki-to.com"
            ]
        },
        {
            "rule": "boost-next\\.co\\.jp\\/yie\\/ld\\/cic",
            "cookies": 0,
            "fingerprinting": 0,
            "subdomains": [
                "edayo"
            ],
            "apis": {},
            "sites": 7,
            "prevalence": 0.0000483,
            "cnames": [],
            "responseHashes": [
                "e3b0c44298fc1c149afbf4c8996fb92427ae41e4649b934ca495991b7852b855"
            ],
            "type": "Image",
            "firstPartyCookies": {},
            "firstPartyCookiesSent": {},
            "exampleSites": [
                "erodoujinshi-world.com",
                "eropasture.com",
                "ivfree.me",
                "jav.direct",
                "javmix.tv",
                "re-hentai.com",
                "www.po-kaki-to.com"
            ]
        },
        {
            "rule": "boost-next\\.co\\.jp\\/yie\\/ld\\/gl2",
            "cookies": 0,
            "fingerprinting": 0,
            "subdomains": [
                "edayo"
            ],
            "apis": {},
            "sites": 5,
            "prevalence": 0.0000345,
            "cnames": [],
            "responseHashes": [
                "77b1d2c0857d4e95d4c2ae7aa0abc5aaafa6bd4581b31203d1592759c26f5c44"
            ],
            "type": "Image",
            "firstPartyCookies": {},
            "firstPartyCookiesSent": {},
            "exampleSites": [
                "eropasture.com",
                "ivfree.me",
                "jav.direct",
                "re-hentai.com",
                "www.po-kaki-to.com"
            ]
        },
        {
            "rule": "boost-next\\.co\\.jp\\/yie\\/ld\\/gl3",
            "cookies": 0,
            "fingerprinting": 0,
            "subdomains": [
                "edayo"
            ],
            "apis": {},
            "sites": 7,
            "prevalence": 0.0000483,
            "cnames": [],
            "responseHashes": [
                "77b1d2c0857d4e95d4c2ae7aa0abc5aaafa6bd4581b31203d1592759c26f5c44"
            ],
            "type": "Image",
            "firstPartyCookies": {},
            "firstPartyCookiesSent": {},