{
    "domain": "bouncepilot.com",
    "owner": {},
    "source": [
        "DuckDuckGo-US"
    ],
    "prevalence": 0.0000764,
    "sites": 11,
    "subdomains": [
        "static",
        "events"
    ],
    "cnames": [],
    "fingerprinting": 1,
    "resources": [
        {
            "rule": "bouncepilot\\.com\\/bopi\\.js",
            "cookies": 0.0000278,
            "fingerprinting": 1,
            "subdomains": [
                "static"
            ],
            "apis": {
                "Navigator.prototype.product": 5,
                "Navigator.prototype.userAgent": 5,
                "Date.prototype.getTime": 5,
                "Document.cookie setter": 4,
                "Document.cookie getter": 4
            },
            "sites": 5,
            "prevalence": 0.0000347,
            "cnames": [],
            "responseHashes": [
                "617e7b00d97392cad3147adcc68a439a9b9c06b8add29aa824dc9c5d45873c27"
            ],
            "type": "Script",
            "firstPartyCookies": {
                "310e5c3b-dc23-476e-b799-694384811ee1": {
                    "ttl": 16,
                    "length": 3,
                    "prevalence": 0.0000069415521310565046,
                    "uniqueness": 1
                },
                "bopi_auid": {
                    "ttl": 31536014,
                    "length": 36,
                    "prevalence": 0.000027766208524226018,
                    "uniqueness": 1
                },
                "a4bfb0e1-4b37-42aa-a082-c75140712119": {
                    "ttl": 28,
                    "length": 3,
                    "prevalence": 0.0000069415521310565046,
                    "uniqueness": 1
                },
                "135901e1-8fb0-489b-bb50-17e2c986df2d": {
                    "ttl": 28,
                    "length": 3,
                    "prevalence": 0.0000069415521310565046,
                    "uniqueness": 1
                },
                "fa4643d5-4c21-4901-bc9f-facd714e0e6a": {
                    "ttl": 28,
                    "length": 3,
                    "prevalence": 0.0000069415521310565046,
                    "uniqueness": 1
                },
                "5869f1a5-f2b2-487f-90e6-a5076026d443": {
                    "ttl": 14,
                    "length": 3,
                    "prevalence": 0.0000069415521310565046,
                    "uniqueness": 1
                },
                "bopi_a_id": {
                    "ttl": 31536012,
                    "length": 36,
                    "prevalence": 0.0000069415521310565046,
                    "uniqueness": 1
                },
                "bopi_lc_id": {
                    "ttl": 132,
                    "length": 36,
                    "prevalence": 0.0000069415521310565046,
                    "uniqueness": 1
                },
                "bopi_cid": {
                    "ttl": 31536014,
                    "length": 36,
                    "prevalence": 0.0000069415521310565046,
                    "uniqueness": 1
                },
                "bopi_cid_m": {
                    "ttl": 31536014,
                    "length": 5,
                    "prevalence": 0.0000069415521310565046,
                    "uniqueness": 1
                },
                "bopi_cid_token": {
                    "ttl": 31536014,
                    "length": 36,
                    "prevalence": 0.0000069415521310565046,
                    "uniqueness": 1
                },
                "bopi_pxr": {
                    "ttl": 7212,
                    "length": 4,
                    "prevalence": 0.0000069415521310565046,
                    "uniqueness": 1
                },
                "d9499405-c442-48ff-b51b-8a82ee640973": {
                    "ttl": 6,
                    "length": 3,
                    "prevalence": 0.0000069415521310565046,
                    "uniqueness": 1
                }
            },
            "firstPartyCookiesSent": {},
            "exampleSites": [
                "priceline.com",
                "www.cigarsdirect.com",
                "www.dwr.com",
                "www.eyeglasses.com",
                "www.priceline.com"
            ]
        },
        {
            "rule": "bouncepilot\\.com\\/v1\\/pixel\\/sync-b",
            "cookies": 0,
            "fingerprinting": 0,
            "subdomains": [
                "events"
            ],
            "apis": {},
            "sites": 3,
            "prevalence": 0.0000208,
            "cnames": [],
            "responseHashes": [
                "55badc63516648dd50a758551055fa0300e6c2a524d51a4a06d519e1843cd5a8"
            ],
            "type": "Image",
            "firstPartyCookies": {},
            "firstPartyCookiesSent": {
                "bopi_auid": 0.000013883104262113009
            },
            "exampleSites": [
                "timneytriggers.com",
                "www.cigarsdirect.com",
                "www.eyeglasses.com"
            ]
        },
        {
            "rule": "bouncepilot\\.com\\/shopify\\/bopify\\.js",
            "cookies": 0,
            "fingerprinting": 0,
            "subdomains": [
                "static"
            ],
            "apis": {},
            "sites": 2,
            "prevalence": 0.0000139,
            "cnames": [],
            "responseHashes": [
                "c35058053e5e5c0ae01a1a5fe700a5c61aa0414877c621180529853f7ae4baf7"
            ],
            "type": "Script",
            "firstPartyCookies": {},
            "firstPartyCookiesSent": {},
            "exampleSites": [
                "cigarsdirect.com",
                "www.cigarsdirect.com"
            ]
        },
        {
            "rule": "bouncepilot\\.com\\/v1\\/id\\/c7b216d9-8b85-49e1-addc-d72e6ae5a5c6",
            "cookies": 0.0000139,
            "fingerprinting": 0,
            "subdomains": [
                "events"
            ],
            "apis": {},
            "sites": 2,
            "prevalence": 0.0000139,
            "cnames": [],
            "responseHashes": [
                "e7443358bdc2ae4fb48c8d62e54a9453182e905aa69da021b2ce982c38e399f2"
            ],
            "type": "XHR",
            "firstPartyCookies": {},
            "firstPartyCookiesSent": {},
            "exampleSites": [
                "cigarsdirect.com",
                "www.cigarsdirect.com"
            ]
        },
        {
            "rule": "bouncepilot\\.com\\/v1\\/id\\/a7871076-fdc4-4775-ba4a-a354431cb9fb",
            "cookies": 0,
            "fingerprinting": 0,
            "subdomains": [
                "events"
            ],
            "apis": {},
            "sites": 2,
            "prevalence": 0.0000139,
            "cnames": [],
            "responseHashes": [
                "e3b0c44298fc1c149afbf4c8996fb92427ae41e4649b934ca495991b7852b855"
            ],
            "type": "XHR",
            "firstPartyCookies": {},
            "firstPartyCookiesSent": {},
            "exampleSites": [
                "dwr.com",
                "www.dwr.com"
            ]
        },
        {
            "rule": "bouncepilot\\.com\\/v1\\/id\\/9114b6bf-95b4-47b2-920e-b6f87199fd23",
            "cookies": 0.0000139,
            "fingerprinting": 0,
            "subdomains": [
                "events"
            ],
            "apis": {},
            "sites": 2,
            "prevalence": 0.0000139,
            "cnames": [],
            "responseHashes": [
                "c19f6c89e2367b69b8cef7842fecae66fb6ab219aad5ff4f04639de61ae62e7c"
            ],
            "type": "XHR",
            "firstPartyCookies": {},
            "firstPartyCookiesSent": {
                "bopi_a_id": 0.000013883104262113009
            },
            "exampleSites": [
                "eyeglasses.com",
                "www.eyeglasses.com"
            ]
        }
    ],
    "categories": [],
    "performance": {
        "time": 0,
        "size": 0,
        "cpu": 0,