{
    "domain": "cdnjs.work",
    "owner": {},
    "source": [
        "DuckDuckGo-US"
    ],
    "prevalence": 0.000152,
    "sites": 22,
    "subdomains": [
        "tx"
    ],
    "cnames": [],
    "fingerprinting": 0,
    "resources": [
        {
            "rule": "cdnjs\\.work\\/toplist\\/",
            "cookies": 0,
            "fingerprinting": 0,
            "subdomains": [
                "tx"
            ],
            "apis": {},
            "sites": 4,
            "prevalence": 0.0000276,
            "cnames": [],
            "responseHashes": [
                "0cc2640c3f3b389edf422b404dfbce91a850bff60fd85519d8cb8241ca8b90c5",
                "3db3b9988dbbd3413137984ed1c0d91cd49f48a0f400af37fe4d3a299964cb29",
                "65fc296ed620a14cd68b124f7862bc7d5dc8a0d0825414022504bf1ece12782c"
            ],
            "type": "Script",
            "firstPartyCookies": {},
            "firstPartyCookiesSent": {},
            "exampleSites": [
                "24porn.tv",
                "4ksex.me",
                "porzo.tv",
                "xxxmom.net"
            ]
        },
        {
            "rule": "cdnjs\\.work\\/js\\/tracking",
            "cookies": 0,
            "fingerprinting": 0,
            "subdomains": [
                "tx"
            ],
            "apis": {},
            "sites": 11,
            "prevalence": 0.000076,
            "cnames": [],
            "responseHashes": [
                "2d7cb98bb96f834412238122906141564585cc46f40c6ed6e2fb9919a285e8b1",
                "16ddf44566b24825e89e9bdd7a06c7581089e4cb05b5919f45862cd370c5f6bc",
                "d982feb0c852a7f8cba51b61445850a180bffb293d22afc76d320d5b5332bca4",
                "4ed2a91fc0ab9dae2e2bff93243a24d36b504164031be1863e724f1b16b82e22",
                "966e75de2e06cff6671cc248b2bd462e65ad7df7198cb2107d422774e5d4a209",
                "1a0db1517dc0e3d658e7c605e03df1b1907b7694ed879bcd511e32fc0639dab1",
                "0b84143f6d8c75c690bf0ffb33c88742e0755ce6a2b554902cfd06e70b8ae8d0",
                "ffb0b232e377c0c08a25c24eb25535b7c74a28e12e7e6d9ece6395ef2b3ed7ed",
                "285f96dd0ea6b9afdc29997daa3b186025a6d5de8a0843a191d0cfc3bf778b3e",
                "ee0a66893241f4d5b156efa4660093807cf217f71913f9e3ade2dc0575851721"
            ],
            "type": "Script",
            "firstPartyCookies": {},
            "firstPartyCookiesSent": {},
            "exampleSites": [
                "4ksex.me",
                "anyxxx.me",
                "beeg.porn",
                "bravotube.tv",
                "fapvid.net",
                "foxporns.net",
                "gofucker.net",
                "mofosex.net",
                "niceporn.tv",
                "porndude.me",
                "redporn.tv"
            ]
        }
    ],
    "categories": [],
    "performance": {},
    "cookies": 0,
    "types": {
        "Script": 15
    },
    "nameservers": [
        "mimi.ns.cloudflare.com",
        "jakub.ns.cloudflare.com"
    ]
}