{
    "domain": "celtraidentity.com",
    "owner": {},
    "source": [
        "DuckDuckGo-US"
    ],
    "prevalence": 0.000152,
    "sites": 22,
    "subdomains": [],
    "cnames": [],
    "fingerprinting": 0,
    "resources": [
        {
            "rule": "celtraidentity\\.com\\/fbbdf2d8",
            "cookies": 0.0000622,
            "fingerprinting": 0,
            "subdomains": [],
            "apis": {},
            "sites": 9,
            "prevalence": 0.0000622,
            "cnames": [],
            "responseHashes": [
                "5e0081f1d02de4733218b60eeca8cf1170d239b98bc52f831630bd2a733d6059",
                "ad091539dd8f279680e7dca5e1527e797054e8dfbaa8d54f0b1935088a1fa8f2",
                "434b407121c494a6dd8535e8a5643ce91d0feae98220a7e5f924bc5b6bfc2502",
                "77c3e9dd0eb51b491aa7bcf9480c0896ebee5db7f06b01f297f549001e76e015",
                "e558cfb3ba0f88ae5552ed3e1aa21681ba081c9f5b248f1456d942822f32a16d",
                "cb3351d33a20fb5df83afb643ec834741c338a698915132a6376ee311f5d4e29",
                "7a74bd9a8c40143000cfe8c65a260567acf814f9970bc999e70c950c442beddd"
            ],
            "type": "Script",
            "firstPartyCookies": {},
            "firstPartyCookiesSent": {},
            "exampleSites": [
                "adidas.com",
                "www.adidas.ca",
                "www.adidas.co.uk",
                "www.adidas.com.au",
                "www.adidas.com",
                "www.adidas.de",
                "www.adidas.es",
                "www.adidas.fr",
                "www.adidas.nl"
            ]
        },
        {
            "rule": "celtraidentity\\.com\\/6c8f8b42",
            "cookies": 0.0000207,
            "fingerprinting": 0,
            "subdomains": [],
            "apis": {},
            "sites": 3,
            "prevalence": 0.0000207,
            "cnames": [],
            "responseHashes": [
                "1f8d5339bbef23420327d3aa0f02d1582a0145a820210f36c3f7b6956fc8781b",
                "144ca8fb0ef871f912f9f7e47a0340ccf4c42a5f1f050aeb95a40f9e7679b9f5"
            ],
            "type": "Script",
            "firstPartyCookies": {},
            "firstPartyCookiesSent": {},
            "exampleSites": [
                "lululemon.com",
                "info.lululemon.com",
                "shop.lululemon.com"
            ]
        }
    ],
    "categories": [],
    "performance": {},
    "cookies": 0.000152,
    "types": {
        "Script": 12
    },
    "nameservers": [
        "ns-271.awsdns-33.com",
        "ns-994.awsdns-60.net",
        "ns-1113.awsdns-11.org",
        "ns-1793.awsdns-32.co.uk"
    ]
}