{
    "domain": "channelexco.com",
    "owner": {},
    "source": [
        "DuckDuckGo-US"
    ],
    "prevalence": 0.000117,
    "sites": 17,
    "subdomains": [
        "v",
        "c",
        "v-58",
        "v-60",
        "v-20",
        "v-16",
        "s-119",
        "s-02",
        "v-75",
        "v-17",
        "p",
        "e",
        "rtb"
    ],
    "cnames": [],
    "fingerprinting": 1,
    "resources": [
        {
            "rule": "channelexco\\.com\\/vpvast",
            "cookies": 0.0000828,
            "fingerprinting": 0,
            "subdomains": [
                "v"
            ],
            "apis": {},
            "sites": 12,
            "prevalence": 0.0000828,
            "cnames": [],
            "responseHashes": [
                "0806549331d455226983c5873068fb0702a7f3683adf982bb22e3913b542ee5c",
                "9ae1b4dfb171377dca8e7ff96f01d4f6c0fa562175e38d46cf8500c1cceec81d",
                "aea9abcffefb62b0289d09afb80fbbbfc2b8ed6599afda0daa110cdb8132694c",
                "0d76a37bd11c71130d9d4f7f9fa7c6f9246b0bff326b200f6872cd6c38dab5b1",
                "9ca2aabc917a675fb0c3e226534cd452c4c0b23a5740de4c4dc900b1b2bbb31a",
                "c436bee9c3c7e65a1fa7c2a5f8e5370cc3378c92522e1d859a2be780476c52de",
                "92f8151cf7320404b3bd25eec7b051078d7e788e8b93da88f2859d8e47dc6447",
                "2869a6e4f25ca98250eb82d6eadcc72ace16d4202b8a670565bdf55f7fa3f49a",
                "8943da573cd57d625ccc2d57a95206a92dc2fc058323bebbb269f42ebfeec345",
                "29f574e3cc72ca85a8eaa58fa6541b8eb41b99d63bab1af55d76a46a26f19ab1",
                "a1306d94fe7d62a8f422760fac205154bc4b1c8b3076e9c8912cb84613823e44"
            ],
            "type": "XHR",
            "firstPartyCookies": {},
            "firstPartyCookiesSent": {
                "IR_gbd": 0.000006903598155358573
            },
            "exampleSites": [
                "charliekirk.com",
                "federalnewsnetwork.com",
                "hothardware.com",
                "instinctmagazine.com",
                "newspunch.com",
                "recombu.com",
                "www.loveproperty.com",
                "www.mtv.de",
                "www.ourmidland.com",
                "www.popdust.com",
                "www.refinery29.com",
                "www.tvguide.co.uk"
            ]
        },
        {
            "rule": "channelexco\\.com\\/player\\/vpaid_117\\.16\\.js",
            "cookies": 0,
            "fingerprinting": 1,
            "subdomains": [
                "c"
            ],
            "apis": {
                "window.localStorage": 7,
                "Date.prototype.getTime": 7,
                "Navigator.prototype.userAgent": 7
            },
            "sites": 11,
            "prevalence": 0.0000759,
            "cnames": [],
            "responseHashes": [
                "951d71cff96cb28390ec7b4f877ccca3136a4af45a06830f2e84aed4b9911efd"
            ],
            "type": "Script",
            "firstPartyCookies": {},
            "firstPartyCookiesSent": {
                "IR_gbd": 0.000006903598155358573
            },
            "exampleSites": [
                "charliekirk.com",
                "federalnewsnetwork.com",
                "hothardware.com",
                "instinctmagazine.com",
                "newspunch.com",
                "recombu.com",
                "www.loveproperty.com",
                "www.mtv.de",
                "www.popdust.com",
                "www.refinery29.com",
                "www.tvguide.co.uk"
            ]
        },
        {
            "rule": "channelexco\\.com\\/ppx\\/starti",
            "cookies": 0,
            "fingerprinting": 0,
            "subdomains": [
                "v-58",
                "v-60",
                "v-20",
                "v-16",
                "s-119",
                "s-02",
                "v-75",
                "v-17"
            ],
            "apis": {},
            "sites": 10,
            "prevalence": 0.000069,
            "cnames": [],
            "responseHashes": [
                "e3b0c44298fc1c149afbf4c8996fb92427ae41e4649b934ca495991b7852b855"
            ],
            "type": "Image",
            "firstPartyCookies": {},
            "firstPartyCookiesSent": {
                "IR_gbd": 0.000006903598155358573,
                "_li_dcdm_c": 0.000006903598155358573
            },
            "exampleSites": [
                "charliekirk.com",
                "hothardware.com",
                "instinctmagazine.com",
                "newspunch.com",
                "recombu.com",
                "www.mtv.de",
                "www.nasdaq.com",
                "www.nationalreview.com",
                "www.refinery29.com",
                "www.tvguide.co.uk"
            ]
        },
        {
            "rule": "channelexco\\.com\\/rtb_vast_proxy",
            "cookies": 0,
            "fingerprinting": 0,
            "subdomains": [
                "v",
                "p"
            ],
            "apis": {},
            "sites": 9,
            "prevalence": 0.0000621,
            "cnames": [],
            "responseHashes": [
                "696ee2ff10f4d06272e23a40622ce122854f2f6bf39a7166179b79b78cdf9285"
            ],
            "type": "XHR",
            "firstPartyCookies": {},
            "firstPartyCookiesSent": {},
            "exampleSites": [
                "charliekirk.com",
                "hothardware.com",
                "instinctmagazine.com",
                "newspunch.com",
                "recombu.com",
                "www.mtv.de",
                "www.nationalreview.com",
                "www.refinery29.com",
                "www.tvguide.co.uk"
            ]
        },
        {
            "rule": "channelexco\\.com\\/events",
            "cookies": 0,
            "fingerprinting": 0,
            "subdomains": [
                "e"
            ],
            "apis": {},
            "sites": 6,
            "prevalence": 0.0000414,
            "cnames": [],
            "responseHashes": [
                "e3b0c44298fc1c149afbf4c8996fb92427ae41e4649b934ca495991b7852b855"
            ],
            "type": "Ping",
            "firstPartyCookies": {},
            "firstPartyCookiesSent": {},
            "exampleSites": [
                "charliekirk.com",
                "instinctmagazine.com",
                "recombu.com",
                "www.mtv.de",
                "www.nasdaq.com",
                "www.refinery29.com"
            ]
        },
        {
            "rule": "channelexco\\.com\\/cookie_sync",
            "cookies": 0.0000069,
            "fingerprinting": 0,
            "subdomains": [
                "rtb"
            ],
            "apis": {},
            "sites": 2,
            "prevalence": 0.0000138,
            "cnames": [],
            "responseHashes": [],
            "type": "Image",
            "firstPartyCookies": {},
            "firstPartyCookiesSent": {},
            "exampleSites": [
                "instinctmagazine.com",
                "www.nationalreview.com"
            ]
        },
        {
            "rule": "channelexco\\.com\\/player\\/player\\.js",
            "cookies": 0.0000138,
            "fingerprinting": 1,
            "subdomains": [
                "p"
            ],
            "apis": {
                "Date.prototype.getTime": 1
            },
            "sites": 2,
            "prevalence": 0.0000138,
            "cnames": [],
            "responseHashes": [],
            "type": "Script",
            "firstPartyCookies": {},
            "firstPartyCookiesSent": {
                "_li_dcdm_c": 0.000006903598155358573
            },
            "exampleSites": [
                "nasdaq.com",
                "www.nationalreview.com"
            ]
        }
    ],
    "categories": [],
    "performance": {},
    "cookies": 0.000117,
    "types": {
        "XHR": 21,
        "Script": 13,
        "Image": 12,