{
    "domain": "chatntr.com",
    "owner": {},
    "source": [
        "DuckDuckGo-US"
    ],
    "prevalence": 0.000338,
    "sites": 49,
    "subdomains": [],
    "cnames": [],
    "fingerprinting": 1,
    "resources": [
        {
            "rule": "chatntr\\.com\\/script\\.js",
            "cookies": 0,
            "fingerprinting": 1,
            "subdomains": [],
            "apis": {
                "Document.cookie getter": 2
            },
            "sites": 5,
            "prevalence": 0.0000345,
            "cnames": [],
            "responseHashes": [
                "91f8b51aa971066c1e206e887248a90543cf2bb3fbd6c9a6e2586c1950f353ea"
            ],
            "type": "Script",
            "firstPartyCookies": {},
            "firstPartyCookiesSent": {},
            "exampleSites": [
                "pornohutdeutsch.net",
                "sexfilmetube.net",
                "www.omasexpornos.com",
                "www.sexfilme24.org",
                "youporndeutsch.xyz"
            ]
        },
        {
            "rule": "chatntr\\.com\\/widget",
            "cookies": 0,
            "fingerprinting": 0,
            "subdomains": [],
            "apis": {},
            "sites": 25,
            "prevalence": 0.000173,
            "cnames": [],
            "responseHashes": [
                "289dd212af32c6fe043e5dca12ad6ca72aab03777a2a0a9a1d74af7b083e3014",
                "0efc5b6a9a7cd8dd630aa3819e844b4483a8d6b29e7ec64443b937faf78bfaa0",
                "7bfa6c0f08e61a640870a303d9ca079a8f1ecc1f463f7f7fd318ba5484d14cb0",
                "2401dcccee7a83f701c5168a09b07ba8df34290f4ea0412604854ebfdf11f1d8",
                "7c1a79ef3202f659044265ff9eb18da45587fb395746bb2facabe49a9caad5e5",
                "79472413966fedb07bdd08e5ca53cea840dfadbcd209939ab5067356ea6b3084",
                "5b10fdb9d7513d550cec8305e33e7d1ae4f2aceb0ac98902c472b018b8e4435d",
                "6655f80695fa404f5a74a3a00fd7f4e6c154ef4a413c690c4f7b30016500f645",
                "5b0b8e627c9b661d7ad9eddc94b16e7aba68fd52e345918d142545b9b23571df",
                "1cc948b8bef0fedd2a9e556c2d231ad26fae5f9bb76e6a12885d4a4d5f28bf1f",
                "75d4f37d96acfab194d0eb8a2a333cca7c03e0dddd75170129fc2105cf1eb8e4",
                "9a1e2313a7279d8a16297b62eadb8bce7eebf6b3744a212a608b3cbbe53423d3",
                "a0746dfae19852b2c870942a1824719cf42c9bb85d4b2b39d8e126b4d663fb3c",
                "a37b73c893abcfba5f7d0cf6ae26fe9f0505fbfac853ca3aff6892483a7ca3d6",
                "51a0f0bfe6d641555934ac454748756e8965c2b92fda518dbba825465f23be1d",
                "029cece61415d664114bbc0534aaa45bdbaec4fdc00c3e1c0cef6e28393a0c89",
                "05e22f85543e6a6c7fba54a659e71cb60427ff239fc99b4ee76db84cc9d3f5d0",
                "0411d8c84006d74addfbe6807a3b202d766b9125920cf4621aaef60e03c424e6",
                "640376b69daa2ca02a81f49bdef91f02596977767905a83eb0953cd3615a7c87",
                "268e78e303b44b995f634c00825acac0359fb5b3d9e750d76dd3378238c4a20b",
                "a59448db116877488fc040d7600eb1ba5f2cf2ce0ae9fcbbc30f216b49f2b723",
                "a03e5bb7665236edf513894551e21528780cb1deebdb4b85f58ab448419e559d"
            ],
            "type": "Document",
            "firstPartyCookies": {},
            "firstPartyCookiesSent": {},
            "exampleSites": [
                "sexfilmetube.net",
                "www.pornohirsch.net",
                "www.hd-sexfilme.com",
                "www.pornoklinge.com",
                "www.xhamster-sexfilme.com",
                "www.pornofisch.com",
                "www.sexfilme24.org",
                "www.pornotom.com",
                "www.pornoaffe.com",
                "www.halloporno.net",
                "www.nursexfilme.com",
                "www.omasexpornos.com",
                "pornohutdeutsch.net",
                "www.pornohammer.com",
                "www.pornojenny.com",
                "www.pornoente.tv",
                "www.hdpornos.net",
                "www.gutesexfilme.com",
                "www.deinesexfilme.com",
                "www.herzporno.com"
            ]
        }
    ],
    "categories": [],
    "performance": {},
    "cookies": 0,
    "types": {
        "Script": 5,
        "Document": 25
    },
    "nameservers": [
        "tim.ns.cloudflare.com",
        "mona.ns.cloudflare.com"
    ]
}