{
    "domain": "cmadserver.de",
    "owner": {},
    "source": [
        "DuckDuckGo-US"
    ],
    "prevalence": 0.000138,
    "sites": 20,
    "subdomains": [
        "www"
    ],
    "cnames": [],
    "fingerprinting": 2,
    "resources": [
        {
            "rule": "cmadserver\\.de\\/cmp",
            "cookies": 0,
            "fingerprinting": 0,
            "subdomains": [
                "www"
            ],
            "apis": {},
            "sites": 6,
            "prevalence": 0.0000415,
            "cnames": [],
            "responseHashes": [
                "3a56413187eb9778716d50a649f7dfd986acec025ae1cb6a3826dcb90a43abe3",
                "15ee32e1f62a27cd27bd3ff1c7e7a4141a7ccc3f21a703809eccfd408e0530f1"
            ],
            "type": "Script",
            "firstPartyCookies": {},
            "firstPartyCookiesSent": {},
            "exampleSites": [
                "mutterinstinkte.de",
                "www.beliebte-vornamen.de",
                "www.kinder-malvorlagen.com",
                "www.kinderspiele-welt.de",
                "www.mamacommunity.de",
                "www.wunschkinder.net"
            ]
        },
        {
            "rule": "cmadserver\\.de\\/ads\\/",
            "cookies": 0,
            "fingerprinting": 2,
            "subdomains": [
                "www"
            ],
            "apis": {
                "Navigator.prototype.userAgent": 9,
                "Screen.prototype.availWidth": 9,
                "Screen.prototype.width": 1
            },
            "sites": 10,
            "prevalence": 0.0000691,
            "cnames": [],
            "responseHashes": [
                "5feac9e4a8a8c415a1175269ced5f29ec8a5d3ec8cb2456922195561810a3f23",
                "59a42299dbd2c42015ab23240e95310aff75624d95eb975f9e2f2af469914e62",
                "810be2c1aec640a00138133f0370606fe97080d04782ea2c96f2cd0cc1e18c20",
                "ae336cb6b3d061dbf5688339c9af7223262b6f8403ce902ee8e3d513ccd2430b",
                "f509da964ae94014a0325d0f350d85c08ce5483ccf8651319a9d2c0964366e25",
                "b504cf9a7e82d3ccd8e9beaadbc482cb1d58f7ac93e277bb93abd3454a2c2517",
                "5e06551cc3388cbe169a74effd73adb41f251506907f20f6e9d97555742bb617",
                "61d96b42bea3add114a0822fc84b8b925b19396b4ffbcd23b344c52ff96a6e8a",
                "eadb439c71de5e4a9e0e3581964c20cd881a2b598c6e06b018f484c196dd8059"
            ],
            "type": "Script",
            "firstPartyCookies": {},
            "firstPartyCookiesSent": {},
            "exampleSites": [
                "mutterinstinkte.de",
                "www.babelli.de",
                "www.baby-vornamen.de",
                "www.beliebte-vornamen.de",
                "www.elternwissen.com",
                "www.kinder-malvorlagen.com",
                "www.kinderzeitmaschine.de",
                "www.mamacommunity.de",
                "www.sekada.de",
                "www.wunschkinder.net"
            ]
        },
        {
            "rule": "cmadserver\\.de\\/cmp\\/",
            "cookies": 0,
            "fingerprinting": 0,
            "subdomains": [
                "www"
            ],
            "apis": {},
            "sites": 8,
            "prevalence": 0.0000553,
            "cnames": [],
            "responseHashes": [
                "179822e85bcbde8d1b1acdb1ddeb7ad3154633e7f4c8ef4e6a7991fe00b14d1b",
                "b0e1c3933dfcf2ab41e83337edc2db6c46f0ad6a581319e3a49e2f7c708a0b18",
                "9d67c3ab66ff49f83d793e5fec41baffb952146a565effb05d82a3440d5f8dd8",
                "e3b0c44298fc1c149afbf4c8996fb92427ae41e4649b934ca495991b7852b855",
                "94c30229d9c851fbb513e78ac10d0bddd25ca5798c7d9cbfcfe27661b579bfb2",
                "3a56413187eb9778716d50a649f7dfd986acec025ae1cb6a3826dcb90a43abe3",
                "15ee32e1f62a27cd27bd3ff1c7e7a4141a7ccc3f21a703809eccfd408e0530f1"
            ],
            "type": "Script",
            "firstPartyCookies": {},
            "firstPartyCookiesSent": {},
            "exampleSites": [
                "mutterinstinkte.de",
                "www.babelli.de",
                "www.beliebte-vornamen.de",
                "www.kinder-malvorlagen.com",
                "www.kinderspiele-welt.de",
                "www.kinderzeitmaschine.de",
                "www.mamacommunity.de",
                "www.wunschkinder.net"
            ]
        },
        {
            "rule": "cmadserver\\.de\\/ads\\/prebid\\/prebid5\\.12\\.0\\.js",
            "cookies": 0,
            "fingerprinting": 1,
            "subdomains": [
                "www"
            ],
            "apis": {
                "Navigator.prototype.userAgent": 9,
                "Navigator.prototype.cookieEnabled": 9,
                "window.sessionStorage": 9,
                "Navigator.prototype.appName": 9
            },
            "sites": 9,
            "prevalence": 0.0000622,
            "cnames": [],
            "responseHashes": [
                "32286e72c44f7f9ce688edb909978d7066e426045aff746d7cd42b8bf2bbd5aa",
                "61aaa0c0c50387c95292fc4ff862f86bdce3bff00b426c54ef7c39427fe33e75"
            ],
            "type": "Script",
            "firstPartyCookies": {},
            "firstPartyCookiesSent": {},
            "exampleSites": [
                "mutterinstinkte.de",
                "www.babelli.de",
                "www.baby-vornamen.de",
                "www.beliebte-vornamen.de",
                "www.kinder-malvorlagen.com",
                "www.kinderzeitmaschine.de",
                "www.mamacommunity.de",
                "www.sekada.de",
                "www.wunschkinder.net"
            ]
        }
    ],
    "categories": [],
    "performance": {},
    "cookies": 0,
    "types": {
        "Script": 33
    },
    "nameservers": [
        "ns.second-ns.com",
        "ns1.your-server.de",
        "ns3.second-ns.de"
    ]
}