{
    "domain": "cmg.com",
    "owner": {},
    "source": [
        "DuckDuckGo-US"
    ],
    "prevalence": 0.000137,
    "sites": 18,
    "subdomains": [
        "member-center-api",
        "membercenter-sdk"
    ],
    "cnames": [],
    "fingerprinting": 1,
    "resources": [
        {
            "rule": "cmg\\.com\\/api\\/v1\\/configs\\/",
            "cookies": 0,
            "fingerprinting": 0,
            "subdomains": [
                "member-center-api"
            ],
            "apis": {},
            "sites": 10,
            "prevalence": 0.0000759,
            "cnames": [],
            "responseHashes": [],
            "type": "Other",
            "firstPartyCookies": {},
            "firstPartyCookiesSent": {},
            "exampleSites": [
                "actionnewsjax.com",
                "www.actionnewsjax.com",
                "www.boston25news.com",
                "www.fox13memphis.com",
                "www.fox23.com",
                "www.kiro7.com",
                "www.whio.com",
                "www.wpxi.com",
                "www.wsbtv.com",
                "www.wsoctv.com"
            ]
        },
        {
            "rule": "cmg\\.com\\/api\\/v1\\/configs\\/",
            "cookies": 0,
            "fingerprinting": 0,
            "subdomains": [
                "member-center-api"
            ],
            "apis": {},
            "sites": 10,
            "prevalence": 0.0000759,
            "cnames": [],
            "responseHashes": [
                "6c1b1298dacb8ed765813ea990e76547bd154097dd0a33fc1b44eb4e37e0a02f",
                "644bb2ddb53607aa7301360cd8d6306f416b391e21e4031c9920e9a5ececcebb",
                "0f60c0a5e994589797ec21ec0ed23f07e9b973d81dea4ed1f4357ffd6a46cb1c",
                "38628f2d3f02f5fd995d8ad3c4986827cd2157cd7b500afbf43797d2a0516646",
                "f47fefd303ac344c87a46c73fc1d60310dd4de4c07ccb41e26cb96d966533c4b",
                "e759912ad281be083f91bd239dc92af52cea8f9dcaeef4679731dbf08e5cde8c",
                "413449f961da67746d846a1645febc67853806d20fb805087b0ab14346eb342d",
                "9c8ad24adc8cc38041b34d96260316e8da020a3f319b1d2f80e3962b7f37843d",
                "e7c990e0598e1387653305c1986f9a5bc89d14764211044e7987286f6a04569c"
            ],
            "type": "Fetch",
            "firstPartyCookies": {},
            "firstPartyCookiesSent": {},
            "exampleSites": [
                "actionnewsjax.com",
                "www.actionnewsjax.com",
                "www.boston25news.com",
                "www.fox13memphis.com",
                "www.fox23.com",
                "www.kiro7.com",
                "www.whio.com",
                "www.wpxi.com",
                "www.wsbtv.com",
                "www.wsoctv.com"
            ]
        },
        {
            "rule": "cmg\\.com\\/sdk\\/hub\\.html",
            "cookies": 0,
            "fingerprinting": 0,
            "subdomains": [
                "membercenter-sdk"
            ],
            "apis": {},
            "sites": 10,
            "prevalence": 0.0000759,
            "cnames": [],
            "responseHashes": [
                "250223910fc2883252901a34576a315efb34cb2b1711c3ff4942f752e1c4b055"
            ],
            "type": "Document",
            "firstPartyCookies": {},
            "firstPartyCookiesSent": {},
            "exampleSites": [
                "actionnewsjax.com",
                "www.actionnewsjax.com",
                "www.boston25news.com",
                "www.fox13memphis.com",
                "www.fox23.com",
                "www.kiro7.com",
                "www.whio.com",
                "www.wpxi.com",
                "www.wsbtv.com",
                "www.wsoctv.com"
            ]
        },
        {
            "rule": "cmg\\.com\\/sdk\\/hub\\.min\\.js",
            "cookies": 0,
            "fingerprinting": 1,
            "subdomains": [
                "membercenter-sdk"
            ],
            "apis": {
                "window.localStorage": 10
            },
            "sites": 10,
            "prevalence": 0.0000759,
            "cnames": [],
            "responseHashes": [
                "f434f9c929a4eecf1805d502f92462ac7cf1e2b0781522728052d0be9cdf3a7a"
            ],
            "type": "Script",
            "firstPartyCookies": {},
            "firstPartyCookiesSent": {},
            "exampleSites": [
                "actionnewsjax.com",
                "www.actionnewsjax.com",
                "www.boston25news.com",
                "www.fox13memphis.com",
                "www.fox23.com",
                "www.kiro7.com",
                "www.whio.com",
                "www.wpxi.com",
                "www.wsbtv.com",
                "www.wsoctv.com"
            ]
        }
    ],
    "categories": [],
    "performance": {},
    "cookies": 0,
    "types": {
        "Other": 10,
        "Fetch": 10,
        "Document": 10,
        "Script": 10
    },
    "nameservers": [
        "ns1.cmgdns.com",
        "ns2.cmgdns.com",
        "ns3.cmgdns.com",
        "ns4.cmgdns.com"
    ]
}