{
    "domain": "condenast.io",
    "owner": {},
    "source": [
        "DuckDuckGo-US"
    ],
    "prevalence": 0.000131,
    "sites": 19,
    "subdomains": [
        "api"
    ],
    "cnames": [],
    "fingerprinting": 0,
    "resources": [
        {
            "rule": "condenast\\.io\\/v1\\/recommendations",
            "cookies": 0,
            "fingerprinting": 0,
            "subdomains": [
                "api"
            ],
            "apis": {},
            "sites": 19,
            "prevalence": 0.000131,
            "cnames": [],
            "responseHashes": [
                "2093818da365055b0e47ee6eb2c14df740f032af1f8dc39106f3d7c223b0e876",
                "08065c255b0166aa7c92706e071812b5bb017710cfe08454f21bd79cb5ac820c",
                "d56dcae96628e5a2630eee4a368d3d579e66fe14f14d842d0c793656f0319a0e",
                "6780378c77d4d86e00ea744748df3090c0ba61d5292845a4d6bc4aae7acfb284",
                "281ba038be4e122ecb823f9a3b6484742a700fb6af5dddb5f80908a5190f2a2e",
                "b9b5e2183ed797e18a712905efe10f1a81ae83cc93a185c824b301db4d7972c1",
                "7f91ac6db4626fef19c0fd3e905e619505de52be83f5910b177e61e3a101523d",
                "7c323196bc5767a3f6d6811c2fce7cc43ec58fb523dd6497598d99ddcd695965",
                "9b872762c17f74325711a8ebd0fad01fae454864d4de0e7e62f24c3574cf4616",
                "7773a1e6ea63b32092f775907b772875290fca0b7ce38d14eb46322c4cdb3338",
                "e228b440467b88d05448f549f73ab5f2d8bdde52921cf77d703e9e883d92f50b",
                "c277fb3ecbdf79dfdac18ee9f90f0aae342ecace0f0d37972e164e0d95a91c55",
                "f51af6f3b93e0447c79342b5e4bfdf42d3559310122e002bc98e5a0e4d9e829e",
                "15db784be306b24de1449587f3dc135d0c345a8634c6645829f0ac996c4cf303",
                "ed9f7b6a1c661c7ed90168379b41c8179b5be8be16e58a28ebfec8c499f521cf",
                "061174a882bd0023030ea4e0c72002aaf50115a42e1e263ce3fcd9f998aa445e",
                "6e16cef44ee21823e5b64f415ff813e9bfb5ee4821a21718d565ef206478cb5a",
                "21c4d7174bd1bc08bf7d6538d15a40691d90174f578335b2cb20c06c5d6bfc8c"
            ],
            "type": "Fetch",
            "firstPartyCookies": {},
            "firstPartyCookiesSent": {},
            "exampleSites": [
                "arstechnica.com",
                "pitchfork.com",
                "www.allure.com",
                "www.architecturaldigest.com",
                "www.cntraveler.com",
                "www.glamour.com",
                "www.glamourmagazine.co.uk",
                "www.gq-magazine.co.uk",
                "www.gq-magazin.de",
                "www.gqitalia.it",
                "www.gqjapan.jp",
                "www.revistagq.com",
                "www.vanityfair.fr",
                "www.vanityfair.com",
                "www.vogue.de",
                "www.vogue.com",
                "www.vogue.fr",
                "www.wired.co.uk",
                "www.wired.it"
            ]
        }
    ],
    "categories": [],
    "performance": {},
    "cookies": 0,
    "types": {
        "Fetch": 19
    },
    "nameservers": [
        "ns-1162.awsdns-17.org",
        "ns-1973.awsdns-54.co.uk",
        "ns-276.awsdns-34.com",
        "ns-528.awsdns-02.net"
    ]
}