{
    "domain": "content-garden.com",
    "owner": {},
    "source": [
        "DuckDuckGo-US"
    ],
    "prevalence": 0.0000483,
    "sites": 7,
    "subdomains": [
        "cdn"
    ],
    "cnames": [],
    "fingerprinting": 1,
    "resources": [
        {
            "rule": "content-garden\\.com\\/tag\\.js",
            "cookies": 0.0000414,
            "fingerprinting": 1,
            "subdomains": [
                "cdn"
            ],
            "apis": {
                "Document.cookie getter": 6,
                "Date.prototype.getTime": 6,
                "Document.cookie setter": 6
            },
            "sites": 6,
            "prevalence": 0.0000414,
            "cnames": [],
            "responseHashes": [
                "169b08efe3448c173bce34e91b37ee5769d8fcfd025230675e602ae935ed28a5"
            ],
            "type": "Script",
            "firstPartyCookies": {
                "dd_cookie_test_8e5e41c7-c8ac-40cb-8cd3-a462e459e12f": {
                    "ttl": 8,
                    "length": 4,
                    "prevalence": 0.000006903741137322315,
                    "uniqueness": 1
                },
                "_dd_s": {
                    "ttl": 904,
                    "length": 4,
                    "prevalence": 0.00004142244682393389,
                    "uniqueness": 0.16666666666666666
                },
                "dd_cookie_test_abd62915-32b4-409d-abba-3140dc82dbe0": {
                    "ttl": 5,
                    "length": 4,
                    "prevalence": 0.000006903741137322315,
                    "uniqueness": 1
                },
                "dd_cookie_test_7812d5aa-4306-4b42-9a55-9d307d53d7ba": {
                    "ttl": 3,
                    "length": 4,
                    "prevalence": 0.000006903741137322315,
                    "uniqueness": 1
                },
                "dd_cookie_test_beb7f167-70cc-44c0-b578-3c970e026494": {
                    "ttl": 7,
                    "length": 4,
                    "prevalence": 0.000006903741137322315,
                    "uniqueness": 1
                },
                "dd_cookie_test_c7508f38-1643-4908-899c-b5701b844ba9": {
                    "ttl": 2,
                    "length": 4,
                    "prevalence": 0.000006903741137322315,
                    "uniqueness": 1
                },
                "dd_cookie_test_9ceb3e05-02d9-4bcd-a178-c7435fff3805": {
                    "ttl": 5,
                    "length": 4,
                    "prevalence": 0.000006903741137322315,
                    "uniqueness": 1
                }
            },
            "firstPartyCookiesSent": {},
            "exampleSites": [
                "chiemgau24.de",
                "www.news.at",
                "www.noen.at",
                "www.rosenheim24.de",
                "www.tele.at",
                "www.woman.at"
            ]
        },
        {
            "rule": "content-garden\\.com\\/postscribe\\.min\\.js",
            "cookies": 0,
            "fingerprinting": 0,
            "subdomains": [
                "cdn"
            ],
            "apis": {},
            "sites": 6,
            "prevalence": 0.0000414,
            "cnames": [],
            "responseHashes": [
                "f89f4fd983b1e1571e0734c97cac6d99af1cddad0187a0de240c724022bb27eb"
            ],
            "type": "Script",
            "firstPartyCookies": {},
            "firstPartyCookiesSent": {},
            "exampleSites": [
                "chiemgau24.de",
                "www.news.at",
                "www.noen.at",
                "www.rosenheim24.de",
                "www.tele.at",
                "www.woman.at"
            ]
        }
    ],
    "categories": [],
    "performance": {},
    "cookies": 0.0000483,
    "types": {
        "Script": 12
    },
    "nameservers": [
        "ns1.your-server.de",
        "ns.second-ns.com",
        "ns3.second-ns.de"
    ]
}