{
    "domain": "content-ad.net",
    "owner": {
        "name": "Content.ad",
        "displayName": "Content.ad"
    },
    "source": [
        "DuckDuckGo-US"
    ],
    "prevalence": 0.000483,
    "sites": 70,
    "subdomains": [
        "api"
    ],
    "cnames": [],
    "fingerprinting": 1,
    "resources": [
        {
            "rule": "content-ad\\.net\\/Scripts\\/widget2\\.aspx",
            "cookies": 0.000311,
            "fingerprinting": 1,
            "subdomains": [
                "api"
            ],
            "apis": {
                "Document.cookie getter": 42,
                "Navigator.prototype.userAgent": 9
            },
            "sites": 45,
            "prevalence": 0.000311,
            "cnames": [],
            "responseHashes": [
                "c07440a64b21821108196d49076ce913a3a2bf62cae79874665a5c846bff1ae9",
                "57b5324ce46a9d73b73a41cceafd8cc376b344886d0de1b2340d8ea2ee975e52",
                "500f3e6dc1233b7a5db43230a9fd79fba245f471b1c64f39258a76668264797a",
                "e2d13360e4ee9996877c90e97941254c7c5acb159996abe319b358fc8388f758",
                "c3160bf2b7ca9d631c86a50f3c9b16f5ba1c0e04962d0c4cad3d85deaeca87de",
                "d96ffb4386ffe159d64c89fb202362d94b9b280ca20f8b06cd73e6f3b3d3f9ea",
                "a77480063f4f31218ce6767e05f6e0ac5902bce5182814b200ab87f4a689d942",
                "05a2f979d7cdd5cb1833047add658b00bf0dbf63c7e7ff6b4d070ee3d34ee716",
                "61d456128b0118cdcff1b552af7dd4eb9a316886f729209e767111634507c9af",
                "58668070d36a710a3f1e0796595258d2fe79e379001fd6736fa40160a21ea893",
                "91af303049494ec79718923339aea3c4d17fa91927e1f20eb7b214132fd1520b",
                "c30f9ccc59718f6ee3a679d796cb98bb9cf0a32ef116358950ff7c8f963ffbf7",
                "5ae21ccc6c457c516544c33ed28fbbb26abe49f45e740ebca49fc000255547a1",
                "b442b8d76d5779090eecca31f09d703f0f3eedf959d84c6ffeb51fc4f7b166bd",
                "2616aa268b54b52e46f29f9d68034b7689e43f38d9b2815a5e9057276047b37b",
                "a6e75827c64c8f93aef247e437353d88dd35984f1bb6ad494455bf8186d40c6c",
                "465e7b12555b5797622026af24fef0b16dd117086f1449563d198338ab6f8a6a",
                "cab42c07c54b77abfb2e90c0ce6b3b2d3ceeacf40304a3dae9f1a133ddfdf161",
                "878998f2d4e7d8fa9d53ebf6276dcfeb4b55975e33d6c285ea6cfce71ae02a00",
                "d32f52254d6276a491ecb2d55d33e7d3df73925b39ba78a8dcc80bec9bdd9a8c",
                "2147e442390caf88ae6f69d671e0461d72207f4f1e21376fec1457cee51365a0",
                "0b19685bfa618714b32156b673d70f1115c977ddfa917715245deeafad69f832",
                "e0b3b6987d8a94f89045565213a64224e3c3af4cd936dce33b09456040d7fb44",
                "531dc5e55d4666e2c44b65d1eadcaa92de91a8755bfde29fd5b376db7b9aae54",
                "9fd5949678df5d407c2a945a18c33f2b2ebaa793468ae030ab1785ec4b78dea6",
                "2f522162bf9f85286b7d7c33ab2f89c7f1df15cd2d22a751113393b308365fe9",
                "66f41a156ebec574023aa8a31a82dc6c87aa747314530beadad6897731067856",
                "c2813d0dab555fc151e0897eb48b6550913b9a340dbf954fed29800979c95f16",
                "15255e88b902195f7c4bc5d941b31b8ec8d482be0cb9cd066e15c05ef0995828",
                "5726f442c3fc210e928d440f6ae779d1f79c12f1cf16e0a412a4e0a90f2ce79c",
                "cd613a5449650dd75fd1f2a2ec33dea78fa7701b29a996807d6ba04dac7de4f2",
                "971c7bf449f4e1eced675ff97700328508b5fd34248c1cf0e4aca209be85393e",
                "debdd7a236a8f618253f40a32c372df644432bd12c125c483ac099a2113a3e55",
                "a89e5b5f6865e90469c91c79164091f8c4280aed687a5bdb5b38c09b7ebf378f",
                "f493773959b5e9fe82e5064dc38c4bb7872f6fbe2541bb46a09a73548c7e7b74",
                "87d79c5fbe2e53d2d3d521afc4f3ee2b2da5ae6df0e8e3eb69885ee7e4d9b2f2",
                "f05be6843db032359256f23bee170e4686c3fdd895728a0c28f172bdb04c03a8",
                "1312113ae7c7a7f4669b816d1f321f057ba654e498a127956062e3cb8d41e611",
                "acb540662a5753e9974e876d06ab94b2802478885cb94e1df838a7508fb90091",
                "726427189f465e2569a2f58710f4fdd9c6a00c09d34937d3d1069577c63b6f60",
                "af50ab89be77f72a31a9e5b9f5e0806a76bd9b3f31c189b846be357a047182f3",
                "fe2babd508e7682b24c082776050fdec9f381fbc9d09c639d40a963c75ef4033",
                "7b72d3485897989b07fa0693fbbd4de20c0a14fcebdcb1cda58f9a8dd20e9894",
                "92ae5558120f06ad5f8b011d61fc8dae7792d6267251fcb4ddf9f325fa42f74e"
            ],
            "type": "Script",
            "firstPartyCookies": {},
            "firstPartyCookiesSent": {},
            "exampleSites": [
                "en-volve.com",
                "concealednation.org",
                "www.experts123.com",
                "www.veteranstoday.com",
                "www.mylawquestions.com",
                "www.hecklerspray.com",
                "allstarbio.com",
                "www.thehealthboard.com",
                "thehornnews.com",
                "www.babynamescube.com",
                "blackthen.com",
                "www.monkeyandelf.com",
                "www.wise-geek.com",
                "healthnbodytips.org",
                "www.homequestionsanswered.com",
                "www.easytechjunkie.com",
                "csglobe.com",
                "thebluestateconservative.com",
                "naturalon.com",
                "www.delightedcooking.com"
            ]
        },
        {
            "rule": "content-ad\\.net\\/GetWidget\\.aspx",
            "cookies": 0.0000759,
            "fingerprinting": 0,
            "subdomains": [
                "api"
            ],
            "apis": {},
            "sites": 40,
            "prevalence": 0.000276,
            "cnames": [],
            "responseHashes": [
                "e3b0c44298fc1c149afbf4c8996fb92427ae41e4649b934ca495991b7852b855",
                "7581234c1811619234e6e706130bbd8cca898ddf476c7c51491738c8d8e42c40",
                "92389739f174905c91187f029774c5529351bf35268f881449217693b3a1377b"
            ],
            "type": "Script",
            "firstPartyCookies": {},
            "firstPartyCookiesSent": {},
            "exampleSites": [
                "healthnbodytips.org",
                "www.infobloom.com",
                "ecelebrityfacts.com",
                "firsttoknow.com",
                "www.mylawquestions.com",
                "www.practicaladultinsights.com",
                "www.delightedcooking.com",
                "www.hecklerspray.com",
                "www.homequestionsanswered.com",
                "idolpersona.com",
                "darkoutpost.com",
                "ninetymilesfromtyranny.blogspot.com",
                "www.howtodothings.com",
                "www.veteranstoday.com",
                "allergy-symptoms.org",
                "naturalon.com",
                "www.wise-geek.com",
                "qcostarica.com",
                "en-volve.com",
                "en.metal-tracker.com"
            ]
        },
        {
            "rule": "content-ad\\.net\\/px\\.gif",
            "cookies": 0.0000138,
            "fingerprinting": 0,
            "subdomains": [
                "api"
            ],
            "apis": {},
            "sites": 2,
            "prevalence": 0.0000138,
            "cnames": [],
            "responseHashes": [
                "ef1955ae757c8b966c83248350331bd3a30f658ced11f387f8ebf05ab3368629"
            ],
            "type": "Image",
            "firstPartyCookies": {},
            "firstPartyCookiesSent": {},
            "exampleSites": [
                "csglobe.com",
                "ninetymilesfromtyranny.blogspot.com"
            ]
        }
    ],
    "categories": [],
    "performance": {},
    "cookies": 0.000476,
    "types": {
        "Script": 85,
        "Image": 2
    },
    "nameservers": [
        "rob.ns.cloudflare.com",
        "ariadne.ns.cloudflare.com"
    ]
}