{
    "domain": "convrse.media",
    "owner": {},
    "source": [
        "DuckDuckGo-US"
    ],
    "prevalence": 0.00029,
    "sites": 42,
    "subdomains": [
        "get-latest"
    ],
    "cnames": [],
    "fingerprinting": 0,
    "resources": [
        {
            "rule": "convrse\\.media\\/",
            "cookies": 0,
            "fingerprinting": 0,
            "subdomains": [
                "get-latest"
            ],
            "apis": {},
            "sites": 41,
            "prevalence": 0.000283,
            "cnames": [],
            "responseHashes": [
                "d7b09c06482f50f4b22d3f16a8528c962b64edeafe9e7cb648b18cd8d870d9f3",
                "099e9e48e85b86cfc1b93448ef5d3daf6f6db48ec66f478b0d62dbde42e8bdcc",
                "e0ced6e403ba36f333fdb24c88e890576169a89cbfbaed7f61ec2c0f36f5d41f",
                "71db924d3835b8c3bece18e7889c08eaef8c3359ca8fd5687f601eac62fc06f5",
                "c28324d0db5a57e97f5d176667769952a38d06f37f79cd2483b9e4942bd67d60",
                "0fa727f574d18edeebbd9542ff7d24636b0bce98176be03b92f35d6172baf9b8",
                "6c28de1c648b27fd547a977645bbb91039b43f13ad251a60a1f0997a83cc7547",
                "e454c73f8a2e3268a7e814562771a066f78eb8fa22b85bc70b1b07da8c271773",
                "dba6e9178ec2714f550a18c71dc4b9223130d3d93b512065b61641d77d81a969",
                "5e25985712eb214872d8b9aed3ee3aae22750f6e2547a5baf4e421d2c5b0e61b",
                "41a995a5d031005b13b95852aca32deb991728e1624348751b98c2538c010aa2",
                "f19a6bb80956bcbf4c85bbf8bb9ca9dc117e266c8679f434d02366c77227dc8b",
                "1d0c0022cf63a9c8be67c688447bb6ed109af556eaee9bd65f03781522dfbd4b",
                "1e23d7b99b8e21a44fff7b7ab38d4e8e79e1d8b61ebc5fd00bab3c5d39fc37b1",
                "1760148166f2fdee5fdf5568b4409d7429ecf4764d06804b4a5f5d86826d6173",
                "b9008e04e29d60798e95329d6442b5658eff875e4a68c09087c51d37789f5828",
                "3950056f409b70343145285cd13045639d769e06b44bb4f7a6015bd0fecce5d0",
                "0e96d789d0af806c252aafa5633301407e3e1b376b5ee4ad166472940fad5b54",
                "879e1c9f403bed4eb96e30c092881539d508744023dfb00aa7aa84a8c799c478",
                "1fc44fb0bdfd27aa840ef261fc777c96231e38e2c9407462f2b507af93c81f57",
                "c9a98ae581e7155a1ab6fe0ab7233f15ef4e569f6a1376c233e44dddb2771766",
                "fb0cb6cbd7523a315b6e46fdcf2d6c9e9036cc2ed7fbcdee6f4d564004815ce2",
                "1d0b2e786324be68cd04faf2c769beba79069d87f7bbbd5c6d33a3751c6ad943",
                "92404a791aacf06e0f5bdf3906080afa85e356a2578ba072361c92a3ec0565ea",
                "446f23595f655c49263257cb82d1e0ee44a035a90e0373f963ad22c1775777ca",
                "f5fec53a506aeb16e3cf973e699fed43bd1ea6a4fffa0542081de0b46e59c7e6",
                "8b11f7363c094bf92aa7859407c488c2ee9a51df4e022a34a9a7463abdd505aa",
                "04b1a84f3222dff5010995e4012d0f8c41f3f749d0bbe3b412335ecbcb580afd",
                "19772e47ac6dd7eb7e5b60ce1d840dd92fbff5cbcc874a9665af02ab772cf680",
                "6d2603870a24fff39d796bcb6cef5921b4507f10add2ca1be7dc479a4a33faf6",
                "e46859551b0bd570fc0c52067f205d3527ba1b3fd8c1fe1088756e4478970589",
                "de55e5113014f668fb90c335d525c9136baf077bef726989cc2e90a520b7a964",
                "97a033c66715cb40b245ccb21a368baa0137d1a585306797a36d2ed30f4e6580",
                "863cf34e95c0440d21603ce480cd56fa5aef54a1c10b2c49eb30adafcdd406f4",
                "33527ffa995025631dd5dcb64a8427347dc3720af506358c78bc211ae0df7b5d",
                "307fce933433b1aefb4623c3217003da01bc5d9aa894e018852523e894f977c7",
                "dda1d2d1f2df381fcd93193f066f56d43264616009f261403eb8696db58d0b69",
                "18cb0c3b695c0c71a812571b81269c86c998eb969b843344c805e6be626fd44d",
                "f84d1b781c34a52299f241928c6a3c69125cd4af87b5f0857a24af25ee6c8195",
                "a4e2ef59368fcccc1358a776e2e6a3b5327fc4e87f02f0fa1a11c1642cb8f1b6"
            ],
            "type": "Document",
            "firstPartyCookies": {},
            "firstPartyCookiesSent": {},
            "exampleSites": [
                "express.co.uk",
                "www.express.co.uk",
                "www.mirror.co.uk",
                "www.cambridge-news.co.uk",
                "www.gloucestershirelive.co.uk",
                "www.bristolpost.co.uk",
                "www.glasgowlive.co.uk",
                "www.derbytelegraph.co.uk",
                "www.dailypost.co.uk",
                "www.somersetlive.co.uk",
                "www.hertfordshiremercury.co.uk",
                "www.sussexlive.co.uk",
                "www.stokesentinel.co.uk",
                "www.irishmirror.ie",
                "www.edinburghlive.co.uk",
                "www.kentlive.news",
                "www.hulldailymail.co.uk",
                "www.essexlive.news",
                "www.coventrytelegraph.net",
                "www.manchestereveningnews.co.uk"
            ]
        },
        {
            "rule": "convrse\\.media\\/comment-green\\.png",
            "cookies": 0,
            "fingerprinting": 0,
            "subdomains": [
                "get-latest"
            ],
            "apis": {},
            "sites": 31,
            "prevalence": 0.000214,
            "cnames": [],
            "responseHashes": [
                "3ec3d1adaf5946494d954d4a683232d32d2c448489fb0d3347d9026b65348e77"
            ],
            "type": "Image",
            "firstPartyCookies": {},
            "firstPartyCookiesSent": {},
            "exampleSites": [
                "www.cornwalllive.com",
                "www.gloucestershirelive.co.uk",
                "www.gazettelive.co.uk",
                "www.nottinghampost.com",
                "www.grimsbytelegraph.co.uk",
                "www.liverpoolecho.co.uk",
                "www.bristolpost.co.uk",
                "www.walesonline.co.uk",
                "www.derbytelegraph.co.uk",
                "www.dailystar.co.uk",
                "www.dailyrecord.co.uk",
                "www.kentlive.news",
                "www.edinburghlive.co.uk",
                "www.plymouthherald.co.uk",
                "www.cheshire-live.co.uk",
                "www.cambridge-news.co.uk",
                "www.stokesentinel.co.uk",
                "www.getreading.co.uk",
                "www.getsurrey.co.uk",
                "www.leicestermercury.co.uk"
            ]
        },
        {
            "rule": "convrse\\.media\\/parent\\.js",
            "cookies": 0,
            "fingerprinting": 0,
            "subdomains": [
                "get-latest"
            ],
            "apis": {},
            "sites": 35,
            "prevalence": 0.000242,
            "cnames": [],
            "responseHashes": [
                "376b437278a28c799823d7cb7362ac57c0003ee94a10defdd3b8cd27dd4103f4"
            ],
            "type": "Script",
            "firstPartyCookies": {},
            "firstPartyCookiesSent": {},
            "exampleSites": [
                "www.mirror.co.uk",
                "www.grimsbytelegraph.co.uk",
                "www.dailypost.co.uk",
                "www.nottinghampost.com",
                "www.leeds-live.co.uk",
                "www.somersetlive.co.uk",
                "www.derbytelegraph.co.uk",
                "www.stokesentinel.co.uk",
                "www.hertfordshiremercury.co.uk",
                "www.dailystar.co.uk",
                "www.plymouthherald.co.uk",
                "www.cambridge-news.co.uk",
                "www.kentlive.news",
                "www.liverpoolecho.co.uk",
                "www.cornwalllive.com",
                "www.devonlive.com",
                "www.gloucestershirelive.co.uk",
                "www.birminghammail.co.uk",
                "www.cheshire-live.co.uk",
                "www.essexlive.news"
            ]
        }
    ],
    "categories": [],
    "performance": {},
    "cookies": 0,
    "types": {
        "Document": 41,
        "Image": 31,
        "Script": 35
    },