{
    "domain": "convrse.media",
    "owner": {},
    "source": [
        "DuckDuckGo-US"
    ],
    "prevalence": 0.000256,
    "sites": 37,
    "subdomains": [
        "get-latest"
    ],
    "cnames": [],
    "fingerprinting": 1,
    "resources": [
        {
            "rule": "convrse\\.media\\/",
            "cookies": 0,
            "fingerprinting": 1,
            "subdomains": [
                "get-latest"
            ],
            "apis": {
                "Document.cookie getter": 28
            },
            "sites": 35,
            "prevalence": 0.000242,
            "cnames": [],
            "responseHashes": [
                "be268f1bf4a1d992623e7f33f50b72a3c48f8a6282c8595902dd47038aecf9a3",
                "0207dce149f88ee4d7d6054bb3f8638a0923051b5c301092beff18e5c952da92",
                "b659b4b5d12d86e11370468ed3f3abcc60947f162a13b2e2e647b0514b303b8e",
                "79e00ef7595f58dd5cfa95da89743dfe6c2dedbb1139b4918c0a9a88036a22a4",
                "09dec4b2269c7d93710cc965cb612282fe37b6c95f619641be746738c2f7bcdb",
                "0a3b0fe438067aa44adcc37969456a9e8d3d5ad3f915e5b0016f00d783f8389b",
                "b3770777ca22a8eafd80dbbf40ee83e494130748d0b4bec8e09df4f857579921",
                "09395f83d0229088a843e348caa733f83181e8ddd4eb4c6117a1d62a922ef53f",
                "8accb9d092d25743d355c2e37b7ab00161c36cdd9c83116542802f69c5cef013",
                "8a6b41e775ec1de53a4b4854efa37976ea84fcb535efccc78e63e85414df6563",
                "b03442d5acb1cef15df2ec0f4e645ec7ae3f5d005b731be80eb1df8ee97e2a2c",
                "ff6f9b3302bfce959d6c24a96b714d2df980c693b85ad1b1672e434e11ad9ac7",
                "088de812cd6af6ba53b53a97734bda8784e17f2508d93c8a547d1ab1202a5a56",
                "f2515cc42fdfc3dee6a2d6a84645d1b05210c7725511214d37d9b144c8ac8796",
                "ac7d31c8e930da33f6ade1cd9ab14852118f6fa299dff7c17798fbd74b3956de",
                "94e108c2f6ebcbe216642847222a38c6e88b46827b7b53095e3b0f6f8a520dc2",
                "aed0cb4bb610718cb659b7bd546b08104e87f2f4d65cd2b12b5b89bfc5f116b4",
                "f1fafb482a7774fc44000eb0e2555980f6395974296912fe9c83cd924885ca33",
                "50411a76c8d230952400b16461a92770957ff8a2650d30b39a365527a8ff8f4d",
                "e3f078407300c20de39ea4b74bcc2b0ae7832b8a51331b15db7037de78cfbc60",
                "68801842f5bb6c27e060788b55b80e8f48736de96d4cae85eb85eea85808abe3",
                "d705a8198996d12b20dbea004286ba54b896e503294e74f35ea6c399cd47c27a",
                "ebda8d1be5617dbf33a5a7a56e827e060dcea24747fb10a8de0fd251deb1ed3e",
                "f9a4948105c6dabc12b8d6c75ab02fb93fd996e5804270009bca7a8ea3408aaa",
                "f7943e91790c2b18121e59387bc461d6afde8b517ede67f1fa1c4502c1f240b3",
                "ed9521eafc6c739e4b4ab5c12d6b7f138e66ef1550e9071d9dc894bc83ff901d",
                "e0f2c0014d363258a65506c5956d8b14828c5b8c6f8dd5ebd99737b1e359a34b",
                "af2e1aa157f0c07137dee7cab57ec13b6a27425409acab144a63ff2331e94c5b",
                "8d147003964caa8d7b90b215eae2c12fea5f9705f3ecd2be2a3079a25d606a47",
                "8dcc29b1937151dd43b5c28e9ff08c06a95ada84492fc8de69eb07b86c1cbd2b",
                "f73b9da1184e804c771bb0f20ab92ca36fa73328324b41282ac8dbd3719bd098",
                "2585fb57194d1f148e70e2ada69bc699ac868b3fdfc0f8dca1cabc026344b060",
                "b997387fd7860703dda85cbec1a4c65a21f1fd9baa26e871ba690802c4f45ec7",
                "05e2a54cf04908d5a2e9ac6e1a0abe41719d6246deb9d33abfa2106a7c936ea5"
            ],
            "type": "Document",
            "firstPartyCookies": {},
            "firstPartyCookiesSent": {},
            "exampleSites": [
                "express.co.uk",
                "www.express.co.uk",
                "www.mirror.co.uk",
                "www.sussexlive.co.uk",
                "www.hulldailymail.co.uk",
                "www.irishmirror.ie",
                "www.derbytelegraph.co.uk",
                "www.essexlive.news",
                "www.gloucestershirelive.co.uk",
                "www.belfastlive.co.uk",
                "www.devonlive.com",
                "www.cambridge-news.co.uk",
                "www.dailypost.co.uk",
                "www.stokesentinel.co.uk",
                "www.cornwalllive.com",
                "www.plymouthherald.co.uk",
                "www.getreading.co.uk",
                "www.edinburghlive.co.uk",
                "www.somersetlive.co.uk",
                "www.cheshire-live.co.uk"
            ]
        },
        {
            "rule": "convrse\\.media\\/comment-green\\.png",
            "cookies": 0,
            "fingerprinting": 0,
            "subdomains": [
                "get-latest"
            ],
            "apis": {},
            "sites": 29,
            "prevalence": 0.0002,
            "cnames": [],
            "responseHashes": [
                "f6066d7b087daac299a20dd6d0b67c25ccbbbdee6bda0de5438dc00389e6e50c"
            ],
            "type": "Image",
            "firstPartyCookies": {},
            "firstPartyCookiesSent": {},
            "exampleSites": [
                "www.cheshire-live.co.uk",
                "www.devonlive.com",
                "www.edinburghlive.co.uk",
                "www.leicestermercury.co.uk",
                "www.derbytelegraph.co.uk",
                "www.mylondon.news",
                "www.nottinghampost.com",
                "www.getsurrey.co.uk",
                "www.lincolnshirelive.co.uk",
                "www.birminghammail.co.uk",
                "www.getreading.co.uk",
                "www.stokesentinel.co.uk",
                "www.somersetlive.co.uk",
                "www.gloucestershirelive.co.uk",
                "www.leeds-live.co.uk",
                "www.grimsbytelegraph.co.uk",
                "www.gazettelive.co.uk",
                "www.cambridge-news.co.uk",
                "www.plymouthherald.co.uk",
                "www.kentlive.news"
            ]
        },
        {
            "rule": "convrse\\.media\\/parent\\.js",
            "cookies": 0,
            "fingerprinting": 0,
            "subdomains": [
                "get-latest"
            ],
            "apis": {},
            "sites": 34,
            "prevalence": 0.000235,
            "cnames": [],
            "responseHashes": [
                "376b437278a28c799823d7cb7362ac57c0003ee94a10defdd3b8cd27dd4103f4"
            ],
            "type": "Script",
            "firstPartyCookies": {},
            "firstPartyCookiesSent": {},
            "exampleSites": [
                "www.mirror.co.uk",
                "www.somersetlive.co.uk",
                "www.leicestermercury.co.uk",
                "www.hulldailymail.co.uk",
                "www.derbytelegraph.co.uk",
                "www.irishmirror.ie",
                "www.kentlive.news",
                "www.dublinlive.ie",
                "www.cambridge-news.co.uk",
                "www.coventrytelegraph.net",
                "www.lincolnshirelive.co.uk",
                "www.plymouthherald.co.uk",
                "www.devonlive.com",
                "www.gazettelive.co.uk",
                "www.dailystar.co.uk",
                "www.gloucestershirelive.co.uk",
                "www.football.london",
                "www.cornwalllive.com",
                "www.essexlive.news",
                "www.getreading.co.uk"
            ]
        },
        {
            "rule": "convrse\\.media\\/mantis-recommender-min\\.js",
            "cookies": 0,
            "fingerprinting": 0,
            "subdomains": [
                "get-latest"
            ],
            "apis": {},
            "sites": 2,
            "prevalence": 0.0000138,
            "cnames": [],
            "responseHashes": [
                "ad2a8710fa28f961f0a8ebc92b0cb570cfdfba1cfb47b0ad28a266ec745eab99"
            ],
            "type": "Script",
            "firstPartyCookies": {},
            "firstPartyCookiesSent": {},