{
    "domain": "cudasvc.com",
    "owner": {
        "name": "Barracuda Networks Inc.",
        "displayName": "Barracuda Networks"
    },
    "source": [
        "DuckDuckGo-US"
    ],
    "prevalence": 0.000214,
    "sites": 31,
    "subdomains": [
        "linkprotect"
    ],
    "cnames": [],
    "fingerprinting": 1,
    "resources": [
        {
            "rule": "cudasvc\\.com\\/url",
            "cookies": 0.0000276,
            "fingerprinting": 1,
            "subdomains": [
                "linkprotect"
            ],
            "apis": {
                "window.sessionStorage": 4,
                "Navigator.prototype.vendor": 3,
                "Navigator.prototype.userAgent": 5,
                "Document.cookie getter": 4,
                "Document.cookie setter": 4,
                "Screen.prototype.width": 3,
                "Screen.prototype.height": 3,
                "Document.prototype.interestCohort": 1,
                "Navigator.prototype.language": 2,
                "Navigator.prototype.platform": 1,
                "Date.prototype.getTime": 1,
                "PerformanceTiming.prototype.navigationStart": 1
            },
            "sites": 15,
            "prevalence": 0.000104,
            "cnames": [],
            "responseHashes": [
                "227bc445aa540b7cfc518c4cc41090d19db324dd0b24b06928974c3c3a702aca",
                "a9ddd05afc7b255840510e1d40fda6304d6dc5695fa2ef4c40424d1507d2cfe3",
                "b23807a4c5d90afca0dc47d688c0a05302779429dab75f5e6182562dcc2970f6",
                "ee3a7301fe1e0c0f6bf6acff0d7a8d107f5cb3f62a2566740c0416d8e61f00b9",
                "acfaf7f66d6546642918010931bd70fa1d78b66067155404d0c67c9b898e9355",
                "31d9193fbbea2495d806c595e6b7b85ef49dab2f4327f096b114cf948c56cb8c"
            ],
            "type": "Script",
            "firstPartyCookies": {
                "_fbp": {
                    "ttl": 7776002,
                    "length": 29,
                    "prevalence": 0.000020711223411966944,
                    "uniqueness": 1
                },
                "_scid": {
                    "ttl": 34186706,
                    "length": 36,
                    "prevalence": 0.000006903741137322315,
                    "uniqueness": 1
                },
                "_sctr": {
                    "ttl": 34186712,
                    "length": 15,
                    "prevalence": 0.000006903741137322315,
                    "uniqueness": 1
                }
            },
            "firstPartyCookiesSent": {
                "dy_fs_page": 0.000006903741137322315
            },
            "exampleSites": [
                "cabinetstogo.com",
                "locations.massageenvy.com",
                "quikrete.com",
                "skiloveland.com",
                "www.americansurplus.com",
                "www.caferio.com",
                "www.komen.org",
                "www.lampsplus.com",
                "www.massageenvy.com",
                "www.nbc12.com",
                "www.quikrete.com",
                "www.smc.edu",
                "www.snowest.com",
                "www.upmchealthplan.com",
                "www.zaxbys.com"
            ]
        },
        {
            "rule": "cudasvc\\.com\\/url",
            "cookies": 0,
            "fingerprinting": 0,
            "subdomains": [
                "linkprotect"
            ],
            "apis": {},
            "sites": 5,
            "prevalence": 0.0000345,
            "cnames": [],
            "responseHashes": [
                "e963e7196beb9123059ec3534b042ebcd1ef0a470fa568bfbebfeab2f33c4fda"
            ],
            "type": "Image",
            "firstPartyCookies": {},
            "firstPartyCookiesSent": {},
            "exampleSites": [
                "campersinn.com",
                "www.campersinn.com",
                "www.cottontraders.com",
                "www.lazydays.com",
                "www.visitsanantonio.com"
            ]
        },
        {
            "rule": "cudasvc\\.com\\/url",
            "cookies": 0,
            "fingerprinting": 0,
            "subdomains": [
                "linkprotect"
            ],
            "apis": {},
            "sites": 3,
            "prevalence": 0.0000207,
            "cnames": [],
            "responseHashes": [],
            "type": "Document",
            "firstPartyCookies": {},
            "firstPartyCookiesSent": {},
            "exampleSites": [
                "komen.org",
                "www.nbc12.com",
                "www.upmchealthplan.com"
            ]
        }
    ],
    "categories": [],
    "performance": {},
    "cookies": 0.0000483,
    "types": {
        "Script": 15,
        "Image": 5,
        "Document": 3
    },
    "nameservers": [
        "ns-1405.awsdns-47.org",
        "ns-1942.awsdns-50.co.uk",
        "ns-279.awsdns-34.com",
        "ns-811.awsdns-37.net"
    ]
}