{
    "domain": "cylex-international.com",
    "owner": {},
    "source": [
        "DuckDuckGo-US"
    ],
    "prevalence": 0.000141,
    "sites": 20,
    "subdomains": [
        "osm"
    ],
    "cnames": [],
    "fingerprinting": 0,
    "resources": [
        {
            "rule": "cylex-international\\.com\\/osm\\/staticmaplite\\/staticmap\\.php",
            "cookies": 0,
            "fingerprinting": 0,
            "subdomains": [
                "osm"
            ],
            "apis": {},
            "sites": 20,
            "prevalence": 0.000141,
            "cnames": [],
            "responseHashes": [
                "6614f4e6a6424c04ae9385dd546ae6522015957e6562b05da680fe790ee07341",
                "1a353f07dc2238dc426cdf62196499367895e60f337a94f807f396feaea1e204",
                "c36bcbe922fea10cbc96052b2a49aeec2fb69aebe3ff3ff54370a988f7d8891a",
                "13a8caf9ce062b3879a9a6f1e7b494c0da8c41634250581b21c9422e5847f5a8",
                "08db8b2c89dddc643252f81e174318c5b956def85015f2b1d8f6e8888b07cc4b",
                "014914f90352e6deb78fa979181d2af79123bda8a12dcece7186fdef42353452",
                "83810c83ae90e6fae2b6a6e9b2c1bf04a74f78ad6be238c3a05dd05f3a145c45",
                "1c443d9a8dff1c80ab65951fe6b7ee4a20105f926edcedae91426227d19a8f1a",
                "6553fc12b4574ca0652dce1e77304981c7f767099a9fa18717339f0658018f6a",
                "b57f2b04a65442b8728df0f3f5d2ae71501ae5d793e25cbe13c674cf31ac7b5b",
                "a9c8110cf52800d48f3a256f7c7e0377703e2a3b358644399f1d219d2164969a",
                "b9119464f4e83ac2bc3bfd90f9dffa9f8ebd2a151b83ee046369aad7f783fbb3",
                "8eba82854a876133f6ca6874e605284bcb7c50ff3ddaef218268999e4edadcee",
                "e18ea5f62b1f75eaf0e22ac6cc796b37e38e0dff2529f91d8f502e4ca2d242d3",
                "71936d4e3998ba51823eb1c7542cf0223d76a3eabb29e5e6076ad1ce78aefa2f",
                "80b74036317a60c100f9db92fc7145cfa47c22d68044e8d432d5c2d5d9a96d8f",
                "e642c1bb244c020a80d81ba6483c7c89118fe3f304f76e9fcb1139a81ef44efb",
                "f060f6a85f44de1a61976d2b3754bf6801dc50212c194035a15ec49ec5bcae53",
                "57ac43a8fcaf1f1952890ba36963f4fe438bfa190d551d2680b6e79e5b510158"
            ],
            "type": "Image",
            "firstPartyCookies": {},
            "firstPartyCookiesSent": {},
            "exampleSites": [
                "aussie-hours.com",
                "find-open.co.uk",
                "find-open.com",
                "finde-offen.ch",
                "finde-offen.de",
                "finde-offen.at",
                "firmania.ch",
                "firmania.it",
                "london.cylex-uk.co.uk",
                "nyitva.hu",
                "teraz-otwarte.pl",
                "trouver-ouvert.fr",
                "trova-aperto.it",
                "web2.cylex.de",
                "www.cylex.es",
                "www.cylex.us.com",
                "www.cylex-polska.pl",
                "www.cylex-italia.it",
                "www.cylex.at",
                "www.cylex-locale.fr"
            ]
        }
    ],
    "categories": [],
    "performance": {},
    "cookies": 0,
    "types": {
        "Image": 20
    },
    "nameservers": [
        "merlin.ns.cloudflare.com",
        "serena.ns.cloudflare.com"
    ]
}