{
    "domain": "czilladx.com",
    "owner": {},
    "source": [
        "DuckDuckGo-US"
    ],
    "prevalence": 0.000704,
    "sites": 102,
    "subdomains": [
        "request-global",
        "request"
    ],
    "cnames": [],
    "fingerprinting": 0,
    "resources": [
        {
            "rule": "czilladx\\.com\\/serve\\/header\\.php",
            "cookies": 0,
            "fingerprinting": 0,
            "subdomains": [
                "request-global"
            ],
            "apis": {},
            "sites": 13,
            "prevalence": 0.0000898,
            "cnames": [],
            "responseHashes": [
                "e3b0c44298fc1c149afbf4c8996fb92427ae41e4649b934ca495991b7852b855",
                "b4865a67087d147814931dd16f524de9263373f15736c6f269697f874e031bb4"
            ],
            "type": "XHR",
            "firstPartyCookies": {},
            "firstPartyCookiesSent": {},
            "exampleSites": [
                "adapools.org",
                "cardanoscan.io",
                "coinarbitragebot.com",
                "coindataflow.com",
                "coinpaprika.com",
                "cryptobubbles.net",
                "en.webgiacoin.com",
                "playtoearn.net",
                "priceprediction.net",
                "whattomine.com",
                "www.coinlore.com",
                "www.cryptoglobe.com",
                "www.dapp.com"
            ]
        },
        {
            "rule": "czilladx\\.com\\/serve\\/get\\.php",
            "cookies": 0,
            "fingerprinting": 0,
            "subdomains": [
                "request-global"
            ],
            "apis": {},
            "sites": 29,
            "prevalence": 0.0002,
            "cnames": [],
            "responseHashes": [
                "da3358864639cb975a437dc9a560f6fc5d225af627878ccc009fe2e2caa2846f",
                "e3b0c44298fc1c149afbf4c8996fb92427ae41e4649b934ca495991b7852b855",
                "317536d6ab4ae397f0b76bb61f16045e4fb8b839b527a5525cd8877539c16ce0",
                "2e38032a7a30bcbb82a7b9ccd65f7ff39a0db753e85975bc8d6a8281b521d7cf",
                "288b3a3a7ec17cc43dd7e68a057ab52ed77c45f8014cd2f493920e50d8cdf340",
                "f6dabedf40daefa9fb15e9f334ce9cc81debf9c6b3b076c3dace230d73d51cfc",
                "0e77c96c17623b9036567fd30e43d1c15d30b222f95c80f48d083e06667a2bf9",
                "123f191b651650ed1c49738aac84d1eac9ed1078ed901cd905751438d7e8162e",
                "d8d69788add626fcfa5eb3c5b0738f4a2f8eec301d1ef7fda3e0f35a9b270a20",
                "ce3127db54ad0c73a51e7c63cc08fb6967580ee5c39244bcb47cbb10d8b5139a",
                "6f2c3711958b2b7b7804babc4e0aecc9443ff17e8c88498e84788f1af33acec1",
                "f5349158226bdb9bc1037218cabcd60905134c2b063f108dac2694c88d436f7b",
                "8ef1f0d0fb1bbf90ca48a3fd1729713753ee167b6159446bff6aca912ac53a05",
                "4d31d033c301e0f8b6639ec73eda06c6de75ce1a22ef0c9d283559459e8b6074",
                "18cda79855814f3c012a908a0b18e602d4aa3023c6e1243725d97349fd6b8473",
                "02aa9ff383329a48d0a0b28281bc533d2b4d9e009777cabfd5c5f5facbd9a5a1",
                "63f79af22b5afd64321cc82cf6f1fdeebf5fccde198ee122c8cebff6bcbcdbe5",
                "1134faa7586ea7350c60d80a0ae52d31b873f2f79876477601dece50caa42045",
                "a33955e07eaaac3e33218755ba6c8e637f49404464d7080b7d0a5440d03fbc51",
                "921ff2ddfb74aa3174c8b03b579e149203f58587cfe1b2a7649a6e59cbbed894",
                "b2f15c3626392957718d8bc31cd241e139cc8b47444363e8f9d7d13ac679f22d",
                "454bf18df8725af71ad2f152bd124bb8cb08fae380615e1390d5c849cb692cd0",
                "2cd2bc1177ff22366d074b3d38a4ee76fee4b72d5c5ec9aa4116e42282a8c956",
                "db0007e4881b1fe292789ffecec44a9152fe335dc78d9a89e3290a5a49f743bb",
                "adafa0b80d986c91a1d13fe056ddfcae00fc923d4f4c55d6073bb6f8bd9f721d",
                "0f8d85f3638131e8e8d1c735d29662ab284aa558247d4609a3e4f502bf98cef9",
                "5c71b9590f9832a50798d67fd498fba053dff7ea8d8ddb39ed63c8d6657d2acb",
                "b439350e4c72c4f51aec6cdd5a75d899d7fe66eedd143e2034cd55ff78b07428"
            ],
            "type": "XHR",
            "firstPartyCookies": {},
            "firstPartyCookiesSent": {},
            "exampleSites": [
                "coindoo.com",
                "thecurrencyanalytics.com",
                "coincodex.com",
                "www.dapp.com",
                "coinchefs.com",
                "bytwork.com",
                "ripplecoinnews.com",
                "coinmarketcal.com",
                "coinlib.io",
                "coinalpha.app",
                "cryptocurrencypriceprediction.com",
                "coinarbitragebot.com",
                "www.publish0x.com",
                "cryptopotato.com",
                "www.cryptoglobe.com",
                "www.coinwarz.com",
                "coinalyze.net",
                "usethebitcoin.com",
                "btcmanager.com",
                "coinpaprika.com"
            ]
        },
        {
            "rule": "czilladx\\.com\\/serve\\/view\\.php",
            "cookies": 0,
            "fingerprinting": 0,
            "subdomains": [
                "request-global"
            ],
            "apis": {},
            "sites": 33,
            "prevalence": 0.000228,
            "cnames": [],