{
    "domain": "ddishucons.xyz",
    "owner": {},
    "source": [
        "DuckDuckGo-US"
    ],
    "prevalence": 0.000559,
    "sites": 81,
    "subdomains": [],
    "cnames": [],
    "fingerprinting": 0,
    "resources": [
        {
            "rule": "ddishucons\\.xyz\\/utx",
            "cookies": 0.000338,
            "fingerprinting": 0,
            "subdomains": [],
            "apis": {},
            "sites": 49,
            "prevalence": 0.000338,
            "cnames": [],
            "responseHashes": [
                "e3b0c44298fc1c149afbf4c8996fb92427ae41e4649b934ca495991b7852b855"
            ],
            "type": "XHR",
            "firstPartyCookies": {},
            "firstPartyCookiesSent": {
                "lotame_domain_check": 0.000006905552754970272
            },
            "exampleSites": [
                "www.heavy-r.com",
                "torrentgalaxy.mx",
                "www.bonporn.com",
                "videoindirxa.net",
                "www.pornerbros.com",
                "www.amateuretsexe.com",
                "www.dump.xxx",
                "www.fux.com",
                "www.fmovies.top",
                "wallpaper.dog",
                "www.mrvideospornogratis.xxx",
                "www.4tube.com",
                "ww5.0123movie.net",
                "www3.zippyshare.com",
                "tube-mature-sex.com",
                "videomon.biz",
                "www.fuqer.com",
                "www.reference-sexe.com",
                "soap-2-day.com",
                "www.roadsexe.com"
            ]
        },
        {
            "rule": "ddishucons\\.xyz\\/floater",
            "cookies": 0.000104,
            "fingerprinting": 0,
            "subdomains": [],
            "apis": {},
            "sites": 15,
            "prevalence": 0.000104,
            "cnames": [],
            "responseHashes": [
                "a86323947de440f6c57299459d5658925f66cd912fe97a4dcccb804056e09a3f",
                "551ba6f369dc4982cdd56fcd87366b798629498b1c4e654407c6936650a1ac00",
                "e244433fe7b4fd23859dd98ec840939f8004adaab121accb1e948b69310f97c7",
                "3a2dca5ffa09485a18ccfaea653f907916c771788c5e2d24a5af2c29c70cf315",
                "137641b72d8c04f9087aee8b6c96b9dcc6f4ad2fe30520df1dcaf4638cbf2a74",
                "bb45ac7e7510af0cffa13d08fea35f709be4684a8a6fa8e77e1283cf69a7cfcb",
                "1d867c8126746d45826e10134106003898b1c46be190ab5af069d2184edb8bf2",
                "24442bbcd5f5b3f1371283542b2bea0caf9b36ad727ca3107ae1b9425c3f4b03",
                "d1052d83223ace0846334a5acca2332c568ab8f5de1aec8c3b882aaa2fadcb34",
                "842013197a7e1663a3f22f7c30e61d9127cb5e46774b32111ce48e0f380c6959",
                "270cc56cd1b103117fb6ab2ee4e4b4080f911892102799f691ab73760756ed8e",
                "8295c12a8805916a55f3b325f5c5473069c40794ccb9025c992c05e90339f2cb",
                "b70f0ae53380f982c9ff4ab47d26b28f372577e3fee20e0174c29712a727febb",
                "3e53b9100624ae11424e4b2ab3c2db20413bf528928e8e8fdc2c2099e9a09004"
            ],
            "type": "XHR",
            "firstPartyCookies": {},
            "firstPartyCookiesSent": {},
            "exampleSites": [
                "sisterporn.tv",
                "skymanga.co",
                "smutr.com",
                "taboo.desi",
                "thethothub.com",
                "thothub.lol",
                "thothub.to",
                "torrentgalaxy.mx",
                "tube-mature-sex.com",
                "ww.mangakakalot.tv",
                "www.allnporn.com",
                "www.amateuretsexe.com",
                "www.bonporn.com",
                "www.fullfamilyincest.com",
                "www3.zippyshare.com"
            ]
        }
    ],
    "categories": [],
    "performance": {},
    "cookies": 0.000559,
    "types": {
        "XHR": 64
    },
    "nameservers": [
        "demi.ns.cloudflare.com",
        "aiden.ns.cloudflare.com"
    ]
}