{
    "domain": "dynad.net",
    "owner": {
        "name": "UOL",
        "displayName": "UOL"
    },
    "source": [
        "DuckDuckGo-US"
    ],
    "prevalence": 0.00019,
    "sites": 27,
    "subdomains": [
        "t",
        "s",
        "sna"
    ],
    "cnames": [],
    "fingerprinting": 1,
    "resources": [
        {
            "rule": "dynad\\.net\\/script\\/",
            "cookies": 0.00012,
            "fingerprinting": 1,
            "subdomains": [
                "t"
            ],
            "apis": {
                "Date.prototype.getTime": 14,
                "Navigator.prototype.userAgent": 13,
                "Document.cookie getter": 6
            },
            "sites": 17,
            "prevalence": 0.00012,
            "cnames": [],
            "responseHashes": [
                "0d061cc8a14ccb13b1a0003913cc5d6c5b04c23e2fa0ceb83d44e54b93132865",
                "de27f741c6a3ed098d366c703078f9b4058310b19dec1fbf5081f6a74cb05b46",
                "855826c76083b30dd9c3c40a7036f7238239fe4debde322d8fa3a7555bfbe573",
                "4e8c10d667d8f83f6d0590c9aefa088f766e693eddf4fbab367fc44d3c604700",
                "feeb7ba0680b3d93fcca306204df66e9712ae64f46bab962099d3d4e77bf74e2",
                "50540d150cd26ab17c00e257cc1bd91183baf28898ebb45bcbbb1bb69139ebcf",
                "a886f2ddcf27d1212cc4408640d13fe6ec84e6b8757fa250a074448451a71a08",
                "35da988d818cd7049153fe43396551c930acc50a62bbcaf9d75b2d80d094011f",
                "364456379a54ba6a56c1e1a8449230c9284a5da38c1002f46fe3e08ab54de6b6",
                "255090eb023ff02d6a518d851224c8f7f7e3771ffe4d65d2d0a2f2b51fbb727c",
                "698850f554b1b611bc59d99b20eba56e5d104b2a31056164a3c7f2052c2335d6",
                "6d8af510588f038165eed39d3bd40beaaf273da4750914311b1310da33e99b79",
                "1cf72cc19b0782e361dd72c610e804318c41b379de84a3f3b889f18d002631ec",
                "950c83d71547e3037414c22b764bced904ba3c38ed7765c4ca0b252b2fb14b7e"
            ],
            "type": "Script",
            "firstPartyCookies": {},
            "firstPartyCookiesSent": {},
            "exampleSites": [
                "uol.com.br",
                "autopapo.uol.com.br",
                "drauziovarella.uol.com.br",
                "economia.uol.com.br",
                "educacao.uol.com.br",
                "jus.com.br",
                "mundoeducacao.uol.com.br",
                "noticias.uol.com.br",
                "observatoriodocinema.uol.com.br",
                "olhardigital.com.br",
                "tvefamosos.uol.com.br",
                "www.bol.uol.com.br",
                "www.dicionarioinformal.com.br",
                "www.infoescola.com",
                "www.legiaodosherois.com.br",
                "www.uol.com.br",
                "www1.folha.uol.com.br"
            ]
        },
        {
            "rule": "dynad\\.net\\/stack\\/KMA9C2O70iP6CHSgXk0LGaQ8ML9m6vJE4RIi1Rf61p4\\.html",
            "cookies": 0.0000352,
            "fingerprinting": 1,
            "subdomains": [
                "s"
            ],
            "apis": {
                "Document.cookie getter": 5,
                "window.localStorage": 5,
                "Date.prototype.getTime": 8,
                "Document.cookie setter": 5
            },
            "sites": 16,
            "prevalence": 0.000113,
            "cnames": [],
            "responseHashes": [
                "fdac1a3247f6636b0a366c779803ca0af16f5cf36b2ab34a5d48a0911cd59e1a"
            ],
            "type": "Document",
            "firstPartyCookies": {},
            "firstPartyCookiesSent": {},
            "exampleSites": [
                "uol.com.br",
                "autopapo.uol.com.br",
                "drauziovarella.uol.com.br",
                "economia.uol.com.br",
                "educacao.uol.com.br",
                "jus.com.br",
                "mundoeducacao.uol.com.br",
                "noticias.uol.com.br",
                "observatoriodocinema.uol.com.br",
                "olhardigital.com.br",
                "tvefamosos.uol.com.br",
                "www.bol.uol.com.br",
                "www.infoescola.com",
                "www.legiaodosherois.com.br",
                "www.uol.com.br",
                "www1.folha.uol.com.br"
            ]
        },
        {
            "rule": "dynad\\.net\\/stack\\/928W5r5IndTfocT3VdUV-AB8UVlc0JbnGWyFZsei5gU\\.html",
            "cookies": 0,
            "fingerprinting": 0,
            "subdomains": [
                "s"
            ],
            "apis": {},
            "sites": 12,
            "prevalence": 0.0000845,
            "cnames": [],
            "responseHashes": [
                "ba70adf2020216558d39892f39d469a3b8eabefe26e3fe038c4e14272fcc1506"
            ],
            "type": "Document",
            "firstPartyCookies": {},
            "firstPartyCookiesSent": {},
            "exampleSites": [
                "uol.com.br",
                "autopapo.uol.com.br",
                "drauziovarella.uol.com.br",
                "jus.com.br",
                "mundoeducacao.uol.com.br",
                "noticias.uol.com.br",
                "observatoriodocinema.uol.com.br",
                "olhardigital.com.br",
                "www.infoescola.com",
                "www.legiaodosherois.com.br",
                "www.uol.com.br",
                "www1.folha.uol.com.br"
            ]
        },
        {
            "rule": "dynad\\.net\\/pc\\/",
            "cookies": 0.0000211,
            "fingerprinting": 0,
            "subdomains": [
                "t"
            ],
            "apis": {},
            "sites": 3,
            "prevalence": 0.0000211,
            "cnames": [],
            "responseHashes": [
                "7d313f32ad7ce382a2df2cd1dcaa8bc48187b20382e323b4369587ec54ae3d64"
            ],
            "type": "Image",
            "firstPartyCookies": {},
            "firstPartyCookiesSent": {
                "tt_c_vmt": 0.000007038783698176955
            },
            "exampleSites": [
                "uol.com.br",
                "autopapo.uol.com.br",
                "drauziovarella.uol.com.br"
            ]
        },
        {
            "rule": "dynad\\.net\\/stack\\/SSzBFpSlBo_0w-vmC2nErnIikjcHI0HaidoxIEeQT91JxzXSCGB-liqiSnKcmPOd\\.html",
            "cookies": 0,
            "fingerprinting": 0,
            "subdomains": [
                "s"
            ],
            "apis": {},
            "sites": 5,
            "prevalence": 0.0000352,
            "cnames": [],
            "responseHashes": [
                "1616621f473e29ee0ddd04df3f7bc1455453269279454d79ddda2b51ebfbc5ed"
            ],
            "type": "Document",
            "firstPartyCookies": {},
            "firstPartyCookiesSent": {},
            "exampleSites": [
                "uol.com.br",
                "educacao.uol.com.br",
                "noticias.uol.com.br",
                "tvefamosos.uol.com.br",
                "www.uol.com.br"
            ]
        },
        {
            "rule": "dynad\\.net\\/eval\\/1000109",
            "cookies": 0,
            "fingerprinting": 0,
            "subdomains": [
                "sna"
            ],
            "apis": {},
            "sites": 6,
            "prevalence": 0.0000422,
            "cnames": [],
            "responseHashes": [
                "9a28612eca32dd809360923692df721a9baa59bb025b51ebbe42f7934a7fd0ee"
            ],
            "type": "Fetch",
            "firstPartyCookies": {},
            "firstPartyCookiesSent": {},
            "exampleSites": [
                "uol.com.br",
                "educacao.uol.com.br",
                "economia.uol.com.br",
                "noticias.uol.com.br",
                "www.bol.uol.com.br",
                "www.uol.com.br"
            ]
        },
        {
            "rule": "dynad\\.net\\/stack\\/FcQVaHc6MaOcDzQjhAV0q78AMg75kNqHmVHSvf95ffqIXpBr_a_IcwHLcQMTBDGewfxoQXBulUZbsXy3Fo9ZHg\\.js",
            "cookies": 0,