{
    "domain": "feetct.com",
    "owner": {},
    "source": [
        "DuckDuckGo-US"
    ],
    "prevalence": 0.0000833,
    "sites": 12,
    "subdomains": [],
    "cnames": [],
    "fingerprinting": 1,
    "resources": [
        {
            "rule": "feetct\\.com\\/v1\\/render",
            "cookies": 0,
            "fingerprinting": 0,
            "subdomains": [],
            "apis": {},
            "sites": 6,
            "prevalence": 0.0000416,
            "cnames": [],
            "responseHashes": [
                "5fec919536f465cd83ad1f0d01f551ab44355ed278778877013c8e8411670db5",
                "a54cff4a3b733538a38f462891109d70f625e0019f2c429e37d409bfd6e461e5",
                "f8c43bc7f2966206dccf0283a9558c3d00db4af55ca2cb52a6e2a240d9003f37",
                "2e60811840cd8c91bb8e244a008baad18b8ec18a5471d8b3962ab9507594209b"
            ],
            "type": "XHR",
            "firstPartyCookies": {},
            "firstPartyCookiesSent": {
                "surfer_uuid": 0.000041649312786339026,
                "page_load_uuid": 0.000041649312786339026
            },
            "exampleSites": [
                "hxmp3.com",
                "mp3crown.cc",
                "mp3poroh.ru",
                "mp3cleo.com",
                "mp3rax.com",
                "videozerk.com"
            ]
        },
        {
            "rule": "feetct\\.com\\/\\.cdn\\/7b7a53\\/d72d18\\/b7a7a8e30c964aecaeef30a79a1f6686\\/d035f0b860a2d23b\\.jpeg",
            "cookies": 0,
            "fingerprinting": 0,
            "subdomains": [],
            "apis": {},
            "sites": 6,
            "prevalence": 0.0000416,
            "cnames": [],
            "responseHashes": [
                "f870b2451738fc095fdf96590e81fb6dacbde4008a0c3bd656720bb795345121"
            ],
            "type": "Image",
            "firstPartyCookies": {},
            "firstPartyCookiesSent": {},
            "exampleSites": [
                "hxmp3.com",
                "mp3crown.cc",
                "mp3poroh.ru",
                "mp3cleo.com",
                "mp3rax.com",
                "videozerk.com"
            ]
        },
        {
            "rule": "feetct\\.com\\/\\.cdn\\/7b7a53\\/d3d944\\/d1644f9c21ce4f7a83d894872c4f240b\\/d035f8b5eda34dcb\\.jpeg",
            "cookies": 0,
            "fingerprinting": 0,
            "subdomains": [],
            "apis": {},
            "sites": 6,
            "prevalence": 0.0000416,
            "cnames": [],
            "responseHashes": [
                "c2f5c414402ec0ea644e5e79b1d68dd595fb8248b183b4dcaa7b35f0f5587bf0"
            ],
            "type": "Image",
            "firstPartyCookies": {},
            "firstPartyCookiesSent": {},
            "exampleSites": [
                "hxmp3.com",
                "mp3crown.cc",
                "mp3poroh.ru",
                "mp3rax.com",
                "mp3cleo.com",
                "videozerk.com"
            ]
        },
        {
            "rule": "feetct\\.com\\/\\.cdn\\/7b7a53\\/fad6f4\\/11be60056cd94dbab0dc02957186fb99\\/d035f3af9aceb9e4\\.jpeg",
            "cookies": 0,
            "fingerprinting": 0,
            "subdomains": [],
            "apis": {},
            "sites": 4,
            "prevalence": 0.0000278,
            "cnames": [],
            "responseHashes": [
                "57b7b2894101b0cb5b6a5524622ba83a5fdd4cd61d96575c18ebc18aa395d999"
            ],
            "type": "Image",
            "firstPartyCookies": {},
            "firstPartyCookiesSent": {},
            "exampleSites": [
                "mp3crown.cc",
                "mp3poroh.ru",
                "mp3rax.com",
                "mp3cleo.com"
            ]
        },
        {
            "rule": "feetct\\.com\\/\\.cdn\\/7b7a53\\/fad6f4\\/3e8179a8fb9a4daabe62495092060290\\/d035f43cf29c1064\\.jpeg",
            "cookies": 0,
            "fingerprinting": 0,
            "subdomains": [],
            "apis": {},
            "sites": 4,
            "prevalence": 0.0000278,
            "cnames": [],
            "responseHashes": [
                "69227810c253262c619bccf967813fb9aecfeebf1b1b50e6d18666a8f5d285a1"
            ],
            "type": "Image",
            "firstPartyCookies": {},
            "firstPartyCookiesSent": {},
            "exampleSites": [
                "mp3crown.cc",
                "mp3poroh.ru",
                "mp3rax.com",
                "mp3cleo.com"
            ]
        },
        {
            "rule": "feetct\\.com\\/rnql71\\/129ivlpm00y38qh\\/678vqu768\\/ypknm\\.php",
            "cookies": 0.0000139,
            "fingerprinting": 1,
            "subdomains": [],
            "apis": {
                "Navigator.prototype.userAgent": 2,
                "Document.cookie getter": 2,
                "window.localStorage": 2,
                "Document.cookie setter": 2,
                "Date.prototype.getTimezoneOffset": 2
            },
            "sites": 2,
            "prevalence": 0.0000139,
            "cnames": [],
            "responseHashes": [
                "efe3a930260d335b743ad759ef4d6daa3355255d80206519ab3270a6a6b88387"
            ],
            "type": "Script",
            "firstPartyCookies": {
                "surfer_uuid": {
                    "ttl": null,
                    "length": 36,
                    "prevalence": 0.000013883104262113009,
                    "uniqueness": 1
                },
                "la_page_depth": {
                    "ttl": null,
                    "length": 98,
                    "prevalence": 0.000013883104262113009,
                    "uniqueness": 1
                },
                "page_load_uuid": {
                    "ttl": null,
                    "length": 36,
                    "prevalence": 0.000013883104262113009,
                    "uniqueness": 1
                }
            },
            "firstPartyCookiesSent": {},
            "exampleSites": [
                "mp3poroh.ru",
                "mp3rax.com"
            ]
        },
        {
            "rule": "feetct\\.com\\/\\.cdn\\/7b7a53\\/0a8005\\/58f2d56f62b94d009a759dc730eadf12\\/d035f593bc62d247\\.jpeg",
            "cookies": 0,
            "fingerprinting": 0,
            "subdomains": [],
            "apis": {},
            "sites": 2,
            "prevalence": 0.0000139,
            "cnames": [],
            "responseHashes": [
                "383bbf9a1c9c10c5a06c3710c092bb084b9f202da37d4054b571eaa7e3a09450"
            ],
            "type": "Image",
            "firstPartyCookies": {},
            "firstPartyCookiesSent": {},
            "exampleSites": [
                "mp3poroh.ru",
                "mp3rax.com"
            ]
        },
        {
            "rule": "feetct\\.com\\/v1\\/confirm",
            "cookies": 0,
            "fingerprinting": 0,
            "subdomains": [],
            "apis": {},
            "sites": 2,
            "prevalence": 0.0000139,
            "cnames": [],
            "responseHashes": [
                "8bd379f35f7542aa283ad4208a2fdaff61b9067247619f8c0c945898d9e3be06"
            ],
            "type": "XHR",
            "firstPartyCookies": {},
            "firstPartyCookiesSent": {},
            "exampleSites": [
                "mp3poroh.ru",
                "mp3rax.com"
            ]
        }
    ],
    "categories": [],
    "performance": {},
    "cookies": 0.0000833,
    "types": {
        "XHR": 8,
        "Image": 22,
        "Script": 2
    },
    "nameservers": [
        "dns1.registrar-servers.com",
        "dns2.registrar-servers.com"
    ]
}