{
    "domain": "fpjs.io",
    "owner": {},
    "source": [
        "DuckDuckGo-US"
    ],
    "prevalence": 0.0000759,
    "sites": 11,
    "subdomains": [
        "api"
    ],
    "cnames": [],
    "fingerprinting": 0,
    "resources": [
        {
            "rule": "fpjs\\.io\\/",
            "cookies": 0.0000414,
            "fingerprinting": 0,
            "subdomains": [
                "api"
            ],
            "apis": {},
            "sites": 8,
            "prevalence": 0.0000552,
            "cnames": [],
            "responseHashes": [
                "4cd213ad4bca0bd3d89c447ae42f063ca973cf96c0b3de7c1600b9f5185d3597",
                "24f22c9f0c195e2e504086b5d66c7aed397dab4da9014081749121a66fe7ebb6",
                "8002bc135725c23697e1a4c4e77562508e14970c43cd2f3503080c8508f89847",
                "0bdb5511074727178666094ef4964009cb77f158890fd4efbe9287f4be0e2401",
                "1522416c2c4c16e3c847744cda3322da7233733689f2fdc9bf8b08ee39907034",
                "5554e78120a1d256bbe2f93cfd05bbd95636e7b14d4c30643645e553e0cdf463"
            ],
            "type": "XHR",
            "firstPartyCookies": {},
            "firstPartyCookiesSent": {},
            "exampleSites": [
                "celsius.network",
                "app.celsius.network",
                "hkparts.net",
                "m.bukalapak.com",
                "neimanmarcus.com",
                "www.bukalapak.com",
                "www.corriere.it",
                "www.neimanmarcus.com"
            ]
        }
    ],
    "categories": [],
    "performance": {},
    "cookies": 0.000069,
    "types": {
        "XHR": 8
    },
    "nameservers": [
        "ns-1650.awsdns-14.co.uk",
        "ns-540.awsdns-03.net",
        "ns-103.awsdns-12.com",
        "ns-1054.awsdns-03.org"
    ]
}