{
    "domain": "freychang.fun",
    "owner": {},
    "source": [
        "DuckDuckGo-US"
    ],
    "prevalence": 0.00183,
    "sites": 265,
    "subdomains": [],
    "cnames": [],
    "fingerprinting": 0,
    "resources": [
        {
            "rule": "freychang\\.fun\\/",
            "cookies": 0.00111,
            "fingerprinting": 0,
            "subdomains": [],
            "apis": {},
            "sites": 161,
            "prevalence": 0.00111,
            "cnames": [],
            "responseHashes": [
                "85ca8d7d413a1bec43c78c0e50e162192a39a47b27231c5b680fccd553a3d403",
                "b9c4a6ef399477cc7d01bb06134fe223958ab20f117065569e665303648e7fe7",
                "b31e7aa75c712b88e9d87d5b1c6cb00fb6d04af9e1f0cf4c800cbe4ea15c2062",
                "e790cdaef0fa41df2611112f49cd1e1f081a5bd32f8e1787ef5829e5d074081e",
                "20bbc7a10898153d986cb591e7f073e5a986f022cbca00e220886c6ae06f2cd8",
                "b76fa427f767f778a6c06f7ec1212fe334dcc0abd63d86878f460f61abb40edb",
                "f5cbdf9faa2fc662c9e5d30b319cd9d9088c829f3cf62aa0708e50b23f7f0d68",
                "413fdc0b2862f8e371790d85a67d40fd8b2c012dacd3ab346d459eaf1be77598",
                "7f8b2188e97f5cd245e18c26c63a24caeba297cf63a481190fbfed8e7e267a6e",
                "e4b07ed0b3f96a2cc0447cab4e10d16652c64f31fcde5a6ced58c6a824444ae5",
                "44e21a7ea7fd874b84cd3f58590a6da912de79164f66fa66a9fa829c15bbef0a",
                "61799c5bd89118d9faba85e175685ced44661dc3904880a5587c7f1d40e931ad",
                "db1986640ac8f2321efd7a4009f9609c5b71ed82b64563af3cf264e7fcf86ea1",
                "4b349f9d8fc79505d791febfa85a720b2960e9341cf1768a458f937cf317e34c",
                "4dd5918746d473aaf4f642a56155269a68b52b8ae8097ff31341d95d42581550",
                "793a30aca1dd3b1c087893c66471da617155fc6e856b8520bc8d57e7b60c3898",
                "301e50e78c22c5e554e6c41d6f78c7c0d900eceb9cd7ac375a35fe93d0fc8c83",
                "572ad839752d72691cbdb8c517062398fc8ffbc21e9c616e5bdfb579be8aca60",
                "8b2e0542c0c0cebb7bafbe25f3bde78bd3881b902c116bcb0bdf243a2d728bf4",
                "8e4252f5f8092b0b613c94a71842ac70165bffac09aff056ad11fa04def4fadc",
                "2e15b564d86220673c09aa9f293ee19e7b0fa236dad3fb7f67868d4c24dd7328",
                "4cc00ba706bd35d7667ae21516686ed59ee2c0d6264c5fe4c45701d9c1d92592",
                "eeeff31fb4c5bc0143c26ede3b6d5391951afb7602d246717c97fd81f3ee0ee1",
                "5c02a08ff096d4a0700413934e645223c7628b2992a3574ab3960adcbe1cd1c5",
                "f5ad547dcdaaa19c8148ba28da19b46189dc89afeb8cb2ba4ac5cb6052c1f1f9",
                "bdf36795ad8f0c5121b63cc3bf1b6423bc9df446b12f83fcb9e5a4070ce176c1",
                "8dacb4ab565dd0aa2a1525f507710f1c62997a8a6360fb610c00d7b9084eb66f",
                "f46b86d2e68e80875067be1de14708cb0a2f332a3eb26d999ee6c6954949dbb2",
                "583d7f2e0c6a7bdb6397cff52c083e36716e46785df8c9f2759238812e0589b8",
                "aeefc5292a540837a1bc1097f350e6058c977f6cb810da958b66aab771c5990c",
                "8918a4dcaa9555645b4e0d9ab288367e156ada667e2ab313f6d997a0dc5054cd",
                "4eb2da80c0089e052449ccb6697550ee813c0f5fcc4d6e7b68bde8169ce8c6fc",
                "fb36d9c583d7f98cd4836c33ec07d4a01125638ddccd51bbd52ca62010caa735",
                "57d1d15e812f23f8084a742d7ca57fd1023667977a02abecd4c6d61a91011842",
                "2ab9e6eb000e3a3f0964fa597efdcbb4b7acd17c93f5479e67f11e116e2fb82f",
                "01f09f4af931f45074b40496ea4af566e5b30931e1c07f1bb0b7b3214b8fb1c4",
                "56660f20d0ca088d95072d0bb14c5a6214be1e183fdfe1498db0de93c036b4bb",
                "3cf8760092ad328daec4363e8c4942f368c2ebe559149e132162942d682f1f35",
                "a5a997043d2b1bf60696884f053fbfacf89673a725ab1e32f0214460662370cb",
                "094fd203a0b98089bc403cd51e6f79e4e0af236c34c65c455f634573c2912b31",
                "5df243a7527af15d18453582ad747e81db4522226b7b1996022e9248241f4a6a",
                "a50e48eab8174ed56f2fc48850be76fcb5bf0d35be4a93e9e310c7757f536b88",
                "14a4d60323edd6dd53adc84e13b54039365532dd19d4bd5dc70cefff261dfc13",
                "b42de1e9d23502844b757fde40fadfea3f6fea2bb11b0f246166317489099de5",
                "0e44bfdd833e055db232e15167cd2089af0265a8c88d875993e2c4282686f93c",
                "41055b49ba8eb6fefc6326e667171449fbaa815487a52a9b28a981fa1dea5906",
                "48c7cb51c000ef3c1c9cb79fc4d927312fda01f043100582424f5d0da1973381",
                "d9b8e5c3866d68d88119073b3bf23308451f3adf815b0bf40946ce32597aefd0",
                "d1755b28aae85f6e7a789b7d5f6100085720b8687c0f7488fca34b17a917a864",
                "8cc9988660623535de5c9f15016a959321a51e23701be7735b9472e10e820ea6",
                "c2626358ee90f21e06000d303babc15c3a0bafb20c3f7dfddaa0a3b226f88cf3",
                "d0fb09ebf9ceb4a58749320e8567bdf9bb7b5d3a4895a0a9324039b45edeccd6",
                "319e980e07238fe3d68ac22abc6e97af407a1299eec4811bdead780c883091a2",
                "b39d7e8789d771657bed294930fa0d3610386c2a490759f94873457180887206",
                "99ba5ddfcbdd46ba66b57a19f580bf3cf0d9a6772c057cbf1aec6af3f220126e",
                "531661460dedda701084e44a3c259ca6ebe314ff7ba73e51f2318379270aa9e4",
                "8b9852042d7e83315ae6418966f1905c9d208c934e0719ae3d36d4f4a9dcd8d8",
                "38f0c62093787f1d05647a7698ccce5e0d14d6986dedbab61d8220425b99c0cf",
                "0374af17c2beb9a0bfa39a41cc1bb96939f0d1d5367c7c2293d7a1eb7a772065",
                "5d838912558a1ecb4bb72bc8d4a447e3b874e1d22d38ba32b955faa1fd41a92a",
                "2fd1dbf7f8ed8419ac82c60067d5bc4d1bb49584bf0243cdb7eb3a51401dfa92",
                "c1cf8c789944426ab4521664e69973c3265ec94304daa0833118651262ce5804",
                "f196d15e64bc51ae2beeadea680ec03308793f8de547643a4c1a372f9faa7d0c",
                "1d729409e9adc1548d868cddf7275f990badd63452b3ef34d641caa56620886c",
                "3997ba94fcb6af5e349fd7a5b5a91f38c510d6906abfd7c2611fc9abaaebe4e8",
                "1ccaf77c46500643dff076d5e37444d23fcf30bfa4a16fff5efe399b987e8642",
                "f9dee2ce49cc772b93ace2f93787eb8fd57344dbf9aec549b12e5d4ae5c4d508",
                "919e19f60b03fc05fe1794df9551e0146bd6586bdfa7201c028cea3edbdddfd7",
                "bf721a09cb549b53d603c933eb8abf492d7049046aada8b37b091548a7c3c65b",
                "87cb2cec6bdab437d811047a93e069c5353613dfac3ee1afe140038a2209cd6c",
                "f8700322806becedeac18ed9532e56f175b0cc753c4a1723f443c685a02965ef",
                "5ecf1e1f896b223975f3bf796f371515b8e25d5b95174e9c8ee7c88a11aad42f",
                "6ee5d55384f2f2ea02f6058b2fc36c25f555cdc1e29e6922e6f5335d9a352c4f",
                "fb42c0778a79e1b7fd746e79c47d5bf8fa1f1931c8d1f330b2e124b5fcef5964",
                "e20e1b60ebe1350ea90cf7ca79e448dacd0a76c52c585cd47b2fe6c9541f1c3b",
                "41a753e433f4e49e15424b3e6ca7c91771be1880812a8993351a22746ac20ebe",
                "c8d3a8fe8abdb7d8bce62f415b807c04f4fc6a83e12581aee1d629daee1dbc2f",
                "b6a3254bf12442c183495a7b8bfcafbeec4c51a27ac82a08d51377c54d425dd4",
                "85b9e6591e675fb5e512d283bb4c65698ede54d8af0f3cf531cab94b0ba21e1d",
                "790c9f58a42ac8547a02951e32f3ad17a75fbb0094b5bd51586cc75e1c6bbf71",
                "e11fc2dac8100c992fcbabd41400a32f148e8b7d42262a2767514ed264a512cf",
                "ee9eaa111c333372451832435afc01f6fbae6527aef260a270482ae7890c4334",
                "b2510e2bbabdd90a738777c19d6bb5a51af5a899c787a08013504f85cc67e8b9",
                "65a83fdbbec50e10eb85b305def0326479be7a517bafd924a16ca015293edcc7",
                "ea26d5a1cc8150d8d039f03bcc01ef2ea816e8fbe12317bea85886361ac753e7",
                "bf70408488ca728bb92b799b153733ce248454d114143a77463059ac1883185d",
                "679a292284c969e43d67521cbb81458060e484a6484d7d14f2b88c5fe1015b5f",
                "f0132d355f4c4faf1a9eb63ace1ec7e88ec31e53771653478882f8f2024376c6",
                "269d915016044f9967cfbbf342bd8695702022f30f22481bb1f7f5675b34c0d0",
