{
    "domain": "freychang.fun",
    "owner": {},
    "source": [
        "DuckDuckGo-US"
    ],
    "prevalence": 0.00182,
    "sites": 263,
    "subdomains": [],
    "cnames": [],
    "fingerprinting": 0,
    "resources": [
        {
            "rule": "freychang\\.fun\\/",
            "cookies": 0.00108,
            "fingerprinting": 0,
            "subdomains": [],
            "apis": {},
            "sites": 157,
            "prevalence": 0.00108,
            "cnames": [],
            "responseHashes": [
                "2228ff676e031bbaa0ddfe0729ea15d7e9337b697e79a04d05490fe904855559",
                "08ae9b093198a23a6b4fb54dba7f248176772eb12f2638e7e62a595e46ee3bfa",
                "f50244be5e557dd557eeb2a9f2a3c973196ec8c2e2c902236d91ec5fbcdcb27e",
                "fa00144ebda29653d26dd35f9bec5cb402854500f14f95b73bdaa06f5af979fb",
                "6481a4c12440a16c243db0acc8ade0223ea01de02bf64d1d8279ed81ee1e4c68",
                "dabf875b12abe1d3cf05b97bf64eb60d0ad35113c2c47e99bdb508ad89556c08",
                "c153be0f5ad9c944d5e5d61c584cef77359494890618ca203656caf9380a95f2",
                "b5c1c53a85a4a44369a39cc0bb32b7da63663e60bbcab6077c4cb33c724df4c7",
                "2ec8f6029349324bd7fc4f20f1143831110ee9d228ac3d32a332c80c0379fb01",
                "e28c2cdbeb90dafb402dc2e4d5eb212e8a2cb63604dff77277f3a9b2da1fade6",
                "ba22a57809d0d636b610fc407c945b383442f68ebde68f1c12ce84d418926f50",
                "b052e5ec9dea4a8aae655519324b0e334f9a50587d524ed947b76f893fc13f0b",
                "c021f6e7336bd8163cfc03e01cb9079cfd9da8ab693d85d84b246481f142ed35",
                "40db5efe0dcae3b25987399ed5358b7839d6c0fbd5df6096dd2f06881feb6200",
                "fccc1fcf47f7869fcea4f4b4e4be89fab95b5009a0fc15a6ec76c76486b8eb13",
                "90f07587edfca16aaf2e04b048ffd194e3fc6b1a3798e9623a86169ff89fd9f0",
                "7fafb6ec0af2244f302bf158c0cfef457410a1b292f8a765089e852e44d67849",
                "7884954cc57723052cd0429a2bf035ad41191633de05dad78a1b3489f4711921",
                "a35628d5e65189b6552a7548b6a4dd00cd80b05efd50cc0eb857f1a78e084255",
                "f89a03abb27fb79dc4ac39692cc4e310647b47969966ac83ae5419cdc44e14bd",
                "ddced997b8e05c7c751a0564aec3f889c4fd0d9e34ea7b133004a9b32481acf2",
                "c4e49b2cfd1228030613d3b75c5f4adbf5750c45c04d90e48a97f3485561fdb3",
                "b73b5d923e301103ee673b41d6734ceb7ef7aa07631bc6e8ce9a8ad169ab0ece",
                "8058f0d159c448accdfa9040a86fe923e4c21a0c62f2fb945c69e9f6510c3c82",
                "706039822584deb9762038b34a99433bdf8c1437bf18f1bdcfad570acea3c3a1",
                "318d4ed4b97be5b1c6c6c57abd1a768ec1d91a1bc562b8011e000a77cc6a92b5",
                "39749f1a4fcdc701ba91e4b42965248799d35295cc026f684ceb30e28ec1dcda",
                "09b41dee8e3e2a5ff7a0a399ac7841597d309715422e4dc72641c2fb616abe75",
                "0a19a0560aa026df9b04c57e2151660c45406c23bc606e8c3606934f01b3edc2",
                "24a24d3cfd910a88990771f5be2145ae0725a0b6c495e9f109412878757d1e36",
                "96b3b06a181841bfc6d06e9c0b0e41d9ac3e2697dc9ca6e9f2ea83463eb7bb59",
                "f7120c840b5cd9da230ebc8a46451cbec24e8fe64734e2fb5b01575c52d57bdd",
                "1e2e2fb923ba39aa3d0cbdc402e54cb5c5b5618366b9c077b9d40d0d6008f8c5",
                "21577a6274bee782d72b55e3049b7c0d8dc04518231ac3bce1eff983c1b4d109",
                "85559f64f6991ddc1a22eaa182ed934fc534b19f55d586cbcb2b3795330d1532",
                "945078a053549003af22af347d51f09179660da963a80c26b1d10abb38d6577e",
                "ecf6402c4da3021b11775bdcac22098ac17e62b572b400e5192b3bafe00fe6ed",
                "6dcd5e312fe25beaaf1afd5046815b088fbe18a47bd2b709475abd369a2c1cf6",
                "5a31ba32648692190a16cd5f0704df203aa6e7bc8a660927311f61f2604157b1",
                "f6a75960691af211e61030a372d1863ad67945762615b78c49dd257d4bb1525b",
                "a48755fc62d7e253bd3f463c0d2564bdb8e3e1567bdc6e0e5dc535b8721330af",
                "f21cc1d2f3dd52cabd783c8e38a7e9cd7c1d9db2e3606fe7cf4afa584a6e5f2d",
                "1c6a7fafa6a980df4b318ade3c2d3ccf779ba694c7db3fcf7c00c5c8d7762ecc",
                "2fe0a6de868a8ded79e7b05959b3851868501db34e860e51cf65f65a84eaea55",
                "08af54bd3bcedeb8d1f976f4c2fb4a66db8084569dc8a87a2c33f48430bbd92c",
                "cc7d70c07b83fa6596fe03769aba18401d2a8fc2a43b4a5db020eb7af956d911",
                "c5e8292b2717ce846f709c3f087e8bf5f452fead5517fda13d05f1d87e856091",
                "9e1d01e1fa4eddfa3a0d49dbd86609563654efff4e14fab4f63cc90617c49205",
                "cb5d011cc64218e4780239102fb1545a91857ed436c5cd09af50ee6bfd5e4da8",
                "f31c575681b8fc8e17db11acf71d49d329467bf789904b899c4ebcc4575061f0",
                "47ec9836ceb6809f5ac23bb5cc69b4a828397bf970d3ee05e4af466948a8691b",
                "343cfc0912de8a1a72d4553f6fe0cc9dd2b62e1c326d023221805094810a32fb",
                "b41f72889663273b32d87dbdc8f464f7b6adf66f680126946723aba0daa6f3fa",
                "20d7c51da95a7a6d56f6a6ab745482a080edb7c35afb71b6eb017f4a177e096e",
                "5b63f2ec1a71839ac768904f7e0710188694604a48bc5e5a3af93d4ac0a0fe2a",
                "2f0a1d9aad11c648f35da29d31b095b1e1c18d7cbc592fc37e5fe6bea9d79757",
                "0e9f4607427ccba5867cb1f8138c17081f62e950e114c558e845bff040d8cf27",
                "1d2beb8ae9a5fbd672da19aa8d02361ca142d3a8e2ed3a45f524ef5a23de720f",
                "4be90623dfc6725dfdee7083ccd7b7c929bd478e4334604b906b7ed37b153012",
                "7bfb71a098b77e45264b96e9baddf975281d732e1aceb3c2e19c9ae669028bfc",
                "9a4a1174234d7838467a85ecc90505688628d1226af10da7dda527f85b948e20",
                "64ddcc6d420ecfb09af760feb828f736c07bb06f94253884a1c701420baa9c2a",
                "f827f0f0fa2b0b989a939943bcc3a643fbde81f94f42840949eecdbdacd4e78f",
                "dfa0f90100b28c6f81249b72b974a986c59fc7ee12c529c19351e5ac72c8b8cc",
                "6f565c79044a9e5fdd1522941ec09d2244ce6b8fa387eda7ac9eb6d0fcce12bb",
                "3b5fc8d8f07eb7bee3cb9142ff9ecb74a7f17b2f28de834256bab5fd1096fc93",
                "1e7f4185838321ecc4604e3a4d4796affd607a52a660d98608088a3bca551ac7",
                "e52ab0ff8471780989da56f7c4594d7f92ffcde6896692a8db249f39943caba9",
                "cc60d6919a4f9862db20dd4e0940e57da249293f11e15d9528c7b84f63a0c3c7",
                "a95cdfb4d1ea8ccd9937cdd59e9ce301f038eb70d78e2d14045c06ac05258219",
                "fab82e8beb602e095b187094335087797a46cc4dd5f8d2dc6935d35aa2809ac0",
                "a4c46154cfc0805714fd3565a096dac7abf9513c37c6fa3d39c2b3c4e32dc457",
                "980a79cf3ad07daa563e9bc17c64deb5d92fa208b12d4e39329e1b28e9a561b8",
                "cfbc9b62a53cb102d8eb6af02ab960f76b485ddddcea8b4d225aed17d8b91e3a",
                "0784d1fbcafd87d9c3a8254ebdfb2856fe2300831f3f01ecf106126d50b28eb2",
                "6eaa3443329213df96a56a7c81ebd502a9406a0f8e88840591821a7bc1f942f3",
                "9dbb4b83399a9bc792b9e922f981eb51111fb4a66cbc095ddcbb6a1ccc2418e1",
                "8b85c6800f8dc8483fdd7b4033d244d7a4ddd5d2e3ccddbb8011a3189ea0e779",
                "dff01f10a7b88ad212b4690699e132e5dd47f67bd7da965f76649ea76f574780",
                "02bab5f30cf94113946599877725d199b092b4fc4d2c3f58aa4a3cc313bb02de",
                "fb23e3746369f5afdcde7856c18de175243e2e61ac643109dcbe11c19a10caab",
                "d460f138a43fadf4e144750cbcae57d5d58ac63c1455d9478e966fc32ef59458",
                "2d316471f489f50a9234a06d329b65e80cf7736002d5def83499b46148394b94",
                "e4e255b86643e87fbe027e8bf20db34cc874ead92cf37694a2eb240d69d65215",
                "571f544b46d006cedd0ad8878cff12cfe1e477bc531071ad3f73c0d97bb8cc9b",
                "1197924b00e00eafe30746288d9dc8ca04c5a247ee60dd8b20109dd4a32b4abe",
                "848a0af52962e3c31a6f26f96670a396c86ba77d200bb9f26f938f4787e7d2d7",
                "475b53e824f1a85706f9b217adbe92a230d037d4db3540f865f6dd907495e6c7",
                "b13101339e077cd2541c8c7b5a410f06381a06929087f8967d11b7537769989e",
