{
    "domain": "g792337340.co",
    "owner": {},
    "source": [
        "DuckDuckGo-US"
    ],
    "prevalence": 0.000117,
    "sites": 17,
    "subdomains": [],
    "cnames": [],
    "fingerprinting": 0,
    "resources": [
        {
            "rule": "g792337340\\.co\\/gr",
            "cookies": 0,
            "fingerprinting": 0,
            "subdomains": [],
            "apis": {},
            "sites": 11,
            "prevalence": 0.000076,
            "cnames": [],
            "responseHashes": [
                "989fc8c7a991a1978ebdfc8dd9e52a0ca8c46f2bb76e04f74dbe8df91f5370aa",
                "50d9d50ee33b442d77646f1f21f7cbd99246af2d17220addfed974bc672e5691",
                "5c9e71f756307657c8ad20be94aede0192312364725e1d7f20e6c89500209db9",
                "5083b08133c4dc009a67b89469b4701f964f38596cb8195b10813716a89dfa03",
                "5a8eff4a7f753b1c73215f3505e37522325757250c84510cdffe68d347b6a573",
                "915c52746a5b252764aaa89b11f4e4bfdb68839a926c64c7be12bfc6f0522f79",
                "8bb153e47869d97cc377bbf5a2873bc33cf7f4de97d9fedab458e0ad62d913c9",
                "2702cf72f4e2a048bc1b9557d291e10908f9293aae51b42bec69b8b872cdd05a",
                "9809b3e2161e101012dd5d0d270c8db32b1e496f9eaed910e13b6b30ec48e35e",
                "90665520d749c68115b2e4b01ca679ad88717500aad7d7b3c296be783b1a6260"
            ],
            "type": "Script",
            "firstPartyCookies": {},
            "firstPartyCookiesSent": {
                "dy_fs_page": 0.000006905552754970272,
                "IR_gbd": 0.000006905552754970272
            },
            "exampleSites": [
                "swyftx.com",
                "www.511tactical.com",
                "www.bigassfans.com",
                "www.codingame.com",
                "www.coolantarctica.com",
                "www.getunmask.com",
                "www.hustlerturf.com",
                "www.immutable.com",
                "www.rightnowmedia.org",
                "www.smithoptics.com",
                "www.stereonet.com"
            ]
        }
    ],
    "categories": [],
    "performance": {},
    "cookies": 0,
    "types": {
        "Script": 11
    },
    "nameservers": [
        "sandra.ns.cloudflare.com",
        "pranab.ns.cloudflare.com"
    ]
}