{
    "domain": "g990421675.co",
    "owner": {},
    "source": [
        "DuckDuckGo-US"
    ],
    "prevalence": 0.0000972,
    "sites": 14,
    "subdomains": [],
    "cnames": [],
    "fingerprinting": 0,
    "resources": [
        {
            "rule": "g990421675\\.co\\/gr",
            "cookies": 0,
            "fingerprinting": 0,
            "subdomains": [],
            "apis": {},
            "sites": 7,
            "prevalence": 0.0000486,
            "cnames": [],
            "responseHashes": [
                "61bd005794bdcc52f927b34a9f66555257572583b0a2fea349d420e53c89ee7e",
                "7393cdfb805d6edbb9f5fd46c3e40f419c74bb456df28fd05b873f08ca2dc3bb",
                "3f6c297757f161a3d73868128c9b0af3efb2956ed40fcf68845857d6039da3d3",
                "8a6ae141f1e0f564275a503baf464868d4b6b0b57476bc91d4fabfcc9c4a8fb0",
                "c8422a523ee00c537fa9fa7ab232318713c7dd64a53edcc705072ea9ed031391",
                "a2934aced254ab61cbacb3b89b7c522872f1df954b40c68643a4e30bd8f7e251"
            ],
            "type": "Script",
            "firstPartyCookies": {},
            "firstPartyCookiesSent": {},
            "exampleSites": [
                "crazybulk.com",
                "ooni.com",
                "shop.fairphone.com",
                "www.bfgoodrichtires.com",
                "www.chilisleep.com",
                "www.michelinman.com",
                "www.ortlieb.com"
            ]
        }
    ],
    "categories": [],
    "performance": {},
    "cookies": 0,
    "types": {
        "Script": 7
    },
    "nameservers": [
        "sandra.ns.cloudflare.com",
        "pranab.ns.cloudflare.com"
    ]
}