{
    "domain": "g990421675.co",
    "owner": {},
    "source": [
        "DuckDuckGo-US"
    ],
    "prevalence": 0.00011,
    "sites": 16,
    "subdomains": [],
    "cnames": [],
    "fingerprinting": 0,
    "resources": [
        {
            "rule": "g990421675\\.co\\/gr",
            "cookies": 0,
            "fingerprinting": 0,
            "subdomains": [],
            "apis": {},
            "sites": 8,
            "prevalence": 0.0000552,
            "cnames": [],
            "responseHashes": [
                "61bd005794bdcc52f927b34a9f66555257572583b0a2fea349d420e53c89ee7e",
                "7393cdfb805d6edbb9f5fd46c3e40f419c74bb456df28fd05b873f08ca2dc3bb",
                "e9e1458582f726f5cd71188971bc022055de5aa5ada090c20fd4eb6df82e2943",
                "3f6c297757f161a3d73868128c9b0af3efb2956ed40fcf68845857d6039da3d3",
                "dd0e9971747f6794164f02777d2481699d3e17bb9d8439cf24c2512a20cc06db",
                "c8422a523ee00c537fa9fa7ab232318713c7dd64a53edcc705072ea9ed031391",
                "96ff7daf4b75f45c7a13f41f3b0b0577fb9070731558ac6f226db0fdd059c5b3"
            ],
            "type": "Script",
            "firstPartyCookies": {},
            "firstPartyCookiesSent": {},
            "exampleSites": [
                "crazybulk.com",
                "ooni.com",
                "shop.fairphone.com",
                "store.barstoolsports.com",
                "www.bfgoodrichtires.com",
                "www.flicks.co.nz",
                "www.michelinman.com",
                "www.thecoverguy.com"
            ]
        }
    ],
    "categories": [],
    "performance": {},
    "cookies": 0,
    "types": {
        "Script": 8
    },
    "nameservers": [
        "sandra.ns.cloudflare.com",
        "pranab.ns.cloudflare.com"
    ]
}