{
    "domain": "gaug.es",
    "owner": {},
    "source": [
        "DuckDuckGo-US"
    ],
    "prevalence": 0.000435,
    "sites": 63,
    "subdomains": [
        "secure",
        "track"
    ],
    "cnames": [],
    "fingerprinting": 1,
    "resources": [
        {
            "rule": "gaug\\.es\\/track\\.js",
            "cookies": 0.000214,
            "fingerprinting": 1,
            "subdomains": [
                "secure",
                "track"
            ],
            "apis": {
                "Date.prototype.getTime": 34,
                "Document.cookie setter": 31,
                "Navigator.prototype.userAgent": 31,
                "Document.cookie getter": 31,
                "Screen.prototype.width": 31
            },
            "sites": 34,
            "prevalence": 0.000235,
            "cnames": [],
            "responseHashes": [
                "df2698e6cf74ed890afa92da10051f880df2ce0b3257b73c5d9ae2f6bea82d3c"
            ],
            "type": "Script",
            "firstPartyCookies": {
                "_gauges_cookie": {
                    "ttl": 3,
                    "length": 1,
                    "prevalence": 0.00021401154281611577,
                    "uniqueness": 0.03225806451612903
                },
                "_gauges_unique_hour": {
                    "ttl": 3602,
                    "length": 1,
                    "prevalence": 0.00021401154281611577,
                    "uniqueness": 0.03225806451612903
                },
                "_gauges_unique_day": {
                    "ttl": 86402,
                    "length": 1,
                    "prevalence": 0.00021401154281611577,
                    "uniqueness": 0.03225806451612903
                },
                "_gauges_unique_month": {
                    "ttl": 2678402,
                    "length": 1,
                    "prevalence": 0.00021401154281611577,
                    "uniqueness": 0.03225806451612903
                },
                "_gauges_unique_year": {
                    "ttl": 31536002,
                    "length": 1,
                    "prevalence": 0.00021401154281611577,
                    "uniqueness": 0.03225806451612903
                },
                "_gauges_unique": {
                    "ttl": 31536002,
                    "length": 1,
                    "prevalence": 0.00021401154281611577,
                    "uniqueness": 0.03225806451612903
                }
            },
            "firstPartyCookiesSent": {},
            "exampleSites": [
                "www.wrestlinginc.com",
                "blog.son-video.com",
                "www.newsy-today.com",
                "docs.python-requests.org",
                "qcostarica.com",
                "drhyman.com",
                "www.nosweatshakespeare.com",
                "www.tinywoodstove.com",
                "hubermanlab.com",
                "native-land.ca",
                "urget.org",
                "thegoodlifefrance.com",
                "spectator.org",
                "www.attachmentproject.com",
                "smittenkitchen.com",
                "fs.blog",
                "tinyhouseblog.com",
                "technastic.com",
                "www.onegreenplanet.org",
                "order-order.com"
            ]
        },
        {
            "rule": "gaug\\.es\\/track\\.gif",
            "cookies": 0,
            "fingerprinting": 0,
            "subdomains": [
                "secure",
                "track"
            ],
            "apis": {},
            "sites": 36,
            "prevalence": 0.000249,
            "cnames": [],
            "responseHashes": [
                "7fff1569ea68ef52782ba25b0cf3934627f7a4fc1e8e22f4652de959c5f97978"
            ],
            "type": "Image",
            "firstPartyCookies": {},
            "firstPartyCookiesSent": {},
            "exampleSites": [
                "tinyhouseblog.com",
                "loung.org",
                "www.onegreenplanet.org",
                "stackoverflow.blog",
                "technastic.com",
                "www.attachmentproject.com",
                "drhyman.com",
                "blog.son-video.com",
                "spectator.org",
                "thexplorion.com",
                "www.nationandstate.com",
                "smittenkitchen.com",
                "www.nosweatshakespeare.com",
                "www.cdcr.ca.gov",
                "www.newsdirectory3.com",
                "www.texasgopvote.com",
                "hubermanlab.com",
                "urget.org",
                "www.duurzaamthuis.nl",
                "uavcoach.com"
            ]
        }
    ],
    "categories": [],
    "performance": {},
    "cookies": 0.000373,
    "types": {
        "Script": 34,
        "Image": 36
    },
    "nameservers": [
        "ns-1458.awsdns-54.org",
        "ns-1754.awsdns-27.co.uk",
        "ns-451.awsdns-56.com",
        "ns-940.awsdns-53.net"
    ]
}