{
    "domain": "gaug.es",
    "owner": {},
    "source": [
        "DuckDuckGo-US"
    ],
    "prevalence": 0.000436,
    "sites": 63,
    "subdomains": [
        "secure",
        "track"
    ],
    "cnames": [],
    "fingerprinting": 1,
    "resources": [
        {
            "rule": "gaug\\.es\\/track\\.js",
            "cookies": 0.000228,
            "fingerprinting": 1,
            "subdomains": [
                "secure",
                "track"
            ],
            "apis": {
                "Date.prototype.getTime": 35,
                "Document.cookie setter": 33,
                "Navigator.prototype.userAgent": 34,
                "Document.cookie getter": 33,
                "Screen.prototype.width": 34
            },
            "sites": 35,
            "prevalence": 0.000242,
            "cnames": [],
            "responseHashes": [
                "df2698e6cf74ed890afa92da10051f880df2ce0b3257b73c5d9ae2f6bea82d3c"
            ],
            "type": "Script",
            "firstPartyCookies": {
                "_gauges_cookie": {
                    "ttl": 2,
                    "length": 1,
                    "prevalence": 0.00022814634551035647,
                    "uniqueness": 0.030303030303030304
                },
                "_gauges_unique_hour": {
                    "ttl": 3601,
                    "length": 1,
                    "prevalence": 0.00022814634551035647,
                    "uniqueness": 0.030303030303030304
                },
                "_gauges_unique_day": {
                    "ttl": 86401,
                    "length": 1,
                    "prevalence": 0.00022814634551035647,
                    "uniqueness": 0.030303030303030304
                },
                "_gauges_unique_month": {
                    "ttl": 2678401,
                    "length": 1,
                    "prevalence": 0.00022814634551035647,
                    "uniqueness": 0.030303030303030304
                },
                "_gauges_unique_year": {
                    "ttl": 31536001,
                    "length": 1,
                    "prevalence": 0.00022814634551035647,
                    "uniqueness": 0.030303030303030304
                },
                "_gauges_unique": {
                    "ttl": 31536001,
                    "length": 1,
                    "prevalence": 0.00022814634551035647,
                    "uniqueness": 0.030303030303030304
                }
            },
            "firstPartyCookiesSent": {},
            "exampleSites": [
                "www.newsdirectory3.com",
                "www.tinywoodstove.com",
                "www.cdcr.ca.gov",
                "loung.org",
                "order-order.com",
                "blog.son-video.com",
                "uavcoach.com",
                "www.wrestlinginc.com",
                "urget.org",
                "native-land.ca",
                "www.scienceofpeople.com",
                "technastic.com",
                "docs.python-requests.org",
                "smittenkitchen.com",
                "son-video.com",
                "www.nationandstate.com",
                "fs.blog",
                "notalwaysright.com",
                "qcostarica.com",
                "justingredients.us"
            ]
        },
        {
            "rule": "gaug\\.es\\/track\\.gif",
            "cookies": 0,
            "fingerprinting": 0,
            "subdomains": [
                "secure",
                "track"
            ],
            "apis": {},
            "sites": 37,
            "prevalence": 0.000256,
            "cnames": [],
            "responseHashes": [
                "7fff1569ea68ef52782ba25b0cf3934627f7a4fc1e8e22f4652de959c5f97978"
            ],
            "type": "Image",
            "firstPartyCookies": {},
            "firstPartyCookiesSent": {},
            "exampleSites": [
                "www.newsy-today.com",
                "spectator.org",
                "drhyman.com",
                "maps.org",
                "urget.org",
                "loung.org",
                "smittenkitchen.com",
                "wattsupwiththat.com",
                "son-video.com",
                "www.newsdirectory3.com",
                "technastic.com",
                "native-land.ca",
                "justingredients.us",
                "notalwaysright.com",
                "www.omgubuntu.co.uk",
                "tweak-box.com",
                "www.onegreenplanet.org",
                "www.duurzaamthuis.nl",
                "www.scienceofpeople.com",
                "www.tinywoodstove.com"
            ]
        }
    ],
    "categories": [],
    "performance": {},
    "cookies": 0.000387,
    "types": {
        "Script": 35,
        "Image": 37
    },
    "nameservers": [
        "ns-451.awsdns-56.com",
        "ns-940.awsdns-53.net",
        "ns-1458.awsdns-54.org",
        "ns-1754.awsdns-27.co.uk"
    ]
}