{
    "domain": "geetest.com",
    "owner": {
        "name": "Wuhan Jiyi Network Technology Co., Ltd.",
        "displayName": "Wuhan Jiyi Network Technology"
    },
    "source": [
        "DuckDuckGo-US"
    ],
    "prevalence": 0.000574,
    "sites": 83,
    "subdomains": [
        "static",
        "api",
        "api-na"
    ],
    "cnames": [],
    "fingerprinting": 3,
    "resources": [
        {
            "rule": "geetest\\.com\\/static\\/tools\\/gt\\.js",
            "cookies": 0,
            "fingerprinting": 1,
            "subdomains": [
                "static"
            ],
            "apis": {
                "Navigator.prototype.userAgent": 7
            },
            "sites": 8,
            "prevalence": 0.0000553,
            "cnames": [],
            "responseHashes": [
                "da99a9fcec62584a8a85aaea4d27997d16ab4dea57b80d04a84428d4ec9d5f25"
            ],
            "type": "Script",
            "firstPartyCookies": {},
            "firstPartyCookiesSent": {},
            "exampleSites": [
                "binance.com",
                "marketplace.plantvsundead.com",
                "www.aerlingus.com",
                "www.binance.us",
                "www.colruyt.be",
                "www.dreamland.be",
                "www.logitravel.com",
                "www.pionex.com"
            ]
        },
        {
            "rule": "geetest\\.com\\/gettype\\.php",
            "cookies": 0.000318,
            "fingerprinting": 0,
            "subdomains": [
                "api",
                "api-na"
            ],
            "apis": {},
            "sites": 46,
            "prevalence": 0.000318,
            "cnames": [],
            "responseHashes": [
                "e1e3b696ccb4659bf1fcd6bb100a94377ff7a5e77f7605903982653f3775c965",
                "1bf337196f149348ccfa58e8611ea75b34d55d283b3e0c779decc22cea585ee6",
                "9a2f08a2de5b33682f27b7bdb115fb2873fb00d52429a9dcb87c15982c6d69ea",
                "009a4c10838a116f5047f180f2654f089346c2212bec2004378b973acb8bee1b",
                "e9692b8d16f106d7149ef0113db506783fd75bb2819372ae0d69ab7e6ae42e13",
                "63c7f11ec42a15d10b1b7536a268f6be32cd59ef583dac53557dc67f6665181f",
                "88339077034fd8e6ea4650b353720467f5f0c2444a773f4338c942197e3a1927",
                "9d5cd8548a1b1e55bd51c5bd5ffc2d8c4dcc9c9ba967de78df546282c2f3f79b",
                "540a858574d9d0febb1bec9b630dcf2c544c414ed6fb3759fe033006918569c7",
                "53eff68ef4447f8e63c0507129b76ea7b3f83f0b1490e4b6e1b5291bcd444796",
                "e77b580c32fc446e233660a804737d256d62a1d738d7c38efb0bf614f541c1b4",
                "5fe3053a2b6400bc9f82321da7dd115a3538ff9bb0d0def9ed58c14b0717b1cf",
                "5f0d55048dc840286f91115cad2b0512cfed5666bd5907fd2fef7ba2160efaf2",
                "13053853a7440e478031bc09c5cdde28fe89af395bec15193061e1ac75a692f0",
                "90eb46c2b56b830a1ddc47b5f5034d5a617fa494c3c776dc15cca63337c19ead",
                "c97933499d524b90f21a5352581735f2b134572154e9294015db5c451d78bf1f",
                "b87a471fadb1b206e79a7464064cd8fe8f878325f330a9f5f716c25c66b5c5cb",
                "d328d12ace9861098d8c72192a5799506c684928ba53575eb2c543c9249567b0",
                "bae6afc0c46fbee697559fdb9c2e74bd603759cc950a559aaec37690afb52987",
                "7e0c230fa2948e400118e9fad67a87c5c4d3f4c6f07a618aaf6c86d41e3279f0",
                "4a1e6a5bd0d64a1ba63a6cde9d045d22c400dded54c4f3ed2e45e4c98d4711d1",
                "249feeda71ca2136acc9ac29406cbdc264ec455f02ff66664fbfdef214795d8e",
                "7ff9971dfd0c20be12c689077c1d7d61284d47d2e0d4083b6abf832a8991e7d4",
                "cbf7cf130212b932bdfdbd308acbfd8bcd15735b88475b03a863750b964f2306",
                "836ad527a0b4a855144c968aa381d350ae1941bc4b7df943888ecbffb40d2d8a",
                "60f7402dfa6b2949058dd62050f8f2b6a66a52ed4c9adf10c8b76514e47ac508",
                "18d608196cfca4ea82603c8682af83bc0509cb17a3fc3a15689d9e969f648c1b",
                "8aa40ebd95e4e6d7d3ce48efb0af87afea8b175624779d59641920a7b89e6845",
                "11752b894688d4507a55cb7abc9276be81604e037b5b6d2eca507fcd273b6551",
                "5ba812a1565eba6f75145ae15ca08996134e3a83fab42b3185a84b3d02e386f6",
                "61565aa654c12c847312465707d6d7265e3e4c9eca877ef719107d7b04b539de",
                "e3932cb2092202fef710bbb306a0188dce9f6262dff2f9a43cbd1b2cb6aafbdd",
                "0b773f2df21bc2f7cbacc0949cad61941f9d4f2c1de14f951a0698022d561a58",
                "5213c0c9b948720e3686db232c3a5833cf2257d643167eeb85a431d6ac5dc90e",
                "58117ef2a0d9fdd245dff16809480bdd05a6082f5492aea804cd08cfe1f57ac6",
                "f52bb5063a0f9885156a8fe3cae1b2649bf751044ab4f3f1ead1c26bbc8585ff",
                "2b65a60408613699d7e527220308491ec279886283a81021f9c66b7f0825fce0",
                "aba4ef2cc553556abe91c70ddb8955d1f02ec287cf7f7279a5c6293f73366d96",
                "4b694a2dab10a4c61f6a4e1b4f60911150efbe912626eec60fc0a2653ffe5cb9",
                "825d6e2801b77e3123271fcfe2d6a8f1edf209bc00b6dfb55c2d3fe4ad756218",
                "2ae2de0240462833516ec28245809f063a1c70c7c7cadd6c7df99efea58241a2",
                "02fb9292fe130a2ea366df96f675ab2cd415317a7ed1a78b64f466339a6e5029",
                "6244d3cd7d473076bd9c1a957416208263f48056e32f1b5b6e02ad8bc6407f0f",
                "10b2fb3e892c7ac6d566997ee852da0d4d21ce206083173550a9271a6a5c2bb3",
                "dd8192686540375f8617c32a4f8f4a8ed9c23bd47d84bc96089b3c93d5b9d6c1"
            ],
            "type": "Script",
            "firstPartyCookies": {},
            "firstPartyCookiesSent": {},
            "exampleSites": [
                "answers.zocdoc.com",
                "www.aerlingus.com",
                "www.fnac.com",
                "www.dreamland.be",
                "martinsfoods.com",
                "www.caravancampingsales.com.au",
                "www.avendrealouer.fr",
                "www.leboncoin.fr",
                "fr.shopping.rakuten.com",
                "www.agriaffaires.com",
                "localmonero.co",
                "www.seloger.com",
                "www.logitravel.com",
                "www.realclearpolitics.com",
                "www.logic-immo.com",
                "www.marlboro.com",
                "www.tyresales.com.au",
                "www.colruyt.be",
                "www.credit.com",
                "www.knifecenter.com"
            ]
        },
        {
            "rule": "geetest\\.com\\/get\\.php",
            "cookies": 0.000318,
            "fingerprinting": 0,
            "subdomains": [
                "api",
                "api-na"
            ],
            "apis": {},
            "sites": 46,
            "prevalence": 0.000318,
            "cnames": [],