{
    "domain": "getpublica.com",
    "owner": {},
    "source": [
        "DuckDuckGo-US"
    ],
    "prevalence": 0.000269,
    "sites": 39,
    "subdomains": [
        "sync",
        "usersync",
        "pbs"
    ],
    "cnames": [],
    "fingerprinting": 0,
    "resources": [
        {
            "rule": "getpublica\\.com\\/sync\\.js",
            "cookies": 0,
            "fingerprinting": 0,
            "subdomains": [
                "sync"
            ],
            "apis": {},
            "sites": 15,
            "prevalence": 0.000104,
            "cnames": [],
            "responseHashes": [
                "91334cdcfe6d4d7383242be8d537d18b4287cc2dd5ed03686da1550601893ab6"
            ],
            "type": "Script",
            "firstPartyCookies": {},
            "firstPartyCookiesSent": {},
            "exampleSites": [
                "americasvoice.news",
                "mlb.mlb.com",
                "www.cbsnews.com",
                "www.cbssports.com",
                "www.drphil.com",
                "www.insideedition.com",
                "www.last.fm",
                "www.maxisciences.com",
                "www.maxpreps.com",
                "www.mlb.com",
                "www.rachaelrayshow.com",
                "www.startrek.com",
                "www.thedoctorstv.com",
                "www.wpsdlocal6.com",
                "www.wtsp.com"
            ]
        },
        {
            "rule": "getpublica\\.com\\/usersync",
            "cookies": 0.0000897,
            "fingerprinting": 0,
            "subdomains": [
                "usersync"
            ],
            "apis": {},
            "sites": 13,
            "prevalence": 0.0000897,
            "cnames": [],
            "responseHashes": [
                "b9064e6817945bdc3dcde9806f449320216463ca04199fe9f29f7da715113746",
                "1a8d249116d4fb03789450034fb6381ab5e5885ee2feaf4846b5748b95d050d8",
                "89b72ca85680b8129411466703faad848f78942e168359a346d4e81a88894eb8",
                "35911de44aff208be32c976cb5d8bb31fa4dac6543f0ee6dcbd82eeaad79f4de",
                "d7be1707170cc82b672140995e490d7d42b1b65144308605503da722aa53aa57",
                "2b5d7ac1a50f16d8dd8830849884ee45929b094c490d3310c33fc5999bde4cf7",
                "e659c3b700b76c0487fadb9d7c659eb82f1c6c18936f590696952d6f5821d990",
                "2162ee8ee449f0a9285a89658d36e1c2084fbeac572837b7c4eb4074ab0f881a",
                "f0df9b9bfd717923ec30db0681d2d6254f3f23e019be73bd4573d2fd1387af6f",
                "62f55ff1f113585fe35fb1ce3c17d93103b14752c366a3fce450057418264045",
                "20be460904923c942f9756c0beed57426eb63fbe136eca00ab5fe65b59050c28",
                "659749340b7a0a61ab5b566f4319f32a967b69d9fcfb323319cb6c8e0f5fe854"
            ],
            "type": "Document",
            "firstPartyCookies": {},
            "firstPartyCookiesSent": {},
            "exampleSites": [
                "americasvoice.news",
                "mlb.mlb.com",
                "www.cbsnews.com",
                "www.cbssports.com",
                "www.drphil.com",
                "www.insideedition.com",
                "www.last.fm",
                "www.maxpreps.com",
                "www.mlb.com",
                "www.rachaelrayshow.com",
                "www.startrek.com",
                "www.thedoctorstv.com",
                "www.wpsdlocal6.com"
            ]
        },
        {
            "rule": "getpublica\\.com\\/usermatch",
            "cookies": 0,
            "fingerprinting": 0,
            "subdomains": [
                "usersync"
            ],
            "apis": {},
            "sites": 13,
            "prevalence": 0.0000897,
            "cnames": [],
            "responseHashes": [
                "e3b0c44298fc1c149afbf4c8996fb92427ae41e4649b934ca495991b7852b855"
            ],
            "type": "Image",
            "firstPartyCookies": {},
            "firstPartyCookiesSent": {},
            "exampleSites": [
                "americasvoice.news",
                "mlb.mlb.com",
                "www.cbsnews.com",
                "www.cbssports.com",
                "www.drphil.com",
                "www.insideedition.com",
                "www.last.fm",
                "www.maxpreps.com",
                "www.mlb.com",
                "www.rachaelrayshow.com",
                "www.startrek.com",
                "www.thedoctorstv.com",
                "www.wpsdlocal6.com"
            ]
        },
        {
            "rule": "getpublica\\.com\\/v1\\/s2s-hb",
            "cookies": 0,
            "fingerprinting": 0,
            "subdomains": [
                "pbs"
            ],
            "apis": {},
            "sites": 12,
            "prevalence": 0.0000828,
            "cnames": [],
            "responseHashes": [
                "4f53cda18c2baa0c0354bb5f9a3ecbe5ed12ab4d8e11ba873c2f11161202b945"
            ],
            "type": "XHR",
            "firstPartyCookies": {},
            "firstPartyCookiesSent": {
                "s_ppn": 0.000006903741137322315
            },
            "exampleSites": [
                "arstechnica.com",
                "pitchfork.com",
                "www.allure.com",
                "www.architecturaldigest.com",
                "www.bonappetit.com",
                "www.cntraveler.com",
                "www.glamour.com",
                "www.self.com",
                "www.teenvogue.com",
                "www.vanityfair.com",
                "www.vogue.com",
                "www.wired.com"
            ]
        }
    ],
    "categories": [],
    "performance": {},
    "cookies": 0.000166,
    "types": {
        "Script": 15,
        "Document": 13,
        "Image": 13,
        "XHR": 12
    },
    "nameservers": [
        "ns-111.awsdns-13.com",
        "ns-1495.awsdns-58.org",
        "ns-1776.awsdns-30.co.uk",
        "ns-757.awsdns-30.net"
    ]
}