{
    "domain": "glimtors.net",
    "owner": {},
    "source": [
        "DuckDuckGo-US"
    ],
    "prevalence": 0.000146,
    "sites": 21,
    "subdomains": [],
    "cnames": [],
    "fingerprinting": 1,
    "resources": [
        {
            "rule": "glimtors\\.net\\/pfe\\/current\\/tag\\.min\\.js",
            "cookies": 0,
            "fingerprinting": 1,
            "subdomains": [],
            "apis": {
                "Navigator.prototype.userAgent": 3
            },
            "sites": 3,
            "prevalence": 0.0000208,
            "cnames": [],
            "responseHashes": [
                "a505a0ff6bdf721f980d4924565d1f1ac66d3a383fc8728cf91a8206a5bcec48"
            ],
            "type": "Script",
            "firstPartyCookies": {},
            "firstPartyCookiesSent": {},
            "exampleSites": [
                "animesonlinehd.org",
                "memepedia.ru",
                "www.file-upload.com"
            ]
        },
        {
            "rule": "glimtors\\.net\\/zone",
            "cookies": 0,
            "fingerprinting": 0,
            "subdomains": [],
            "apis": {},
            "sites": 11,
            "prevalence": 0.0000764,
            "cnames": [],
            "responseHashes": [
                "5d8a362812cab5dac6a7ae9054fa73b748f357657f4b382ad947342e30ae8c12",
                "0ea8a6dfdeb59baad93b42bae14e95e350a82ef2031b464cff8889ccee21b606",
                "71badba75f337a03a7a3bb009587cd4c034a1c1cc5b9dc25d7448bb577f3ede8",
                "b05fdf81b7897162d26d192bec08283009e7d411bdc6a04a99fddb45a51a2414",
                "952eade29d11263c7e40931f04319bb8a7177bfcd10999c75aabac956885d095",
                "dfd530cf147573d3ceca2c4169e005f5b8d23d632190b6245d4f45c2c388bb71",
                "2bba7ab12021c9b3280f5b6361fa87266de9999b2d87375ef2fd2a530781444c",
                "a086a62601d73f9657f02acda06008e5988407b4577ec9678cad632cad131742",
                "698d2b11f775200961b96e1b8a88311f2b17a463f2bbcbbfdb601eac3504e278",
                "9adde4aa5c31403c1f3033054b1c29b9541184fa6253f9a964ed76092afb8985"
            ],
            "type": "Fetch",
            "firstPartyCookies": {},
            "firstPartyCookiesSent": {},
            "exampleSites": [
                "animesonlinehd.org",
                "attvideo.com",
                "hxmp3.com",
                "memepedia.ru",
                "mp3crown.cc",
                "mp3poroh.ru",
                "mp3cleo.com",
                "mp3rax.com",
                "on4top.com",
                "videozerk.com",
                "www.file-upload.com"
            ]
        },
        {
            "rule": "glimtors\\.net\\/pfe\\/current\\/universal\\.min\\.js",
            "cookies": 0,
            "fingerprinting": 0,
            "subdomains": [],
            "apis": {},
            "sites": 11,
            "prevalence": 0.0000764,
            "cnames": [],
            "responseHashes": [
                "5362095703d6cf47a8ebe3c02e9f5b46e43d322f7152da10bfaaceaed202a0f5"
            ],
            "type": "Fetch",
            "firstPartyCookies": {},
            "firstPartyCookiesSent": {},
            "exampleSites": [
                "animesonlinehd.org",
                "attvideo.com",
                "hxmp3.com",
                "memepedia.ru",
                "mp3crown.cc",
                "mp3poroh.ru",
                "mp3cleo.com",
                "mp3rax.com",
                "on4top.com",
                "videozerk.com",
                "www.file-upload.com"
            ]
        },
        {
            "rule": "glimtors\\.net\\/custom",
            "cookies": 0,
            "fingerprinting": 0,
            "subdomains": [],
            "apis": {},
            "sites": 10,
            "prevalence": 0.0000694,
            "cnames": [],
            "responseHashes": [],
            "type": "Preflight",
            "firstPartyCookies": {},
            "firstPartyCookiesSent": {},
            "exampleSites": [
                "animesonlinehd.org",
                "attvideo.com",
                "hxmp3.com",
                "memepedia.ru",
                "mp3crown.cc",
                "mp3poroh.ru",
                "mp3cleo.com",
                "mp3rax.com",
                "on4top.com",
                "www.file-upload.com"
            ]
        },
        {
            "rule": "glimtors\\.net\\/custom",
            "cookies": 0,
            "fingerprinting": 0,
            "subdomains": [],
            "apis": {},
            "sites": 10,
            "prevalence": 0.0000694,
            "cnames": [],
            "responseHashes": [
                "ff752c1c79bb2c0347c5a8b7f069fa2772047324dbbadf77d21cec4b26ee3881"
            ],
            "type": "Fetch",
            "firstPartyCookies": {},
            "firstPartyCookiesSent": {},
            "exampleSites": [
                "animesonlinehd.org",
                "attvideo.com",
                "hxmp3.com",
                "memepedia.ru",
                "mp3crown.cc",
                "mp3poroh.ru",
                "mp3cleo.com",
                "mp3rax.com",
                "on4top.com",
                "www.file-upload.com"
            ]
        },
        {
            "rule": "glimtors\\.net\\/pfe\\/current\\/defaultSkin\\.min\\.js",
            "cookies": 0,
            "fingerprinting": 0,
            "subdomains": [],
            "apis": {},
            "sites": 10,
            "prevalence": 0.0000694,
            "cnames": [],
            "responseHashes": [
                "7b23e3a7155161323573e58616ff1bfdaffd0560483db31315d181f6b394ddd5"
            ],
            "type": "Fetch",
            "firstPartyCookies": {},
            "firstPartyCookiesSent": {},
            "exampleSites": [
                "animesonlinehd.org",
                "attvideo.com",
                "hxmp3.com",
                "memepedia.ru",
                "mp3crown.cc",
                "mp3poroh.ru",
                "mp3cleo.com",
                "mp3rax.com",
                "on4top.com",
                "www.file-upload.com"
            ]
        },
        {
            "rule": "glimtors\\.net\\/ntfc\\.php",
            "cookies": 0,
            "fingerprinting": 1,
            "subdomains": [],
            "apis": {
                "Navigator.prototype.userAgent": 8
            },
            "sites": 8,
            "prevalence": 0.0000555,
            "cnames": [],
            "responseHashes": [
                "b34a3eee1bdc965572daca0b5c0b6f606f64767a53f696e967fcdda1e54008a6"
            ],
            "type": "Script",
            "firstPartyCookies": {},
            "firstPartyCookiesSent": {},
            "exampleSites": [
                "attvideo.com",
                "hxmp3.com",
                "mp3crown.cc",
                "mp3poroh.ru",
                "mp3cleo.com",
                "mp3rax.com",
                "on4top.com",
                "videozerk.com"
            ]
        }
    ],
    "categories": [],
    "performance": {},
    "cookies": 0,
    "types": {
        "Script": 11,
        "Fetch": 42,
        "Preflight": 10
    },
    "nameservers": [
        "ns-1733.awsdns-24.co.uk",
        "ns-1007.awsdns-61.net",
        "ns-12.awsdns-01.com",
        "ns-1269.awsdns-30.org"
    ]
}