{
    "domain": "gnezdo.ru",
    "owner": {},
    "source": [
        "DuckDuckGo-US"
    ],
    "prevalence": 0.000394,
    "sites": 57,
    "subdomains": [
        "fcgi5",
        "news",
        "fcgi4"
    ],
    "cnames": [],
    "fingerprinting": 1,
    "resources": [
        {
            "rule": "gnezdo\\.ru\\/cgi-bin\\/tzr\\.fcgi",
            "cookies": 0.000076,
            "fingerprinting": 0,
            "subdomains": [
                "fcgi5"
            ],
            "apis": {},
            "sites": 11,
            "prevalence": 0.000076,
            "cnames": [],
            "responseHashes": [
                "82a81052ee36d3d00f40fcea42a613ee3fad29100f673121ddc2f7a5c0ebc364",
                "6ca50b8c6d1a0bfaa93d1a71bc6cdba6b1e7498d4736e5d14da64fae8c61bed6",
                "49e59710b56b80113eb21c3f05e2cdf9b465915d1d3b041ebbd3ea4849a919ec",
                "d7452817ae1351500162f6f8058ac87f5d4f44b48fa175ab7e646ec8e915d729",
                "f1e775dd1ba2985f93c9b7f677ac579a01eb531db042b115e9bddc32187a2bca",
                "f50f31e4a28d4a333001d774aa0e9d964189fc4ccdb54405575d75dd6c7d8b64",
                "8eaead6f46303f18edbab43503dddbb9ff871d5368315ca2555f834912fdeabf",
                "7e7e48f24a8996fcb7242d8e45e38172d8348e8a8ac0e8069e5961579f7f8b17",
                "4d65dd75f19284fd310571871edc2d21faa3e29fca97f406cbf2cea7fd36a025",
                "79aba4f8f944b094323b751be9973e92b2f05b9d9ec63015fd0055c102775515"
            ],
            "type": "XHR",
            "firstPartyCookies": {},
            "firstPartyCookiesSent": {},
            "exampleSites": [
                "avtika.ru",
                "doramy.club",
                "fb.ru",
                "medportal.ru",
                "meshok-sovetov.ru",
                "nauka.club",
                "russkii-serial.net",
                "tekst-pesni.online",
                "tor.lafa.site",
                "www.ayzdorov.ru",
                "www.eg.ru"
            ]
        },
        {
            "rule": "gnezdo\\.ru\\/img\\/settings\\/gnezdo_logo\\.png",
            "cookies": 0,
            "fingerprinting": 0,
            "subdomains": [
                "news"
            ],
            "apis": {},
            "sites": 7,
            "prevalence": 0.0000484,
            "cnames": [],
            "responseHashes": [
                "4483a3fbc43dd66f46b915437a4208101e51dc188cc51c0b039d71e07243896c"
            ],
            "type": "Image",
            "firstPartyCookies": {},
            "firstPartyCookiesSent": {},
            "exampleSites": [
                "avtika.ru",
                "doramy.club",
                "meshok-sovetov.ru",
                "nauka.club",
                "russkii-serial.net",
                "tekst-pesni.online",
                "tor.lafa.site"
            ]
        },
        {
            "rule": "gnezdo\\.ru\\/e\\/",
            "cookies": 0,
            "fingerprinting": 0,
            "subdomains": [
                "fcgi5"
            ],
            "apis": {},
            "sites": 12,
            "prevalence": 0.000083,
            "cnames": [],
            "responseHashes": [
                "77b1d2c0857d4e95d4c2ae7aa0abc5aaafa6bd4581b31203d1592759c26f5c44"
            ],
            "type": "Image",
            "firstPartyCookies": {},
            "firstPartyCookiesSent": {},
            "exampleSites": [
                "avtika.ru",
                "doramy.club",
                "fb.ru",
                "hoff.ru",
                "medportal.ru",
                "meshok-sovetov.ru",
                "nauka.club",
                "russkii-serial.net",
                "tekst-pesni.online",
                "tor.lafa.site",
                "www.ayzdorov.ru",
                "www.eg.ru"
            ]
        },
        {
            "rule": "gnezdo\\.ru\\/gnezdo_news_tracker\\.js",
            "cookies": 0.0000138,
            "fingerprinting": 1,
            "subdomains": [
                "news"
            ],
            "apis": {
                "Date.prototype.getTime": 2,
                "Navigator.prototype.userAgent": 2
            },
            "sites": 2,
            "prevalence": 0.0000138,
            "cnames": [],
            "responseHashes": [
                "77f6a976d356bab2f97b4189422afb12d1a0e379ddde6202eb96cf1f2bd279ef"
            ],
            "type": "Script",
            "firstPartyCookies": {},
            "firstPartyCookiesSent": {},
            "exampleSites": [
                "fb.ru",
                "hoff.ru"
            ]
        },
        {
            "rule": "gnezdo\\.ru\\/hb\\/Yandex\\/",
            "cookies": 0.0000277,
            "fingerprinting": 0,
            "subdomains": [
                "fcgi4"
            ],
            "apis": {},
            "sites": 4,
            "prevalence": 0.0000277,
            "cnames": [],
            "responseHashes": [
                "846949c5a40e3ffbb702473e54dfac0646541aa624a844369b6e24e51ddaf96b"
            ],
            "type": "XHR",
            "firstPartyCookies": {},
            "firstPartyCookiesSent": {},
            "exampleSites": [
                "irecommend.ru",
                "testometrika.com",
                "www.baby.ru",
                "www.mk.ru"
            ]
        },
        {
            "rule": "gnezdo\\.ru\\/cookie_matching\\/svk-native\\/",
            "cookies": 0.0000138,
            "fingerprinting": 0,
            "subdomains": [
                "fcgi4"
            ],
            "apis": {},
            "sites": 2,
            "prevalence": 0.0000138,
            "cnames": [],
            "responseHashes": [],
            "type": "Image",
            "firstPartyCookies": {},
            "firstPartyCookiesSent": {},
            "exampleSites": [
                "mastergrad.com",
                "www.u-mama.ru"
            ]
        },
        {
            "rule": "gnezdo\\.ru\\/cookie_matching\\/svk-native\\/\\/",
            "cookies": 0,
            "fingerprinting": 0,
            "subdomains": [
                "fcgi4"
            ],
            "apis": {},
            "sites": 2,
            "prevalence": 0.0000138,
            "cnames": [],
            "responseHashes": [
                "e3b0c44298fc1c149afbf4c8996fb92427ae41e4649b934ca495991b7852b855"
            ],
            "type": "Image",
            "firstPartyCookies": {},
            "firstPartyCookiesSent": {},
            "exampleSites": [
                "mastergrad.com",
                "www.u-mama.ru"
            ]
        },
        {
            "rule": "gnezdo\\.ru\\/loader\\.min\\.js",
            "cookies": 0.0000138,
            "fingerprinting": 1,
            "subdomains": [
                "news"
            ],
            "apis": {
                "window.sessionStorage": 2,
                "Navigator.prototype.userAgent": 2
            },
            "sites": 2,
            "prevalence": 0.0000138,
            "cnames": [],
            "responseHashes": [
                "4b40fe15335b6b735623cfee9733d74caaae9b73189457676b4b661559359f63"
            ],
            "type": "Script",
            "firstPartyCookies": {},
            "firstPartyCookiesSent": {},
            "exampleSites": [
                "medportal.ru",
                "www.ayzdorov.ru"
            ]
        },
        {
            "rule": "gnezdo\\.ru\\/loader\\.js",
            "cookies": 0.0000138,
            "fingerprinting": 1,
            "subdomains": [
                "news"
            ],
            "apis": {
                "window.sessionStorage": 2,
                "Navigator.prototype.userAgent": 2
            },
            "sites": 2,
            "prevalence": 0.0000138,
            "cnames": [],
            "responseHashes": [
                "3eb4db2e6c27e9a8a54e3a1d233f47265a21634f8021c4f750578e5af7f2c590"
            ],
            "type": "Script",
            "firstPartyCookies": {},
            "firstPartyCookiesSent": {},