{
    "domain": "gogoplay1.com",
    "owner": {},
    "source": [
        "DuckDuckGo-US"
    ],
    "prevalence": 0.0000899,
    "sites": 13,
    "subdomains": [],
    "cnames": [],
    "fingerprinting": 2,
    "resources": [
        {
            "rule": "gogoplay1\\.com\\/streaming\\.php",
            "cookies": 0,
            "fingerprinting": 1,
            "subdomains": [],
            "apis": {
                "Document.cookie getter": 13,
                "window.localStorage": 13,
                "Navigator.prototype.userAgent": 13,
                "Screen.prototype.height": 13,
                "Date.prototype.getTimezoneOffset": 13,
                "Navigator.prototype.language": 13
            },
            "sites": 13,
            "prevalence": 0.0000899,
            "cnames": [],
            "responseHashes": [
                "670aa7853006a95873f27fb1cd361e91e36fa1fb653354e0e66239b79750c91f",
                "3bb93edf6f2baec4302c8be5d0c04eb758e6ba9d14bf3f5eda76e01a9a5fc4c1",
                "bec6956b9fb3b2aa5e8a57a9b762769675c1b949f673dc292617a1751b10a36c",
                "1cea41ff1784047554796ddb4190973e871eeefa89737d489a1de20a86fb78ee",
                "50ecb3a0e526202a29d358facdb3805ab6d413a75c51e88a715f5f7fd204da1b",
                "0edc09a7b0caf3b4684bee948747f866bc270dcddd27fdc9e733e0a1801aa771",
                "675c826c0dae4551f3676a2df5904efb057a01cf17973ac8e632961a052b9e32",
                "aef721c2614a4898741ee6def00106d8cf99f8ed8ee409a2542f6e2ffca84ec0",
                "6f5346ff0126f1cff78df65545eeefa7c32920c2cec5de6b48caab375d618343",
                "85a491675758c26c4ea38543feeffb7faa6e02933d9180e6809753674e07d584",
                "70b62125b81abcf6f32747ec71c519210a215923cb4b676bbaebcb3e75769c85",
                "7e71ae6b1810b1972ca21023ca53416c5b27c928a3e2172db3e6402f7c07c9d6"
            ],
            "type": "Document",
            "firstPartyCookies": {},
            "firstPartyCookiesSent": {},
            "exampleSites": [
                "4anime.ch",
                "anime-freak.su",
                "animecoke.com",
                "animedao.li",
                "animedao.to",
                "animefrenzy.net",
                "gogoanime.vc",
                "gogoanime.pe",
                "gogoanime.wiki",
                "gogoanimeapk.net",
                "kissanimes.ru.net",
                "www.animebubble.net",
                "yugen.to"
            ]
        },
        {
            "rule": "gogoplay1\\.com\\/player\\/css\\/main\\.css",
            "cookies": 0,
            "fingerprinting": 0,
            "subdomains": [],
            "apis": {},
            "sites": 13,
            "prevalence": 0.0000899,
            "cnames": [],
            "responseHashes": [
                "ad468cd88384c587ddb1be59b52a7a502aac7d84fdfd807087bf6b98c55b5c20"
            ],
            "type": "Stylesheet",
            "firstPartyCookies": {},
            "firstPartyCookiesSent": {},
            "exampleSites": [
                "4anime.ch",
                "anime-freak.su",
                "animecoke.com",
                "animedao.li",
                "animedao.to",
                "animefrenzy.net",
                "gogoanime.vc",
                "gogoanime.pe",
                "gogoanime.wiki",
                "gogoanimeapk.net",
                "kissanimes.ru.net",
                "www.animebubble.net",
                "yugen.to"
            ]
        },
        {
            "rule": "gogoplay1\\.com\\/player\\/js\\/jquery\\.min\\.js",
            "cookies": 0,
            "fingerprinting": 0,
            "subdomains": [],
            "apis": {},
            "sites": 13,
            "prevalence": 0.0000899,
            "cnames": [],
            "responseHashes": [
                "f8e5351fc39356f8f94d7f334b11f9a0f44a67a9461bbd3e8be10cf44acdf780"
            ],
            "type": "Script",
            "firstPartyCookies": {},
            "firstPartyCookiesSent": {},
            "exampleSites": [
                "4anime.ch",
                "anime-freak.su",
                "animecoke.com",
                "animedao.li",
                "animedao.to",
                "animefrenzy.net",
                "gogoanime.vc",
                "gogoanime.pe",
                "gogoanime.wiki",
                "gogoanimeapk.net",
                "kissanimes.ru.net",
                "www.animebubble.net",
                "yugen.to"
            ]
        },
        {
            "rule": "gogoplay1\\.com\\/js\\/jw8\\.23\\/jwplayer\\.js",
            "cookies": 0,
            "fingerprinting": 2,
            "subdomains": [],
            "apis": {
                "Navigator.prototype.userAgent": 12,
                "PerformanceTiming.prototype.navigationStart": 6,
                "window.localStorage": 6,
                "Navigator.prototype.platform": 12,
                "Date.prototype.getTime": 12,
                "HTMLMediaElement.prototype.canPlayType": 12,
                "CanvasRenderingContext2D.prototype.getImageData": 4,
                "MediaSource.isTypeSupported": 8
            },
            "sites": 13,
            "prevalence": 0.0000899,
            "cnames": [],
            "responseHashes": [
                "b79cacd1f3d61edf8a5903d431d651108d2279d08dbe3ca4230fb64801e32b22"
            ],
            "type": "Script",
            "firstPartyCookies": {},
            "firstPartyCookiesSent": {},
            "exampleSites": [
                "4anime.ch",
                "anime-freak.su",
                "animecoke.com",
                "animedao.li",
                "animedao.to",
                "animefrenzy.net",
                "gogoanime.vc",
                "gogoanime.pe",
                "gogoanime.wiki",
                "gogoanimeapk.net",
                "kissanimes.ru.net",
                "www.animebubble.net",
                "yugen.to"
            ]
        },
        {
            "rule": "gogoplay1\\.com\\/js\\/crypto-js\\/crypto-js\\.js",
            "cookies": 0,
            "fingerprinting": 0,
            "subdomains": [],
            "apis": {},
            "sites": 13,
            "prevalence": 0.0000899,
            "cnames": [],
            "responseHashes": [
                "bbad393211ce71ebe4a95c3c0c9daadd7ee4653553557a2de0f8f122e70b88c3"
            ],
            "type": "Script",
            "firstPartyCookies": {},
            "firstPartyCookiesSent": {},
            "exampleSites": [
                "4anime.ch",
                "anime-freak.su",
                "animecoke.com",
                "animedao.li",
                "animedao.to",
                "animefrenzy.net",
                "gogoanime.vc",
                "gogoanime.pe",
                "gogoanime.wiki",
                "gogoanimeapk.net",
                "kissanimes.ru.net",
                "www.animebubble.net",
                "yugen.to"
            ]
        },
        {
            "rule": "gogoplay1\\.com\\/js\\/player2021\\.min\\.js",
            "cookies": 0,
            "fingerprinting": 1,
            "subdomains": [],
            "apis": {
                "Document.cookie getter": 12
            },
            "sites": 13,
            "prevalence": 0.0000899,
            "cnames": [],
            "responseHashes": [
                "618fb8342debf49994bf074a0be66063ee78cb7791b7eabe4dbce9b8060df027"
            ],
            "type": "Script",
            "firstPartyCookies": {},
            "firstPartyCookiesSent": {},