{
    "domain": "goodgamesmanship.com",
    "owner": {},
    "source": [
        "DuckDuckGo-US"
    ],
    "prevalence": 0.000296,
    "sites": 42,
    "subdomains": [],
    "cnames": [],
    "fingerprinting": 0,
    "resources": [
        {
            "rule": "goodgamesmanship\\.com\\/iframe\\/5ecd7b791e80c",
            "cookies": 0.000134,
            "fingerprinting": 0,
            "subdomains": [],
            "apis": {},
            "sites": 19,
            "prevalence": 0.000134,
            "cnames": [],
            "responseHashes": [
                "a691a431749ea485210c638f7435e58d7c05fef362f0848dc26291f06121e01b",
                "6fdeb337b9788659727cdd582315e508802207f5a3d8a7c58eef956009b68f5c",
                "125a70bb61ca70f350499829d393eb46d27e853bb30811c4a4e96d91551f6a84",
                "c9e60d2d07ad7d4f7e8d411628e0c5ebd91802eeb125d014d1e66fc93ece835e",
                "1e35f7dd4edb945cca39a0ab423b778bd87379919a17af51cffc5153daa9b737",
                "cea67f1e31aa8ccf3fcf97613e74a062406ac8b58c080fd7c8c8d0af12820aa5",
                "1c70cba0ff3ad6824a5a6842957aa2937a65104cdcecfc197804358e79ba838f",
                "2308b80bb09c49019d8e6dfe5bd0fef2a2dfd53a2f76b1024ffe9fcadf5d4910",
                "6bab1a2329e4b625daeec74bf071a44eeb0aa0e757621ac9fd24c08966cc1d9b",
                "b7a4aa54aec21c25256dfaa1d9d16b103c1b9ed1888d6d469a184e0aa0655c60",
                "235541cd829317c819a60cf41503068d6778448b310472b0913a66cd896b4f61",
                "e271aa3833418e0c22eb6aef4b30d9e8443a728047806cf578934fa66ef1098a",
                "6b9e0758ec9c15c9bae07d40906f3949965abe020a3d3003f3e6452c6401800d",
                "af7466f554b25b2e7e353460e4a444a92f0d7ce81afa8055d03773cdf2dcfd01",
                "aa60767a361a80c01350f4719c1f5eb78288d63aaa87501028eb8366ebf668fd",
                "a0ddbecc494ca7b389825f4ac6a14854b615509ff6f2accd5bf61602a168ad75",
                "f0337a490338dd3ec377c4e783ac41cd011f94cec8d7426796904562f9b9b636"
            ],
            "type": "Document",
            "firstPartyCookies": {},
            "firstPartyCookiesSent": {},
            "exampleSites": [
                "allporncomic.com",
                "camgirlbang.com",
                "camgirlspank.com",
                "celebjared.net",
                "fastmanhwa.net",
                "hmanhwa.com",
                "hornyfanz.com",
                "hotdesipics.co",
                "hypnoporn.net",
                "javmobile.net",
                "porngains.com",
                "sexualstories.club",
                "telugusexstores.com",
                "wenaked.net",
                "www.avwend.com",
                "www.cuckoldplacetube.com",
                "www.sxyprn.com",
                "www.sxyprn.net",
                "www.thotfox.com"
            ]
        },
        {
            "rule": "goodgamesmanship\\.com\\/iframe\\/5ebd281ac951d",
            "cookies": 0.0000352,
            "fingerprinting": 0,
            "subdomains": [],
            "apis": {},
            "sites": 5,
            "prevalence": 0.0000352,
            "cnames": [],
            "responseHashes": [
                "f9f60f389a14573c99ca764a315a53f134d13cca6a9801d3cf35841b7bc1c5b1",
                "b8a6e7c6e7403f72c7968d9290d33fe8a19783fe13e9ba7ea30f6223ee20e864",
                "b54e0a7d730415d5f80e9f6b04cbc9b8442327aade63bab02088ab2a5281a529",
                "856326fbd78254ab7d9236c46de40ccfb6831b8799908022275bd7dd7c211ac6"
            ],
            "type": "Document",
            "firstPartyCookies": {},
            "firstPartyCookiesSent": {},
            "exampleSites": [
                "comicsvalley.com",
                "fastmanhwa.net",
                "idol.sankakucomplex.com",
                "incestpornfamily.com",
                "vercomicsporno.xxx"
            ]
        },
        {
            "rule": "goodgamesmanship\\.com\\/iframe\\/611ceae64ddf7",
            "cookies": 0.0000141,
            "fingerprinting": 0,
            "subdomains": [],
            "apis": {},
            "sites": 2,
            "prevalence": 0.0000141,
            "cnames": [],
            "responseHashes": [
                "a2aa831a1770161b5079fcbba4231cb8df7778abd10070ec024f5926db4cd62f"
            ],
            "type": "Document",
            "firstPartyCookies": {},
            "firstPartyCookiesSent": {},
            "exampleSites": [
                "hen-tie.net",
                "www.hen-tie.net"
            ]
        },
        {
            "rule": "goodgamesmanship\\.com\\/iframe\\/5ee1f16c661dc",
            "cookies": 0.0000141,
            "fingerprinting": 0,
            "subdomains": [],
            "apis": {},
            "sites": 2,
            "prevalence": 0.0000141,
            "cnames": [],
            "responseHashes": [
                "56958550e1bc2f661aa33c531db8c251c127da270a9dad8707326a52c1aed609"
            ],
            "type": "Document",
            "firstPartyCookies": {},
            "firstPartyCookiesSent": {},
            "exampleSites": [
                "visitmama.com",
                "www.visitmama.com"
            ]
        }
    ],
    "categories": [],
    "performance": {},
    "cookies": 0.000296,
    "types": {
        "Document": 28
    },
    "nameservers": [
        "damon.ns.cloudflare.com",
        "candy.ns.cloudflare.com"
    ]
}