{
    "domain": "goodgamesmanship.com",
    "owner": {},
    "source": [
        "DuckDuckGo-US"
    ],
    "prevalence": 0.000436,
    "sites": 63,
    "subdomains": [],
    "cnames": [],
    "fingerprinting": 0,
    "resources": [
        {
            "rule": "goodgamesmanship\\.com\\/iframe\\/6177f4b03673d",
            "cookies": 0.0000622,
            "fingerprinting": 0,
            "subdomains": [],
            "apis": {},
            "sites": 9,
            "prevalence": 0.0000622,
            "cnames": [],
            "responseHashes": [
                "ec0426082fa8a4108d1a37386e539f76f137cfa0c5b98c52f52d58246d1612f9",
                "90fd215fc842a215b38659611acd54690bb05181cab669839fc495deb36006f9",
                "96d841450656bf9e3ba58e7c717c11b9ed1980e59180835cc07c8ba3c5d41413",
                "aaf430368cc0b1f3dfd6d3089ba38f733d541d9be9ba8ad9e0797cd98157e5d7",
                "50a771eee3dffa7a1e418cf073e2dbb33ed6fd2d895d499a06dec1ee680e1553",
                "a2bbdf7c5e513c08bed58f5a511d979851e54cf091778b698efd833fd74c8ca8",
                "f513d741ff78d8ebf47ed882d435a1e69c10ffc2e1c19811e02fb920b6cf434e",
                "073de4612e40118f73435d0b3846c1932700e565b39f30bec82f279897c08119"
            ],
            "type": "Document",
            "firstPartyCookies": {},
            "firstPartyCookiesSent": {},
            "exampleSites": [
                "bokepjepangjav.com",
                "cewekgenit.bar",
                "cewekgenit.live",
                "cin.pw",
                "kisshentai.net",
                "manhwas.men",
                "www.kingjav.co",
                "www.porncomixonline.com"
            ]
        },
        {
            "rule": "goodgamesmanship\\.com\\/iframe\\/5ebd281ac951d",
            "cookies": 0.0000277,
            "fingerprinting": 0,
            "subdomains": [],
            "apis": {},
            "sites": 4,
            "prevalence": 0.0000277,
            "cnames": [],
            "responseHashes": [
                "9b84c76546adfb73b46c38b3105bd90a09694e9c6d1b064c1e07ba617290869b",
                "dd2db80687acd88417f5b577ad33035a023a7bd9329195eafc6bc0b0bd2ee65b",
                "57f245a92e92edebfb510928443ff45d3dae54ddb108d2a78859aad57902d175"
            ],
            "type": "Document",
            "firstPartyCookies": {},
            "firstPartyCookiesSent": {},
            "exampleSites": [
                "8muses.xxx",
                "chan.sankakucomplex.com",
                "comicsvalley.com",
                "esmanhwa.com"
            ]
        },
        {
            "rule": "goodgamesmanship\\.com\\/iframe\\/5ebd2831d76a1",
            "cookies": 0.0000207,
            "fingerprinting": 0,
            "subdomains": [],
            "apis": {},
            "sites": 3,
            "prevalence": 0.0000207,
            "cnames": [],
            "responseHashes": [
                "d45545a6a21aca761ee741ef2355fe010d20b3342bfd6b921767a2052b1d3b28",
                "109b1b09010a7d27748ec3058ff7e71ee738c2364b0e456489aaff1565974367"
            ],
            "type": "Document",
            "firstPartyCookies": {},
            "firstPartyCookiesSent": {},
            "exampleSites": [
                "8muses.xxx",
                "allporncomic.com",
                "xxxtoonvideos.com"
            ]
        },
        {
            "rule": "goodgamesmanship\\.com\\/iframe\\/5ecd7b791e80c",
            "cookies": 0.000104,
            "fingerprinting": 0,
            "subdomains": [],
            "apis": {},
            "sites": 15,
            "prevalence": 0.000104,
            "cnames": [],
            "responseHashes": [
                "ce71cda56bca37ead66db76dcfdf9f872b696d38dc03f0842d4e6c0f92f9837f",
                "66387a74edecdb4b1ae3c6c2f0e7c063365b0619aaef425ec291bbc95b048c66",
                "4f0ff23d53f9fe27dec597e346f848a761fc2e9d606a9901e5f0bc8e63af24f8",
                "f637d6e774d28f368d01480d884a6ed8a34717fa65692cdb44739f23fd5af8fe",
                "7b1e96498f7c616e7412deaa5e8d50ac8271c96cbed1104f6a8e4d1a1f58c4bb",
                "cc54ff773d719ada489c18df59f4c9b24047044ac1fe27b07123c3a9d8350424",
                "b57eb1d2839c5b83e458ce857e00adce64ae4857649a2fb1947b271d80c71d67",
                "defa3017d4082c6ab9b8ca5d892495cf05b199185214021fa751477f4297e8aa",
                "39f0a0094a282e0a7ae97b4c61cb99bec7afc61ace1ec1da6010279687d62301",
                "da2dad80f8f54b354df77f44f9c0658c4b912f2d96ced43a8152c574c99c7f8e",
                "b5e4daba1fc88cc75868e972fa29c070b7dbb0397c7dda87cbefd558186e3b8f",
                "c6c9644ec077b39165009c4b906e67ea56f4de65f6f5ec009ae264fd38ce8d91",
                "84f495c809ae33a359fec6784ed431255ee36eec7a0293fa336fba352402ba64",
                "73128441b71b00e02afda562d843e0a8c0c85fdc0c39e35ec1b879579dac3afa"
            ],
            "type": "Document",
            "firstPartyCookies": {},
            "firstPartyCookiesSent": {},
            "exampleSites": [
                "allporncomic.com",
                "bollywoodmaal.com",
                "camchickhub.com",
                "camchickscaps.com",
                "camgirlbang.com",
                "camgirlfap.com",
                "camgirlspank.com",
                "celebjared.net",
                "de.sexystars.online",
                "ekasiwap.com",
                "hentaiff.com",
                "heroine-xxx.com",
                "hmanhwa.com",
                "hornyfanz.com",
                "hotdesipics.co"
            ]
        },
        {
            "rule": "goodgamesmanship\\.com\\/iframe\\/5d5c01214cc6d",
            "cookies": 0.0000138,
            "fingerprinting": 0,
            "subdomains": [],
            "apis": {},
            "sites": 2,
            "prevalence": 0.0000138,
            "cnames": [],
            "responseHashes": [
                "7bc9fd39a65e1b8a57e14e9ba57da10ece0d22a0bd821d4358ebab1803d214e3"
            ],
            "type": "Document",
            "firstPartyCookies": {},
            "firstPartyCookiesSent": {
                "lotame_domain_check": 0.000006913525621525954
            },
            "exampleSites": [
                "animesubindo.my.id",
                "www.sankakucomplex.com"
            ]
        },
        {
            "rule": "goodgamesmanship\\.com\\/iframe\\/61968367dd9e3",
            "cookies": 0.0000138,
            "fingerprinting": 0,
            "subdomains": [],
            "apis": {},
            "sites": 2,
            "prevalence": 0.0000138,
            "cnames": [],
            "responseHashes": [
                "65adca784584d63b86fa7496cdc1fb7ead5ffe8f63f451d291d4b38d0a80452a"
            ],
            "type": "Document",
            "firstPartyCookies": {},
            "firstPartyCookiesSent": {},
            "exampleSites": [
                "visitmama.com",
                "www.visitmama.com"
            ]
        }
    ],
    "categories": [],
    "performance": {},
    "cookies": 0.000436,
    "types": {
        "Document": 35
    },
    "nameservers": [
        "candy.ns.cloudflare.com",
        "damon.ns.cloudflare.com"
    ]
}