{
    "domain": "hatena.com",
    "owner": {},
    "source": [
        "DuckDuckGo-US"
    ],
    "prevalence": 0.000186,
    "sites": 27,
    "subdomains": [
        "pf-api"
    ],
    "cnames": [],
    "fingerprinting": 0,
    "resources": [
        {
            "rule": "hatena\\.com\\/profile\\/profiles",
            "cookies": 0,
            "fingerprinting": 0,
            "subdomains": [
                "pf-api"
            ],
            "apis": {},
            "sites": 15,
            "prevalence": 0.000104,
            "cnames": [],
            "responseHashes": [
                "65f5755842bb430fa9e94bfcf28914ebd2e7b56a01f26d21dc60f752e2679b1e",
                "46198cc0cea49ce855dd506395b574abcda40200632e3ea26051344c36227651",
                "88c98b557c9f0a670a3165f5765edaa8e4efe61db367ced2cd9a4ecf91e424d9",
                "bd963368c13abaff980020a1dd2274cf6aedf9c6af6ce8be7bf41ade72039d8c",
                "4b1f51a83c4df3b0d545e6a5e2d16f773543572d6c87c55d9addd3987d90b0b3",
                "4d595502529fd5432808155e829a278ef2c7cc2411a5a6525a61917b830f973f",
                "3bc5701cd2e2f9b29bf0e2df67e5a9aec03a5419c6dbe30df8ec9af29f88df55",
                "72de3d01c46c921ecc08f819478ffba7ae3036e6853e54105e649216c496be5a",
                "e5211f8eb7add8c09e7c70401866a4789a727fb7a57dd0deb23c686bd369e307",
                "66f430cf1e39ada183b26d8ddaf5f86954a311b424137e7ba7b2542d3ca5cab3",
                "eb01aa5f036c8df10287af51e5fce50022d5bda1f1a20e7dd079f44cdc6ac9c8",
                "c97817545b2496ad1fbf1b479d4ab76751d41b42e2444126d5ed2fbcfe83a836",
                "7628a6ccc627e1418c3b68e27fe52b0f722a67a4fb5f23b0b87c5575709c7a1c",
                "15f721bd498915883f410655a784fc7a4e653e9c71dde4dc1e9f0647d0867cd0"
            ],
            "type": "XHR",
            "firstPartyCookies": {},
            "firstPartyCookiesSent": {},
            "exampleSites": [
                "hatenablog.com",
                "carislife.hatenablog.com",
                "harvest7777.hatenablog.com",
                "hazard-j2.hatenadiary.jp",
                "hirayamax.hatenablog.com",
                "kinaoworks.hatenablog.com",
                "koodyenergy.hateblo.jp",
                "lifegame.hatenadiary.jp",
                "shunsasahara.com",
                "studyhacker.net",
                "superred2020kiroku.hateblo.jp",
                "tantotempo.hatenablog.com",
                "www.jijitsu.net",
                "www.rich-life58.com",
                "yasusoul.hatenablog.com"
            ]
        }
    ],
    "categories": [],
    "performance": {},
    "cookies": 0,
    "types": {
        "XHR": 15
    },
    "nameservers": [
        "ns-662.awsdns-18.net",
        "ns-414.awsdns-51.com",
        "ns-1966.awsdns-53.co.uk",
        "ns-1443.awsdns-52.org"
    ]
}