{
    "domain": "headerlift.com",
    "owner": {},
    "source": [
        "DuckDuckGo-US"
    ],
    "prevalence": 0.000297,
    "sites": 43,
    "subdomains": [
        "pub",
        "ana",
        "wdg",
        "static"
    ],
    "cnames": [],
    "fingerprinting": 0,
    "resources": [
        {
            "rule": "headerlift\\.com\\/opphb",
            "cookies": 0,
            "fingerprinting": 0,
            "subdomains": [
                "pub"
            ],
            "apis": {},
            "sites": 26,
            "prevalence": 0.00018,
            "cnames": [],
            "responseHashes": [
                "fdd35c261674cbb93eeb9851a713b560e8f5619e024beb5b36441af62ccd3ad1",
                "8af4b90c340737127fab16c288139fd4652f6e910b522687efb2c59ef7a77db1",
                "5678d46df91945ffcbc3ee69962e59b00224d84292c95f77177f6eb51a5f719f",
                "8571cbd4329fb6461a20aa3f33e77e65831a0bbabaa513e4ad1f9dd5fc8a6c7c",
                "42a1b74a2d2ecfebbe0f6943c448d515e350c3c784a1629650a097120aae78f2",
                "7bee78e26b10173c513588e10d38608291222e42c0444a49efc83192058c7c40",
                "f0a4a70ab09e840e63ccccb9189164652b3f53f37ea4151273412e8d4ea5d7f7",
                "36f82933e2c62c3529dbfd2c5704d77478dd11c315bce1abdba2627f3b80468a",
                "33a8b9028d2c9bc950f815a9943c7c0240b0820a51c150baa5a661c755761926",
                "14d3f6a03824b9d0860626616b333c7ec6fc50399a5e15c7ab59cf4d7fe20148",
                "09f8d6d873d787317e403cd19c7f1a3fc6b04c4027f1d3c2898b8b880c9b1393",
                "391f541d7cfbbb05db7f84627199b2b7b3e014f5e1f8e3f3431ccb5469a72da6",
                "6695adf0b98aad304ea24dc499db3d36979841d22e20141d005d2e91c9dea330",
                "947fbd9b9dc06410f46c73e22bd2c704975682463a08fc3e53681edc2c091368",
                "66b53ad50a33ed49d69dc364e8969054bad0fb10c20e84c08b3a76d709a01238",
                "39dae0f21a3c914bd14fa7f9eeec504762a49fa34bee87e22f0144c15f2fdd68",
                "f4b03ed2dd3a5fbc265886083a14bb7d95ca783b7a7d8aebbb6c91bc7006efb6",
                "d840ed5a38c5770fa3e6c802bd743870885997279487f9e1e27ffd90bd9f7fba",
                "91aee5d83b917f0e6cb84726a55eb0e88686667e1adac11dec979be619349afe",
                "2fef01378f391bed10fcc276b764602bd40c328141deb8677233b7a42a7d3f5e",
                "34b64dc368d34c42b357409d429e9cfedc6b4fdf81a1847c382c302201575430",
                "be17a6b200829d9e01ccd28ab91ffefe2710ccba77b201ee4b8e001dd107379d",
                "2c3a0296cd01e11eb89131678c8d89fea4f71e8cfec1f9c277e79d04f46f8248",
                "74dea3053774c8af28a274d3a75077e410360ae2fa4da185c468a9dd6615e203",
                "c2b1f542a0c946268e36fb88d01e2e39b1d8496de12743a6dd6e9d33a256eb7b"
            ],
            "type": "Fetch",
            "firstPartyCookies": {},
            "firstPartyCookiesSent": {},
            "exampleSites": [
                "www.games.co.uk",
                "www.jeux.fr",
                "www.friv-2017.com",
                "www.spelletjes.nl",
                "www.tvinfo.de",
                "www.toolshero.com",
                "www.yourlittleblackbook.me",
                "www.gry.pl",
                "www.viamichelin.de",
                "html.rincondelvago.com",
                "www.agame.com",
                "www.jetztspielen.ws",
                "www.openingsuren.com",
                "www.elkspel.nl",
                "www.juegos.com",
                "www.programme-tv.com",
                "fun.chicagotribune.com",
                "www.mahjong.fr",
                "www.okokorecepten.nl",
                "nieuws.nl"
            ]
        },
        {
            "rule": "headerlift\\.com\\/event",
            "cookies": 0,
            "fingerprinting": 0,
            "subdomains": [
                "ana"
            ],
            "apis": {},
            "sites": 5,
            "prevalence": 0.0000345,
            "cnames": [],
            "responseHashes": [],
            "type": "Fetch",
            "firstPartyCookies": {},
            "firstPartyCookiesSent": {},
            "exampleSites": [
                "rincondelvago.com",
                "www.jetztspielen.ws",
                "www.okokorecepten.nl",
                "www.openingsuren.com",
                "www.toolshero.com"
            ]
        },
        {
            "rule": "headerlift\\.com\\/assets",
            "cookies": 0,
            "fingerprinting": 0,
            "subdomains": [
                "wdg"
            ],
            "apis": {},
            "sites": 2,
            "prevalence": 0.0000138,
            "cnames": [],
            "responseHashes": [],
            "type": "Preflight",
            "firstPartyCookies": {},
            "firstPartyCookiesSent": {},
            "exampleSites": [
                "agame.com",
                "www.agame.com"
            ]
        },
        {
            "rule": "headerlift\\.com\\/assets",
            "cookies": 0,
            "fingerprinting": 0,
            "subdomains": [
                "wdg"
            ],
            "apis": {},
            "sites": 10,
            "prevalence": 0.0000691,
            "cnames": [],
            "responseHashes": [
                "8c3661d96d6b93ebfaa216d8fc1478a27c2432d6ffc0eccfd7028ee50cfb0a47",
                "2176fde8ee55f459d2227d9f1ccacceef86a051a61dcd4d9f210c07824857420",
                "7be35d4d0acdaed6f0a4b41b105a5283ca25e12ec5556d2e80a8194c72790ee8",
                "ebf350c32134162a1d52831c0f2fbfd638c279182f467b953764fd75b443c8ce",
                "c9d750a16f1f66fc779aee1739e50e8a957e4d88b493bb248442f2b4bb4dd61c",
                "4d35af7fe743c6303c438b59536994af5c4a7625cee53ad027fb6452f7aee658",
                "eb7d2b4a8e454f824d06043b93a867cebdd490e2c7ed5b297013630479c70615",
                "9f840cca19827e56e9886758f5f6ba2830127f10ae300be904189ae210c9dcf3",
                "c29fb989807bdbe8422ec2f2289c2267140f7c434745986a6df59467f74adae0"
            ],
            "type": "XHR",
            "firstPartyCookies": {},
            "firstPartyCookiesSent": {},
            "exampleSites": [
                "agame.com",
                "www.agame.com",
                "www.games.co.uk",
                "www.gamesgames.com",
                "www.gioco.it",
                "www.gry.pl",
                "www.jetztspielen.de",
                "www.jeux.fr",
                "www.juegos.com",
                "www.spelletjes.nl"
            ]
        },
        {
            "rule": "headerlift\\.com\\/widget\\/img\\/b7dd6962-922c-47b4-9d50-e2c74d727691\\.jpg",
            "cookies": 0,
            "fingerprinting": 0,
            "subdomains": [
                "static"
            ],
            "apis": {},
            "sites": 3,
            "prevalence": 0.0000207,
            "cnames": [],
            "responseHashes": [
                "3cfbf6ab8135e5f192362f8922451e4e66ce9010bea31a222fdc046d7cb84b29"
            ],
            "type": "Image",
            "firstPartyCookies": {},
            "firstPartyCookiesSent": {},
            "exampleSites": [
                "agame.com",
                "www.juegos.com",
                "www.spelletjes.nl"
            ]
        },
        {
            "rule": "headerlift\\.com\\/widget\\/img\\/a477d1d3-7a52-4066-a394-37df4bd674de\\.jpg",
            "cookies": 0,
            "fingerprinting": 0,
            "subdomains": [
                "static"
            ],
            "apis": {},
            "sites": 3,
            "prevalence": 0.0000207,
            "cnames": [],
            "responseHashes": [
                "9fa715d3eb60b1d9fc7e9e5f00a1001e95750ad94278ad6c3cfefe843924edea"
            ],
            "type": "Image",
            "firstPartyCookies": {},
            "firstPartyCookiesSent": {},