{
    "domain": "hostigr.com",
    "owner": {},
    "source": [
        "DuckDuckGo-US"
    ],
    "prevalence": 0.00196,
    "sites": 258,
    "subdomains": [],
    "cnames": [],
    "fingerprinting": 0,
    "resources": [
        {
            "rule": "hostigr\\.com\\/dfbea",
            "cookies": 0.00129,
            "fingerprinting": 0,
            "subdomains": [],
            "apis": {},
            "sites": 171,
            "prevalence": 0.0013,
            "cnames": [],
            "responseHashes": [
                "74c6f70cf45394258b5cef7b5e92f6d601be6eb7093c69db44b4c02e19a9bc03",
                "2626a1dbdf7fa7f11e355c17c62fa191ed01f17db2ae80b22e0d9af0167bdb6c",
                "b4f924fc968c4fb2d9c6528c713d12ef700cef30bf0759378c43d09738364e4e",
                "1487d666bb7ee5797a04c69f1b58293889f9924a104b4b24f1ea45bfd0a49c0f",
                "95e1700fe22591856d1a6392d78e0b08964b832e0ac11a58716ac5e8b891195b",
                "4075eb67218c999cc333f808727370c4c958b3a64b52aa29f472f8e267557850",
                "608c110eb5436551d1691fe2fb144415e446a69f6af9c8159acc09187ada51ff",
                "ee22dd3976e7fa775cdbeff347f9fe88e11f46bc275768087feb91ae0467f168",
                "be86ac0e6b5e28eb83fbf120386f09faf16e95fa3785952873407245cef57897",
                "5d4b49ec2ff1e89dc49f68f50d5df658da609ec02cb991e37bffda51b26724be",
                "0cddef321ea7fd8790b236a6c67e8834dae203cef3a14cab6aa6011368a82937",
                "e3cb2841245f5aae527c6c3d2e088b721218b9a69975228bf99061f0dbd10f32",
                "2cb74b5edf3c3ac5398898dac6092c44ff4ce83582ee1fe301c0d20420b53dda",
                "267be79fb92a962cd7cd42f1c9ab78fc6fa337dc8154d7250af50f44e48602a4",
                "0918ca64df76be6f938af9e88b40cad9674b62339628fe5af085669147bae7b5",
                "39e3def3c9058c0b23e8168294e2e52a75e350fbba7f86292f596cd3b14b525a",
                "0b4b201694beb1943010950f815c0cc61c793a476121105f0f3ac34683b1f1cb",
                "b945c034c2df4b4c3b6fbeb1f1125fe5f20504ead5b40c2ec7a1dc1ff2db6c7a",
                "47bf1174d2c3d1c068e77318a6b4da8147f2cf49ee1bf5fd78b8b7b21ba19bb1",
                "a72b36de548a2bf8783df04e0829ac165bf244cb1eb38bfbfe2367b919300c6a",
                "a176d9671f05d2903ccff1f846ad506e129abf9e7bcb7560aebd7aed78a580d7",
                "474c48fa331717f9bf72f2dc6a39a4ec45334910c05c47918bb2a48fab3f14f0",
                "c81f233f3b3eb00ce912a8fe60ae8c05cae0f337e5d779d1d39f39bf9e04725e",
                "bfd5366961931143e12260eabd62dfbd98c331d769585a66048ccafe358c6c9d",
                "828ce7a087ab7d743870ef61b31587cae6bc7e1aad5c20a5472c7d0bb94faa12",
                "9e59386b3169644521d347af563fcb70b32377d654f57147566cfce216406dd8",
                "d3aa700832aa03c5ea4df590809d82ec1dee19975457ff16512078700d183735",
                "913fccc369b4c243ea2762f228ee4bbd18f6c817a5a17fb29bb6b181d583a6d0",
                "dc0c90188009fcea022ed16a7aef674e433f8377e6b5b58f818ba79ea8364bac",
                "5a710b86135b27914dd4d0f343e659ae70158a82cfd48f4d76c1d91136e09caa",
                "6544d0ed6c59dc39565f09d7187913fe1284036213f73cda42547292ba84076c",
                "ff84dc196bdd6e017b48323a76fe4f4cff291eeb0b8b7d808f483a8447e73049",
                "672113772abe7b00b7e597bed365f14dc4e6cb92c23bc9f558ab6eef020c5e4a",
                "8f234c4b24d8498842d6aca96a5c59b0fc07d4712bb1afbb7f35b5180fcb49fb",
                "e056cad84866d45ec4f3e80fa070ae6b2cfccd189da5dfb1d83b0eda3b5f4371",
                "41419115f8e0aaea2714d37ddcf18b725b6522b1a6d1589238bf849c03df9fdd",
                "7746dfa75b1736e29f6d4338b7bc728cdc6b97bc5c1a9551ffd5057ff966d654",
                "c166f685858a1f25aaa839aa41a3c102b73854089d6937dc6bc70c097dffb71b",
                "25586f80b993a21b271b69b63efe3d6a5fc7e767ef3ac0d8be12de9aba8be5ca",
                "5f3c3ee1d39da0ae6e8f6eac774c73a14f2131fed8de7c545ffcfa4dc4d4d829",
                "d2e89841d3e1a4c4455a2361ec3868cb871b5a9e1d5163889e6dd8dd52a087fd",
                "42edfaa74da13ec3a12146f0d345974a0ce06fdc8ffdf7d47528b83181623c51",
                "6f716f50b0397cf89f14404262ac462d5e9e0ae722f346b76cfb206489880145",
                "ada4419e6d451ea74e966ca91cd4ae9a4dd65072254b240bc6c19c06abfbfc1e",
                "978940fab333b5dea110bbdd1a03ee56acff64fe10422aa907ce8b153ed7d545",
                "013a154b8aca7c8069239cc2fc89a6691a09670dafcb450e54ed137a6064b619",
                "1ac2aa5342817d0d5a6930a2af6995e719a57d95c1855298920addb8384a517b",
                "ce0813cf206f88306a4b1477e5b77974a26feaba801918bb2d9c716e2feb2422",
                "6de5f1484950cad0e4aaa141a2c2682d16de5ebf799733fd09d114eac4b0de04",
                "7ffe3e0e0ae895f2570e98986f18c52a489e888a77ae218878feacb75e2b5922",
                "66036739019a60db4f40b50af03df4aa10e54313b07ca291ad7ab73d344077a0",
                "53d87292e118e6c67830081ad56b5f1466a27ce19e312ee98166c91f2c7e6106",
                "7edfba27d7da8c0a933ac3d21795df537e0e90289fc4b9806344a4152b6e9b73",
                "9ce439f05a7dd2d55b4af86ebb1192d91634071f6c4e4e934a006128710cb5db",
                "0feac7855ca5a4ef52a97f2e40249d000bbd6e595843457fb11994f74453b625",
                "e4e903a10afd10fc0d46e78a0fd3c92e2afabfaa3e34a225ac1f80aeab61fd5f",
                "00e10c08126bbfa3676bca61903a90fd69c4dc4ae88a507996de999eabf5d340",
                "8c3c99d52b1b33219c9edcba3da60150fbb0c653e506a3ae86c7049a8057823f",
                "b05d3f45395b2029382dc59bb60aa3a62b5b9c657b269a896655fa204891a3d1",
                "cd1ab0841f28f9b537d52b7ca366d7d915d3e9bd002faf05324c94cd91d53774",
                "ea0a71204f8699505596da9135b57c02b778890c950466ee132ae56bb1c18360",
                "34a901a3b57f38bddf046f7bbd2084d7fac042842146de1b24b362ea6fd8863f",
                "abf0cd83b36dd4193f55932ab488153ee531a799212227cff4ba2af491b18050",
                "2082a71bf166c44ba7ceb4abaaa1091e86ee07732e02d7ddad950d3ca701cac3",
                "dabba3d1a1894d1aeca3ceb29a01cead440ebd530eb2fa762931b9c76e34ad8c",
                "e90f9f116f7275d5184412ca8b9e5db4416bd8ce9367414dbab20b7748bbc7b8",
                "a5f187d63413dbc2edeb7a3dc373a48d1ffdc221e0b7138b5fe92782537fd8f2",
                "8a1b2d59e8e0fa683fa50875246a9042cbae62c751d9d745e4b4bfdd9ef02e8f",
                "e06377f4b9a29d0820d2a05fc073f2010f9a573e0bb386c863b4ceeb44012903",
                "85221d53a79c8738b7980c278a0e4596ee0553f01dac2efe1cf0309abd409b7b",
                "b9cce0d2f405f588acc0c4f2786d2aff8815fb277d23b638ad769d2c8a3348f5",
                "779cf467043181fa20956806192d027766177fcd5d020011ae724a013ec894be",
                "c137f8b511af1728406ecb548f32be14b39580cbef05e70397988ab7dd2f9909",
                "650ad5223f5a4bb3825e5718edeb77ce7aacd306c3405267a28fcefceebf4878",
                "4ec62d8c04b92487fc306a685a404b16513e03d71aae3aca761bad193e77f242",
                "d6f9b8437da01e84e41030ba102a560e3d12b2daea3333a0a4d174c9b401ba56",
                "1569839fbaf44762777e47b2951503ae85d87785896909fae1984b46699dfd54",
                "38d411ffcb2826af6efdfdd873e4e83682caf36fe0def88ff0cff93fe7ccb0ab",
                "9e744782d0a85ddb74717d03aa691e42f246cb9055b7a8690bbd800d17a120b6",
                "82a50f0a0e886be2e244dccd75a45809db83b4216b68f785af64b9bb3223300e",
                "f407b463e3efc81f196742f1707752ae12e9ebd414aecd5da47d75432f05a735",
                "91053f21546509359e3b0768e56676b3985b0390146d0b8b4f728dac82460be4",
                "d6c8abf5386d360845ca7ecf681aef50d7d30e007a2de39007c5cf443f3f1448",
                "36cabeda9c7954029d2c499fccb373d29f9432ff80a77b9d1d501384d85aa481",
                "aa237b530f56efd440e6f0fe3e2913783cf1f417b64d5dad4c89ba8d3bf04ecb",
                "052b4efd471aa5cc57ce971360690b7af41f9e3f0cb98995b6b50b15af0d83b8",
                "e41167d87704f4dcea5b8ecd1b81903cd43bae414dfec0f392e850fbec04b265",
                "a2aa1d44d3e7b061d009c29b04c17d677c27b38765e5077b03e7b267d2d7170c",
                "43c47490ed126f7c76e11a6effb9c20abb7a9a2ca273a3800e96dd0f3de0a3fd",
