{
    "domain": "iflychat.com",
    "owner": {},
    "source": [
        "DuckDuckGo-US"
    ],
    "prevalence": 0.0000987,
    "sites": 13,
    "subdomains": [
        "cdn",
        "api3",
        "api4",
        "api5",
        "ws"
    ],
    "cnames": [],
    "fingerprinting": 1,
    "resources": [
        {
            "rule": "iflychat\\.com\\/js\\/iflychat-v2\\.min\\.js",
            "cookies": 0,
            "fingerprinting": 0,
            "subdomains": [
                "cdn"
            ],
            "apis": {},
            "sites": 9,
            "prevalence": 0.0000683,
            "cnames": [],
            "responseHashes": [
                "a1f9d0fc5e8fcd33e6401f6d58c8c0271a29171682d5db38e49dc5e603f76e35",
                "e35bd19e16d442749f945496a5b821efb773d4485d17a9458ba5eba4d4e64dd4",
                "f7a658e9de7161e6d3996406424577fcd20b9eb20da95f4e596f0e62b8707ec7",
                "587f2adf6c42f9b8f556cff72700627544978c94863e508e13592c110f097407",
                "fa6c5374ee0966577e19a8065ce1001de756a5dfb2ca895ba8516c947954d617",
                "be20d295afa6ecc17277951863db85c2cc8de92090b6ed3a3da3ac2d186dd533",
                "c7f51234682d52425c4bd5957189cdbb9c2f442e3ad2a0fa63a7f88f4e43cc66"
            ],
            "type": "Script",
            "firstPartyCookies": {},
            "firstPartyCookiesSent": {},
            "exampleSites": [
                "careynieuwhof.com",
                "crazzfiles.com",
                "gomiblog.com",
                "katohika.gr",
                "woofbears.com",
                "www.cdsissy.com",
                "www.fantasyalarm.com",
                "www.nowtheendbegins.com",
                "www.rotoballer.com"
            ]
        },
        {
            "rule": "iflychat\\.com\\/js\\/iflychat-app-v2\\.8\\.17\\.min\\.js",
            "cookies": 0.0000228,
            "fingerprinting": 1,
            "subdomains": [
                "cdn"
            ],
            "apis": {
                "Navigator.prototype.userAgent": 3,
                "Document.cookie getter": 3,
                "Date.prototype.getTime": 3,
                "Document.cookie setter": 3
            },
            "sites": 3,
            "prevalence": 0.0000228,
            "cnames": [],
            "responseHashes": [
                "2f06547991d611255cdf225af88662858f3e5275e89022b49720abd0ffefd051"
            ],
            "type": "Script",
            "firstPartyCookies": {
                "iflychatTokenCid": {
                    "ttl": 43202,
                    "length": 171,
                    "prevalence": 0.000022774028497900995,
                    "uniqueness": 1
                },
                "iflychatSoundCid": {
                    "ttl": 2592002,
                    "length": 44,
                    "prevalence": 0.000022774028497900995,
                    "uniqueness": 1
                },
                "iflychatStatusCid": {
                    "ttl": 2592002,
                    "length": 44,
                    "prevalence": 0.000022774028497900995,
                    "uniqueness": 1
                },
                "iflychatUserId": {
                    "ttl": 43202,
                    "length": 9,
                    "prevalence": 0.000022774028497900995,
                    "uniqueness": 0.3333333333333333
                },
                "iflychatUserName": {
                    "ttl": 43202,
                    "length": 9,
                    "prevalence": 0.000022774028497900995,
                    "uniqueness": 0.3333333333333333
                }
            },
            "firstPartyCookiesSent": {},
            "exampleSites": [
                "cdsissy.com",
                "www.fantasyalarm.com",
                "www.rotoballer.com"
            ]
        },
        {
            "rule": "iflychat\\.com\\/api\\/1\\.1\\/user\\/create",
            "cookies": 0,
            "fingerprinting": 0,
            "subdomains": [
                "api3",
                "api4",
                "api5"
            ],
            "apis": {},
            "sites": 3,
            "prevalence": 0.0000228,
            "cnames": [],
            "responseHashes": [],
            "type": "Other",
            "firstPartyCookies": {},
            "firstPartyCookiesSent": {},
            "exampleSites": [
                "cdsissy.com",
                "www.fantasyalarm.com",
                "www.rotoballer.com"
            ]
        },
        {
            "rule": "iflychat\\.com\\/translations\\/en\\.json",
            "cookies": 0,
            "fingerprinting": 0,
            "subdomains": [
                "cdn"
            ],
            "apis": {},
            "sites": 3,
            "prevalence": 0.0000228,
            "cnames": [],
            "responseHashes": [
                "82fc75726fb28164624bdc47574778207b5cec76f3196794409d32c15d8d462d"
            ],
            "type": "XHR",
            "firstPartyCookies": {},
            "firstPartyCookiesSent": {},
            "exampleSites": [
                "cdsissy.com",
                "www.fantasyalarm.com",
                "www.rotoballer.com"
            ]
        },
        {
            "rule": "iflychat\\.com\\/api\\/1\\.1\\/user\\/create",
            "cookies": 0,
            "fingerprinting": 0,
            "subdomains": [
                "api3",
                "api4",
                "api5"
            ],
            "apis": {},
            "sites": 3,
            "prevalence": 0.0000228,
            "cnames": [],
            "responseHashes": [
                "6c37d0f49ee37121bfa43200ab48c77667e8430a15a506661fdb846c2ef95649",
                "8f777f5ab10155468080f5de421d184fb2dc43ba44bd9ab5b1a07f024dd95db1"
            ],
            "type": "XHR",
            "firstPartyCookies": {},
            "firstPartyCookiesSent": {},
            "exampleSites": [
                "cdsissy.com",
                "www.fantasyalarm.com",
                "www.rotoballer.com"
            ]
        },
        {
            "rule": "iflychat\\.com\\/font\\/bootstrap\\/glyphicons-halflings-regular\\.woff2",
            "cookies": 0,
            "fingerprinting": 0,
            "subdomains": [
                "cdn"
            ],
            "apis": {},
            "sites": 3,
            "prevalence": 0.0000228,
            "cnames": [],
            "responseHashes": [
                "fe185d11a49676890d47bb783312a0cda5a44c4039214094e7957b4c040ef11c"
            ],
            "type": "Font",
            "firstPartyCookies": {},
            "firstPartyCookiesSent": {},
            "exampleSites": [
                "cdsissy.com",
                "www.fantasyalarm.com",
                "www.rotoballer.com"
            ]
        },
        {
            "rule": "iflychat\\.com\\/api\\/1\\.1\\/site\\/settings",
            "cookies": 0,
            "fingerprinting": 0,
            "subdomains": [
                "api3",
                "api4",
                "api5"
            ],
            "apis": {},
            "sites": 3,
            "prevalence": 0.0000228,
            "cnames": [],
            "responseHashes": [],
            "type": "Other",
            "firstPartyCookies": {},
            "firstPartyCookiesSent": {},
            "exampleSites": [
                "cdsissy.com",
                "www.fantasyalarm.com",
                "www.rotoballer.com"
            ]
        },
        {
            "rule": "iflychat\\.com\\/api\\/1\\.1\\/site\\/settings",
            "cookies": 0,
            "fingerprinting": 0,
            "subdomains": [
                "api3",
                "api4",
                "api5"
            ],
            "apis": {},
            "sites": 3,
            "prevalence": 0.0000228,
            "cnames": [],