{
    "domain": "influ2.com",
    "owner": {},
    "source": [
        "DuckDuckGo-US"
    ],
    "prevalence": 0.0000967,
    "sites": 14,
    "subdomains": [
        "www",
        "t"
    ],
    "cnames": [],
    "fingerprinting": 0,
    "resources": [
        {
            "rule": "influ2\\.com\\/tracker",
            "cookies": 0,
            "fingerprinting": 0,
            "subdomains": [
                "www"
            ],
            "apis": {},
            "sites": 9,
            "prevalence": 0.0000621,
            "cnames": [],
            "responseHashes": [
                "1a5ff3e620907878cd7523b03b9dd96399f68a54e074488253628a3b916c3685",
                "1cd1022de3609d508dae19f4fbde8d614326a82767b73578398c9d9efce1152b",
                "a32dd64930e2d26c2b519ae93c1b4272dfa9ee6b567850e6c1404802b73be583",
                "4bbd4c288635e08a93a034be9977feb4d042ad0b272237a541cdac8cc8d4e71d",
                "92d250a8f1c018cdb8431496c67a696f6dba619c38657190f6724303614cd1b3"
            ],
            "type": "Script",
            "firstPartyCookies": {},
            "firstPartyCookiesSent": {},
            "exampleSites": [
                "netapp.com",
                "cloud.netapp.com",
                "cyberpolygon.com",
                "play.geforcenow.com",
                "www.nvidia.co.uk",
                "www.nvidia.com",
                "www.nvidia.de",
                "www.rittal.com",
                "www.sumologic.com"
            ]
        },
        {
            "rule": "influ2\\.com\\/u\\/",
            "cookies": 0.0000621,
            "fingerprinting": 0,
            "subdomains": [
                "t"
            ],
            "apis": {},
            "sites": 9,
            "prevalence": 0.0000621,
            "cnames": [],
            "responseHashes": [
                "c19802e73b1144ccc7db6fa7a416469b8635a5d034c6f71071c7fe6f140ffb5b",
                "909c1b17cb7b47128fb5326f382f2f392a223dc2929588f807d44ccd312a3dea",
                "23d10283a2acd46ff513f7dd1ee4124b170899b62e1ea35ad7538ed7abfbb547",
                "9e718115dae47b0fd90ce22f5fee08ccac4fe789591d672966cf2428f7aeaaf8",
                "703108a2d684fb0247df54250770fc191c6eb7dd768ecb7b67ff40ddb988f9a9",
                "431c4f7da5544366c45e215aa8d6d9cc8371dd6f2f1f638c4a866aa5bfe4a000",
                "4959b816af13f7e7fcdc364dd66370531c507f52e68814227b8e890ca5fcc68c",
                "3bba2a74d007206d1f0dee88c5132c6c90920e5d6e27657259238045a214e8b9"
            ],
            "type": "XHR",
            "firstPartyCookies": {},
            "firstPartyCookiesSent": {
                "tbw_bw_sd": 0.000006904027119018524,
                "_ym_d": 0.000006904027119018524
            },
            "exampleSites": [
                "netapp.com",
                "cloud.netapp.com",
                "cyberpolygon.com",
                "play.geforcenow.com",
                "www.nvidia.co.uk",
                "www.nvidia.com",
                "www.nvidia.de",
                "www.rittal.com",
                "www.sumologic.com"
            ]
        },
        {
            "rule": "influ2\\.com\\/p\\/vt\\/",
            "cookies": 0.0000621,
            "fingerprinting": 0,
            "subdomains": [
                "t"
            ],
            "apis": {},
            "sites": 9,
            "prevalence": 0.0000621,
            "cnames": [],
            "responseHashes": [
                "d267998c3594ce7f02341a5a8ef2b2705627f2552960e332d73747022406a30b"
            ],
            "type": "Image",
            "firstPartyCookies": {},
            "firstPartyCookiesSent": {
                "tbw_bw_sd": 0.000006904027119018524,
                "_ym_d": 0.000006904027119018524
            },
            "exampleSites": [
                "netapp.com",
                "cloud.netapp.com",
                "cyberpolygon.com",
                "play.geforcenow.com",
                "www.nvidia.co.uk",
                "www.nvidia.com",
                "www.nvidia.de",
                "www.rittal.com",
                "www.sumologic.com"
            ]
        }
    ],
    "categories": [],
    "performance": {},
    "cookies": 0.0000967,
    "types": {
        "Script": 9,
        "XHR": 9,
        "Image": 9
    },
    "nameservers": [
        "dns1.registrar-servers.com",
        "dns2.registrar-servers.com"
    ]
}