{
    "domain": "influ2.com",
    "owner": {},
    "source": [
        "DuckDuckGo-US"
    ],
    "prevalence": 0.0000899,
    "sites": 13,
    "subdomains": [
        "www",
        "t"
    ],
    "cnames": [],
    "fingerprinting": 0,
    "resources": [
        {
            "rule": "influ2\\.com\\/tracker",
            "cookies": 0,
            "fingerprinting": 0,
            "subdomains": [
                "www"
            ],
            "apis": {},
            "sites": 9,
            "prevalence": 0.0000622,
            "cnames": [],
            "responseHashes": [
                "1a5ff3e620907878cd7523b03b9dd96399f68a54e074488253628a3b916c3685",
                "5d6345ac998308183bfbd6e0557417892e2c043bf9562777b7c68f1a11131ee3",
                "2f8629cf3d5bd1111c9b2a893b4c3dd1579c61ea6a86c58fbeda90da6954691b",
                "a32dd64930e2d26c2b519ae93c1b4272dfa9ee6b567850e6c1404802b73be583",
                "16ad04fe2e4a4753374440239e85fec2aa6f7dc4c77501ef1fd3690706fca443",
                "4bbd4c288635e08a93a034be9977feb4d042ad0b272237a541cdac8cc8d4e71d",
                "92d250a8f1c018cdb8431496c67a696f6dba619c38657190f6724303614cd1b3"
            ],
            "type": "Script",
            "firstPartyCookies": {},
            "firstPartyCookiesSent": {},
            "exampleSites": [
                "netapp.com",
                "cloud.netapp.com",
                "rollbar.com",
                "www.lambdatest.com",
                "www.nvidia.com",
                "www.nvidia.de",
                "www.ptc.com",
                "www.rittal.com",
                "www.sumologic.com"
            ]
        },
        {
            "rule": "influ2\\.com\\/u\\/",
            "cookies": 0.0000622,
            "fingerprinting": 0,
            "subdomains": [
                "t"
            ],
            "apis": {},
            "sites": 9,
            "prevalence": 0.0000622,
            "cnames": [],
            "responseHashes": [
                "78ee4ff38dc1a1223ee53c01a105c1ff23fcf09e6784f1eea43ab334d85410ae",
                "a54631c4af7bd8b5bc49f432cfdab1d540ab922e76efa011ccb6d35cd1b850ac",
                "4888c88c74a7b03671ec963f0a4df6d46bc7fd479a4a1df1f97473749221290d",
                "d8fd4b1eb1374ce167de2c456c1467da0fd191c293cbc00087b3a0ba6e4a093e",
                "06d4e9d3096b600f5eb6608e9cd76817b3bc131e2e3c4ef779c3a2bfdad789bf",
                "0b1141792bc5db22e09a9119080905faa41f032632d9214e7fc17b869163e644",
                "bcb1d644a14a71778f30cbfcaa85431d4c77007a196364c29e30d2db3daf0e62",
                "1651661cfe2a7ac2c4a7f4b85fac01bd759999269b551d3c286f12622cc73277"
            ],
            "type": "XHR",
            "firstPartyCookies": {},
            "firstPartyCookiesSent": {},
            "exampleSites": [
                "netapp.com",
                "cloud.netapp.com",
                "rollbar.com",
                "www.lambdatest.com",
                "www.nvidia.com",
                "www.nvidia.de",
                "www.ptc.com",
                "www.rittal.com",
                "www.sumologic.com"
            ]
        },
        {
            "rule": "influ2\\.com\\/p\\/vt\\/",
            "cookies": 0.0000622,
            "fingerprinting": 0,
            "subdomains": [
                "t"
            ],
            "apis": {},
            "sites": 9,
            "prevalence": 0.0000622,
            "cnames": [],
            "responseHashes": [
                "609528a7af01128ef65d4574328372750177a25286eb5d9cab473b9bd8f3bbe8"
            ],
            "type": "Image",
            "firstPartyCookies": {},
            "firstPartyCookiesSent": {},
            "exampleSites": [
                "netapp.com",
                "cloud.netapp.com",
                "rollbar.com",
                "www.lambdatest.com",
                "www.nvidia.com",
                "www.nvidia.de",
                "www.ptc.com",
                "www.rittal.com",
                "www.sumologic.com"
            ]
        }
    ],
    "categories": [],
    "performance": {},
    "cookies": 0.0000899,
    "types": {
        "Script": 9,
        "XHR": 9,
        "Image": 9
    },
    "nameservers": [
        "dns1.registrar-servers.com",
        "dns2.registrar-servers.com"
    ]
}