{
    "domain": "infopicked.com",
    "owner": {},
    "source": [
        "DuckDuckGo-US"
    ],
    "prevalence": 0.00038,
    "sites": 50,
    "subdomains": [
        "beta"
    ],
    "cnames": [],
    "fingerprinting": 0,
    "resources": [
        {
            "rule": "infopicked\\.com\\/adServe\\/banners",
            "cookies": 0,
            "fingerprinting": 0,
            "subdomains": [
                "beta"
            ],
            "apis": {},
            "sites": 33,
            "prevalence": 0.000251,
            "cnames": [],
            "responseHashes": [
                "90da129276851155fa3a7d07c9978df8389046bea1b543c0f66a397bb98e6cd2",
                "af4dfb3257c263b4191b8cd86b8601467f333109830c742f46c768ce2a064813",
                "a33a3b899d93e1baf991804c17b89ce7d6effc7a3fbcd2a76134b1b17a031033",
                "8641168fb0acc62536e48e7a22e2b05530e1edf51a6c0a3693542d1ac79c6534",
                "5a061b630f323db433483e2ae6b12e02cc468d3d8509c99a811573ee38fad9aa",
                "b2c0cfed684f32c876f2e482cf034f80be51f17391c02ccc0887e8e55931cc60",
                "fb36ed8d9123a1a0b3520f166bfdb4addb19dff2d691ecbcfa65323cfd0356fe",
                "81bf188e239c3e52f073dd8f00c2ba01506e55b5f12c8b320d70565983af1998",
                "b2b82357356ac7e9cfbeba8799234644f0d067167ac9c90501a8e71a16fce9d0",
                "ff170b62bf1daad2ac048ad9a62e64373be6dc76e47efde08a598414ddad73da",
                "3d0f71af64200154000855d391c6c855f7c129eab28f1dd52e98d65191481bb5",
                "c202296fe3b32354bb1555a9f00f78755399fe82985fb35e9782776b4be34991",
                "e3b0c44298fc1c149afbf4c8996fb92427ae41e4649b934ca495991b7852b855",
                "4c972d91c3d89549f99c9292e5d2430338c0859e9eea3af28680dad58be0548e",
                "86e9597c3db919fc60c0f8520a6b2ddd522881f97040b12bb0eb43291fbc5371",
                "caedb30e8efda499b53162587b9a5cd426109e6d47d01ffe072a21bf04a9f737",
                "701e4866f0d8d223e9ddfd8c1ba72882092161d49abb3b376108206c1529d1a3",
                "4b7c00559c4e4a11c9a0c15e023b308038742222d12d088e039686dd7fd6eacc",
                "9e6a8b0eec847f101173e3cbd89b5f89dfea5148114b0c5566cfaf24b80a958a",
                "96d4f6c23be606debd9ef138d1917a5f3f71107ca32112e6b479a5e5476c71f0",
                "85fbdbb9cf39bd9ec3bf8df19550d3f2621dfbb4fa7c568b15c6a77fc8a23b89",
                "8f5b75e5e6810c598b3e449c94ad65d3646b13cda437d16e86f92fba20a30eea",
                "ce7162cbc582301764460ee29489c6e22e03aea9d35e8026c58cb4247b4f979d",
                "70872eaf967dec266af3962ba908e894176b1ff1d8161eee7b08aaf3261b8770",
                "922bb11d6e7a8fdacf802527be153664a288371c70a3805d1510774c9289753f",
                "05a05b0857336cc2af0619fc2414a3f037163319509d1699374bae424736fd0c",
                "95519abbe67630a223d3019f89694cb761db106f3712e8479cf28852410d15da",
                "869ed1af2f1aaf5177147243e6b64c99453de5ca83806a49084cd2e3ed1d2400",
                "49bf25b7500aa3e6596f4cff657b13ca15dd8503d56a7f075e9bcbe0e153e65a",
                "28e5b9b296d503c22c0483c97d049b353b7b36db2250555aa273ff9ca6548ecf",
                "632f21b398ffee60941d2dc77f7728611586e53a4221b2f19105e64b312ee9c1"
            ],
            "type": "Script",
            "firstPartyCookies": {},
            "firstPartyCookiesSent": {},
            "exampleSites": [
                "www.baixarfilmetorrent.com",
                "freegogpcgames.com",
                "youtube-mp4.download",
                "kimcartoon.to",
                "mp3-youtube.download",
                "bangladeshix.blogspot.com",
                "rarbg.buzz",
                "get-into-pc-1.blogspot.com",
                "www70.zippyshare.com",
                "repelis.io",
                "www.rgmechanics.com",
                "yts-magnet.com",
                "kisstvshow.to",
                "nflstreams.to",
                "ytstorrents4u.com",
                "dvlottery-2022.com",
                "www78.zippyshare.com",
                "123moviesfx.com",
                "ddownr.com",
                "yts-torrent.co"
            ]
        },
        {
            "rule": "infopicked\\.com\\/adServe\\/banners\\/findBanner",
            "cookies": 0.0000759,
            "fingerprinting": 0,
            "subdomains": [],
            "apis": {},
            "sites": 10,
            "prevalence": 0.0000759,
            "cnames": [],
            "responseHashes": [
                "2178e1321e6b9487b18333fca76705628d4b86924320d65a8086ff16a94efca6",
                "80f9d71526bfa2626bf3bf8722e0f41c1f740c18af1e0315746c29db822df9aa",
                "3c518466aec070f4ddbaa026cfa4b5d75d3560443c0ea3c1b7460273fdea1b79",
                "dcd6136ac087fd5dd0ef9a5e2f5ec70c4c80cfbee8cd41c235647cc1996c84f1",
                "b9b06403e21f516ae62d31e7ad98c3f133cbc47e3320b43bc5c5230044acc7d1",
                "f82b418696d246abf6a287451cd948b4e79ca6d9607f721aca0da930b5e1fb68",
                "1f682fe79557d560f229cd1a633cb3efad64748bedb6fd236ceb299b6d6902e5",
                "ba6b4a12d87cd243949b1924b0b76646b2ce2d95bd9c4896e8342f4844e4884c",
                "ea6ab3b04abc970fa66dc8b73dd5db0574b60f8112008d6417fb7cc94cac2288"
            ],
            "type": "Script",
            "firstPartyCookies": {},
            "firstPartyCookiesSent": {},
            "exampleSites": [
                "bangladeshix.blogspot.com",
                "boscinema21.club",
                "dvlottery-2022.com",
                "get-into-pc-1.blogspot.com",
                "rapidtrend.com",
                "www.vitalitypedia.com",
                "www70.zippyshare.com",
                "www78.zippyshare.com",
                "ytstorrents4u.com"
            ]
        }
    ],
    "categories": [],
    "performance": {},
    "cookies": 0.000106,
    "types": {
        "Script": 43
    },
    "nameservers": [
        "ns2.dnsmadeeasy.com",
        "ns0.dnsmadeeasy.com",
        "ns3.dnsmadeeasy.com",
        "ns4.dnsmadeeasy.com",
        "ns1.dnsmadeeasy.com"
    ]
}