{
    "domain": "inskinad.com",
    "owner": {},
    "source": [
        "DuckDuckGo-US"
    ],
    "prevalence": 0.000552,
    "sites": 80,
    "subdomains": [
        "mfad",
        "cdn",
        "t"
    ],
    "cnames": [],
    "fingerprinting": 1,
    "resources": [
        {
            "rule": "inskinad\\.com\\/api\\/v2",
            "cookies": 0.000283,
            "fingerprinting": 0,
            "subdomains": [
                "mfad"
            ],
            "apis": {},
            "sites": 42,
            "prevalence": 0.00029,
            "cnames": [],
            "responseHashes": [
                "b8990acea16ba791327ef368f868d1815ef36133dafb1fada50ec788701fc292",
                "838b3c04a064c2dd7223fbbcb63f33c6dbcae6a811c01ad7d20cdbe5442a26e0",
                "4565ce0b727dbe28211c1cfd1e08fcac13963c03402b819fc5347c23b29182dd",
                "38e2b267dd7e8cd240c32a619bd38a7b5c389e9ccab81fadfd1873ea76ad8fae",
                "07f72273d165389c4d1287178a824b7738a5a0c8ab4e28415e697d82f65463a4",
                "e3a9de001d8a4aee71a7522655f3a6b678c8ad85cc2b178425f22c8e152508e7",
                "fa7cb2aea02cc5bbce94e79f8ee6898000dd96f28213c2983f75748093f6e333",
                "e653acb0f13378256b211a4aa5b8e5ddebefb886e5bbf411f33025ea27bbcd5f",
                "ea46c47a13430e82e85180c36e977872d7a72597b6092a93f3e57c74df987222",
                "5b13ebb2449553c273fa8da7d3c7271722416dfb1ee8441e2ff5da1f207094f8",
                "584dfd5015494303e55f256869246f5b804c4c3bd07ce0d0b7f05c3c4990bfe6",
                "f007b8562c74983e941f0ab2b274f73fe657a271c152b99bd5c095648113e869",
                "9b5700335b3db58cdd3258a222b4a8eb7b75f9466fb3aba5f283c1ce448608b3",
                "845d682b8ead7d12cf4ef9a43cd5497a14d085c95bfbc88bbe3c874314c3340c",
                "e9143dc719b40476ee74d1b3e8397a11fe15f59127f5b324fe4f145be9ddab67",
                "60b1bf4fbddc2d6624af7bfad08c24af549f687b0f6f8e84d7969647be2f6c5c",
                "7554b3df104a9219916472bdd145158c50f0f961123a98a4c52e7291d151c9b1",
                "9607bd608a8043c832c95a8fcd7a30d66fee1f33d555f6667a0ed5fb5dde2c81",
                "6b2f836efd6c7fcad42841ac10d68f6e9ea0b2ca8fb8273ec472eba8189ebf65",
                "f2cd991c982fb808e8e3512414971994c2d2824116dd9c4a7853115cb6af495d",
                "8d9b54960f215333070181befb7b78ce9ceaf9e62d26e34b99e8152ff1dc69b4",
                "20266c81f241aa6264f417d6b24d2b530c70e619ed4a92ea481c4bcaa1385fec",
                "e73ad2299d380a215da51bf48dc760f40c2f2482aaa4be0e0aaaff8840a3203c",
                "78c6c840522764e767500a57e203bdacfac8d053ed70a3b241118b439bf2b024",
                "b471d16872804518932c0631fe6dc6bdbb7084ae0d475baaea2841937b1e1c46",
                "b8a162cd305ec78bd85f8e1b5a31a3e2c944fd560aa5f0e17e6b76de4c008e6b",
                "465048ae5ce413f04cfeae357ecea6e1313c5aa2a79299857cb17ba2c6b8c931",
                "c1a63c5301a859056187a02df734b177801f504eac9de591e9927fc09f7e0476",
                "79e3a730cc8d83be74e4a68dd34842575c2ea3fd7359c90e23d43a533c7782c1",
                "a596615687a2aa3c78232886d8ab8ad299569061d40bbd796da2d49564f324c7",
                "34c747f7d305529841cd90704c2ebc232bed9aa05e59667ab1c30d4ed08b73cd",
                "2e1167d5c9c153a68ee4b0dcba625872d40459b0d41d769c04573a73e1e11a8c"
            ],
            "type": "XHR",
            "firstPartyCookies": {},
            "firstPartyCookiesSent": {},
            "exampleSites": [
                "metro.co.uk",
                "www.glasgowtimes.co.uk",
                "www.dailyecho.co.uk",
                "www.crash.net",
                "www.ntnews.com.au",
                "www.news.com.au",
                "www.swindonadvertiser.co.uk",
                "www.heraldsun.com.au",
                "www.southwalesargus.co.uk",
                "www.adelaidenow.com.au",
                "www.newsshopper.co.uk",
                "www.nwemail.co.uk",
                "www.geelongadvertiser.com.au",
                "www2.bfi.org.uk",
                "www.theaustralian.com.au",
                "www.petitchef.it",
                "www.thechronicle.com.au",
                "www.golfmagic.com",
                "www.deliaonline.com",
                "www.bournemouthecho.co.uk"
            ]
        },
        {
            "rule": "inskinad\\.com\\/udb\\/9874\\/sync\\/i\\.gif",
            "cookies": 0.000145,
            "fingerprinting": 0,
            "subdomains": [
                "mfad"
            ],
            "apis": {},
            "sites": 21,
            "prevalence": 0.000145,
            "cnames": [],
            "responseHashes": [
                "a065920df8cc4016d67c3a464be90099c9d28ffe7c9e6ee3a18f257efc58cbd7"
            ],
            "type": "Image",
            "firstPartyCookies": {},
            "firstPartyCookiesSent": {},
            "exampleSites": [
                "metro.co.uk",
                "www.bodyandsoul.com.au",
                "www.nigella.com",
                "www.goldcoastbulletin.com.au",
                "www.theaustralian.com.au",
                "www.visordown.com",
                "www.adelaidenow.com.au",
                "www.geelongadvertiser.com.au",
                "www.news.com.au",
                "www.skynews.com.au",
                "www.thechronicle.com.au",
                "www.crash.net",
                "www.kidspot.com.au",
                "www.korrekturen.de",
                "www.heraldsun.com.au",
                "www.themercury.com.au",
                "www.couriermail.com.au",
                "www.goal.com",
                "www.ntnews.com.au",
                "www.golfmagic.com"
            ]
        },
        {
            "rule": "inskinad\\.com\\/udb\\/9874\\/pool\\/set\\/i\\.gif",
            "cookies": 0.000138,
            "fingerprinting": 0,
            "subdomains": [
                "mfad"
            ],
            "apis": {},
            "sites": 20,
            "prevalence": 0.000138,
            "cnames": [],
            "responseHashes": [
                "a065920df8cc4016d67c3a464be90099c9d28ffe7c9e6ee3a18f257efc58cbd7"
            ],
            "type": "Image",
            "firstPartyCookies": {},
            "firstPartyCookiesSent": {},
            "exampleSites": [
                "metro.co.uk",
                "www.adelaidenow.com.au",
                "www.bodyandsoul.com.au",
                "www.couriermail.com.au",
                "www.crash.net",
                "www.dailytelegraph.com.au",
                "www.geelongadvertiser.com.au",
                "www.goldcoastbulletin.com.au",
                "www.golfmagic.com",
                "www.heraldsun.com.au",
                "www.kidspot.com.au",
                "www.korrekturen.de",
                "www.news.com.au",
                "www.nigella.com",
                "www.ntnews.com.au",
                "www.skynews.com.au",
                "www.theaustralian.com.au",
                "www.thechronicle.com.au",
                "www.themercury.com.au",
                "www.visordown.com"
            ]
        },
        {
            "rule": "inskinad\\.com\\/isfe\\/publishercode\\/125683\\/default\\.js",
            "cookies": 0,
            "fingerprinting": 1,
            "subdomains": [
                "cdn"
            ],
            "apis": {
                "Date.prototype.getTime": 19,
                "Navigator.prototype.userAgent": 19,
                "Screen.prototype.width": 9
            },
            "sites": 23,
            "prevalence": 0.000159,
            "cnames": [],
            "responseHashes": [
                "811e2aeb80e9e7a5971211ffdaa09de55093acef4b35c38dbf106c5d5f62d6ff"
            ],
            "type": "Script",
            "firstPartyCookies": {},
            "firstPartyCookiesSent": {},