{
    "domain": "intelliad.de",
    "owner": {},
    "source": [
        "DuckDuckGo-US"
    ],
    "prevalence": 0.0000552,
    "sites": 8,
    "subdomains": [
        "t13",
        "t23"
    ],
    "cnames": [],
    "fingerprinting": 1,
    "resources": [
        {
            "rule": "intelliad\\.de\\/hfpc\\.min\\.js",
            "cookies": 0.0000207,
            "fingerprinting": 1,
            "subdomains": [
                "t13"
            ],
            "apis": {
                "Date.prototype.getTime": 4,
                "Document.cookie getter": 3,
                "Document.cookie setter": 3
            },
            "sites": 4,
            "prevalence": 0.0000276,
            "cnames": [],
            "responseHashes": [
                "b95aa3f47aa13e07f6874689ff02c2a7757bd71dd61177c9ebbb55508fc7bb7d"
            ],
            "type": "Script",
            "firstPartyCookies": {
                "ia-5333437323236323131303": {
                    "ttl": 2595602,
                    "length": 110,
                    "prevalence": 0.000006904170118751726,
                    "uniqueness": 1
                },
                "ia-8333636373136323131303": {
                    "ttl": 2595603,
                    "length": 110,
                    "prevalence": 0.000006904170118751726,
                    "uniqueness": 1
                },
                "ia-1353737373136323131303": {
                    "ttl": 2595602,
                    "length": 110,
                    "prevalence": 0.000006904170118751726,
                    "uniqueness": 1
                }
            },
            "firstPartyCookiesSent": {},
            "exampleSites": [
                "astroshop.de",
                "www.astroshop.de",
                "www.tonerpartner.de",
                "www.watchmaster.com"
            ]
        },
        {
            "rule": "intelliad\\.de\\/crossdevice\\.php",
            "cookies": 0.0000276,
            "fingerprinting": 0,
            "subdomains": [
                "t23"
            ],
            "apis": {},
            "sites": 4,
            "prevalence": 0.0000276,
            "cnames": [],
            "responseHashes": [
                "fb646818958969b4bd5c9ac53babb91322c32518b8fd4b50e0c50c4fbed217a6",
                "48ce1dafa8ce96ba497ba62a210c9bbe1d0285fb518dd58027ae3e1df464d979",
                "5c84d6f975e3727ae5a9c375bdef4b7d5a4e7a9a182b0c331b297a2d43c19e53"
            ],
            "type": "Script",
            "firstPartyCookies": {},
            "firstPartyCookiesSent": {},
            "exampleSites": [
                "astroshop.de",
                "www.astroshop.de",
                "www.tonerpartner.de",
                "www.watchmaster.com"
            ]
        },
        {
            "rule": "intelliad\\.de\\/cl\\/5333437323236323131303\\.js",
            "cookies": 0.0000069,
            "fingerprinting": 1,
            "subdomains": [
                "t13"
            ],
            "apis": {
                "Date.prototype.getTime": 2,
                "Navigator.prototype.appVersion": 2,
                "Document.cookie getter": 1,
                "Document.cookie setter": 1
            },
            "sites": 2,
            "prevalence": 0.0000138,
            "cnames": [],
            "responseHashes": [
                "0dc3e0fb5e472e7dc7436db286eefbea0940b47083baedef0340f2f31bdc7988"
            ],
            "type": "Script",
            "firstPartyCookies": {
                "ia_bncl_5333437323236323131303": {
                    "ttl": 302,
                    "length": 53,
                    "prevalence": 0.000006904170118751726,
                    "uniqueness": 1
                },
                "ia_c4dc_5333437323236323131303": {
                    "ttl": 1802,
                    "length": 1,
                    "prevalence": 0.000006904170118751726,
                    "uniqueness": 1
                },
                "ia_u4pc_5333437323236323131303": {
                    "ttl": 864002,
                    "length": 1,
                    "prevalence": 0.000006904170118751726,
                    "uniqueness": 1
                }
            },
            "firstPartyCookiesSent": {},
            "exampleSites": [
                "astroshop.de",
                "www.astroshop.de"
            ]
        },
        {
            "rule": "intelliad\\.de\\/bnc\\.php",
            "cookies": 0.0000276,
            "fingerprinting": 0,
            "subdomains": [
                "t23"
            ],
            "apis": {},
            "sites": 4,
            "prevalence": 0.0000276,
            "cnames": [],
            "responseHashes": [
                "548f2d6f4d0d820c6c5ffbeffcbd7f0e73193e2932eefe542accc84762deec87"
            ],
            "type": "Image",
            "firstPartyCookies": {},
            "firstPartyCookiesSent": {
                "ia-5333437323236323131303": 0.000006904170118751726,
                "ia-8333636373136323131303": 0.000006904170118751726,
                "ia-1353737373136323131303": 0.000006904170118751726
            },
            "exampleSites": [
                "astroshop.de",
                "www.astroshop.de",
                "www.tonerpartner.de",
                "www.watchmaster.com"
            ]
        },
        {
            "rule": "intelliad\\.de\\/mct\\.php",
            "cookies": 0.0000276,
            "fingerprinting": 0,
            "subdomains": [
                "t23"
            ],
            "apis": {},
            "sites": 4,
            "prevalence": 0.0000276,
            "cnames": [],
            "responseHashes": [
                "548f2d6f4d0d820c6c5ffbeffcbd7f0e73193e2932eefe542accc84762deec87"
            ],
            "type": "Image",
            "firstPartyCookies": {},
            "firstPartyCookiesSent": {
                "ia-5333437323236323131303": 0.000006904170118751726,
                "ia-8333636373136323131303": 0.000006904170118751726,
                "ia-1353737373136323131303": 0.000006904170118751726
            },
            "exampleSites": [
                "astroshop.de",
                "www.astroshop.de",
                "www.tonerpartner.de",
                "www.watchmaster.com"
            ]
        },
        {
            "rule": "intelliad\\.de\\/c2\\.php",
            "cookies": 0.0000276,
            "fingerprinting": 0,
            "subdomains": [
                "t23"
            ],
            "apis": {},
            "sites": 4,
            "prevalence": 0.0000276,
            "cnames": [],
            "responseHashes": [
                "548f2d6f4d0d820c6c5ffbeffcbd7f0e73193e2932eefe542accc84762deec87"
            ],
            "type": "Image",
            "firstPartyCookies": {},
            "firstPartyCookiesSent": {
                "ia-5333437323236323131303": 0.000006904170118751726,
                "ia-8333636373136323131303": 0.000006904170118751726,
                "ia-1353737373136323131303": 0.000006904170118751726
            },
            "exampleSites": [
                "astroshop.de",
                "www.astroshop.de",
                "www.tonerpartner.de",
                "www.watchmaster.com"
            ]
        },
        {
            "rule": "intelliad\\.de\\/get_uid_b2\\.php",
            "cookies": 0.0000138,
            "fingerprinting": 0,
            "subdomains": [
                "t23"
            ],
            "apis": {},
            "sites": 2,
            "prevalence": 0.0000138,
            "cnames": [],
            "responseHashes": [
                "f9978b14eb858dab4565bb912a554f857d051a91e9df54b18c5ee55ca4e33131"
            ],
            "type": "Script",
            "firstPartyCookies": {},
            "firstPartyCookiesSent": {},