{
    "domain": "intergient.com",
    "owner": {
        "name": "Intergi Entertainment",
        "displayName": "Intergi Entertainment"
    },
    "source": [
        "DuckDuckGo-US"
    ],
    "prevalence": 0.00119,
    "sites": 171,
    "subdomains": [
        "cdn"
    ],
    "cnames": [],
    "fingerprinting": 2,
    "resources": [
        {
            "rule": "intergient\\.com\\/pageos\\/pageos\\.js",
            "cookies": 0.000403,
            "fingerprinting": 2,
            "subdomains": [
                "cdn"
            ],
            "apis": {
                "Navigator.prototype.userAgent": 62,
                "window.localStorage": 62,
                "window.sessionStorage": 62,
                "Document.cookie setter": 58,
                "Navigator.prototype.cookieEnabled": 58,
                "Navigator.prototype.javaEnabled": 58,
                "Screen.prototype.width": 58,
                "Screen.prototype.height": 58,
                "Document.cookie getter": 23,
                "Date.prototype.getTime": 21,
                "Navigator.prototype.connection": 10
            },
            "sites": 65,
            "prevalence": 0.000451,
            "cnames": [],
            "responseHashes": [
                "081935d78609946040df9a8b1db0ab2cc1c0566c10b4d88370e912e245658a12",
                "284d0790820259c4258c2bcf0134e36377db887c2bd7152b90dfe8511ce12882",
                "2c9cf3eb8b728d40aa558e26b47136f48935ad44061a5de83df9b974198f9490",
                "0de54621768cdec08db606832e578886bbcf43078b2d798f447f1bf0b7570297",
                "703a307d5ade0c5ba66da0d11a06eeca50367a36f19b948fa8236b262305d47c",
                "316f9a7a6aba162cb4806e9b465890b527e3d84d7a6d72b8f19acff7d03149b8",
                "f1d25af3f6f3e715af8e3fa614a83f58603998f92518c1032d1d9d36af1166f8",
                "12e8c664434e0e98837022a7985e68048fcc14d99eb11cb75485fa3cf1417c6f",
                "ce462195c6c9b5a42a85927a2526fe416887e47496ea9bd4dd8ac4103e62487a",
                "3358008a3bfa5ef015745a502eff7c9c2970879cce9f792a5c1c3d9803db9b29",
                "743fafea764111d5eb513a65793dead89a2dc771279b7af609e27d1ccf4eaefb",
                "c099955f5cc5b5d8ea78b933a9e87a4d8ca177d6c7cd4d7c484060f7c4b7a774",
                "638d9f979b2a6123e33a49ef2962d61df1a35a5301584ddafd8c41f12b1aa283",
                "21b623528f4633276d9ded6335cd71168549d3a396ff6e1c69362ba06211f39c",
                "40e0fc1ed32fa1a81e7823e4282993389755d22afd2844639e184ae5bd36b800",
                "6014acd77b9ae21802eb23f920480b8017fcd0060b795802d5ce04186ff9f6ed",
                "5553885f6d36e92d997a4288c3c8899093d58118b56ec0c5dd7b82d6c281284d",
                "0b621b84c463b178d123707d9774b99bfd55044ff6e93db19de92072d6db916b",
                "42f578876868846c019178c49b2c7155cf1c432c1bd199611c5336bbb632e627",
                "4e1956dcb4f0dc7867e3cb46b327d30ae09708cc4cf85281a40ff6708736266a",
                "410ec34538f8df65de9a707e26b9ac7a5a0cdacd8d20fec37337c096e4e66b3e",
                "b779da28f73961f3c166498c44d1b785672bb58d8d8c14fd4ad5b967285b3c73",
                "cf9403f8072af6b6994733c4dddc540ff26c2716589ede264e2dfcc8bce0b1a5",
                "4a2b6e49d92574b58c6c205f2bfdcafe016a7fe6d23127186909be4ae50f5724",
                "882134244737d9b21767eb3e26965d8773458d5bbfe86be661a856a3a8eeb057",
                "064a7d5ba219a0d8491510930a3125625469b8e90638a80d4e908f80bfc969fa",
                "a52ace6e24ab3a51d850ea7306d69def9a454f3405544872d56abd2a91c258b2",
                "e06ba30f904b2f4a8958cf42f3272a42d4287e96ed6b3be8aef2289dbe3ace21",
                "2322f1a065aa54a457c16cdf061928fee49ab61235d71214ab69a85337c34077",
                "d47063ad3fd06dbb24f732a68c03b359b99eb93cc813865e325d11a58e940d68",
                "2e4749d5c159210a344c433013eb03cd296c22e94375a14a953fa3623ee02b3c",
                "7d99b7da4b9023d8841f88137cf4e2d7494da03820e29647feadd2f21d9c0c0a",
                "54a297d4cb45db89b32c0c6f3b08194842ee48108a893bbf963ff87cbfa4b4a4",
                "5398e879ccc566638203cf44d540dad56850aa3a015fd8bc8eb8f21d04c55868",
                "83518c4401c4264e6f1f8f12b1f1dec3e2a7570e9a4069d412f954c588282c1b",
                "81925b95cc5cefb2b1113c6d128a97cc0ceb98ab3c18e2e57e373efea6351f1b",
                "79cee99afc9e62a67c4a89cc399e3732da140101205d2baf90dab7394d8c7364",
                "18ac0d17c77bca8e50bf57447b1d1713bc6d7a6ab3da3ba63b9723d7b4f94dcc",
                "f2629cc6b0c153061b696ef3d0d1bf01980dd4acc7977bed20725e3d396f04da",
                "f6f3d51c219224999985ee860448346ec7fc16cfcd940bd711e911f968ce5bfa",
                "8165c16387ae0b5428b7af4f9c6780f1d14c7e126468c089dd4f147ae81116b5",
                "1df2d792dbe143ab1d15987531b41a6570b735e59e962b17026f19b3f05d4b3c",
                "b321c39a5480a6e5d89249b6d71efdecc621efbf98f972ce71d3122efdc8e1a9",
                "0bbf184ac5c75eea017bd72cb602513b20906a908ed3ebfbd7a121de8426d49f",
                "5f28da059fad13913c8c07c526eb2aa4885657b666794474841d95b27d2f3441",
                "a8005cf9bcf94f013c84172dc65f3f22411b9161c5b0f45d52a99c7a7fa5bd4b",
                "452c7a0eed621263b727e3097db4024a9cc7d9a2f60215e4f336938a694f984f",
                "bf9e45524a13204e6a4a6db3a42bc513782d4bfa8e2dd504ec7c1e7e1627fe6b",
                "cb9b35fc19dd077562604429eb23ed3e169ce1a2d350a88040d01f4af32a58cb",
                "d3201564cc44206d14ce0d28ae02097ad6f4ed7e10dbbcde7f9e911faa511ab0",
                "87fe003c91f1cd305c7b5e44c68c28cbdf4eae17fd62b63428bf78b34d2f4df3",
                "4f958b06def8184f3d2b8028b33dc3e3a0c774e0f00d01b4911fa681126e2728",
                "f7e4439aa023909573f14c8f59db72132b2c1130c85c4eb3b5e38465515df0ca",
                "bc7253909a977e1a4d6c69d0b2a854e04398ad70d6ce4561ffd810f141045043",
                "9dc98b4252c5a861fa148c211ccdfe7c0f325257726daa8a408762cd9055a6c3",
                "39e70832de2d3d57e1ae9a21307d2d21d4c0fceb212eca830347030b57486f98",
                "f90e101ca2a9e2f60743c8fd3952226dbda7cfbb0b93b335f17f51b9dfcda7b9",
                "5f19a825ee8644f8da9cf733782ab4f951d05bcc688456b2fdd4752c56b0b293",
                "7747af7e18e86636692228b9c5020b70eac278dd34803db7b65e42f8b45c6785"
            ],
            "type": "Script",
            "firstPartyCookies": {
                "ad_clicker": {
                    "ttl": 31536002,
                    "length": 5,
                    "prevalence": 0.00039566847147022073,
                    "uniqueness": 0.017543859649122806
                },
                "_pw_audience_categories": {
                    "ttl": 31536003,
                    "length": 24,
                    "prevalence": 0.00039566847147022073,
                    "uniqueness": 0.631578947368421
                },
                "usprivacy": {
                    "ttl": 33696000,
                    "length": 4,
                    "prevalence": 0.0001527141468832431,
                    "uniqueness": 0.045454545454545456
                }
            },
            "firstPartyCookiesSent": {},
            "exampleSites": [
                "tracker.gg",
                "gamebanana.com",
                "vidmax.com",
                "www.filehorse.com",
                "bleedingcool.com",
                "www.gtplanet.net",
                "geektyrant.com",
                "levvvel.com",
                "royaleapi.com",
                "www.screengeek.net",
                "www.teachervision.com",
                "www.gamebanshee.com",
                "raid.report",
                "humanevents.com",
                "ffxivguild.com",
                "hellhorror.com",
                "www.thecoli.com",
                "www.albumoftheyear.org",
                "www.method.gg",
                "charliekirk.com"
            ]
        },
        {
            "rule": "intergient\\.com\\/pageos\\/1\\.6\\.18\\/videoCard\\.1451368a7b5e945a3252\\.js",
            "cookies": 0,
            "fingerprinting": 1,