{
    "domain": "interactive-circle.jp",
    "owner": {},
    "source": [
        "DuckDuckGo-US"
    ],
    "prevalence": 0.000194,
    "sites": 28,
    "subdomains": [
        "sgs-api",
        "panel"
    ],
    "cnames": [],
    "fingerprinting": 1,
    "resources": [
        {
            "rule": "interactive-circle\\.jp\\/sgs\\/api\\/onetag\\/newstv",
            "cookies": 0,
            "fingerprinting": 0,
            "subdomains": [
                "sgs-api"
            ],
            "apis": {},
            "sites": 7,
            "prevalence": 0.0000486,
            "cnames": [],
            "responseHashes": [
                "a5e45bc85260facdd386eca4929f4df947442561dd2aae3a4e37e8b484761461",
                "b481457c3e4beddc63601edbb16aecfdd394fdfc799d56857973e505ad1652ff",
                "45550b983fdcddcc815884c1be794d843d85d4c6be7044e55691520648989754",
                "d3204f34ab2989805a8ab9237e767e968e47d8145e285316e806f16a3a2ccfbc",
                "ade2a782d9016decd0bac708956bb36f33a8ff753a056a0520acc278a26bd658"
            ],
            "type": "Script",
            "firstPartyCookies": {},
            "firstPartyCookiesSent": {},
            "exampleSites": [
                "curazy.com",
                "gori.me",
                "joshi-spa.jp",
                "news.infoseek.co.jp",
                "plaza.rakuten.co.jp",
                "www.excite.co.jp",
                "www.sankeibiz.jp"
            ]
        },
        {
            "rule": "interactive-circle\\.jp\\/sgs\\/api\\/id",
            "cookies": 0.0000486,
            "fingerprinting": 0,
            "subdomains": [
                "sgs-api"
            ],
            "apis": {},
            "sites": 7,
            "prevalence": 0.0000486,
            "cnames": [],
            "responseHashes": [
                "37c2d61a2cf05b600d2ce099476483361b3471a7f9b599a429426e1a54ecec1d",
                "2186cff2e621327c675c2e2e60a57d08cf52d3e0c806f9820dcef9029fa94713",
                "621be3082d240d39f65cde3a291a25d916efc3f0302be3e57d025af8f1ddafcc",
                "413e775cbbea530caa2be58b417b0cfa769b28aeb8a8a36ab47ca2ddbdf84c28",
                "3f037597b10ae3f29270c8784e93494b3ba9ac7447d0570a822002f05223aafe"
            ],
            "type": "Script",
            "firstPartyCookies": {},
            "firstPartyCookiesSent": {},
            "exampleSites": [
                "curazy.com",
                "eonet.jp",
                "gori.me",
                "news.infoseek.co.jp",
                "plaza.rakuten.co.jp",
                "www.excite.co.jp",
                "www.sankeibiz.jp"
            ]
        },
        {
            "rule": "interactive-circle\\.jp\\/sgs\\/api\\/pv\\/newstv",
            "cookies": 0,
            "fingerprinting": 0,
            "subdomains": [
                "sgs-api"
            ],
            "apis": {},
            "sites": 6,
            "prevalence": 0.0000416,
            "cnames": [],
            "responseHashes": [
                "89fe0ee6020314794fc2cfeacf3d10c31050cfe56f8ebddf1ed0a33fbe941fa7"
            ],
            "type": "Image",
            "firstPartyCookies": {},
            "firstPartyCookiesSent": {},
            "exampleSites": [
                "curazy.com",
                "gori.me",
                "news.infoseek.co.jp",
                "plaza.rakuten.co.jp",
                "www.excite.co.jp",
                "www.sankeibiz.jp"
            ]
        },
        {
            "rule": "interactive-circle\\.jp\\/cookiesync",
            "cookies": 0.0000902,
            "fingerprinting": 0,
            "subdomains": [
                "panel"
            ],
            "apis": {},
            "sites": 14,
            "prevalence": 0.0000972,
            "cnames": [],
            "responseHashes": [
                "bb229a48bee31f5d54ca12dc9bd960c63a671f0d4be86a054c1d324a44499d96"
            ],
            "type": "Image",
            "firstPartyCookies": {},
            "firstPartyCookiesSent": {},
            "exampleSites": [
                "dekiru.net",
                "family.saraya.com",
                "forbesjapan.com",
                "howcollect.jp",
                "oceans.tokyo.jp",
                "paypay.ne.jp",
                "pmall.gpoint.co.jp",
                "sup.andyou.jp",
                "teratail.com",
                "tokusengai.com",
                "www.autoby.jp",
                "www.e-earphone.jp",
                "www.ehonnavi.net",
                "www.fmworld.net"
            ]
        }
    ],
    "categories": [],
    "performance": {
        "time": 0,
        "size": 0,
        "cpu": 0,
        "cache": 3
    },
    "cookies": 0.00018,
    "types": {
        "Script": 14,
        "Image": 20
    },
    "nameservers": [
        "ns-2032.awsdns-62.co.uk",
        "ns-603.awsdns-11.net",
        "ns-1382.awsdns-44.org",
        "ns-188.awsdns-23.com"
    ]
}