{
    "domain": "ip-api.com",
    "owner": {},
    "source": [
        "DuckDuckGo-US"
    ],
    "prevalence": 0.00304,
    "sites": 432,
    "subdomains": [
        "pro"
    ],
    "cnames": [],
    "fingerprinting": 0,
    "resources": [
        {
            "rule": "ip-api\\.com\\/json\\/",
            "cookies": 0,
            "fingerprinting": 0,
            "subdomains": [
                "pro"
            ],
            "apis": {},
            "sites": 117,
            "prevalence": 0.000824,
            "cnames": [],
            "responseHashes": [
                "fa29e32d1a5a7ebe45e49fa7e941085590a36aa3d25de7a86f259743a57ef0c5",
                "ae0cadc1545a2b84a5e7f98a04efa7738e9451bb2919df94966d71ec726aa8b9",
                "b1ed65b1e8d59fc613ef6bbe3868afccdcc9133a43bb895339355b507f6159a5",
                "3f6154ca080cca5ded2d0df6bfc410b6afac3a6ff3161043224a27c0d439fea2",
                "494b528750cc9958aef89cf0cb0c209ff3116ed4974d2a9dfb98b16860fd4160",
                "627012dbec1bb7e99026e91e0e06a814f17698fcf7af190c50deafab897f99be",
                "93dd575a78fdd64cd40b90f3afe727ac5d032fa1d099afa02738ceac912006dd",
                "f9d3f3e85eb937aeb3619f0b3466fca8e2e777202e948aa220daf5ab6027426c",
                "d8a4c4df6b51bdf43755d2a8bc0b43f5cbe5edac550449910510019f3318692e",
                "f16cf49caea55ba2f57468e34e35f2ede3d46dacd549b448806cf04c6b03a15f"
            ],
            "type": "XHR",
            "firstPartyCookies": {},
            "firstPartyCookiesSent": {},
            "exampleSites": [
                "13wham.com",
                "news.abs-cbn.com",
                "ktul.com",
                "www.careersinmusic.com",
                "corp.advanceautoparts.com",
                "www.ndtourism.com",
                "lifestraw.com",
                "foxbaltimore.com",
                "wjactv.com",
                "www.ville.quebec.qc.ca",
                "www.indiatvnews.com",
                "www.tempurpedic.com",
                "news3lv.com",
                "www.plantingtree.com",
                "wwmt.com",
                "fox17.com",
                "komonews.com",
                "www.canon.de",
                "www.fanatik.com.tr",
                "www.lionbrand.com"
            ]
        },
        {
            "rule": "ip-api\\.com\\/json\\/",
            "cookies": 0,
            "fingerprinting": 0,
            "subdomains": [
                "pro"
            ],
            "apis": {},
            "sites": 31,
            "prevalence": 0.000218,
            "cnames": [],
            "responseHashes": [
                "865959fef53bc187b45258aece0821aaefa8c461256a3fec3c92ac9643aa0789",
                "57ec0fb19f23b0f487b5fab165a792b56a9d7b2afffc501f4c9dd587d2947979",
                "43d6f78b9a0785deebc80c26cf703525fbe395d20ce69d8a226f500398032a12",
                "01834bffe9af8600a81222b75b512b68a090d0451b8268cf128b1182eb84c748",
                "58ff3d77ea2ae827841832985e18d9b386bb71ab068dad2e747fb758a920d84f",
                "7441785afa3233a1f82779f6728fa6802287a217571a8efbabe8f8c188678027",
                "48da925cbbb91674ff2c2b47821ff6b147d964e0a96d13f9cef59a74a9349d9c",
                "ba23a4c9aff0d7dd0a76becda763a9f08ca4ecaea2e3c0eab975b65e5f6423a9",
                "1fadfa86c84647a65d5b8ebb4c4b1f0c7beaf1e1ca941d4ca51b522b60559760",
                "21e9d01943e2360140fa0b1e73fd289e3c32945b261449f462692b20e0e31280",
                "d113efd78f3aaf80fbc452f3b5e7fdb138698a838449935602cbc4f07410176e",
                "06fc039e668916b99005507de21fbf3565eab80871d867935c1ccde3e3346bb3",
                "547dacedb3d208438a6be45ddfc6bbb34d6979bfc7170ca5427c0738e17a007f",
                "3702fbadf3475e9bebf6f393eb64c734aff49bc88f4053249668b790fb09a868",
                "e99f902cbf81999725dcb6b1a9e87be065da32d03fd0cdb922fe25106b1fc473",
                "fc12d910d43b8100b017b8f5388f983b2bebe93bc0cd1ce3cbb1452c04e85aaa",
                "d72c21a1a40766d62360b1fcd9edb4185b6696ad1f1366a1c35988cf034c0d7c",
                "4f5bc9da875c31b0215d0e1d35ffbe7659d3feb35a6d1adb001d31a81b3d7a0b",
                "69527fd2b8839443c8b0bdfc46d0d24d4df79c95884dbf6d3fd52fd90d59e4e7",
                "39f3c3643fe8756cec186a3bf66e3b55d9957da6ddf899ecf2a0f204e09ceacb",
                "4976831fc1ceb41a2f9b5ad80a0d89c55d7a799403181a93392b555e721f47a4",
                "80c10d95f38e800b73ce37fa9c779d23f6257a9e078b0b9b5d855ad295b648ea",
                "a8b8594fdc5f0e861e1b6ba6c3be71f96f81c14da21e0a938f2eb71b51d210c1",
                "d676a93fbf94e2381e596e2cd7fb40237ee9c7f490dfbda1e835d2d47ffdc56b",
                "7b1706719592cc77c6308dc20b92a0036ca16f8a11843f448a875b68293f9838",
                "9623b542266c18e7a8bc3435a66fa842ce86c23538a754c46a5f1e430cdfc635",
                "6cef341cb4ca133d0e0e888ce3418cc827c3fe71fdf8e36e52c25217933586b6",
                "4a5b84369caf75afe8bff999a3498940efa3787e024114f78a3ea4258cd34015"
            ],
            "type": "Script",
            "firstPartyCookies": {},
            "firstPartyCookiesSent": {},
            "exampleSites": [
                "spanish.yourdictionary.com",
                "www.shearcomfort.com",
                "luminox.com",
                "www.northerner.com",
                "quotes.yourdictionary.com",
                "reference.yourdictionary.com",
                "villanova.com",
                "www.na-kd.com",
                "goaztecs.com",
                "zgrills.com",
                "www.eworldtrade.com",
                "yourdictionary.com",
                "biography.yourdictionary.com",
                "purduesports.com",
                "www.dustin.se",
                "bulletjournal.com",
                "www.gudrunsjoden.com",
                "panduro.com",
                "yakima.com",
                "www.mactools.com"
            ]
        },
        {
            "rule": "ip-api\\.com\\/json",
            "cookies": 0,
            "fingerprinting": 0,
            "subdomains": [
                "pro"
            ],
            "apis": {},
            "sites": 74,
            "prevalence": 0.000521,
            "cnames": [],
            "responseHashes": [
                "ae0cadc1545a2b84a5e7f98a04efa7738e9451bb2919df94966d71ec726aa8b9",
                "440fb6816a04463bb8ccb1b0122363553729e9ffd84b66fe2eb14bcc7dab7e22",
                "627012dbec1bb7e99026e91e0e06a814f17698fcf7af190c50deafab897f99be"
            ],
            "type": "Fetch",
            "firstPartyCookies": {},
            "firstPartyCookiesSent": {},
            "exampleSites": [
                "www.pcworld.com",
                "www.fabulousafter40.com",
                "www.csoonline.com",
                "opskrifter.coop.dk",
                "www.holistapet.com",
                "jerkdolls.com",
                "www.pcworld.es",
                "cheefbotanicals.com",
                "www.whateatly.com",
                "stockstotrade.com",
                "www.gold-eagle.com",
                "washingtonlatest.com",
                "www.infoworld.com",
                "www.barkingdogshoes.com",
                "www.macworld.com",
                "www.techregister.co.uk",
                "www.cameronsseafood.com",
                "audiosolace.com",
                "natashaadamo.com",
                "www.shuttlefare.com"
            ]
        },
        {
            "rule": "ip-api\\.com\\/csv\\/",
            "cookies": 0,
            "fingerprinting": 0,
            "subdomains": [
                "pro"
            ],
            "apis": {},
            "sites": 21,
            "prevalence": 0.000148,
            "cnames": [],
            "responseHashes": [
                "bb3ed8e221f126485c19e64177e515a79931618305f8b6c7e04324830850457f"
            ],
            "type": "XHR",
            "firstPartyCookies": {},
            "firstPartyCookiesSent": {},