{
    "domain": "ipdata.co",
    "owner": {},
    "source": [
        "DuckDuckGo-US"
    ],
    "prevalence": 0.000235,
    "sites": 34,
    "subdomains": [
        "api"
    ],
    "cnames": [],
    "fingerprinting": 0,
    "resources": [
        {
            "rule": "ipdata\\.co\\/",
            "cookies": 0,
            "fingerprinting": 0,
            "subdomains": [
                "api"
            ],
            "apis": {},
            "sites": 12,
            "prevalence": 0.0000828,
            "cnames": [],
            "responseHashes": [
                "1d0ce8a98ba8a1907aac83a2d3979c55a1bcade200f78891d9ab89a714074941",
                "50f1c6bbdd143e7ff0a827c902a2fae767568c1e031ddee183c2c50996b3abf2",
                "8e542d3e81d771459c38fb55af219a382103d2389efd7dcb0737dabaee226550",
                "9cb3fc2b2513abf4a2197950e5440f9c7e19894788074b6dcbf6b0608b13ce22",
                "f4d90caf4e9d1efeb14e09e1183e9d12d7aaa2596104ad69127f24e866072a96",
                "5dea5008f567b8da04c1d9a4a46aba7ad7e6b7e8c4f293365d14ab50efe6652e",
                "668143d4a48eef60a927752f702c70c584930e9f9c8a3347f5faf4cd45e21074",
                "53f600313d79e1a4919ece29cc33c6f749f3d473ba3969e6fbeccf88510880ee",
                "9c4e7554dd332fda94708276d311b9ae74ea6fa716879b63ea25ce1e39e334f4",
                "23e699e80ca2b2b4b3b6ece3914a21c586844d8ee09ab51890c5b4e9c83b67c0"
            ],
            "type": "XHR",
            "firstPartyCookies": {},
            "firstPartyCookiesSent": {},
            "exampleSites": [
                "edmtrain.com",
                "iliabeauty.com",
                "smartfinancial.com",
                "www.amp.com.au",
                "www.atomos.com",
                "www.borrowlenses.com",
                "www.deccanherald.com",
                "www.euractiv.com",
                "www.getkisi.com",
                "www.hrw.org",
                "www.solar.com",
                "www.ssmhealth.com"
            ]
        },
        {
            "rule": "ipdata\\.co\\/",
            "cookies": 0,
            "fingerprinting": 0,
            "subdomains": [
                "api"
            ],
            "apis": {},
            "sites": 3,
            "prevalence": 0.0000207,
            "cnames": [],
            "responseHashes": [
                "e3b0c44298fc1c149afbf4c8996fb92427ae41e4649b934ca495991b7852b855"
            ],
            "type": "Script",
            "firstPartyCookies": {},
            "firstPartyCookiesSent": {},
            "exampleSites": [
                "firstliberty.org",
                "www.freedommunitions.com",
                "www.laxammo.com"
            ]
        },
        {
            "rule": "ipdata\\.co\\/",
            "cookies": 0,
            "fingerprinting": 0,
            "subdomains": [
                "api"
            ],
            "apis": {},
            "sites": 5,
            "prevalence": 0.0000345,
            "cnames": [],
            "responseHashes": [
                "68024723042b2646f2f66b28aea2c24bb572afe29226141f9486c508b0ebd3fb",
                "e69796f8b672c817ce8bce362465cc582ad6ad6d2f8f6d93402a12445c50cd38",
                "794f16ae8bd4f69ebe905e6db38b3ce19d607266a68043c7b76ec54d195dd55b",
                "a6d3eb807c81d3e082e744bdd08fb97cbdc55bc3f53c6550aec35eb78cdc7239"
            ],
            "type": "Fetch",
            "firstPartyCookies": {},
            "firstPartyCookiesSent": {},
            "exampleSites": [
                "resy.com",
                "uk.gymshark.com",
                "www.australiansuper.com",
                "www.brex.com",
                "www.gymshark.com"
            ]
        }
    ],
    "categories": [],
    "performance": {},
    "cookies": 0,
    "types": {
        "XHR": 12,
        "Script": 3,
        "Fetch": 5
    },
    "nameservers": [
        "ns-1132.awsdns-13.org",
        "ns-1668.awsdns-16.co.uk",
        "ns-272.awsdns-34.com",
        "ns-851.awsdns-42.net"
    ]
}