{
    "domain": "ipdata.co",
    "owner": {},
    "source": [
        "DuckDuckGo-US"
    ],
    "prevalence": 0.00031,
    "sites": 44,
    "subdomains": [
        "api"
    ],
    "cnames": [],
    "fingerprinting": 0,
    "resources": [
        {
            "rule": "ipdata\\.co\\/",
            "cookies": 0,
            "fingerprinting": 0,
            "subdomains": [
                "api"
            ],
            "apis": {},
            "sites": 14,
            "prevalence": 0.0000985,
            "cnames": [],
            "responseHashes": [
                "42f2f2b0051f3b62fb5c8838a602ff890c3da5dadc50109c90209583d8188c3d",
                "6e7609347d0da0e9b3facd42376ffc876019363ccb2d23c765a649b8b6c23dac",
                "3c4d83559170c43296a73c49cd9dd59b4ae53c427f635f59429557ab37aff1db",
                "cb2464c40013a74a1cd6a7ecb35a83ba1ded6dcdc394afbd2e4a0237032ccdfe",
                "1750c5c62f299edecce0673ec93edfa55d0823a090f799002569915cbb2a73ce",
                "c0b1ac7771517e5cb3ad55591c29b1da860791154ce96edc4bcf0242744281ae",
                "b99de996e7b22d285439b225c31ffa52500392cc125f3c27ea52459b7f23d2cf",
                "53f600313d79e1a4919ece29cc33c6f749f3d473ba3969e6fbeccf88510880ee",
                "5b66c2f908adb2f7c96c80a16d88641fb36b5fb03397b455606046fedbbda621",
                "7a2ad907e2bdf7724ea6dd4f066ffc4f35eb7efa56ef1d356a670c3a4e39f7ee"
            ],
            "type": "XHR",
            "firstPartyCookies": {},
            "firstPartyCookiesSent": {},
            "exampleSites": [
                "hkjc.com",
                "bet.hkjc.com",
                "news.gallup.com",
                "resy.com",
                "secretlabus.myshopify.com",
                "www.amp.com.au",
                "www.borrowlenses.com",
                "www.deccanherald.com",
                "www.euractiv.com",
                "www.gallup.com",
                "www.getkisi.com",
                "www.hrw.org",
                "www.solar.com",
                "www.ssmhealth.com"
            ]
        },
        {
            "rule": "ipdata\\.co\\/",
            "cookies": 0,
            "fingerprinting": 0,
            "subdomains": [
                "api"
            ],
            "apis": {},
            "sites": 6,
            "prevalence": 0.0000422,
            "cnames": [],
            "responseHashes": [
                "e3b0c44298fc1c149afbf4c8996fb92427ae41e4649b934ca495991b7852b855"
            ],
            "type": "Script",
            "firstPartyCookies": {},
            "firstPartyCookiesSent": {},
            "exampleSites": [
                "firstliberty.org",
                "www.bicyclesonline.com.au",
                "www.bikesonline.com",
                "www.freedommunitions.com",
                "www.laxammo.com",
                "www.wearpepper.com"
            ]
        },
        {
            "rule": "ipdata\\.co\\/",
            "cookies": 0,
            "fingerprinting": 0,
            "subdomains": [
                "api"
            ],
            "apis": {},
            "sites": 5,
            "prevalence": 0.0000352,
            "cnames": [],
            "responseHashes": [
                "cbafd3132c3608b9648b539611873a17d60c6d233c4a1a4205e53bcbfd27b569",
                "fff41e16352ca0d629cd73360d06b8070eb2a806628eeb4d92ae65ace3977a0a",
                "b7f63215a31c6cb51a3582988e49c2f71f53e3e9cf076eb9e069799f59ce8d32"
            ],
            "type": "Fetch",
            "firstPartyCookies": {},
            "firstPartyCookiesSent": {},
            "exampleSites": [
                "resy.com",
                "www.australiansuper.com",
                "www.biotrust.com",
                "www.brex.com",
                "www.gymshark.com"
            ]
        }
    ],
    "categories": [],
    "performance": {},
    "cookies": 0,
    "types": {
        "XHR": 14,
        "Script": 6,
        "Fetch": 5
    },
    "nameservers": [
        "ns-1668.awsdns-16.co.uk",
        "ns-272.awsdns-34.com",
        "ns-851.awsdns-42.net",
        "ns-1132.awsdns-13.org"
    ]
}