{
    "domain": "ipify.org",
    "owner": {},
    "source": [
        "DuckDuckGo-US"
    ],
    "prevalence": 0.00366,
    "sites": 527,
    "subdomains": [
        "api",
        "api64",
        "api6",
        "geo"
    ],
    "cnames": [],
    "fingerprinting": 0,
    "resources": [
        {
            "rule": "ipify\\.org\\/",
            "cookies": 0,
            "fingerprinting": 0,
            "subdomains": [
                "api"
            ],
            "apis": {},
            "sites": 151,
            "prevalence": 0.00105,
            "cnames": [],
            "responseHashes": [
                "71888fedfb522aee2e229ea7f01fbc2bccfbbca4c11f803c510e54dbda00eb91",
                "9646be9149253ba87ad9505e2e775053bb2556e01a28479b38ade71a4a3d517c",
                "5bb828e36d979ef342eba555eaba0834f1aefbe12f8dc0c628785786c0c52605",
                "d7e44c8dbe55f7cf342ad50e9be4a53d0dbf39855b15e7025e0db3b11786e12f",
                "c2595f3dc027699a399f62e6153224ad85f6ab83be8af82797f4772e89112584",
                "0f7994e779b5ac0fc7dce0d93a878dd047dfe1a2c1c551bb3f511e4860bfc8f3",
                "f5984bced8d8f7ad537a50399fea446f5d61d381f99fe612ba53042f79b31ddc",
                "0180dd5cc4b3417ec16792ba0eb02fbe317a91ac98addf6a6a219ee942308b05",
                "c00c426d1a18665b390b1b114c1f6ebad6fb2ce2ce2cb585bec9857927b3bb63",
                "3ee7fb2e17399ba42421dee164e9061aea386d79cc84ed4b1a226db3368a7168",
                "ef1f5622489e2ec89818600eb629971845ee2294009f15195505cbfa1a7147fb",
                "b97544bbcf4725260ddaf860e0a9bdaf380909fb5d9c6cba4f48e9283d968252",
                "ac503f2a8d7ac10176225516d5f1c08d4c3b5dfb3163992c341f6012d11845fe",
                "4af7747fc4982e912ed8ace2edf18b766713bfd6fea3e74ebdb01aeadd629edc",
                "058661654516c4e4115bd00fa6ad526e4d6bd7e9a9406a48a0c170bb5d2688e2",
                "6754c1acd064ff978b05529daf72a155a190a2eac887349640857c47b45ae541",
                "7b55a8a576d89986f7f7287de53b685413c25485c281776b1f8501240b19805b",
                "45e0d7be1e8f129d93140e3e5f1a79f84d82e09882cf3e0830526f7c8b55c4e3",
                "ed787bbb0a63582aee24d1ee72f08ca51639158de9c4c95671f6a55859b58581",
                "0b04a8e4d2df685fcd5d57a6d1fae5d563adecec613d246ad847e3acf90e8eda",
                "36c011c5a4a9623cc26094d664dfbb8caaa7723c0b0671f83788d96579766c7b",
                "209aeaf28a03d8f3a6b7c1d296f0344bb998407991dc5142c13a850c50b1b8b4",
                "01a9e64c6467ddd887a19b0a746486283dc965907322151de6a6eeb7b186a3bd",
                "5571626cb84aa3d0714d19f28958c6d8282142eaebf9c1af8df149a820595b0c",
                "c834ecb2b8e07ce8ba21f646a57ba3f0a12ad9cf6ddcf8d9a92bc504725a9cac",
                "298e1b58795430fb7baedb3f82522691cb92e5ee2dd2a316518338fd096d4ddb",
                "616774c976970e2a277d890c79cef8646f959406b8017f46a6ef6f8a9643dd55",
                "71b9ae283a144db1c2b0b8a020b225ea29476d59667d591f0ec228e4a07a14aa",
                "1c9ad2f17c12b6c19637633c11fad8742602cdf86f74ce3e4cb85f0e65cfdedd",
                "9e4c91c8d59f3900e8a69e0b7e2492767bd83cbbe98941a8c0b55977643642ab",
                "04203dfea83c53abca528cfe5a3c59d65dd25058a00a4fb486a4612ef3ab1e0c",
                "b7abdcff0067ee15df60c2a4c8ed2bdfd82d4b902fb3da98ba03dec20b6982ae"
            ],
            "type": "Script",
            "firstPartyCookies": {},
            "firstPartyCookiesSent": {},
            "exampleSites": [
                "www.pcworld.com",
                "www.dtv.de",
                "www.taylormorrison.com",
                "www.teamviewer.com",
                "newsroom.clevelandclinic.org",
                "www.efax.com",
                "www.infoworld.com",
                "www.nyp.org",
                "interestingengineering.com",
                "generated.photos",
                "www.barco.com",
                "in.gov",
                "hospitals.jefferson.edu",
                "www.simplemobile.com",
                "www.rentals.com",
                "www.realclearscience.com",
                "www.wowway.com",
                "liquiddeath.com",
                "www.networkworld.com",
                "www.walibi.nl"
            ]
        },
        {
            "rule": "ipify\\.org\\/",
            "cookies": 0,
            "fingerprinting": 0,
            "subdomains": [
                "api64",
                "api",
                "api6"
            ],
            "apis": {},
            "sites": 128,
            "prevalence": 0.000889,
            "cnames": [],
            "responseHashes": [
                "275fb9bb95033068c5caee8eaf50ad90014350ba4d2317778a47506c8c642bbb",
                "185a74759e284662d86c615d46d3ddf35209bbf2c355f48a2273f7391e57818d",
                "71888fedfb522aee2e229ea7f01fbc2bccfbbca4c11f803c510e54dbda00eb91",
                "640c42428e5db859d294f794f7ae027b5947fa19a7735cb356b9a178fea7560b"
            ],
            "type": "XHR",
            "firstPartyCookies": {},
            "firstPartyCookiesSent": {},
            "exampleSites": [
                "www.american.edu",
                "www.adweek.com",
                "community.macmillan.org.uk",
                "www.tsf.pt",
                "www.fullpeliculashd.com",
                "www.zennioptical.com",
                "www.connectionsacademy.com",
                "www.investors.com",
                "www.reallygoodstuff.com",
                "www.helzberg.com",
                "southpointcasino.com",
                "www.blackriflecoffee.com",
                "www.decathlon.in",
                "www.bollandbranch.com",
                "www.lci.fr",
                "www.gesa.com",
                "gala.games",
                "blackriflecoffee.com",
                "www.intertoys.nl",
                "hustlemagazines.com"
            ]
        },
        {
            "rule": "ipify\\.org\\/",
            "cookies": 0,
            "fingerprinting": 0,
            "subdomains": [
                "api"
            ],
            "apis": {},
            "sites": 24,
            "prevalence": 0.000167,
            "cnames": [],
            "responseHashes": [
                "185a74759e284662d86c615d46d3ddf35209bbf2c355f48a2273f7391e57818d",
                "275fb9bb95033068c5caee8eaf50ad90014350ba4d2317778a47506c8c642bbb"
            ],
            "type": "Fetch",
            "firstPartyCookies": {},
            "firstPartyCookiesSent": {},
            "exampleSites": [
                "www.homeserve.com",
                "www.city.yokohama.lg.jp",
                "www.lifemiles.com",
                "tvn.pl",
                "help.tableau.com",
                "www.bnbfinder.com",
                "www.stoneacre.co.uk",
                "www.currys.co.uk",
                "www.eightsleep.com",
                "my.xcelenergy.com",
                "www.beano.com",
                "www.hitekno.com",
                "www.taotronics.com",
                "sensiseeds.com",
                "weedseedshop.com",
                "www.dishanywhere.com",
                "www.nationwide.com",
                "www.xcelenergy.com",
                "www.concealedcarry.com",
                "www.elespectador.com"
            ]
        },
        {
            "rule": "ipify\\.org\\/api\\/v1",
            "cookies": 0.000139,
            "fingerprinting": 0,
            "subdomains": [
                "geo"
            ],
            "apis": {},
            "sites": 20,
            "prevalence": 0.000139,
            "cnames": [],
            "responseHashes": [
                "2c025be86af015d776521d612e7c87ee061677cc5a1f820f43e3fe651e835988",
                "d2c1dbf97667fff99ecce0877f26c9d21b14932922abd0ec2f5232164dccaaad"
            ],
            "type": "XHR",
            "firstPartyCookies": {},
            "firstPartyCookiesSent": {},