{
    "domain": "ipp-meredith.com",
    "owner": {},
    "source": [
        "DuckDuckGo-US"
    ],
    "prevalence": 0.000311,
    "sites": 45,
    "subdomains": [
        "cookie-stream"
    ],
    "cnames": [],
    "fingerprinting": 1,
    "resources": [
        {
            "rule": "ipp-meredith\\.com\\/v1\\/s",
            "cookies": 0.000173,
            "fingerprinting": 1,
            "subdomains": [
                "cookie-stream"
            ],
            "apis": {
                "window.localStorage": 19,
                "Document.cookie setter": 19
            },
            "sites": 25,
            "prevalence": 0.000173,
            "cnames": [],
            "responseHashes": [
                "de730f75121420afc9c7b6e45a42270330d9b6d046878d5702c266d9bff7db37",
                "745ad545a8b7738b64e58e907643dc5947c8cde61655c3374414ebf9cd2583d6",
                "4081da5f8781202ef0803cb7a89ee54633f94b984a4f88d344a92c4224d95d3e",
                "909d26033a1b963be147ece5ca09d272dfc865356a191db1f1c8560f2b671363",
                "601e3010925c37ba98f57f324cc781a3a2dbaf81b9a35ff078b2ba02be298e43",
                "838f6ef560d43f5a7c35187872f00c089efbbfc7e7bf787202f3a0d2a78d7405",
                "179b245599592f19e212d96ae193264d97b14ab79b7028563dd0f7722d69344f",
                "c6118f01465a259200bc673f9660bf1b284589a94d4005354e1d4355a41f5bcd",
                "9ac06839ed2f1b71e7db82877e87c269d3ca742a872e8953f70bf89071068ae1",
                "f80f90bb0c1fd8817cffd647c66e34db9d677708af86e9cd7242ba2cf9ab401f",
                "b877369f315929849275347747cee40a1e9e9f50d2791df5b00078cf13a76354",
                "9f62e91cc254d100c1534836dbf520f1ae2dc914916d52664d4130f9bda10979",
                "bc153e1155fb0083c316243b7d794fef04be875b2bce27cc5a825045cddd197b",
                "0bb08508674d76790b93d8da2b9b8957180fcead6109c0ad0e0b952af91ff4ba",
                "3f989ff6f917f9f2a0beeea876ba343ecec88377c04259235be16cc15eadc67d",
                "3abe3d3e7c58e295802668f5d5bd331c17408c00831def55596372b26c9560db",
                "ebf2d2d17fd3f06b4825f25841ab96546e5ecec7ba2e4715f0b9dd10a58d58d0",
                "5fe81ac09d6b6e69af1840e00f59399d7beebb3aa8663c43cbc92a9d18191a1f",
                "d904db7d26219c7d71fbbd9936983df7ce64e038da37042d4930420ae1b02f72",
                "6e9d77c1cc557a131512ac3caf44bb000c409c5e113082ee7cb22c11deb81759",
                "2345638c892ab7645b5a2dbec001b7d7afaa1196eaddb5d8d3a2a247836f0239"
            ],
            "type": "Script",
            "firstPartyCookies": {
                "globalTI_SID": {
                    "ttl": 157680004,
                    "length": 36,
                    "prevalence": 0.00013120550234443516,
                    "uniqueness": 1
                }
            },
            "firstPartyCookiesSent": {
                "muuid_origin": 0.00011048884407952435,
                "muuid_date": 0.00011048884407952435,
                "first_request_id": 0.00011048884407952435,
                "globalTI_SID": 0.0002900332157087514,
                "_pbjs_userid_consent_data": 0.00013811105509940543,
                "OptanonConsent": 0.0001657332661192865,
                "ajs_anonymous_id": 0.00015882771336431624,
                "_ga": 0.00003452776377485136,
                "_gid": 0.00003452776377485136,
                "_gcl_au": 0.00013120550234443516,
                "muuid_link": 0.00015192216060934597,
                "muuid_session": 0.00015192216060934597,
                "muuid_channel": 0.00015192216060934597,
                "muuid_current_channel": 0.00015192216060934597,
                "_pnxd": 0.00007596108030467299,
                "muuid_source": 0.000027622211019881088,
                "_li_dcdm_c": 0.00006905552754970272,
                "mt.v": 0.000027622211019881088,
                "amplitude_idundefineddailypaws.com": 0.000006905552754970272,
                "mt.g.5f640441": 0.000006905552754970272,
                "visit_ts": 0.000006905552754970272
            },
            "exampleSites": [
                "www.allrecipes.com",
                "www.parenting.com",
                "www.foodandwine.com",
                "www.health.com",
                "www.myrecipes.com",
                "www.southernliving.com",
                "www.cookinglight.com",
                "www.shape.com",
                "www.bhg.com",
                "www.realsimple.com",
                "www.woodmagazine.com",
                "ew.com",
                "www.travelandleisure.com",
                "hellogiggles.com",
                "www.allpeoplequilt.com",
                "www.eatingwell.com",
                "www.parents.com",
                "www.dailypaws.com",
                "peopleenespanol.com",
                "www.instyle.com"
            ]
        }
    ],
    "categories": [],
    "performance": {},
    "cookies": 0.000311,
    "types": {
        "Script": 25
    },
    "nameservers": [
        "ns-452.awsdns-56.com",
        "ns-1005.awsdns-61.net",
        "ns-1629.awsdns-11.co.uk",
        "ns-1235.awsdns-26.org"
    ]
}