{
    "domain": "isenselabs.com",
    "owner": {},
    "source": [
        "DuckDuckGo-US"
    ],
    "prevalence": 0.000837,
    "sites": 121,
    "subdomains": [
        "gdpr.apps",
        "labelmaker.apps"
    ],
    "cnames": [],
    "fingerprinting": 0,
    "resources": [
        {
            "rule": "isenselabs\\.com\\/users\\/versioning",
            "cookies": 0,
            "fingerprinting": 0,
            "subdomains": [
                "gdpr.apps"
            ],
            "apis": {},
            "sites": 61,
            "prevalence": 0.000422,
            "cnames": [],
            "responseHashes": [
                "b4ac6fa797597110130f3a467d300bf1dd3c6c43c373f722e4e9d66b3a089399",
                "0c7dff6864bc2da686a8a8e741135c372bf24b1e2687ac5291793920cbbfa806",
                "f47f0eca1dee0415798be21ea56c8a44bb3a85759406d696ee4ce97cbf6d6005",
                "c38a3a6f1f377602d012ed4ff67cdd51caf990496cf7cfbee462692a3994138e",
                "7009ca1e0a3763e01179fa2c38dd291e1d964e7d6849397ae06325523d103f4b",
                "75c232929ebc7350dba8e054e1f8bf8c7869bc76fdb0bd9b2f9b5ca3f0780d8c",
                "01bddcefd0a50c15adddec2007b691a7a1afa1c48440508321ebb62375832bf0",
                "191ab9f8fd225e2f704b925c759956bb50a8252bb57fe28a83724db645b1cd9a",
                "7a43feed75993387556b5f0b0c27ffadcdb08a30a86130427ffbb47095e12fbf",
                "7815061197879845290ebec856a94b47323d9b293edf2d15b75bb4894d898ea3",
                "45546af0813ea973c1048cf12fbeffdb0f070c536af384cdb87e67080f926b5b",
                "46207cd1d41eb5e848ec8391247e9e2163925eae32370bcee1488559784f5ab7",
                "55a92fcfa2a4b6c2328150ae84417c61a4ba70da0e5ccb2e8d7553bb40298868",
                "7014330601478a7ee3baf6f6ef7133d0adebe39e444412137ed81b44ba900e2d",
                "b012792d41bb26d0c4832f67dc9ee0dfe85fada8dc3f58e85ae585800f9fbd2d",
                "4c546f921a9e178d4036450e0702a019af284296987150025c0b18962e14c8b5",
                "e82b1371ec59d51364928afdd172e5e178034335f34c3943838a33e15b55da3a",
                "99ccfcff5f56da1a6d631381c31ade2e58452ef2831624500f8760a398d146ca",
                "ae9c305cba4aa34f08a061f767c8cafac7ed7ea58967f1ce9f4cbe24b194d8e6",
                "131e136a54b3af5f18992b2ec28401ae97ad99804808ee5841d6baacda0a81ea",
                "79c9757c10da1dbe6a309a98f7602b74a1dcc255d7937e1e7acd0bbc096b72a2",
                "16d44c15b9c801e2334ea610dae81d458e776de230847310119351816ba09405",
                "e96c5d51dc1b8d21a5db1425c25cac9160ae975d186a2bfe1c3ebd96d770eaa2",
                "600c78abce49a2884467064b852bf8b2a071283b933c5d9c7fe8e1ca016269eb",
                "b77840fd17613f2c9cf46ecbb855ba46f8cfc0a0ff9477ef1eab116fb8e86ab0",
                "3b4cdb39f8906647b72679da09b33eca9acfd513be6ae1486ca870247094880a",
                "8f6bac8103778b229c804bc38ead38bb27882316839c5075fe37c6d22ba53c6d",
                "10eaf2a360d9bd71c2cd84af93b880072c1d517996bfd9aa9fb601d66c366428",
                "4809ea588469799e7bcde841393eab95deefb30158e896124364f84364ce9bdd",
                "a3902571115f1e6c51098f213bce6149b0aee23b8c6eaa11bcf559820fc9c3a2",
                "97f0a4f8382db2c551cc08585bbbc4479cc161796d1c345dee09894f3a3dc672",
                "15beda5038eb37e5b467df90b210735e2dd4f6b7a60fe2f509eb67ba4f747525",
                "cf3a2bd3f9db12e3c7d80c68ac5440de3a2776f868f88b411eea2bdabf116b0a",
                "9a3adb29d53c390f5904becb16ca9d28cd51a2f9e7eb189bff1c5fc00b90f4de",
                "78c58ed346f81381ab9fbc112d16352ed08fdf56b74f5edd05f302bd8d983956",
                "5132f727d83c87e48d2d1e843d57184a8fa08cf5bd71195e214eb16d76a07ddb",
                "28ee1e94ff405e88f7fe4571b30dd311357d409f09134d02808ceb2146ffb161",
                "ed007f05861c4386965fc0ab4d3f6e322c338eff6d9f2c372b76328d64d6133d",
                "29bed8fa9da08d49ce2da47d3e903e46366f5d6c02c5824d089664942f63407a",
                "fc367078e43b3ba4ee67c98dfa60f9b80e73eda352f349c75aff836025bcde2c",
                "aa0bb1331476ecb1f6e2436b9e34ba497bc22ddb25dd6e3a09bbd2331c294647",
                "8d5bd7560a07f4c4345c546b3c10a8bff36a55705e0afc6518490a10573b483c",
                "df158702527bedb9b602e5d2564ac95aec802192400f8091f3d02218840c3ba3",
                "78701f85fccd8cf9c7db445e9f60308ea0b77f229cc294f6335b4ae5d08aab5d",
                "fd016222038a3f4654643679b9fa9d897300a9cee914632d6c091a0fa53db8a7",
                "58c67b3e76e5349ce30b5f22818289028c75fcdd18958b28e744c6a6db12e31b",
                "729f77817d5e1e46b9ebde105ff74a145254438d95c3138148283bfdae662982",
                "6d2ac4db1c8f39dd9f435a11f014a6256065843d36dc506c13632b51fb88e653",
                "6f1bb18b7ebccc2a352323ce5296600a50e310ab5060d34ade40942b3ed98862",
                "a2a24f89697fe51965da2af0004dec31c8d0e2ff6169ecbef713a4ca75760189",
                "19d762ffe035f9ba8039d3a41ffbf29d9d3ef32d9b4f409e3514b02d6cb29bee",
                "87d6ed4a675629fbf2604ee5eb8342093cadc03b8a4d9f27465ae6badcda3995",
                "cba62979ab3e591462763e8e8443df53b69b2f1d33f53cf546e0f1c6a906f587",
                "f9bd945e676f99b22344a4c393aa98d302c2cb9bbbaf68dc7c830539f327671f",
                "4bd6e3448a8496914c99240d824fcce982366e34d4a560c64ed8721a84ea7287",
                "416f8094652519ec61101c3f8ffea8d1744e29fad9b4a9ed3c526b3e906fd77a",
                "08e2a05d58a21a07ed477bf83818018b835a2dd7d639ed67ae75361ee8d52ab6",
                "bace95934b8cacd09458ea6b05ebfc59d0abe8d082654f87c898e4d5e528e685",
                "eef0ff3c3a82dbc51bd7e0c828859cb3f8cd00cbdf833bf2cb4c42c5b113c637",
                "c2b5d87801888a27b7bfa59818afc50f9041ea28f7bda269dc2157c9a844b144"
            ],
            "type": "XHR",
            "firstPartyCookies": {},
            "firstPartyCookiesSent": {},
            "exampleSites": [
                "www.lionbrand.com",
                "www.jimmyjazz.com",
                "www.bulksupplements.com",
                "rhinoshield.io",
                "readywise.com",
                "august.com",
                "www.zerofoxtrot.com",
                "www.dixxon.com",
                "demoniacult.com",
                "lectricebikes.com",
                "www.altitude-sports.com",
                "www.yandy.com",
                "unocasa.com",
                "olaplex.com",
                "anyalust.com",
                "finisterre.com",
                "www.kuiu.com",
                "www.jennikayne.com",
                "www.thelasthunt.com",
                "trueclassictees.com"
            ]
        },
        {
            "rule": "isenselabs\\.com\\/users\\/isEnabledAll",
            "cookies": 0,
            "fingerprinting": 0,
            "subdomains": [
                "gdpr.apps"
            ],
            "apis": {},
            "sites": 61,
            "prevalence": 0.000422,
            "cnames": [],
            "responseHashes": [
                "c9a393d78728f6af0dff1e2fffa2d4d9b1f1677cdd76dbe17f478522bf1c8460",
                "70f03d21ca16ec7a7c01fc943aa547995d965fd67e587230996fe0e2e25fdb1c",
                "812ea3d373ff38ab6f0c124e039c22c3dfd39262fc658d3fb7722f9942ebf87b"
            ],
            "type": "XHR",
            "firstPartyCookies": {},
            "firstPartyCookiesSent": {},