{
    "domain": "isenselabs.com",
    "owner": {},
    "source": [
        "DuckDuckGo-US"
    ],
    "prevalence": 0.000785,
    "sites": 113,
    "subdomains": [
        "gdpr.apps"
    ],
    "cnames": [],
    "fingerprinting": 0,
    "resources": [
        {
            "rule": "isenselabs\\.com\\/users\\/versioning",
            "cookies": 0,
            "fingerprinting": 0,
            "subdomains": [
                "gdpr.apps"
            ],
            "apis": {},
            "sites": 57,
            "prevalence": 0.000396,
            "cnames": [],
            "responseHashes": [
                "810225a6f29f72244a0e91c1dc588d6685396371c73651bc581edb6d2a930ff0",
                "293e2443e869d6d7cd2e85b2041dddbdfe25d688bc12d34e15afacc0237dc44a",
                "c2205eff9143a303f21af2f31a9e73ebaef1186055e2fe5dfbcbe8fdf92cb6ac",
                "729a269f8146d0b268bb7c32a21ed49deb6bf7d9e5312724dab5262a9822c027",
                "95190c1473ef0feca8156f506e43953110b8d5ee9f18ead6cd85e60046840ab1",
                "fe1fb2028b084593a81b525d29b63266ab96797ee7c1381cb46e65f731257300",
                "6ad51dd5c8588488283f8e4a215131628cefdd1d3d73b87d810a9715d5312b7e",
                "c67c06a5174a64546b4dfc68fb426cc8d6d90449094f73d9e7ba24dbc2f2e24b",
                "5d246f9b50247f1bb2bf2dc83d92678ed83a4c040921dc2f9f95c778a1bccb85",
                "227baad69b1e1705d92262492c64919271b78ae90e795a8e9823a574ccc27279",
                "385e8818bbf2d68defe794fc24e207cff169a6cfc08abd7a94fe3395b1300f6c",
                "efd0fef3ca3061890e32a2f631a0b811edf79eb4eb89289aef882c32974c82ca",
                "5ab0fba4d158370d39d95912e7e067c0d58c30745d544c4f9476dc3bf71aedfb",
                "bd969160bf607eeb93ca3f957e52ee30a557d50357faab9ca039d492ccd45b48",
                "50a21bd3b4dcc7c8f4267386508581af299854e7bad7d84e758ab66ce35696ef",
                "29e99dfe62a415b78453679f13f38e83c18295fbb0685893ca957ce7c834d014",
                "1272510be3d51e9ab2c6d4b02ef0a63748d0c51d5a26d9f0d086c7f09022ab35",
                "330221b016f1b664f7bacb7a2ced0345b7faa78aac62f7fa101c4023c117a6cf",
                "9a046dffddbc1fc890b554e403fa63f1c28a0c9aed89c524971f60bd24f2d69b",
                "75f5fef4167a0f462ab31ea33833926a760d4e8e367ecfd21a371aa906970fd4",
                "eaf1cf2b3d6a0006f84ce1cb3099365bbbd33a4015e65c1e4ed3454508f2afd2",
                "748b0380404372b38bcd7b4cbe0a0a18cc4df205a50ac980b1c538a12cd93bbe",
                "b62bb769912fa7909438d67ae5efe5a7ffbc723958e5712049f9c6aad90285d2",
                "260ce12b64624f094684c20509818a382ef68a82d67fac2033387175a5e6e0bf",
                "ae9081258886b5f5e0f96fbbfeed9b2ec455a49917ab8df9b86b03e9bc6303f6",
                "e449ba1b4d4c7e217daa9795b3bcfa074b5c339af3b093e66d39086bb10063ab",
                "2d443ff1f07c665776bc265dc87daf6d3c86e072075edde95c46d7afc4cce2cb",
                "e2518be82718e56386fa65613e6dbd51a9a69977fac4351e4b7ea376b997c3d7",
                "2ee355478bbcf9e4a51522dea46b0becc1d21d44003e3add308faef5773f17a8",
                "e9d5aa2b666e83af901ead40732eefa3966055fe217130d38a4a181b93025fc1",
                "c417f55c41043c76f52a3bcc8c1b2ac78881d3f4592aa71376bf7b9b18c65527",
                "e47e8bfc26227bc43add1fd7cc2fd3e5d70d0d7ea93592ce5e8d2743d60d0006",
                "9dcd77312322b7084d8e89a767f5509033af355fd352471f15cc1279fa755e5b",
                "fc16b2308492dbf91b8f5725bb37c48bbf5c2e5e40fccb3a557633af652318f0",
                "8cc686f914b252cfec45661b8d46ecefaa0b52f214a6544b7385c2e4e248f647",
                "30c45edfb54b894248eef7cfc7ad35a831766807ff90fe6fc4d91279fa2908bc",
                "1ad7bdeedcb2a8fac06c9e859061e1cf3a5c66b3e95c43279757a02802c37ba4",
                "8f49802586ef83e06fc7adbbc99a295d068b685de8fdb7014923dae047325d33",
                "352c1d6b7cab9b70b6a4a61f1c98d25bbec2670cdd4839c0f4621aead2592254",
                "5911f03e574be0c91fc800a0749a4b8315e780dda841173c4040868a52a647d7",
                "ba4870f2cd2951e757fb8c2ff2d2e44fa7343101b0fbe6c6a06d32f5fe655103",
                "2c3375cd376e6b1102bb448c43bb6170b671a13dbfcebca3d512eb31b1cd7c5d",
                "cded1979b1a056bf225e8da2f15dbee7ca9886924d557175d636bc80c462b0ff",
                "1ce769da545fb238515787f412806ae170716ebfe58200324695ca08e93a8221",
                "cd5cc13afc5fd4b9dd545b22b5a077ae1d27908fa6e19b9c43c0c6184adef339",
                "3e13f0230dcb827fcaaebc6b5c35e84d81173df8049684fd29cea259c31bd12f",
                "c994c74a7f6f6e9a8494bd6362ec543bf1b8f6f55f90f7fef7473c828222c98c",
                "1b8c0688648e0bc9eac31673ec56397232fdf059100005b9d7e6273f46ff0c00",
                "b7e919149305fbebdf7552d8186d0ae9d7b396550abb9b293c0b1a32ab557488",
                "6369a2fd6a6af514e650033731ea8e8e8de3fdb065ea04b33934649221c4fb52",
                "6bcab41c2282c735f8dec7e2f5b5fa5aa6c29f51a11bfc014b4f80ef74ef7283",
                "9c4d1378e4c187eefd01640699fe638b3774fc29c57beb7d51217ffd0e9559fe",
                "5dc5ebac74e0fe0715db12f4c77a5b8aa363e50c94bebf44811252ad1a0d6440",
                "feb2bb716f1104bb45362f2ac9079455bfb6f3b77dcc734a9e102e2114d84e62",
                "fc4c2e300d1b884eae6304f127a981b5e42d920a840255008e20bd56627034f4",
                "9958a369637fda80cf2b0c26d4023b9742b2af00806d515c3c0ebbaac64cce45"
            ],
            "type": "XHR",
            "firstPartyCookies": {},
            "firstPartyCookiesSent": {},
            "exampleSites": [
                "www.pcgamingrace.com",
                "www.puffco.com",
                "kith.com",
                "stetson.com",
                "stockroom.com",
                "prxperformance.com",
                "www.purefishing.com",
                "modcloth.com",
                "august.com",
                "rhinoshield.io",
                "fixmyblinds.com",
                "www.shopjustice.com",
                "www.hurley.com",
                "www.reservebar.com",
                "www.aventon.com",
                "spyra.com",
                "nrsworld.com",
                "xmondohair.com",
                "satechi.net",
                "trueclassictees.com"
            ]
        },
        {
            "rule": "isenselabs\\.com\\/users\\/isEnabledAll",
            "cookies": 0,
            "fingerprinting": 0,
            "subdomains": [
                "gdpr.apps"
            ],
            "apis": {},
            "sites": 57,
            "prevalence": 0.000396,
            "cnames": [],
            "responseHashes": [
                "c9a393d78728f6af0dff1e2fffa2d4d9b1f1677cdd76dbe17f478522bf1c8460",
                "812ea3d373ff38ab6f0c124e039c22c3dfd39262fc658d3fb7722f9942ebf87b",
                "70f03d21ca16ec7a7c01fc943aa547995d965fd67e587230996fe0e2e25fdb1c"
            ],
            "type": "XHR",
            "firstPartyCookies": {},
            "firstPartyCookiesSent": {},
            "exampleSites": [
                "www.mirasafety.com",
                "pinklily.com",
                "www.thelasthunt.com",
                "www.tootimid.com",
                "kith.com",
                "www.reservebar.com",
                "www.purefishing.com",
                "stetson.com",
                "www.shopjustice.com",
                "maglite.com",
                "www.harrisseeds.com",
                "olaplex.com",
                "xmondohair.com",
                "heatonist.com",
                "stockroom.com",
                "valleyfoodstorage.com",
                "www.thefryecompany.com",
                "lucchese.com",
                "www.abugarcia.com",
                "www.brookstone.com"
            ]
        },
        {
            "rule": "isenselabs\\.com\\/users\\/getCookieConsentSettings",
            "cookies": 0,
            "fingerprinting": 0,
            "subdomains": [
                "gdpr.apps"
            ],
            "apis": {},
            "sites": 11,
            "prevalence": 0.0000764,
            "cnames": [],