{
    "domain": "isenselabs.com",
    "owner": {},
    "source": [
        "DuckDuckGo-US"
    ],
    "prevalence": 0.000773,
    "sites": 112,
    "subdomains": [
        "gdpr.apps",
        "labelmaker.apps"
    ],
    "cnames": [],
    "fingerprinting": 0,
    "resources": [
        {
            "rule": "isenselabs\\.com\\/users\\/versioning",
            "cookies": 0,
            "fingerprinting": 0,
            "subdomains": [
                "gdpr.apps"
            ],
            "apis": {},
            "sites": 57,
            "prevalence": 0.000394,
            "cnames": [],
            "responseHashes": [
                "477bcf1c8b83cbe9ebdbfc3988b4502c51cc59d237f8eaf204d9392f89ba867a",
                "53499bf605e88a77018220dfd031d76ebc3efcf9f47f118e5b41c3f94898d0f0",
                "75ddc4bb614fcd04737a90f3bb40744baf2c18a4200868e685e720e70c349dff",
                "9a957440e8d61240873cad89e024a9c1423dbb9695344c4d736832faa93606fc",
                "4966ee7bef3aee3159bee0b01cce9fe220fd77f44a7922349d9cffce345cc818",
                "82275fe54ca2a3e3402d01cf3a1a7e632462f794620f7427f9a8711a7d6217a3",
                "6faea12ae6ff6d07b94af14ff4d28c465ef90cdd9b9b0120e3fcdaabd1d28cd3",
                "d9e316f61a8c81351dffd1c604fba88f905fa72a46cb55a0c387b1001e762ea6",
                "c79195f01e134614a9a88277fed5ca8a6b2d27fcda29561bbd715c503c625f96",
                "7d37b599b8167c98c0db94ced437fa9ad1361f07c921c2196ae8da505706e0a6",
                "32387026769bd585d8cb544afe2ec99cdeeb7761a251601a55dc87a66490eb17",
                "92dd37680a22562b55f9d72090b4b3fd24be20a658dada830e2bffc11efe8a7b",
                "b268c620748bb4963d5fcba4ba8f8abdc325cac0e9247f277193e0588be511bd",
                "182f392dcecd5e72c764d9413de77e217e9d5bd64620c9a783e99b3fe2c5bfd3",
                "ac24e8853408a3c3fc6820d07b6144347108804d3bca4e6973a7902c918fc48b",
                "a1aaf560f91d446f49199dc63975e310455cf9c3a9fbb2fa4ffce998405b617e",
                "3c12ffdd8940a123551808d1b7ae2d07b25d65ddb1eca9745c400d05689c8bbd",
                "90d89c7b92899585b29f93cd632a12415bd3c35890c72abfb7dab148b8683e48",
                "b46daea69abfea702882ec3a0e812adec7c0f8a1e8d2eb79a4762f4fe26ef9ef",
                "16f3f4092ae01881aaba3ddb08d7938e55943dedc6dd676468f46acd741e8ebc",
                "7b4d0da75b1951f9fc894e525d90e5d226773a04ab2048bd35fd955d0aace5e1",
                "2e432756b91eace803aa5be2def0750f9472950c8486ef1bd0b8acd0c05bc771",
                "9d4ce632cea965f4b253c0553bcd0c58d68d627fa874a7620308118434edb89b",
                "05a4b9f118065be440e194faf523d646a952ee02b1bc7999627c904e3ca8797b",
                "119aefea8bfd5d54d9533a92d8d0e23e3a8b6121cb7c3f74237e7156414730d9",
                "705714e30478275af345791e3f6d9beda285e090269150cab0a2ca942b05edc8",
                "6340a38b6192f96d209072dea5da0b86b0342c53fe361dfe1ac74e0b49ee4237",
                "67495ed85a2d2a9abad6354d296b263fd9e1964c01f43ad6664d0c2bef84e124",
                "2df13d7161c5aa6ab59e6150c7cc6bd53c93fb143e21f50d32d80a4938c3f315",
                "22fa3423db90301a2db5e60f8211fec917ea5f4b9d9901035dda308b9e500af1",
                "fa4bd5b4b3221093894090a0104acc1ad2afea8aa155e6644657f083f82bb108",
                "2972918c81ad09948d6b93fd1b13b58823e68f5647522e66302b89608a9e37d1",
                "45c09b39eb8600038b3a5ad04a392c82af3c2da19d74daefdbf7a431c2587f1e",
                "83afed6fda892c2f98acf6f2863eb92445d85278cc73afd5dad23f791d0a8748",
                "773177c54a4888247b5bc436246cd1ddb48ef12b37e0bcbeb99ac118c7c942a6",
                "d65c3bc4a6092c19165a3cf99ddd18becbf0cd9f990c181b9308bdacf2287d82"
            ],
            "type": "XHR",
            "firstPartyCookies": {},
            "firstPartyCookiesSent": {},
            "exampleSites": [
                "www.thefryecompany.com",
                "www.freshwatersystems.com",
                "motorland.de",
                "www.knitting-warehouse.com",
                "vegamour.com",
                "heatonist.com",
                "plugable.com",
                "www.saxxunderwear.com",
                "stockroom.com",
                "august.com",
                "olaplex.com",
                "fixmyblinds.com",
                "www.lancasterarchery.com",
                "www.recteq.com",
                "www.pcgamingrace.com",
                "www.yandy.com",
                "anyalust.com",
                "modcloth.com",
                "kytebaby.com",
                "mediamarkt.pt"
            ]
        },
        {
            "rule": "isenselabs\\.com\\/users\\/isEnabledAll",
            "cookies": 0,
            "fingerprinting": 0,
            "subdomains": [
                "gdpr.apps"
            ],
            "apis": {},
            "sites": 37,
            "prevalence": 0.000255,
            "cnames": [],
            "responseHashes": [
                "c9a393d78728f6af0dff1e2fffa2d4d9b1f1677cdd76dbe17f478522bf1c8460",
                "70f03d21ca16ec7a7c01fc943aa547995d965fd67e587230996fe0e2e25fdb1c",
                "812ea3d373ff38ab6f0c124e039c22c3dfd39262fc658d3fb7722f9942ebf87b"
            ],
            "type": "XHR",
            "firstPartyCookies": {},
            "firstPartyCookiesSent": {},
            "exampleSites": [
                "motorland.de",
                "www.recteq.com",
                "www.shocksurplus.com",
                "www.saxxunderwear.com",
                "kith.com",
                "www.yandy.com",
                "www.lancasterarchery.com",
                "fixmyblinds.com",
                "kytebaby.com",
                "www.harrisseeds.com",
                "www.lionbrand.com",
                "magicspoon.com",
                "www.thefryecompany.com",
                "www.zerofoxtrot.com",
                "august.com",
                "www.thelasthunt.com",
                "demoniacult.com",
                "www.reservebar.com",
                "anyalust.com",
                "heatonist.com"
            ]
        },
        {
            "rule": "isenselabs\\.com\\/users\\/getCookieConsentCountry",
            "cookies": 0,
            "fingerprinting": 0,
            "subdomains": [
                "gdpr.apps"
            ],
            "apis": {},
            "sites": 26,
            "prevalence": 0.000179,
            "cnames": [],
            "responseHashes": [
                "38b904a1cf83df048360fb2480571b749fd98d57e11f1afdffb5a74a78166fea"
            ],
            "type": "XHR",
            "firstPartyCookies": {},
            "firstPartyCookiesSent": {},
            "exampleSites": [
                "www.harrisseeds.com",
                "anyalust.com",
                "www.freshwatersystems.com",
                "lucchese.com",
                "www.shocksurplus.com",
                "heatonist.com",
                "maglite.com",
                "www.lancasterarchery.com",
                "finisterre.com",
                "www.pcgamingrace.com",
                "kytebaby.com",
                "www.maryruthorganics.com",
                "www.knitting-warehouse.com",
                "www.kuiu.com",
                "www.shopjustice.com",
                "magicspoon.com",
                "fixmyblinds.com",
                "www.jimmyjazz.com",
                "august.com",
                "www.zerofoxtrot.com"
            ]
        },
        {
            "rule": "isenselabs\\.com\\/labels\\/getLabels",
            "cookies": 0.0000138,
            "fingerprinting": 0,
            "subdomains": [
                "labelmaker.apps"
            ],
            "apis": {},
            "sites": 2,
            "prevalence": 0.0000138,
            "cnames": [],
            "responseHashes": [
                "203a5a2c5c5210b9bd4c0e0f4dd8517bfd562f71c736e628e6d255bfd5ccbff1"
            ],
            "type": "XHR",
            "firstPartyCookies": {},