{
    "domain": "itransitauthority.com",
    "owner": {},
    "source": [
        "DuckDuckGo-US"
    ],
    "prevalence": 0.000201,
    "sites": 29,
    "subdomains": [],
    "cnames": [],
    "fingerprinting": 0,
    "resources": [
        {
            "rule": "itransitauthority\\.com\\/www\\/delivery\\/spcjs\\.php",
            "cookies": 0.0000972,
            "fingerprinting": 0,
            "subdomains": [],
            "apis": {},
            "sites": 14,
            "prevalence": 0.0000972,
            "cnames": [],
            "responseHashes": [
                "05879baf78a37135cddd5892b7e41826e8605f18c5873f0ef696cb03610d5329",
                "d82916a24b7aba6813ac5747bb726e65bd63b95d0b5184f2d2c263538e43a03c"
            ],
            "type": "Script",
            "firstPartyCookies": {},
            "firstPartyCookiesSent": {},
            "exampleSites": [
                "listcrawler.eu",
                "40up.com.listcrawler.eu",
                "aypapi.com.listcrawler.eu",
                "blackdynomite.com.listcrawler.eu",
                "candy.com.listcrawler.eu",
                "escortalligator.com.listcrawler.eu",
                "independent.com.listcrawler.eu",
                "max80.com.listcrawler.eu",
                "megapersonals.eu",
                "milfy.com.listcrawler.eu",
                "superasian.com.listcrawler.eu",
                "transx.com.listcrawler.eu",
                "uberover.com.listcrawler.eu",
                "yolo.com.listcrawler.eu"
            ]
        },
        {
            "rule": "itransitauthority\\.com\\/www\\/delivery\\/spc\\.php",
            "cookies": 0.0000972,
            "fingerprinting": 0,
            "subdomains": [],
            "apis": {},
            "sites": 14,
            "prevalence": 0.0000972,
            "cnames": [],
            "responseHashes": [
                "f9869c72e978b9625344c1be52b8ad2525038374b2a455312c5a989cca1cd24d",
                "d23fb6a3bb981c733d7ee60b90b6114cfabc8fc81e843d2a5895c45dbf856e27",
                "5e9ae39aadc2a7419b011cd4ac178f5075e121cadfc634ad5925c9fc2c3d73f8",
                "62a2707ee2c9be6179446f1e5ecb419ed99bc283372e9bb02c35567803852ae6",
                "9088ca57c2de7cb4c0cc50b2e89c949ca1b6db9cea311eda545e8587a4ec6e40",
                "9a36a5a4851876d45d9156008948de3716f1554ca0d71374f18f15453489aeb3",
                "888f4b4f3a047140fd9239191fc74ae9a46615f8076c46449c9ea71d3bbc989e",
                "c5826a45b3bb92cc65237691ac4c4b654c911c6ac8d76fbfb34d642b53f86f21",
                "f46070a9ff0ef04ec5660077a38cb1567f90452875f8d74433c93e307ffc9782",
                "b2255adabf5d1582b4dd3b63f85328a0cf5debb0e9ed63f94362d24db9276b7d",
                "4f6be2657bd1dbd0550c9e1e4fef82ac5a9a0780f56f89e08cd16b70e580b2ff",
                "b1250dca63e54a6e4dfa6c020e23b097535b69ffc61cb81b3b21c28eec8a4d38",
                "045ec7e6eb6f1a80a76c0ddaa288946b9df954b7fbb12eb45e7716b509b0075b"
            ],
            "type": "Script",
            "firstPartyCookies": {},
            "firstPartyCookiesSent": {},
            "exampleSites": [
                "listcrawler.eu",
                "40up.com.listcrawler.eu",
                "aypapi.com.listcrawler.eu",
                "blackdynomite.com.listcrawler.eu",
                "candy.com.listcrawler.eu",
                "escortalligator.com.listcrawler.eu",
                "independent.com.listcrawler.eu",
                "max80.com.listcrawler.eu",
                "megapersonals.eu",
                "milfy.com.listcrawler.eu",
                "superasian.com.listcrawler.eu",
                "transx.com.listcrawler.eu",
                "uberover.com.listcrawler.eu",
                "yolo.com.listcrawler.eu"
            ]
        },
        {
            "rule": "itransitauthority\\.com\\/www\\/delivery\\/fl\\.js",
            "cookies": 0,
            "fingerprinting": 0,
            "subdomains": [],
            "apis": {},
            "sites": 14,
            "prevalence": 0.0000972,
            "cnames": [],
            "responseHashes": [
                "223b20f1ef4b5c4975608d2e2e462f15f7fa39f0c40c52ff1765b95e780ee72b"
            ],
            "type": "Script",
            "firstPartyCookies": {},
            "firstPartyCookiesSent": {},
            "exampleSites": [
                "listcrawler.eu",
                "40up.com.listcrawler.eu",
                "aypapi.com.listcrawler.eu",
                "blackdynomite.com.listcrawler.eu",
                "candy.com.listcrawler.eu",
                "escortalligator.com.listcrawler.eu",
                "independent.com.listcrawler.eu",
                "max80.com.listcrawler.eu",
                "megapersonals.eu",
                "milfy.com.listcrawler.eu",
                "superasian.com.listcrawler.eu",
                "transx.com.listcrawler.eu",
                "uberover.com.listcrawler.eu",
                "yolo.com.listcrawler.eu"
            ]
        },
        {
            "rule": "itransitauthority\\.com\\/www\\/delivery\\/asyncjs\\.php",
            "cookies": 0.0000972,
            "fingerprinting": 0,
            "subdomains": [],
            "apis": {},
            "sites": 14,
            "prevalence": 0.0000972,
            "cnames": [],
            "responseHashes": [
                "297473da84a8f19da279fc9df25d68f2d1a26ee5384e18d23cf25497c44b563e"
            ],
            "type": "Script",
            "firstPartyCookies": {},
            "firstPartyCookiesSent": {},
            "exampleSites": [
                "listcrawler.eu",
                "40up.com.listcrawler.eu",
                "aypapi.com.listcrawler.eu",
                "blackdynomite.com.listcrawler.eu",
                "candy.com.listcrawler.eu",
                "escortalligator.com.listcrawler.eu",
                "independent.com.listcrawler.eu",
                "max80.com.listcrawler.eu",
                "milfy.com.listcrawler.eu",
                "superasian.com.listcrawler.eu",
                "transx.com.listcrawler.eu",
                "uberover.com.listcrawler.eu",
                "www.escortbabylon.net",
                "yolo.com.listcrawler.eu"
            ]
        },
        {
            "rule": "itransitauthority\\.com\\/www\\/delivery\\/asyncspc\\.php",
            "cookies": 0.0000903,
            "fingerprinting": 0,
            "subdomains": [],
            "apis": {},
            "sites": 13,
            "prevalence": 0.0000903,
            "cnames": [],
            "responseHashes": [
                "653415c43c8ccf06afdb82aac77dbe93f1b935ad0ea7c1a1c2af0dda7ce00065",
                "d661d718071fad3c589146943c4c1a2dff1d7cae8f98b81d632d7c25ff56bf41",
                "3bb94d2f8d52e2ec8425774efbe398e5ea1271dfadd97a9fd17bac4cd6293de9",
                "8a18d2aaeba11991ffd98abaaccfa8677252f4e11dfd93fd146b9d8de0bf8a34",
                "78899fe714c17906b3fc762fdbc95d4db3f12d8980ea832e66a79e31f3fa4e2e",
                "6448d2dc5a2ccb38545fe19357cd2d5d8a47d02d34ccbf4b12b53cc2187bb7fb",
                "0338c96f5f389ccdd1d122831afa28ad74f17cf799bf1bf9ff983de264d07a25",
                "86e844fb4641443ace9b5ca2331c844078b3317b775e44167f41d1dfaaddebba",
                "dcedce5c73f6d59726b8b5805adc9b3e0efa03815fe6a371f2d619c315e98738",
                "c509c5763055fda708c5d70040ff2e75a6468851642aae030a1cdc982d7c4af7",
                "d46ea6e73b1526951c47e9961f685204c8a00fefb0c36ac449b1d2035309c72b",
                "b52e1d0287657a764989b216917d7776848dfeb7700c052d6eec63b25050ee55"
            ],
            "type": "XHR",
            "firstPartyCookies": {},
            "firstPartyCookiesSent": {},