{
    "domain": "jpg4.net",
    "owner": {},
    "source": [
        "DuckDuckGo-US"
    ],
    "prevalence": 0.000373,
    "sites": 54,
    "subdomains": [
        "data"
    ],
    "cnames": [],
    "fingerprinting": 0,
    "resources": [
        {
            "rule": "jpg4\\.net\\/",
            "cookies": 0,
            "fingerprinting": 0,
            "subdomains": [
                "data"
            ],
            "apis": {},
            "sites": 41,
            "prevalence": 0.000283,
            "cnames": [],
            "responseHashes": [
                "1dfdd679415af78d77d2d442bf534bdc47288616bcc24ed40837b4e64bbc12d7",
                "b71ffab7ff99548096daa727b33cb48f465135335ee4cd4427517804fe0305cb"
            ],
            "type": "Document",
            "firstPartyCookies": {},
            "firstPartyCookiesSent": {},
            "exampleSites": [
                "kr.av4.space",
                "ijime.pw",
                "www.anime-tube.space",
                "xyz.av4.space",
                "tubebay.net",
                "sm4.info",
                "freetube.casa",
                "www.anime-tube.pw",
                "em.tubebay.net",
                "de.pic2.casa",
                "av.pacopaco.icu",
                "av.av4.xyz",
                "th.av4.xyz",
                "ru.mp44.us",
                "en.freetube.casa",
                "www.tubebay.net",
                "av.mp44.us",
                "anime-tube.space",
                "www.jp.av4.club",
                "jp.mp4jpg.icu"
            ]
        },
        {
            "rule": "jpg4\\.net\\/tagjpa\\.php",
            "cookies": 0,
            "fingerprinting": 0,
            "subdomains": [
                "data"
            ],
            "apis": {},
            "sites": 40,
            "prevalence": 0.000276,
            "cnames": [],
            "responseHashes": [
                "31db1465f5a7c3c59a8c71331a9826b563d7b3957dcc8f39a6e7c648a370fbca",
                "8eee65735f79d9f39f879cacb7a8cc0fb8adffc9549359244cd02fc12ff21791",
                "9a3d5842f97d7b9c9395117eb06435b816cf9b2a18a60042032ef7e35fcbde04",
                "4aa0ac3969f0890a5d6fb1d51c690ebfa03d56be6253fad77e08b3887f6c19a3",
                "81f37e1b85696ea9fb61716b88d4c98b5da14844def97f04208732dea4bc9c17",
                "00cb5e9fd7128ce9b3267a60a6bc6ce82baafdc61fc67299f38df3868206342d",
                "1588176ac592804bcf5603e4a1e0c9a6daae9aa062634b810e2396d87ac9512f",
                "78093937c9f7f92c3117014a84c424b1e1a953de2cfe54e7cbe1530a72adb02f"
            ],
            "type": "Document",
            "firstPartyCookies": {},
            "firstPartyCookiesSent": {},
            "exampleSites": [
                "little.av4.space",
                "rz.sm4.info",
                "ijime.pw",
                "www.anime-tube.pw",
                "ru.av4.xyz",
                "tubebay.net",
                "th.av4.xyz",
                "en.freetube.casa",
                "en.jtube.space",
                "av.jtube.space",
                "en.av4.space",
                "download.mp3tube.club",
                "www.jp.av4.club",
                "av.mp44.us",
                "freetube.casa",
                "anime-tube.space",
                "sm4.info",
                "vup.ikushima.work",
                "www.anime-tube.space",
                "es.av4.xyz"
            ]
        },
        {
            "rule": "jpg4\\.net\\/av4\\.us+vichatter+young+webcam%D0%B3%D0%BE%D0%BB%D0%B0%D1%8F+%D0%BB%D0%BE%D0%BB%D1%8F%5B\\/pic1\\.html",
            "cookies": 0,
            "fingerprinting": 0,
            "subdomains": [
                "data"
            ],
            "apis": {},
            "sites": 2,
            "prevalence": 0.0000138,
            "cnames": [],
            "responseHashes": [
                "cb3e815bc46179a40d9320924d7206c97b7b20fd54520374c305ad47dd5a23f7"
            ],
            "type": "Document",
            "firstPartyCookies": {},
            "firstPartyCookiesSent": {},
            "exampleSites": [
                "pic2.casa",
                "de.pic2.casa"
            ]
        },
        {
            "rule": "jpg4\\.net\\/www\\.jpg4\\.us%20%3A-%7C%3A-%7C%20imagesize%3A1440x956\\/pic1\\.html",
            "cookies": 0,
            "fingerprinting": 0,
            "subdomains": [
                "data"
            ],
            "apis": {},
            "sites": 2,
            "prevalence": 0.0000138,
            "cnames": [],
            "responseHashes": [
                "dc2589ab58c3feda3f67a2fdd3a7e75e16d3fa56ac1f21414a95dfc8baa9502e"
            ],
            "type": "Document",
            "firstPartyCookies": {},
            "firstPartyCookiesSent": {},
            "exampleSites": [
                "mp4jpg.icu",
                "en.mp4jpg.icu"
            ]
        },
        {
            "rule": "jpg4\\.net\\/site%EF%BC%9Ayounglust\\.cc%20-Posttome%20teenclub%20rus%2062\\/pic2\\.html",
            "cookies": 0,
            "fingerprinting": 0,
            "subdomains": [
                "data"
            ],
            "apis": {},
            "sites": 2,
            "prevalence": 0.0000138,
            "cnames": [],
            "responseHashes": [
                "ed7e15ff665c08961bc47bcd9e6fa59aee89dd85d56ece411d82acf589e9e7e6"
            ],
            "type": "Document",
            "firstPartyCookies": {},
            "firstPartyCookiesSent": {},
            "exampleSites": [
                "mp4jpg.icu",
                "jp.mp4jpg.icu"
            ]
        },
        {
            "rule": "jpg4\\.net\\/%ED%95%9C%EB%B3%B5%EB%88%84%EB%93%9C\\/pic4\\.html",
            "cookies": 0,
            "fingerprinting": 0,
            "subdomains": [
                "data"
            ],
            "apis": {},
            "sites": 2,
            "prevalence": 0.0000138,
            "cnames": [],
            "responseHashes": [
                "c6cc33e32ebc5fb3ca55c9fc7dd8b78d35943e6c1aa3cc7371ab24f820c9c035"
            ],
            "type": "Document",
            "firstPartyCookies": {},
            "firstPartyCookiesSent": {},
            "exampleSites": [
                "pic4.cyou",
                "kr.pic4.cyou"
            ]
        }
    ],
    "categories": [],
    "performance": {},
    "cookies": 0,
    "types": {
        "Document": 89
    },
    "nameservers": [
        "freedns3.registrar-servers.com",
        "freedns1.registrar-servers.com",
        "freedns2.registrar-servers.com",
        "freedns4.registrar-servers.com",
        "freedns5.registrar-servers.com"
    ]
}