{
    "domain": "kount.net",
    "owner": {},
    "source": [
        "DuckDuckGo-US"
    ],
    "prevalence": 0.000152,
    "sites": 20,
    "subdomains": [
        "shopify"
    ],
    "cnames": [],
    "fingerprinting": 1,
    "resources": [
        {
            "rule": "kount\\.net\\/js",
            "cookies": 0.0000759,
            "fingerprinting": 1,
            "subdomains": [
                "shopify"
            ],
            "apis": {
                "Document.cookie getter": 9
            },
            "sites": 10,
            "prevalence": 0.0000759,
            "cnames": [],
            "responseHashes": [
                "22f7d0ad07a50dcd162ca5641e962f1e8bf583bccdd7c1133dbdc169c09c2030",
                "5e91602b7e86ead87dbe31d87352fa25f1b5b3262678f2229213cfc6dfbe2535",
                "d2828e089649a1a910fc328c5dc4682973467c2183c73ba0bad9c6936fe85aa2",
                "40d78da66f63523e3f25940a37173ad8a6e68a8f6cd1fa169b03ac44ec7a3e47",
                "1c7d971f00106ef62b3626bfce855ca6b65585e81a168e1807b092172913b198",
                "6ffe0ce688032ff72159363919d60c7054acbfbb7bf582d35b7292eb93ad383a",
                "a2a96faf5ec5172d87a26fcdfd26b656ed937775514441754735d094f8956d7f"
            ],
            "type": "Script",
            "firstPartyCookies": {},
            "firstPartyCookiesSent": {},
            "exampleSites": [
                "4patriots.com",
                "stores.staples.ca",
                "tommyjohn.com",
                "www.bureauengros.com",
                "www.citygrounds.com",
                "www.harrypottershop.com",
                "www.staples.ca",
                "www.vapor.com",
                "www.vitalproteins.com",
                "www.wholelattelove.com"
            ]
        }
    ],
    "categories": [],
    "performance": {},
    "cookies": 0.000152,
    "types": {
        "Script": 10
    },
    "nameservers": [
        "daisy.ns.cloudflare.com",
        "lex.ns.cloudflare.com"
    ]
}