{
    "domain": "kount.net",
    "owner": {},
    "source": [
        "DuckDuckGo-US"
    ],
    "prevalence": 0.000187,
    "sites": 27,
    "subdomains": [
        "shopify",
        "shopify.test"
    ],
    "cnames": [],
    "fingerprinting": 1,
    "resources": [
        {
            "rule": "kount\\.net\\/js",
            "cookies": 0.0000139,
            "fingerprinting": 1,
            "subdomains": [
                "shopify",
                "shopify.test"
            ],
            "apis": {
                "Document.cookie getter": 14,
                "Date.prototype.getTime": 2,
                "Document.cookie setter": 2
            },
            "sites": 14,
            "prevalence": 0.0000972,
            "cnames": [],
            "responseHashes": [
                "657da0ef5972c315e99d858af86c056b185bb1d516f8ecce2d4ac3baa51848f4",
                "e1fac96bf7318aa5965beac1b2c139a6de9c23dbc0bd0b5f94303a20d45b9ea9",
                "7baac8fe09311cf047fa275d5706ab8e368eba74d148c2135f87f320456ccb45",
                "5e91602b7e86ead87dbe31d87352fa25f1b5b3262678f2229213cfc6dfbe2535",
                "df449fab78f39e9d2d7538fe5f06cab5d8497d77e9c1110c670fb02ee9db0b9e",
                "4de769edfc2b5cfb361ddbefdf3d1d37584b07e5a092dfb62deda24a8907413f",
                "22f7d0ad07a50dcd162ca5641e962f1e8bf583bccdd7c1133dbdc169c09c2030",
                "d2828e089649a1a910fc328c5dc4682973467c2183c73ba0bad9c6936fe85aa2",
                "21c04f59af7561b3c68f6fef9ed55814b4798d987a0c6fa0a90b64895e6963dc",
                "749df19e0fb1e561067936b5fd0377c9874e3d41d64600a60bb7265c396647b5",
                "1c7d971f00106ef62b3626bfce855ca6b65585e81a168e1807b092172913b198",
                "a2a96faf5ec5172d87a26fcdfd26b656ed937775514441754735d094f8956d7f"
            ],
            "type": "Script",
            "firstPartyCookies": {
                "KountCookie": {
                    "ttl": 86409,
                    "length": 32,
                    "prevalence": 0.000013886285210411937,
                    "uniqueness": 1
                }
            },
            "firstPartyCookiesSent": {},
            "exampleSites": [
                "4patriots.com",
                "buy.gazelle.com",
                "gorillamind.com",
                "hoover.com",
                "tommyjohn.com",
                "www.100percent.com",
                "www.adriannapapell.com",
                "www.bureauengros.com",
                "www.citygrounds.com",
                "www.peets.com",
                "www.squattypotty.com",
                "www.staples.ca",
                "www.vapor.com",
                "www.wholelattelove.com"
            ]
        }
    ],
    "categories": [],
    "performance": {
        "time": 0,
        "size": 0,
        "cpu": 0,
        "cache": 0
    },
    "cookies": 0.0000347,
    "types": {
        "Script": 14
    },
    "nameservers": [
        "daisy.ns.cloudflare.com",
        "lex.ns.cloudflare.com"
    ]
}