{
    "domain": "lbry.tech",
    "owner": {},
    "source": [
        "DuckDuckGo-US"
    ],
    "prevalence": 0.000145,
    "sites": 21,
    "subdomains": [
        "sentry"
    ],
    "cnames": [],
    "fingerprinting": 0,
    "resources": [
        {
            "rule": "lbry\\.tech\\/api\\/2\\/store\\/",
            "cookies": 0,
            "fingerprinting": 0,
            "subdomains": [
                "sentry"
            ],
            "apis": {},
            "sites": 18,
            "prevalence": 0.000124,
            "cnames": [],
            "responseHashes": [
                "87ef3238576b5a61cd16101d307297ef20aeb81300e182f6eab8b1c6c9d996d9",
                "37fe72d02064c9a9922e4138bd07651177d18a1588698026e3d7eb56c45035a6",
                "72cfd3fc52768850b3c9095fad48fec5f4bcf408f801ca2a56ff198b21834911",
                "dee271c773855e20f743d5fc14860eabd82bb5dc8a2948b8289c3d68396d4a13",
                "b41626fdc6ad28b0816c4c7ea868441ff025c957c03e567e01fc620d455ca3ec",
                "e2e33ebbd810a505b8db0aa6f77915a1498dcd9ee7ba2fb490e95f4b0e9897d1",
                "d1dbdc4dd13dce9f361f0f8a47fb07b5e72556b9b3e10bb2d98c3b570fd9a23a",
                "983cb2a31ff82b258cacbe69754f9c62144134912f6f14617d83d8d5b553cc37",
                "ec5aeb7c60689826bf805ba6d9b93e46f93e3f13b2b6e7b44d887be6dec39508",
                "43840af5ff17023ba5c8aeb27e6e72d6afb9d9a615dc085f55fa7bbbc147fc8e",
                "c037c0063f63749de9dc4a78f17a924d527aa25b1243a900aad227ce84d0511b",
                "bc40d20ebba7feacfc8fa57e38ebcdd536c455976e34a823f29775b5f72fd004",
                "307a14524d00f70c8fb034ef60735ddfbf22ab0ce8f2ec6d91c454f73f95b95a",
                "5a93772f6faef764692dce41129dfff4fd620488bc3354679eff974025b95aa0",
                "84fa041380baf7048be0aff2e20394861349f0acbc21870862d9563ad65084fe",
                "0cf397bf84c9729ec62f6a055780ea8221dec18cdf9ecb9f5901c9b8f5ac07b7",
                "e07ff5282443d77d4d9ac2982db1f49b62b173426b1c5d0cef6a80ad7c7e0e74"
            ],
            "type": "Fetch",
            "firstPartyCookies": {},
            "firstPartyCookiesSent": {},
            "exampleSites": [
                "andreaskalcker.com",
                "corona-ausschuss.de",
                "echelledejacob.blogspot.com",
                "eevblog.com",
                "egaliteetreconciliation.fr",
                "hugotalks.com",
                "lbry.com",
                "odysee.com",
                "oppressed.news",
                "redice.tv",
                "worldwidedemonstration.com",
                "www.corbettreport.com",
                "www.covidcon21.com",
                "www.eevblog.com",
                "www.infovf.com",
                "www.launetv.com",
                "www.lauralynn.tv",
                "www.new-earth-healing.com"
            ]
        }
    ],
    "categories": [],
    "performance": {},
    "cookies": 0,
    "types": {
        "Fetch": 18
    },
    "nameservers": [
        "evan.ns.cloudflare.com",
        "jill.ns.cloudflare.com"
    ]
}