{
    "domain": "lee.digital",
    "owner": {},
    "source": [
        "DuckDuckGo-US"
    ],
    "prevalence": 0.000069,
    "sites": 10,
    "subdomains": [
        "p"
    ],
    "cnames": [],
    "fingerprinting": 0,
    "resources": [
        {
            "rule": "lee\\.digital\\/recommendations",
            "cookies": 0,
            "fingerprinting": 0,
            "subdomains": [
                "p"
            ],
            "apis": {},
            "sites": 10,
            "prevalence": 0.000069,
            "cnames": [],
            "responseHashes": [
                "d10255995321a1ef4d94090d9fc7a21f397a7c52bbf65bc6aa5646e3635d0872",
                "0e65ba373f603fbb76a21d2c911277127ba8ad0005d4b9237211a573aa7f2fa9",
                "ffaed06f83df899ea4a2d6ef1688c77ff74480c46b47e47797c8476051cfd423",
                "87282c5e7f2566a97ecd28c394e0bf5cef7d68c9bb20cd838ddfd65e49af9517",
                "efb2bf57d987e1b9dd86394562f319e95bc486f24ba2583eae4e49ab89bd686c",
                "216a0c8d19d2ced4e96984de2b52028e43ab08725e09d5a3b01d3459aa3da672",
                "4e9f75642b97d825dbde10cee16d59f3a40292e0f60eb40f275005c2d040cf51",
                "b2848ba3d96ce80b7498ad76358bcd2580e300f9184bfb26ab4e39ed696462c0",
                "67c1769eabb79c8c0cec9e632cc59a7ca32aabf56fead51d15d2f5e2d0af2635"
            ],
            "type": "XHR",
            "firstPartyCookies": {},
            "firstPartyCookiesSent": {},
            "exampleSites": [
                "auburnpub.com",
                "cumberlink.com",
                "globegazette.com",
                "herald-review.com",
                "lacrossetribune.com",
                "pantagraph.com",
                "poststar.com",
                "siouxcityjournal.com",
                "thesouthern.com",
                "wcfcourier.com"
            ]
        }
    ],
    "categories": [],
    "performance": {},
    "cookies": 0,
    "types": {
        "XHR": 10
    },
    "nameservers": [
        "ns-cloud-c4.googledomains.com",
        "ns-cloud-c1.googledomains.com",
        "ns-cloud-c2.googledomains.com",
        "ns-cloud-c3.googledomains.com"
    ]
}