{
    "domain": "linkconnector.com",
    "owner": {
        "name": "LinkConnector Corporation",
        "displayName": "LinkConnector"
    },
    "source": [
        "DuckDuckGo-US"
    ],
    "prevalence": 0.000653,
    "sites": 94,
    "subdomains": [
        "www"
    ],
    "cnames": [],
    "fingerprinting": 1,
    "resources": [
        {
            "rule": "linkconnector\\.com\\/uts_lp\\.php",
            "cookies": 0.000319,
            "fingerprinting": 1,
            "subdomains": [
                "www"
            ],
            "apis": {
                "window.localStorage": 45,
                "Date.prototype.getTime": 46,
                "Document.cookie getter": 33,
                "Document.cookie setter": 33
            },
            "sites": 48,
            "prevalence": 0.000333,
            "cnames": [],
            "responseHashes": [
                "0ba6b4db8fd1d032658cfafd28e96e1eec9b84d2499decc5c838f75c3cb0dfcf",
                "084b107a532b163ca7f822802f96fbadc6cb053ab74a0b6a2e1726bd9aa06a17",
                "c3d90a2cf000fd361c58a5b81ac48b624ce6fb6218e2e44f64489c25b4348325",
                "b67fa49182880e40b415e54ff2193b86b08fd8b6cfbbe742b6a1be9aab9dc5e1",
                "24b325cd8fd4abe6849b692eeefe442b83bbd6205645de48bfb8af90cc44da3f",
                "bad6a00fee1d727a25f00d679a8423e6c2630e69d09dc08f2130654489a2f338",
                "94fca13b8f7c8d8570e87cb7fd20cbdebdb99bb1bbdec08e75630c78437bdb2f",
                "9abbf1729214257e9582c6634a0566755184d4742d193a7f01317637ff5bb4f9",
                "21b15356350875a29ae5c03e7e175b98d7cbdd8c5a27dff8d9048e93fdd12519",
                "1de5e3c669207a66a083a216ef21a769fd6cf149726c3529d8b97733587ff359",
                "750fddfaaabadd2b587c783f7397e6865313289e8936ac41140f7c6150d747d0",
                "71b068b12726e71e4cac45fd29f85fe9e9e5dc849a151c53f5cc09bd92410c22",
                "62644371bc5bf380894ed788f8bde0e57ab02682073d063463cf629fab351eee",
                "f589c913db8e9ca2268634ca396c5b5628530b6722be9ecd7a919b484f914330",
                "ffdb3547ae54f1f949f53b8cff3cb9af6107fe4f1d302671344ddc824fa01c4f",
                "a201313d31c7d4211766508b15366290a791f28d076ba35865f17ef1b64170dc",
                "3b4af46adb73a98bc62333933bf7cde44be8aa775ec64e85174bd74c1e2d2788",
                "944a95c7f7259d1d433e9e363b3236f66e3b1fb514ab89a741297c5db00a365e",
                "fbb3840b3d342f62be8f6f37abf7ce8a24c6315a1eb7f621546386afae3971f1",
                "79ac13d1470e5937c20e5e5f7dc940de1efb9d024ec9a00432099297771af147",
                "490b2afcf2a4db224bdf1322a1c304d4b6fafcf3e836102069c8f6ddc1474afa",
                "2ee09cb590af5a90baf6699d81546a088bf86fcbc8d45fdd262e6a6f452144e6",
                "2bae5fc90eaffc6d83e279ee31cd87730f1be6bc32d1cacbc45bb0bc73738d8e",
                "72721556b92aeb6fa9bf6f2e61070f4de3b11b7042e19fcebb94aed108f4235f",
                "a2f80ce9e966c7e7f141d888ed717f848c412e588d352500914f8377ae9113c4",
                "4fb5f5bf0faa374b2333036066972745a2847ab076fb889d06039cf3175613c2",
                "ddfe520d7038eac406df1c038d83d162c2a043057da501594ea8ac115a61d271",
                "9e83c41d5fa36f4d3e69145c12c28b72c486cc578ca050df38a8b158c125ff72",
                "7b50a1b132b2f087a00ac591aab018748627950edfe4c5847321e55d05461cfb",
                "93467120e9d2c65af0b57c70db3c99eef01741ffa8de5eca86ed6835b57047ce",
                "0a19fa33d94064d2f972570440ac7c7cebb13a9099e9ef6fc33ba93be7368ef9",
                "1ce860d23debaa30df5a3f7427065b928be49531c0db13c2536ae90c89d79eba",
                "dc51d5f06fed75ed691f0c99dba4427042774b7d77aa871c9f7398356e00cc1f",
                "b4f5cde919d470f52d2abc8855af43e7c6b1bbc8ad190285088357642e2a42f5",
                "c4054f7215d844732c2f01352e39a7582429b3f046382ba5b31c364362bc966c",
                "3d5912c844fb25580184af8661bf5cc15fc5dee824ad521d0e5cf061ffbf3af6",
                "f4055b3d7f5b94da5efb8000b494bd3d9945fbd8fae09752d535f4c6e37dea7c",
                "fc11aec4facc7b17cbe4182d2df008fef74373df9c53a9fc5b7266e4ec0abd03",
                "83b99685d384f68026760d24811a9ba7137bb6bb30c50d12a4e37f15a427c660",
                "df72b9f539d67bd8ce3253136b1dddaedcdd13540254a079073c7dee6b0e01f9",
                "030b0992211f7ad87834c7a69340bceb450bd344d407f74abf2c4d6ba71e8fcb",
                "5f40e1942c5cd6ca16a36285b6287a46bd9ff8ebd18e290c5d9bb2a906e3d8f9",
                "c5c2684965b574f875827516f62489206ef6915c37f40fe7c3c968733aa47a95",
                "c2f9b0d5cc8d50c98be31a583109eb8be5715c073dfef30df8da956cf3302d05",
                "b7b313e26d4770354114d9da9110cc003963b943489a71e39968362c2608de70",
                "0b83d804acfc4a226d26ff50ba0202c0ccd69fbd8ba66d17d498ea407fc25e6d"
            ],
            "type": "Script",
            "firstPartyCookies": {
                "uts_id": {
                    "ttl": 157680006,
                    "length": 17,
                    "prevalence": 0.00022212966819380815,
                    "uniqueness": 1
                },
                "LCUTS_UID_901015": {
                    "ttl": 3601,
                    "length": 6,
                    "prevalence": 0.000013883104262113009,
                    "uniqueness": 0.5
                },
                "LCUTS_UID_900133": {
                    "ttl": 3603,
                    "length": 6,
                    "prevalence": 0.00010412328196584757,
                    "uniqueness": 0.06666666666666667
                },
                "LCUTS_UID_900723": {
                    "ttl": 3616,
                    "length": 6,
                    "prevalence": 0.0000069415521310565046,
                    "uniqueness": 1
                },
                "LCUTS_UID_901701": {
                    "ttl": 3615,
                    "length": 6,
                    "prevalence": 0.000013883104262113009,
                    "uniqueness": 0.5
                },
                "LCUTS_UID_901600": {
                    "ttl": 3627,
                    "length": 6,
                    "prevalence": 0.0000069415521310565046,
                    "uniqueness": 1
                },
                "LCUTS_UID_900400": {
                    "ttl": 3617,
                    "length": 6,
                    "prevalence": 0.0000069415521310565046,
                    "uniqueness": 1
                },
                "LCUTS_UID_901594": {
                    "ttl": 3615,
                    "length": 6,
                    "prevalence": 0.0000069415521310565046,
                    "uniqueness": 1
                },
                "LCUTS_UID_901786": {
                    "ttl": 3602,
                    "length": 6,
                    "prevalence": 0.0000069415521310565046,
                    "uniqueness": 1
                },
                "LCUTS_UID_901518": {
                    "ttl": 3620,
                    "length": 6,
                    "prevalence": 0.000013883104262113009,
                    "uniqueness": 0.5
                },
                "LCUTS_UID_900188": {
                    "ttl": 3618,
                    "length": 6,
                    "prevalence": 0.0000069415521310565046,
                    "uniqueness": 1
                },
                "LCUTS_UID_900070": {
                    "ttl": 3613,
                    "length": 6,
                    "prevalence": 0.0000069415521310565046,
                    "uniqueness": 1
                },
                "LCUTS_UID_901602": {
                    "ttl": 3600,
                    "length": 6,
                    "prevalence": 0.0000069415521310565046,
                    "uniqueness": 1
                },
                "LCUTS_UID_901229": {
                    "ttl": 3601,
                    "length": 6,
                    "prevalence": 0.0000069415521310565046,
                    "uniqueness": 1
                },
                "LCUTS_UID_900398": {
                    "ttl": 3600,
                    "length": 6,