{
    "domain": "listhub.net",
    "owner": {
        "name": "Listhub",
        "displayName": "Listhub"
    },
    "source": [
        "DuckDuckGo-US"
    ],
    "prevalence": 0.00018,
    "sites": 26,
    "subdomains": [
        "tracking"
    ],
    "cnames": [],
    "fingerprinting": 1,
    "resources": [
        {
            "rule": "listhub\\.net\\/scripts\\/la\\.js",
            "cookies": 0.0000276,
            "fingerprinting": 0,
            "subdomains": [
                "tracking"
            ],
            "apis": {},
            "sites": 4,
            "prevalence": 0.0000276,
            "cnames": [],
            "responseHashes": [
                "d6d4eea8b052f6dfe7f0359fa70eddb636ab17af4e82170540512a527abc72fe",
                "ce222eed8fb5e1703c54bde42fdf28de76966766ac1b34962ce8e8ad1ae154bf",
                "4ab49d77a6f6c385da3e7f88b059e2d101c8063420e7c2a6a640622eb56d2289"
            ],
            "type": "Script",
            "firstPartyCookies": {},
            "firstPartyCookiesSent": {},
            "exampleSites": [
                "century21.com",
                "commercial.century21.com",
                "www.century21.com",
                "www.har.com"
            ]
        },
        {
            "rule": "listhub\\.net\\/la\\.min\\.js",
            "cookies": 0.0000967,
            "fingerprinting": 1,
            "subdomains": [
                "tracking"
            ],
            "apis": {
                "Date.prototype.getTime": 6
            },
            "sites": 14,
            "prevalence": 0.0000967,
            "cnames": [],
            "responseHashes": [
                "8dd089c69086496a8ed16bb810d0cbbb10c6c67e0be7fddcdf79775f3e56edd3",
                "5475fb55efb52702bffc74786708b411ee3a63ebe78b3c50918ab546260ad60d",
                "8a213cdc5d397ed454ab69377e09fdd38d8ab4f37acc40bcec04b4b7d3722c0d",
                "82cb3642b32f839b6795a587532385d823050b158b51cbada39372495e60bac4",
                "6c89ce5e5023751811b41181cdcbf9ab8f5ecbad204a8a93cbb82a46a2c2fdcc",
                "49c2b16d6342d35071cd311005b47c52d00ebb44df2ee2ba419f6d7fc220b3b8",
                "5c079d4998eb5876718d3933e32114a94ad4fafaacb432fdba69b67ff95d8c93",
                "399dd301ba2d50af5fa28d260b045a2bc50a75564a984200c603915dc8d1db5f",
                "635a048478e57b92b9f80bf1f729dd033c61e36fd03545a138939b68c3e5f9fc",
                "07885a013360652ca385a487c2be28878fe0006b0d783491ae5e993b2332427c",
                "d6bcdcc5f1430530208e57c4af06a47686040806d99b58baeba3fa322b4d9958",
                "4aceb667732b2dd2f4156861b830a29d904b1714756c908174dc9dc31cde4d01",
                "c35ec35cea6e37daf7e1012b0ce7d3143bd1f9459ff79256963f092a2e4126f3"
            ],
            "type": "Script",
            "firstPartyCookies": {},
            "firstPartyCookiesSent": {},
            "exampleSites": [
                "homefinder.com",
                "www.cabinhomes.com",
                "www.christiesrealestate.com",
                "www.condo.com",
                "www.landandfarm.com",
                "www.landsofamerica.com",
                "www.landwatch.com",
                "www.landsoftexas.com",
                "www.neren.com",
                "www.point2homes.com",
                "www.properstar.com",
                "www.realestatebook.com",
                "www.realtytrac.com",
                "www.rentals.com"
            ]
        },
        {
            "rule": "listhub\\.net\\/batch",
            "cookies": 0.0000207,
            "fingerprinting": 0,
            "subdomains": [
                "tracking"
            ],
            "apis": {},
            "sites": 3,
            "prevalence": 0.0000207,
            "cnames": [],
            "responseHashes": [
                "e3b0c44298fc1c149afbf4c8996fb92427ae41e4649b934ca495991b7852b855"
            ],
            "type": "XHR",
            "firstPartyCookies": {},
            "firstPartyCookiesSent": {},
            "exampleSites": [
                "homefinder.com",
                "www.landandfarm.com",
                "www.neren.com"
            ]
        },
        {
            "rule": "listhub\\.net\\/tracker",
            "cookies": 0.0000345,
            "fingerprinting": 0,
            "subdomains": [
                "tracking"
            ],
            "apis": {},
            "sites": 5,
            "prevalence": 0.0000345,
            "cnames": [],
            "responseHashes": [
                "77b1d2c0857d4e95d4c2ae7aa0abc5aaafa6bd4581b31203d1592759c26f5c44"
            ],
            "type": "Image",
            "firstPartyCookies": {},
            "firstPartyCookiesSent": {},
            "exampleSites": [
                "landsearch.com",
                "www.landsearch.com",
                "www.landsoftexas.com",
                "www.realtytrac.com",
                "www.rentals.com"
            ]
        },
        {
            "rule": "listhub\\.net\\/scripts\\/la\\.min\\.js",
            "cookies": 0.0000138,
            "fingerprinting": 0,
            "subdomains": [
                "tracking"
            ],
            "apis": {},
            "sites": 2,
            "prevalence": 0.0000138,
            "cnames": [],
            "responseHashes": [
                "9f9b6fdae2b04913051067ee24ad87e8562d66d7071b40b401e690567eee4267"
            ],
            "type": "Script",
            "firstPartyCookies": {},
            "firstPartyCookiesSent": {},
            "exampleSites": [
                "newhomesource.com",
                "www.newhomesource.com"
            ]
        }
    ],
    "categories": [],
    "performance": {},
    "cookies": 0.00018,
    "types": {
        "Script": 20,
        "XHR": 3,
        "Image": 5
    },
    "nameservers": [
        "ns-244.awsdns-30.com",
        "ns-563.awsdns-06.net",
        "ns-1307.awsdns-35.org",
        "ns-1995.awsdns-57.co.uk"
    ]
}