{
    "domain": "listhub.net",
    "owner": {
        "name": "Listhub",
        "displayName": "Listhub"
    },
    "source": [
        "DuckDuckGo-US"
    ],
    "prevalence": 0.000173,
    "sites": 25,
    "subdomains": [
        "tracking"
    ],
    "cnames": [],
    "fingerprinting": 1,
    "resources": [
        {
            "rule": "listhub\\.net\\/scripts\\/la\\.js",
            "cookies": 0.0000345,
            "fingerprinting": 0,
            "subdomains": [
                "tracking"
            ],
            "apis": {},
            "sites": 5,
            "prevalence": 0.0000345,
            "cnames": [],
            "responseHashes": [
                "9d25d48b7d973dec379aaafa7bd16371b481b283432eee18d3c9f730d01d9e30",
                "d5c7574a2150631674e0697e5682d207a36229f67085a4860b7fc3e1b73d4a77",
                "71335b49d515e06223f3a97b9bdad8d7d355ef047a2c6adfba96ceb2799e8dcc",
                "04bf59e106062ec6311859ee069d84e438ea13ce26e80a88a2c60e6b45c442ea"
            ],
            "type": "Script",
            "firstPartyCookies": {},
            "firstPartyCookiesSent": {},
            "exampleSites": [
                "century21.com",
                "commercial.century21.com",
                "www.century21.com",
                "www.har.com",
                "www.homesandland.com"
            ]
        },
        {
            "rule": "listhub\\.net\\/la\\.min\\.js",
            "cookies": 0.0000759,
            "fingerprinting": 1,
            "subdomains": [
                "tracking"
            ],
            "apis": {
                "Date.prototype.getTime": 4
            },
            "sites": 11,
            "prevalence": 0.0000759,
            "cnames": [],
            "responseHashes": [
                "e54bca7c3c2256ef796f4da58f807d4c11bae8fc89de45dc57b591dc13dfb771",
                "0c1938583355daeb126691ac93e5857a1d77d875cc1be0b1e778f4c2f88bbb5a",
                "ad382457d1b33a410f5fd0f5458a0e7ad77ccdaa355dcaa73dfb4549f13a9723",
                "060353f067881a0a31074bd46fd20ea981143741e0d601be6ed67ddf8d3a24eb",
                "1be96fdc677895b20335a75ff69975c3fa410342e26b97337c6503c322c03749",
                "55d553b00652eab3f1ca2cd406bd38369db9f615ec20819be9cd3f585bd58d68",
                "ac9fceab1ad0c676671c7de71463fa1922fea574df3f68d8c01d7e99c31094a6",
                "c530a21d911be64b39d08415f980d908dbd4f96038359db62ec4178addd208ca",
                "aea4a2853aaa1cd74e8c5480270b7eec7b53559e3b67397280831d234261b83f",
                "39fbac934ad6b43a56859a6de9bffbd8ab5646fc81df3cc9aa4fffc6ff78cb8c"
            ],
            "type": "Script",
            "firstPartyCookies": {},
            "firstPartyCookiesSent": {},
            "exampleSites": [
                "homefinder.com",
                "www.cabinhomes.com",
                "www.christiesrealestate.com",
                "www.condo.com",
                "www.landandfarm.com",
                "www.landsofamerica.com",
                "www.landsoftexas.com",
                "www.landwatch.com",
                "www.realestatebook.com",
                "www.realtytrac.com",
                "www.rentals.com"
            ]
        },
        {
            "rule": "listhub\\.net\\/tracker",
            "cookies": 0.0000276,
            "fingerprinting": 0,
            "subdomains": [
                "tracking"
            ],
            "apis": {},
            "sites": 4,
            "prevalence": 0.0000276,
            "cnames": [],
            "responseHashes": [
                "77b1d2c0857d4e95d4c2ae7aa0abc5aaafa6bd4581b31203d1592759c26f5c44"
            ],
            "type": "Image",
            "firstPartyCookies": {},
            "firstPartyCookiesSent": {},
            "exampleSites": [
                "landsearch.com",
                "www.landsearch.com",
                "www.realtytrac.com",
                "www.rentals.com"
            ]
        },
        {
            "rule": "listhub\\.net\\/scripts\\/la\\.min\\.js",
            "cookies": 0.0000138,
            "fingerprinting": 0,
            "subdomains": [
                "tracking"
            ],
            "apis": {},
            "sites": 2,
            "prevalence": 0.0000138,
            "cnames": [],
            "responseHashes": [
                "9d69449643131907db17f363e7249370fe2751ad2d22d09979529d955d5ea17f"
            ],
            "type": "Script",
            "firstPartyCookies": {},
            "firstPartyCookiesSent": {},
            "exampleSites": [
                "newhomesource.com",
                "www.newhomesource.com"
            ]
        }
    ],
    "categories": [],
    "performance": {},
    "cookies": 0.000173,
    "types": {
        "Script": 18,
        "Image": 4
    },
    "nameservers": [
        "ns-244.awsdns-30.com",
        "ns-563.awsdns-06.net",
        "ns-1307.awsdns-35.org",
        "ns-1995.awsdns-57.co.uk"
    ]
}