{
    "domain": "ltiukmepo.com",
    "owner": {},
    "source": [
        "DuckDuckGo-US"
    ],
    "prevalence": 0.000194,
    "sites": 28,
    "subdomains": [],
    "cnames": [],
    "fingerprinting": 0,
    "resources": [
        {
            "rule": "ltiukmepo\\.com\\/utx",
            "cookies": 0.0000968,
            "fingerprinting": 0,
            "subdomains": [],
            "apis": {},
            "sites": 14,
            "prevalence": 0.0000968,
            "cnames": [],
            "responseHashes": [
                "e3b0c44298fc1c149afbf4c8996fb92427ae41e4649b934ca495991b7852b855"
            ],
            "type": "XHR",
            "firstPartyCookies": {},
            "firstPartyCookiesSent": {},
            "exampleSites": [
                "anyxxx.com",
                "fapporn.net",
                "fesporn.com",
                "hauporn.com",
                "ohosex.com",
                "xnxx26.com",
                "xnxx32.com",
                "xnxx34.com",
                "xnxx90.com",
                "xnxx91.com",
                "xnxx92.com",
                "xnxx94.com",
                "xnxx95.com",
                "xnxx97.com"
            ]
        },
        {
            "rule": "ltiukmepo\\.com\\/floater",
            "cookies": 0.0000968,
            "fingerprinting": 0,
            "subdomains": [],
            "apis": {},
            "sites": 14,
            "prevalence": 0.0000968,
            "cnames": [],
            "responseHashes": [
                "689ee3df3e757e32a8b12b93a6e09dece74f82687bd714b19e501f4fba7b0532",
                "e33ea65aa2a897573a521ef1269c55bc6825cc261d40765a0ed87892bbe8d7db",
                "2cfe00cc14db0cb5633d0e4fdcf0f6c157d5762ef46d69af3315fa6b30218f1e",
                "66a42227d85ad234ce7e6d7a25fa5beceb71d3ea85a60afc18374304c4869a03",
                "b362afc27661493b88fe76c8742e41772966468b11868007d069f939ef1d4cbc",
                "9dafc4d7aed1b1cd4e2b4b1e449ad9c3d10cbe86c3e0c404388bd1dc5ae6f6cc",
                "0fca928eb622b8c5c02336319e8681af4ac0ed91879d75650056fb02b6019c99",
                "c5a32fb530a62dd576b17b80fcd0f804784c5a98b740f013d0ea518ab1f472a2",
                "4318f910b23956721b80ce5e6f2a0053d48a84da1d3800c76fd0112496601e49",
                "481348aaa36ed51d077d1baabe07238e758571852b38c4ef1bfd04bc9de3f6d3",
                "9aa0c08cd66ba33af49f9c4c7af7221de656c7e6747371bc1c8125a1ba5e9694",
                "07d71b0c798016a87d98c7b8f5c403634cec76ee27d89df291b2f3b208bb438a",
                "db70fcf1632929f9058f1208f15e97ba7bb6cc011ca1ba54c35381b563101d01"
            ],
            "type": "XHR",
            "firstPartyCookies": {},
            "firstPartyCookiesSent": {},
            "exampleSites": [
                "anyxxx.com",
                "fapporn.net",
                "fesporn.com",
                "hauporn.com",
                "ohosex.com",
                "xnxx26.com",
                "xnxx32.com",
                "xnxx34.com",
                "xnxx90.com",
                "xnxx91.com",
                "xnxx92.com",
                "xnxx94.com",
                "xnxx95.com",
                "xnxx97.com"
            ]
        }
    ],
    "categories": [],
    "performance": {},
    "cookies": 0.000194,
    "types": {
        "XHR": 28
    },
    "nameservers": [
        "burt.ns.cloudflare.com",
        "jen.ns.cloudflare.com"
    ]
}