{
    "domain": "lwadm.com",
    "owner": {},
    "source": [
        "DuckDuckGo-US"
    ],
    "prevalence": 0.00029,
    "sites": 42,
    "subdomains": [
        "content"
    ],
    "cnames": [],
    "fingerprinting": 2,
    "resources": [
        {
            "rule": "lwadm\\.com\\/lw\\/pbjs",
            "cookies": 0.0000345,
            "fingerprinting": 1,
            "subdomains": [],
            "apis": {
                "window.localStorage": 17,
                "Document.cookie getter": 3,
                "Date.prototype.getTime": 3,
                "Document.cookie setter": 3
            },
            "sites": 18,
            "prevalence": 0.000124,
            "cnames": [],
            "responseHashes": [
                "1a74d3b8990ecec78f385fd016c8a84fc12540f441c3a55c08c8efdf9e36ce7f",
                "b6194d017e2abb2a19fa336d3d4332b1c548237d47572c02da4b5cb6c187648c",
                "cda31f8b7d30ca9bce543cddeca0db28e33aa83c9f3092adb5c229a1fa1caa61",
                "3e52daef104a74f6c9816c1a58522385b94f6d5ad41504911d43ef441eac4b98",
                "9b9e075138dae74dc8ec2e87f735bb9d27084488098b37d1c722c7542a25a8fd",
                "47e30dba4763b9d0dcd94be16f6ba764cd8ca36ddb5338d697e89c578f5473b8",
                "17ae8b5cd27e7dd73b24d2257acf881b9c2b0cbafcd7726927ffc6b3df683778",
                "e32679cbcf31c5f2530c99752c9baba893c451a9b6bff7a46987c917995c1780",
                "94a7c66ceee099e4d7d7dc3d6ce21c78fc28354158304697f107e8073e686cfd",
                "95a388de8c65061f58808e9acf19a6e7cd25519479767158b9685e5a065d1202",
                "c61d5a32bb9539bb9668c4a78461ecb2465aaa3cc020f1e5a07ec5108af39dad",
                "7e97c3c79bf50ca9231c5c3933d157d03791d2fc6b172c8bde12b9d800ae88bd",
                "0afba21d8f2ac5491072a4a7a5f820b7e453d390c36e2aca24cf7291002fed7b",
                "9993ba4cf3c26949bcc03cecd23df0ff38d517617a95d0c80f6b064a41af9e41",
                "83453c9792cf7e8834410ace636e7352e578f778636eb1c545d7dd79ba354507"
            ],
            "type": "Script",
            "firstPartyCookies": {
                "lwuid": {
                    "ttl": 1296002,
                    "length": 32,
                    "prevalence": 0.000020716658264910814,
                    "uniqueness": 1
                }
            },
            "firstPartyCookiesSent": {},
            "exampleSites": [
                "biluppgifter.se",
                "keskustelu.suomi24.fi",
                "kurera.se",
                "nyheter24.se",
                "swedroid.se",
                "treffit.suomi24.fi",
                "urbaanisanakirja.com",
                "www.allabolag.se",
                "www.alltforforaldrar.se",
                "www.familjeliv.se",
                "www.flashback.org",
                "www.fotbollskanalen.se",
                "www.garaget.org",
                "www.gp.se",
                "www.koket.se",
                "www.ratkojat.fi",
                "www.suomi24.fi",
                "www.vibilagare.se"
            ]
        },
        {
            "rule": "lwadm\\.com\\/lw\\/4\\.43\\.4\\.5\\/prebid\\.js",
            "cookies": 0.0000483,
            "fingerprinting": 2,
            "subdomains": [
                "content"
            ],
            "apis": {
                "Navigator.prototype.userAgent": 17,
                "Navigator.prototype.cookieEnabled": 17,
                "window.sessionStorage": 17,
                "Navigator.prototype.appName": 17,
                "Date.prototype.getTime": 17,
                "window.localStorage": 17,
                "Document.cookie getter": 17,
                "Document.cookie setter": 7,
                "Screen.prototype.width": 7,
                "Screen.prototype.height": 7,
                "Navigator.prototype.doNotTrack": 5,
                "Navigator.prototype.language": 5,
                "Navigator.prototype.connection": 2,
                "PerformanceTiming.prototype.navigationStart": 1,
                "Date.prototype.getTimezoneOffset": 1
            },
            "sites": 17,
            "prevalence": 0.000117,
            "cnames": [],
            "responseHashes": [
                "9312253427d9dedc9681e7277bfb6f3dac43c92af95951bf7321567ce3971eac",
                "bd0bd727052ab6078fc2965ae1b3ba0c67fb157fa0458cb7969924ab5e99747c"
            ],
            "type": "Script",
            "firstPartyCookies": {
                "_pbjs_userid_consent_data": {
                    "ttl": 2592003,
                    "length": 16,
                    "prevalence": 0.0000483388692847919,
                    "uniqueness": 0.2857142857142857
                },
                "cto_bidid": {
                    "ttl": 33696002,
                    "length": 179,
                    "prevalence": 0.00004143331652982163,
                    "uniqueness": 1
                },
                "cto_bundle": {
                    "ttl": 33696002,
                    "length": 258,
                    "prevalence": 0.00004143331652982163,
                    "uniqueness": 1
                },
                "pbjs-id5id": {
                    "ttl": -86392,
                    "length": 3,
                    "prevalence": 0.00003452776377485136,
                    "uniqueness": 0.2
                },
                "pbjs-id5id_nb": {
                    "ttl": -86392,
                    "length": 3,
                    "prevalence": 0.00003452776377485136,
                    "uniqueness": 0.2
                },
                "pbjs-id5id_255_nb": {
                    "ttl": -86392,
                    "length": 3,
                    "prevalence": 0.000020716658264910814,
                    "uniqueness": 0.3333333333333333
                },
                "pbjs-id5id_last": {
                    "ttl": -86392,
                    "length": 3,
                    "prevalence": 0.00003452776377485136,
                    "uniqueness": 0.2
                },
                "id5id.1st": {
                    "ttl": -86392,
                    "length": 3,
                    "prevalence": 0.00003452776377485136,
                    "uniqueness": 0.2
                },
                "id5id.1st_nb": {
                    "ttl": -86392,
                    "length": 3,
                    "prevalence": 0.00003452776377485136,
                    "uniqueness": 0.2
                },
                "id5id.1st_255_nb": {
                    "ttl": -86392,
                    "length": 3,
                    "prevalence": 0.000020716658264910814,
                    "uniqueness": 0.3333333333333333
                },
                "id5id.1st_last": {
                    "ttl": -86392,
                    "length": 3,
                    "prevalence": 0.00003452776377485136,
                    "uniqueness": 0.2
                },
                "id5id": {
                    "ttl": -86392,
                    "length": 3,
                    "prevalence": 0.00003452776377485136,
                    "uniqueness": 0.2
                },
                "id5id_nb": {
                    "ttl": -86392,
                    "length": 3,
                    "prevalence": 0.00003452776377485136,
                    "uniqueness": 0.2
                },
                "id5id_255_nb": {
                    "ttl": -86392,
                    "length": 3,
                    "prevalence": 0.000020716658264910814,
                    "uniqueness": 0.3333333333333333
                },
                "id5id_last": {
                    "ttl": -86392,
                    "length": 3,
                    "prevalence": 0.00003452776377485136,
                    "uniqueness": 0.2
                },
                "pbjs-id5id_249_nb": {
                    "ttl": -86393,
                    "length": 3,
                    "prevalence": 0.000013811105509940544,
                    "uniqueness": 0.5
                },