{
    "domain": "lwadm.com",
    "owner": {},
    "source": [
        "DuckDuckGo-US"
    ],
    "prevalence": 0.00025,
    "sites": 36,
    "subdomains": [
        "content"
    ],
    "cnames": [],
    "fingerprinting": 2,
    "resources": [
        {
            "rule": "lwadm\\.com\\/lw\\/pbjs",
            "cookies": 0.0000278,
            "fingerprinting": 1,
            "subdomains": [],
            "apis": {
                "Document.cookie getter": 2,
                "Date.prototype.getTime": 3,
                "Document.cookie setter": 2
            },
            "sites": 15,
            "prevalence": 0.000104,
            "cnames": [],
            "responseHashes": [
                "2505794547026f4030d27f2b6bdb446e3d1d7ecf4024173daec857d0cba8fb13",
                "3252131d0db0d5b36f02ff6c7d7489650030ef4d891d301871922a6856408edb",
                "0b8560c00543cc0bba55a71314a7ffb24b4fa1d5ffb0ec4b2866206784483dcf",
                "9b2fa3f7ce3b2e887da93a92d2b4c7486a4d9a9da59779dedc45826226fad693",
                "5a79b20659d57b0dcc10b9b610587efe7228f8d23e3953667b5b2db8bbf322b7",
                "f7a86a900d695cbf2ae090d66f507d4c85009d681bd2657d7c672f420dfce2ef",
                "c04f6b09f6a37209ff9a853ae1c26b5e028c0406799da5b13181388dbb9ceea6",
                "667fd238cd7841548076bf5c7715ada364ad27aec54869581083641f8d6f66b4",
                "d1211bcf986d10f6bf629fabaaf3c1254a22779d631ac704e3c2f15a20b1164b",
                "47a82f13182b6f0dea66fc7bda87abac90c480405204192dc526f56d0a35e796",
                "2cdf2504321a6c05cff5edb3f6aeda97d74d81cabbc1aafd69004d6a28fa525e",
                "112d1bd4e3d884ca2fdb32665bc7f144e543f3a78f894a9bc5b099a6826647af"
            ],
            "type": "Script",
            "firstPartyCookies": {
                "lwuid": {
                    "ttl": 1296002,
                    "length": 32,
                    "prevalence": 0.000013883104262113009,
                    "uniqueness": 1
                }
            },
            "firstPartyCookiesSent": {},
            "exampleSites": [
                "biluppgifter.se",
                "keskustelu.suomi24.fi",
                "kurera.se",
                "randomi.fi",
                "treffit.suomi24.fi",
                "urbaanisanakirja.com",
                "www.allabolag.se",
                "www.fotbollskanalen.se",
                "www.garaget.org",
                "www.gp.se",
                "www.koket.se",
                "www.ratkojat.fi",
                "www.suomi24.fi",
                "www.svenskafans.com",
                "www.vibilagare.se"
            ]
        },
        {
            "rule": "lwadm\\.com\\/lw\\/4\\.43\\.1\\/prebid\\.js",
            "cookies": 0.0000278,
            "fingerprinting": 2,
            "subdomains": [
                "content"
            ],
            "apis": {
                "Navigator.prototype.userAgent": 14,
                "Navigator.prototype.cookieEnabled": 14,
                "window.sessionStorage": 14,
                "Navigator.prototype.appName": 14,
                "Date.prototype.getTime": 14,
                "window.localStorage": 14,
                "Document.cookie getter": 14,
                "Document.cookie setter": 4,
                "Screen.prototype.width": 7,
                "Screen.prototype.height": 7,
                "Navigator.prototype.doNotTrack": 5,
                "Navigator.prototype.language": 5
            },
            "sites": 14,
            "prevalence": 0.0000972,
            "cnames": [],
            "responseHashes": [
                "76ad440b3b0dd7944741f56a97cb15892301466f03ddb3a17e5c479668e9ce72",
                "247c77a956fe4d5654934c8d7730f649d71469088b221cb0bf442b4b9e5cf04d"
            ],
            "type": "Script",
            "firstPartyCookies": {
                "_pbjs_userid_consent_data": {
                    "ttl": 2592002,
                    "length": 16,
                    "prevalence": 0.000027766208524226018,
                    "uniqueness": 0.5
                },
                "cto_bidid": {
                    "ttl": 33696002,
                    "length": 146,
                    "prevalence": 0.000020824656393169513,
                    "uniqueness": 1
                },
                "cto_bundle": {
                    "ttl": 33696002,
                    "length": 179,
                    "prevalence": 0.000020824656393169513,
                    "uniqueness": 1
                },
                "pbjs-id5id": {
                    "ttl": -86379,
                    "length": 3,
                    "prevalence": 0.0000069415521310565046,
                    "uniqueness": 1
                },
                "pbjs-id5id_nb": {
                    "ttl": -86379,
                    "length": 3,
                    "prevalence": 0.0000069415521310565046,
                    "uniqueness": 1
                },
                "pbjs-id5id_249_nb": {
                    "ttl": -86379,
                    "length": 3,
                    "prevalence": 0.0000069415521310565046,
                    "uniqueness": 1
                },
                "pbjs-id5id_last": {
                    "ttl": -86379,
                    "length": 3,
                    "prevalence": 0.0000069415521310565046,
                    "uniqueness": 1
                },
                "id5id.1st": {
                    "ttl": -86379,
                    "length": 3,
                    "prevalence": 0.0000069415521310565046,
                    "uniqueness": 1
                },
                "id5id.1st_nb": {
                    "ttl": -86379,
                    "length": 3,
                    "prevalence": 0.0000069415521310565046,
                    "uniqueness": 1
                },
                "id5id.1st_249_nb": {
                    "ttl": -86379,
                    "length": 3,
                    "prevalence": 0.0000069415521310565046,
                    "uniqueness": 1
                },
                "id5id.1st_last": {
                    "ttl": -86379,
                    "length": 3,
                    "prevalence": 0.0000069415521310565046,
                    "uniqueness": 1
                },
                "id5id": {
                    "ttl": -86379,
                    "length": 3,
                    "prevalence": 0.0000069415521310565046,
                    "uniqueness": 1
                },
                "id5id_nb": {
                    "ttl": -86379,
                    "length": 3,
                    "prevalence": 0.0000069415521310565046,
                    "uniqueness": 1
                },
                "id5id_249_nb": {
                    "ttl": -86379,
                    "length": 3,
                    "prevalence": 0.0000069415521310565046,
                    "uniqueness": 1
                },
                "id5id_last": {
                    "ttl": -86379,
                    "length": 3,
                    "prevalence": 0.0000069415521310565046,
                    "uniqueness": 1
                }
            },
            "firstPartyCookiesSent": {},
            "exampleSites": [
                "biluppgifter.se",
                "keskustelu.suomi24.fi",
                "kurera.se",
                "randomi.fi",
                "treffit.suomi24.fi",
                "urbaanisanakirja.com",
                "www.allabolag.se",
                "www.fotbollskanalen.se",
                "www.garaget.org",
                "www.gp.se",
                "www.koket.se",
                "www.ratkojat.fi",
                "www.suomi24.fi",
                "www.vibilagare.se"
            ]
        },
        {
            "rule": "lwadm\\.com\\/pbjs",
            "cookies": 0,
            "fingerprinting": 0,
            "subdomains": [],
            "apis": {},
            "sites": 15,
            "prevalence": 0.000104,
            "cnames": [],