{
    "domain": "marphezis.com",
    "owner": {},
    "source": [
        "DuckDuckGo-US"
    ],
    "prevalence": 0.00167,
    "sites": 241,
    "subdomains": [
        "brightcombid",
        "cdn"
    ],
    "cnames": [],
    "fingerprinting": 2,
    "resources": [
        {
            "rule": "marphezis\\.com\\/hb",
            "cookies": 0,
            "fingerprinting": 0,
            "subdomains": [
                "brightcombid"
            ],
            "apis": {},
            "sites": 87,
            "prevalence": 0.000604,
            "cnames": [],
            "responseHashes": [
                "e3b0c44298fc1c149afbf4c8996fb92427ae41e4649b934ca495991b7852b855",
                "92ba3bdf4c10af32c705f8c897b8e0a562b32fe7247c31d154f8f361fa99857d",
                "abc2ffb00730111d5d098a4c3533a2480a4ac3c83c92fbdc3716536e0630f556",
                "a8f2bfffce746619c4902487482b1985eebf95593daf5821631e25fab85e55a5",
                "acc159ef62735c7b9699b437a1fd9685b7a01ff5a6f20fb58c928409b6b3e9ad",
                "4e42c2abc7adce42fc3232731712d6c5ff384f1c817afc7d7fa02192ef09ccfc",
                "73f4c0eadec5f8f96c07834e17f95348899fd403f9c5207da2840fd70bed312b",
                "f5a3c28baf08148e20f6ac5de57f15dba7cbbff8964ee9a72eb107c849eef996",
                "63ac9660790f274767151358fd3832c48a6a64f579597f4c377324cdf5ec9308",
                "f8bba68eb1b8a6bddc79dacef22db0855ce22d3c93a5342fca15f933f2f45476",
                "3bdbc7b2d894ae9608fbba8c11c6e31c9db1d65c1279e2ca7828bcffc99808e8",
                "b371fed05073bdaadbb47ae2e3898a8af50082f813257ffa54aa2a09e4893bb4",
                "b90915a982141678b8a00cbca8f05b926c6400f57ace944b1acda012be9b75c8",
                "9b10a18a63e757bf3c57036739ce39b76eeb5cbd8f50e2b9519df268f0805bdb",
                "5c3f1e25596ceec8be3c3be8dbc14d8ed9bd18b9fcf0ff30b7cb35709966d96f",
                "81a757f45078437e3e7daecd41cb8e9bd61f0b5e43cd884faf4eb8971293ba83",
                "369457b091226dc63fb07bb1e71b789666dd54533f9076b3aae4ca82ca61228f",
                "067da47b2a6bc47e90887b3f60f7be7b5e3783c8e572a293e5028d0e1c7ac77e",
                "23802713e822fd980b0d36c733081bfb386d5407030ca22517927e0f980398d3",
                "79306a086952c75819d5f9be04f5df14b81bb3fe1249e261e757decc501c3bf5",
                "34efc7f622b7876881eea4894404e8287a2416f8f8de8c597569c3d3d8c35379",
                "58598e0798a559b0e5d259c292dccbdedf3fb7516926eddbcfb9e5735517eb58",
                "ef771085b5513e5c09484784c51f936f02a8a80cf3949bb5dc8ccc32ae21de12"
            ],
            "type": "XHR",
            "firstPartyCookies": {},
            "firstPartyCookiesSent": {},
            "exampleSites": [
                "flightaware.com",
                "www.azlyrics.com",
                "www.biblegateway.com",
                "www.britannica.com",
                "www.merriam-webster.com",
                "www.kitv.com",
                "bikemarkt.mtb-news.de",
                "100percentbest.com",
                "realityblurb.com",
                "www.papermag.com",
                "www.scotsman.com",
                "minecraft-resourcepacks.com",
                "www.erienewsnow.com",
                "inhabitat.com",
                "www.learnersdictionary.com",
                "www.edinburghnews.scotsman.com",
                "fr.flightaware.com",
                "www.queerty.com",
                "www.firmenwissen.com",
                "www.irishcentral.com"
            ]
        },
        {
            "rule": "marphezis\\.com\\/cmpp\\/index\\.js",
            "cookies": 0,
            "fingerprinting": 1,
            "subdomains": [
                "cdn"
            ],
            "apis": {
                "Date.prototype.getTime": 48,
                "Date.prototype.getTimezoneOffset": 48,
                "Navigator.prototype.userAgent": 14
            },
            "sites": 49,
            "prevalence": 0.00034,
            "cnames": [],
            "responseHashes": [
                "0bbbdff2a5ea942fc299455d0119d44e3c2d6794517e88ac02861e6e2b0d5079"
            ],
            "type": "Script",
            "firstPartyCookies": {},
            "firstPartyCookiesSent": {},
            "exampleSites": [
                "dictionary.reverso.net",
                "mobile-dictionary.reverso.net",
                "patient.info",
                "dogs.oodle.com",
                "classic.biblegateway.com",
                "www.hemmings.com",
                "www.papermag.com",
                "www.afar.com",
                "www.elnuevodia.com",
                "www.cesarsway.com",
                "green.xe.com",
                "jamaica-gleaner.com",
                "www.paginasiete.bo",
                "www.lovemoney.com",
                "bipartisanreport.com",
                "www.streetinsider.com",
                "www.loveproperty.com",
                "www.sofascore.com",
                "www.viki.com",
                "thediplomat.com"
            ]
        },
        {
            "rule": "marphezis\\.com\\/cmpp\\/prebid4\\.35\\.0\\.js",
            "cookies": 0.0000555,
            "fingerprinting": 2,
            "subdomains": [
                "cdn"
            ],
            "apis": {
                "Navigator.prototype.userAgent": 43,
                "Navigator.prototype.cookieEnabled": 43,
                "window.sessionStorage": 46,
                "Navigator.prototype.appName": 43,
                "window.localStorage": 46,
                "Date.prototype.getTime": 46,
                "Navigator.prototype.doNotTrack": 42,
                "Screen.prototype.height": 41,
                "Screen.prototype.width": 41,
                "Navigator.prototype.language": 42,
                "Screen.prototype.colorDepth": 33,
                "Date.prototype.getTimezoneOffset": 44,
                "Navigator.prototype.vendor": 23,
                "Document.cookie getter": 8,
                "Document.cookie setter": 8
            },
            "sites": 48,
            "prevalence": 0.000333,
            "cnames": [],
            "responseHashes": [
                "94b896503e3d39ec841fbef7a9fa4d018e63ca7a842b341b8ed2fec062c18c25"
            ],
            "type": "Script",
            "firstPartyCookies": {
                "_pbjs_userid_consent_data": {
                    "ttl": 2592018,
                    "length": 16,
                    "prevalence": 0.00005554514084164775,
                    "uniqueness": 0.25
                },
                "_pubcid": {
                    "ttl": 15552019,
                    "length": 36,
                    "prevalence": 0.000027772570420823875,
                    "uniqueness": 1
                }
            },
            "firstPartyCookiesSent": {},
            "exampleSites": [
                "dictionary.reverso.net",
                "mobile-dictionary.reverso.net",
                "www.azlyrics.com",
                "www.disboards.com",
                "www.papermag.com",
                "thediplomat.com",
                "www.fodors.com",
                "www.ask.com",
                "www.walla.co.il",
                "dogs.oodle.com",
                "bipartisanreport.com",
                "www.reverso.net",
                "www.playbill.com",
                "www.sigalert.com",
                "www.anandabazar.com",
                "www.sofascore.com",
                "konjugator.reverso.net",
                "spaghettimodels.com",
                "forsale.oodle.com",
                "www.law.com"
            ]
        },
        {
            "rule": "marphezis\\.com\\/banners\\/perspective_300x250\\.jpg",
            "cookies": 0,
            "fingerprinting": 0,
            "subdomains": [
                "cdn"
            ],
            "apis": {},
            "sites": 25,
            "prevalence": 0.000174,
            "cnames": [],