{
    "domain": "matelso.de",
    "owner": {},
    "source": [
        "DuckDuckGo-US"
    ],
    "prevalence": 0.0000483,
    "sites": 7,
    "subdomains": [
        "rns"
    ],
    "cnames": [],
    "fingerprinting": 1,
    "resources": [
        {
            "rule": "matelso\\.de\\/webtracking\\/4\\/",
            "cookies": 0.0000345,
            "fingerprinting": 1,
            "subdomains": [
                "rns"
            ],
            "apis": {
                "Document.cookie getter": 5,
                "Document.cookie setter": 5,
                "Date.prototype.getTime": 5
            },
            "sites": 5,
            "prevalence": 0.0000345,
            "cnames": [],
            "responseHashes": [
                "bc4640547fe445fee428464a9b75f4ea7c36ec0e5c34e2b8e612606c325d7903",
                "d3837a9aceec9412c8be9396bfa54c2818eda93e4305589c90ce2069b6a8dcbd",
                "32bc09e059bed31fdb707332b0b31be8c8ff9761919120141e42f04cd6b87646",
                "db6c786cb9e8c0c4b5bb53d7375e30a3e5fda394784b9ccf8434e04b048188e8"
            ],
            "type": "Script",
            "firstPartyCookies": {
                "mat_tel": {
                    "ttl": 61516803,
                    "length": 36,
                    "prevalence": 0.00003452085059375863,
                    "uniqueness": 1
                },
                "mat_ep": {
                    "ttl": 2592003,
                    "length": 53,
                    "prevalence": 0.00003452085059375863,
                    "uniqueness": 1
                }
            },
            "firstPartyCookiesSent": {},
            "exampleSites": [
                "elektriker.org",
                "www.elektriker.org",
                "www.gartenbau.org",
                "www.ingersollrand.com",
                "www.leebmann24.de"
            ]
        },
        {
            "rule": "matelso\\.de\\/webtracking\\/4\\/config",
            "cookies": 0,
            "fingerprinting": 0,
            "subdomains": [
                "rns"
            ],
            "apis": {},
            "sites": 5,
            "prevalence": 0.0000345,
            "cnames": [],
            "responseHashes": [
                "8890c5668dc25f9e6083e758dd879942f07fb210f615d947fd948749b84af5e6",
                "7f0fa41b3d2329ce0768d2e8cdb11d7cf7f67fe173e8eb8c4e429c2df0344611",
                "106f509590aaa08bdd90e97e2872c04cec39d3e0a2361a2fac240618cb3d4d5e",
                "30d11247f5e20567c532bcc1b4e36eed51b1101eaf4dc2ffc5773814239f1820"
            ],
            "type": "XHR",
            "firstPartyCookies": {},
            "firstPartyCookiesSent": {},
            "exampleSites": [
                "elektriker.org",
                "www.elektriker.org",
                "www.gartenbau.org",
                "www.ingersollrand.com",
                "www.leebmann24.de"
            ]
        },
        {
            "rule": "matelso\\.de\\/webtracking\\/4\\/collect",
            "cookies": 0,
            "fingerprinting": 0,
            "subdomains": [
                "rns"
            ],
            "apis": {},
            "sites": 5,
            "prevalence": 0.0000345,
            "cnames": [],
            "responseHashes": [],
            "type": "Preflight",
            "firstPartyCookies": {},
            "firstPartyCookiesSent": {},
            "exampleSites": [
                "elektriker.org",
                "www.elektriker.org",
                "www.gartenbau.org",
                "www.ingersollrand.com",
                "www.leebmann24.de"
            ]
        },
        {
            "rule": "matelso\\.de\\/webtracking\\/4\\/collect",
            "cookies": 0,
            "fingerprinting": 0,
            "subdomains": [
                "rns"
            ],
            "apis": {},
            "sites": 5,
            "prevalence": 0.0000345,
            "cnames": [],
            "responseHashes": [
                "565339bc4d33d72817b583024112eb7f5cdf3e5eef0252d6ec1b9c9a94e12bb3"
            ],
            "type": "XHR",
            "firstPartyCookies": {},
            "firstPartyCookiesSent": {},
            "exampleSites": [
                "elektriker.org",
                "www.elektriker.org",
                "www.gartenbau.org",
                "www.ingersollrand.com",
                "www.leebmann24.de"
            ]
        },
        {
            "rule": "matelso\\.de\\/webtracking\\/4\\/numbers",
            "cookies": 0,
            "fingerprinting": 0,
            "subdomains": [
                "rns"
            ],
            "apis": {},
            "sites": 2,
            "prevalence": 0.0000138,
            "cnames": [],
            "responseHashes": [
                "b60373ed194ba01edd66e62c914e89aa1c648032561f3b9b478d40e3ec30638c"
            ],
            "type": "XHR",
            "firstPartyCookies": {},
            "firstPartyCookiesSent": {
                "mat_tel": 0.000013808340237503452
            },
            "exampleSites": [
                "gartenbau.org",
                "www.leebmann24.de"
            ]
        }
    ],
    "categories": [],
    "performance": {},
    "cookies": 0.0000483,
    "types": {
        "Script": 5,
        "XHR": 12,
        "Preflight": 5
    },
    "nameservers": [
        "ns2.ns-serve.net",
        "ns1.ns-serve.net"
    ]
}