{
    "domain": "matelso.de",
    "owner": {},
    "source": [
        "DuckDuckGo-US"
    ],
    "prevalence": 0.0000621,
    "sites": 9,
    "subdomains": [
        "rns"
    ],
    "cnames": [],
    "fingerprinting": 1,
    "resources": [
        {
            "rule": "matelso\\.de\\/webtracking\\/4\\/",
            "cookies": 0.0000276,
            "fingerprinting": 1,
            "subdomains": [
                "rns"
            ],
            "apis": {
                "Document.cookie getter": 4,
                "Document.cookie setter": 4,
                "Date.prototype.getTime": 5
            },
            "sites": 5,
            "prevalence": 0.0000345,
            "cnames": [],
            "responseHashes": [
                "9884a883b276fd217d9114c188f60dc96b25b25ad3538fcf4448d61d6cba4f20",
                "dcf6ba2785629b9175d0fab6c3a48e0c9bbc870188fc1bb6f46dae707ae4ea41",
                "32bc09e059bed31fdb707332b0b31be8c8ff9761919120141e42f04cd6b87646",
                "04119459c30d3ee6c5c9718ae170353a625ce418e93ff01eba27f0d31a329d14"
            ],
            "type": "Script",
            "firstPartyCookies": {
                "mat_tel": {
                    "ttl": 61516806,
                    "length": 36,
                    "prevalence": 0.000027608293531376825,
                    "uniqueness": 1
                },
                "mat_ep": {
                    "ttl": 2592006,
                    "length": 45,
                    "prevalence": 0.000027608293531376825,
                    "uniqueness": 1
                }
            },
            "firstPartyCookiesSent": {},
            "exampleSites": [
                "turk.net",
                "www.elektriker.org",
                "www.gartenbau.org",
                "www.ingersollrand.com",
                "www.leebmann24.de"
            ]
        },
        {
            "rule": "matelso\\.de\\/webtracking\\/4\\/config",
            "cookies": 0,
            "fingerprinting": 0,
            "subdomains": [
                "rns"
            ],
            "apis": {},
            "sites": 5,
            "prevalence": 0.0000345,
            "cnames": [],
            "responseHashes": [
                "f03374f574fe7b0a992fafc29441d7412ecb6ec44ce425eff39b0668776668c5",
                "b5280c5da66764cfc0f32437988247663604bd5153347d80b0dac3c10045d407",
                "161b2bc5b8161db01dd4b6cda47478cdce6b949c7d72c016f69d36e45209fb8b",
                "5994cc9e19c2b230fcaec8911c400abcb0dc4f7fb65bc5202626e5c7aff1668f"
            ],
            "type": "XHR",
            "firstPartyCookies": {},
            "firstPartyCookiesSent": {},
            "exampleSites": [
                "turk.net",
                "www.elektriker.org",
                "www.gartenbau.org",
                "www.ingersollrand.com",
                "www.leebmann24.de"
            ]
        },
        {
            "rule": "matelso\\.de\\/webtracking\\/4\\/collect",
            "cookies": 0,
            "fingerprinting": 0,
            "subdomains": [
                "rns"
            ],
            "apis": {},
            "sites": 5,
            "prevalence": 0.0000345,
            "cnames": [],
            "responseHashes": [],
            "type": "Preflight",
            "firstPartyCookies": {},
            "firstPartyCookiesSent": {},
            "exampleSites": [
                "turk.net",
                "www.elektriker.org",
                "www.gartenbau.org",
                "www.ingersollrand.com",
                "www.leebmann24.de"
            ]
        },
        {
            "rule": "matelso\\.de\\/webtracking\\/4\\/collect",
            "cookies": 0,
            "fingerprinting": 0,
            "subdomains": [
                "rns"
            ],
            "apis": {},
            "sites": 5,
            "prevalence": 0.0000345,
            "cnames": [],
            "responseHashes": [
                "565339bc4d33d72817b583024112eb7f5cdf3e5eef0252d6ec1b9c9a94e12bb3"
            ],
            "type": "XHR",
            "firstPartyCookies": {},
            "firstPartyCookiesSent": {},
            "exampleSites": [
                "turk.net",
                "www.elektriker.org",
                "www.gartenbau.org",
                "www.ingersollrand.com",
                "www.leebmann24.de"
            ]
        },
        {
            "rule": "matelso\\.de\\/webtracking\\/4\\/numbers",
            "cookies": 0,
            "fingerprinting": 0,
            "subdomains": [
                "rns"
            ],
            "apis": {},
            "sites": 3,
            "prevalence": 0.0000207,
            "cnames": [],
            "responseHashes": [
                "b9250c64e61237998f1a2444bb367f36db5ca3ff11e10e23168f3591d3429b79",
                "3b8fbd6a9e9427c865619400827c7cbb6e449a525df04df0c19f9e7436683f75"
            ],
            "type": "XHR",
            "firstPartyCookies": {},
            "firstPartyCookiesSent": {
                "mat_tel": 0.000013804146765688412
            },
            "exampleSites": [
                "turk.net",
                "www.gartenbau.org",
                "www.leebmann24.de"
            ]
        }
    ],
    "categories": [],
    "performance": {},
    "cookies": 0.0000483,
    "types": {
        "Script": 5,
        "XHR": 13,
        "Preflight": 5
    },
    "nameservers": [
        "ns1.ns-serve.net",
        "ns2.ns-serve.net"
    ]
}