{
    "domain": "matelso.de",
    "owner": {},
    "source": [
        "DuckDuckGo-US"
    ],
    "prevalence": 0.0000484,
    "sites": 7,
    "subdomains": [
        "rns"
    ],
    "cnames": [],
    "fingerprinting": 1,
    "resources": [
        {
            "rule": "matelso\\.de\\/webtracking\\/4\\/",
            "cookies": 0.0000346,
            "fingerprinting": 1,
            "subdomains": [
                "rns"
            ],
            "apis": {
                "Document.cookie getter": 5,
                "Document.cookie setter": 5,
                "Date.prototype.getTime": 5
            },
            "sites": 5,
            "prevalence": 0.0000346,
            "cnames": [],
            "responseHashes": [
                "bc4640547fe445fee428464a9b75f4ea7c36ec0e5c34e2b8e612606c325d7903",
                "dcf6ba2785629b9175d0fab6c3a48e0c9bbc870188fc1bb6f46dae707ae4ea41",
                "32bc09e059bed31fdb707332b0b31be8c8ff9761919120141e42f04cd6b87646",
                "04119459c30d3ee6c5c9718ae170353a625ce418e93ff01eba27f0d31a329d14"
            ],
            "type": "Script",
            "firstPartyCookies": {
                "mat_tel": {
                    "ttl": 61516803,
                    "length": 36,
                    "prevalence": 0.00003456762810762977,
                    "uniqueness": 1
                },
                "mat_ep": {
                    "ttl": 2592003,
                    "length": 53,
                    "prevalence": 0.00003456762810762977,
                    "uniqueness": 1
                }
            },
            "firstPartyCookiesSent": {},
            "exampleSites": [
                "elektriker.org",
                "www.elektriker.org",
                "www.gartenbau.org",
                "www.ingersollrand.com",
                "www.leebmann24.de"
            ]
        },
        {
            "rule": "matelso\\.de\\/webtracking\\/4\\/config",
            "cookies": 0,
            "fingerprinting": 0,
            "subdomains": [
                "rns"
            ],
            "apis": {},
            "sites": 5,
            "prevalence": 0.0000346,
            "cnames": [],
            "responseHashes": [
                "827cffe23fdbc3826a935feea2898da4f6bf41bfffee3505e9e8a007ff20fd1a",
                "5f893cc792644c1efcc4648f20a498e1938d4ffb2a617d41b5e15d4a79fd7447",
                "d671b34ceb22ca64bc29bd222872bc3f4d848ea7ad3b3b6c928acfdd5b9acbda",
                "5694f7783b97336c0cb87cd641dbc70f3b318b6cf8d6070903a80103acb353f7"
            ],
            "type": "XHR",
            "firstPartyCookies": {},
            "firstPartyCookiesSent": {},
            "exampleSites": [
                "elektriker.org",
                "www.elektriker.org",
                "www.gartenbau.org",
                "www.ingersollrand.com",
                "www.leebmann24.de"
            ]
        },
        {
            "rule": "matelso\\.de\\/webtracking\\/4\\/collect",
            "cookies": 0,
            "fingerprinting": 0,
            "subdomains": [
                "rns"
            ],
            "apis": {},
            "sites": 5,
            "prevalence": 0.0000346,
            "cnames": [],
            "responseHashes": [
                "565339bc4d33d72817b583024112eb7f5cdf3e5eef0252d6ec1b9c9a94e12bb3"
            ],
            "type": "XHR",
            "firstPartyCookies": {},
            "firstPartyCookiesSent": {},
            "exampleSites": [
                "elektriker.org",
                "www.elektriker.org",
                "www.gartenbau.org",
                "www.ingersollrand.com",
                "www.leebmann24.de"
            ]
        },
        {
            "rule": "matelso\\.de\\/webtracking\\/4\\/collect",
            "cookies": 0,
            "fingerprinting": 0,
            "subdomains": [
                "rns"
            ],
            "apis": {},
            "sites": 5,
            "prevalence": 0.0000346,
            "cnames": [],
            "responseHashes": [],
            "type": "Preflight",
            "firstPartyCookies": {},
            "firstPartyCookiesSent": {},
            "exampleSites": [
                "elektriker.org",
                "www.elektriker.org",
                "www.gartenbau.org",
                "www.ingersollrand.com",
                "www.leebmann24.de"
            ]
        },
        {
            "rule": "matelso\\.de\\/webtracking\\/4\\/numbers",
            "cookies": 0,
            "fingerprinting": 0,
            "subdomains": [
                "rns"
            ],
            "apis": {},
            "sites": 2,
            "prevalence": 0.0000138,
            "cnames": [],
            "responseHashes": [
                "9f85b7c2cbe21efacba4d05ebad91a37cfe4d65cd52ce69b253637ec3f39808c"
            ],
            "type": "XHR",
            "firstPartyCookies": {},
            "firstPartyCookiesSent": {
                "mat_tel": 0.000013827051243051907
            },
            "exampleSites": [
                "gartenbau.org",
                "www.leebmann24.de"
            ]
        }
    ],
    "categories": [],
    "performance": {},
    "cookies": 0.0000484,
    "types": {
        "Script": 5,
        "XHR": 12,
        "Preflight": 5
    },
    "nameservers": [
        "ns1.ns-serve.net",
        "ns2.ns-serve.net"
    ]
}