{
    "domain": "mediaweaver.jp",
    "owner": {
        "name": "Japan Business Press Co.,Ltd.",
        "displayName": "Japan Business Press"
    },
    "source": [
        "DuckDuckGo-US"
    ],
    "prevalence": 0.0000764,
    "sites": 11,
    "subdomains": [],
    "cnames": [],
    "fingerprinting": 1,
    "resources": [
        {
            "rule": "mediaweaver\\.jp\\/oo\\/uu\\/ua\\.cgi",
            "cookies": 0.0000486,
            "fingerprinting": 1,
            "subdomains": [],
            "apis": {
                "Date.prototype.getTime": 7,
                "Document.cookie setter": 7
            },
            "sites": 7,
            "prevalence": 0.0000486,
            "cnames": [],
            "responseHashes": [
                "e218e3668883a4105c7a60f7d4e7c50dc06db602ccc3002a44fd78d77c77d1e0",
                "21c645749cc6ee0bd6c17904f32f3a58ee9f2ce854ad7c02b43ab47f391587c8",
                "4aabad2f2384ca0811bb02cb02cd9d0ce1b409095105f5e902dddb19e1476352",
                "a8345f141b91a280aeb8f33142d8cecba364fae299e2fc07f0732081af1704ed",
                "a7bfcc66b92dc170399c243f99bc017de6bbf64ce22d7b53e71f977ea8e72db2",
                "8b6321c5889bf424e5a8be509d87c88689a8f80bfc814330451d9df2c0620e6e"
            ],
            "type": "Script",
            "firstPartyCookies": {
                "ismua": {
                    "ttl": 63072003,
                    "length": 36,
                    "prevalence": 0.00004859086491739553,
                    "uniqueness": 1
                }
            },
            "firstPartyCookiesSent": {},
            "exampleSites": [
                "ismedia.jp",
                "gendai.ismedia.jp",
                "jbpress.ismedia.jp",
                "president.jp",
                "toyokeizai.net",
                "www.jprime.jp",
                "www.kyoto-np.co.jp"
            ]
        },
        {
            "rule": "mediaweaver\\.jp\\/oo\\/uu\\/cl\\.cgi",
            "cookies": 0,
            "fingerprinting": 0,
            "subdomains": [],
            "apis": {},
            "sites": 7,
            "prevalence": 0.0000486,
            "cnames": [],
            "responseHashes": [
                "ce9e691207354b6131d012f11292fb830019a9f4f1234aad3a364fdefb443f21",
                "a1b0e993474226f51f0c499c825b17d36049495c24c735731a713bfb8a98b546",
                "18ff2443e6a4ecec538c80bbd8a5da3936133d0c5257cb330ff358e85cbf1f6c",
                "547e72e76a1b19a709d5d4ad1f752fd52f351178b659bcf5867f2f1a4478faaa",
                "bd10b8039ec1cf94748e852f3ac833bb7da0e1c4e41d90231d0afc190e6cad4d",
                "d94c612b9f085e5a8cc89e563bf333343067e2d48dfa12ae32801ccee3cf4eda"
            ],
            "type": "Script",
            "firstPartyCookies": {},
            "firstPartyCookiesSent": {},
            "exampleSites": [
                "ismedia.jp",
                "gendai.ismedia.jp",
                "jbpress.ismedia.jp",
                "president.jp",
                "toyokeizai.net",
                "www.jprime.jp",
                "www.kyoto-np.co.jp"
            ]
        }
    ],
    "categories": [],
    "performance": {
        "time": 0,
        "size": 0,
        "cpu": 0,
        "cache": 0
    },
    "cookies": 0.0000764,
    "types": {
        "Script": 14
    },
    "nameservers": [
        "dns-b.iij.ad.jp",
        "dns-c.iij.ad.jp"
    ]
}