{
    "domain": "meredithcorp.io",
    "owner": {},
    "source": [
        "DuckDuckGo-US"
    ],
    "prevalence": 0.000297,
    "sites": 43,
    "subdomains": [
        "imagesvc",
        "metadata.video"
    ],
    "cnames": [],
    "fingerprinting": 0,
    "resources": [
        {
            "rule": "meredithcorp\\.io\\/v3\\/mm\\/image",
            "cookies": 0,
            "fingerprinting": 0,
            "subdomains": [
                "imagesvc"
            ],
            "apis": {},
            "sites": 23,
            "prevalence": 0.000159,
            "cnames": [],
            "responseHashes": [
                "be80ee5d72720fbe325d5a832cc3808b76732d500ba50c0300d37979d2a10d42",
                "cd92c4953fdd2d4de1396def64d4ece443925bbfa6cc13b457fe37279df87035",
                "928396dc9ae083a51f91a3d76135dcca70fa5c433eb3d9f10806f0e08c4082fe",
                "352bf67acb832bbfba17ae5831398d8fdbb41cd0b23bb878dbbfbfb0454b0d04",
                "93cecf16415ec588cb86d0bcc28a31a89d750c6aab6ac6c4d249df6afe4c72c3",
                "ab3784829a032a264e4d6dbb09ec05f685018762514fa1fcdaff8e4105dde152",
                "5f0b7f49036bff47f34cb8c4ad4cd0a991396000c7550753ba42fc142feae018",
                "55ea6185f45087feabf6a1a207afd1d8d4db4ee0da17525e8d731e77d935bc9f",
                "c52a81f1b058e46f8a1851ce59a2152cac4b5af4767e86643f567686717becf2",
                "18c8e662e26938fd431c9c9d5c9be5d8f30cf8621a5c3cdf4fe8c772ca28b086",
                "d82de748ac3080b4f428a5bc370547bccb5e318ceaad3b7f183aa3ceba248fa9",
                "2e1b8b75fb51d5d6ba34dbad63649b8e9fc4e0799629dd9f19d0efa09aa6f702",
                "e27ae6940f49ca5766292e3fdc7425a0b443cf27430074222c0f4fb89f5f5dbb",
                "4ecd74c4fb0b2dd2aa9df815af79d4166481ad90e5a11fa74e21344343a3db8f",
                "f338db8deb2e1ff546adaf07b3858b5c270fae91accd5e5c760619378addd78e",
                "696f124c2c5845b28c1e0b5fdc26fe07fbf95fe1dfae6c4b62d8d1ea8296380c",
                "17e4edc25ebdd037bd1281b0bd17a1a5b25b8529a1caff159eea031a9d77eea0",
                "656ce3963c8a41ea972c16f8a0d0aa03e3d57bd314c5ab54bc10df538b284deb",
                "2d8a89df290e3b7012f0d5b20ee40fdb7ccae6bb4acd2ef5ab8d8a70f71b72ec",
                "b77b9337880485029f6614034c900a7817993a2998664061dc3c7d6faf7f7892",
                "e2fa282035e9b43c90045f38d3c48cfb7702b581703dd7e07e99cd272f94e316"
            ],
            "type": "Image",
            "firstPartyCookies": {},
            "firstPartyCookiesSent": {},
            "exampleSites": [
                "people.com",
                "www.allrecipes.com",
                "www.marthastewart.com",
                "www.health.com",
                "www.dailypaws.com",
                "www.travelandleisure.com",
                "ew.com",
                "peopleenespanol.com",
                "www.instyle.com",
                "www.allpeoplequilt.com",
                "newz.ai",
                "www.southernliving.com",
                "www.myrecipes.com",
                "hellogiggles.com",
                "www.shape.com",
                "www.cookinglight.com",
                "www.midwestliving.com",
                "www.parents.com",
                "www.eatingwell.com",
                "www.rachaelraymag.com"
            ]
        },
        {
            "rule": "meredithcorp\\.io\\/v3\\/jumpstartpure\\/image",
            "cookies": 0,
            "fingerprinting": 0,
            "subdomains": [
                "imagesvc"
            ],
            "apis": {},
            "sites": 11,
            "prevalence": 0.0000759,
            "cnames": [],
            "responseHashes": [
                "495e901d3fa2486f162330c2e8ae76a752b196552b2f2b8e0d42b380a82dd356",
                "7cdabff357b1e1656aa6b546f95e5e079a6d851fec2806ac15c62c5dc22293ea",
                "e3b0c44298fc1c149afbf4c8996fb92427ae41e4649b934ca495991b7852b855",
                "5064e98c560b914ecd097cdaa0ee068b94bb7c39865fdb13f4093f411d018113",
                "d4d521842ce3bc6faade7a43aca01fe8b97d6559b8395fcdb3ad4545cfb23ad6",
                "1a17c44a268028286ea6ff21fffcfd15c49e2a7df2a421cf6d628c7732236759",
                "d1c8ef5cb6c8198cde50717534694d37fc7e6ce0ef880820d818284062b07012",
                "a6bb3b6a026bf574de6302ddbd50920c3ea06c16d200007143194cff04e9b6e4",
                "1b5bcb95bf57c4d1f284b00b9c94bb63edeeb3bff4a75d1da4748af3131a3084",
                "420b93348bb78e3ea2e52db51bb52ac98fd225cd1aacd1429563a3b3c67550e5"
            ],
            "type": "Image",
            "firstPartyCookies": {},
            "firstPartyCookiesSent": {},
            "exampleSites": [
                "ew.com",
                "people.com",
                "peopleenespanol.com",
                "www.cookinglight.com",
                "www.eatingwell.com",
                "www.foodandwine.com",
                "www.instyle.com",
                "www.midwestliving.com",
                "www.shape.com",
                "www.southernliving.com",
                "www.travelandleisure.com"
            ]
        },
        {
            "rule": "meredithcorp\\.io\\/",
            "cookies": 0,
            "fingerprinting": 0,
            "subdomains": [
                "metadata.video"
            ],
            "apis": {},
            "sites": 5,
            "prevalence": 0.0000345,
            "cnames": [],
            "responseHashes": [
                "028afab50e5541de343b46ada6a0003103cdfbcebfa2ce0d66227a1822d47306",
                "41befdbd835eb3c7728a4fc60e606c490f7ecdbd20cb8c04b844a433b14bafe5",
                "e6f8fa243bde43d0630d44df0259fee007bb12d9baeb93cb85d64d0f361b1633"
            ],
            "type": "XHR",
            "firstPartyCookies": {},
            "firstPartyCookiesSent": {},
            "exampleSites": [
                "cookinglight.com",
                "www.midwestliving.com",
                "www.shape.com",
                "www.southernliving.com",
                "www.travelandleisure.com"
            ]
        }
    ],
    "categories": [],
    "performance": {},
    "cookies": 0,
    "types": {
        "Image": 34,
        "XHR": 5
    },
    "nameservers": [
        "ns-61.awsdns-07.com",
        "ns-1840.awsdns-38.co.uk",
        "ns-1420.awsdns-49.org",
        "ns-912.awsdns-50.net"
    ]
}