{
    "domain": "metabet.io",
    "owner": {},
    "source": [
        "DuckDuckGo-US"
    ],
    "prevalence": 0.000229,
    "sites": 33,
    "subdomains": [
        "go"
    ],
    "cnames": [],
    "fingerprinting": 1,
    "resources": [
        {
            "rule": "metabet\\.io\\/js\\/global\\.js",
            "cookies": 0,
            "fingerprinting": 1,
            "subdomains": [
                "go"
            ],
            "apis": {
                "window.localStorage": 21,
                "Date.prototype.getTime": 18
            },
            "sites": 28,
            "prevalence": 0.000194,
            "cnames": [],
            "responseHashes": [
                "1c9c9ff8a73a091e2b4c64d602b1c6a3d3b716ba9742060e7e03c923cf932520",
                "c4989fd83d5956e07d0e0d0bdec4307d5ed1ddcfcf32141ce539dde495e88734",
                "17e97e422cab573867fcd50896bd377baf3477fe3bff87ec5bda0d032a9029ea",
                "59addd1835a476bd211c5cdb5cd2171d9a72c32b6c80cfc6c60983c41d5d6ec8",
                "7549cdd247a347db85fae532d33b6b0298770a73c74a456070d32428234af5ee",
                "4094d0523984d97ef3287cab026c05e3e936fd29aac5393086c3d99652bba4cc",
                "f6e71166dad8ae9b126dbcc67ca1e71ebce64cbc41a2f38b6a9a1fb43a5e6290",
                "db0c389a679df1be9e1aa3fc8faef33b020ce52cc6f8b7548fd047b4e4484079",
                "5c59167f21988e5510ebd0a8c55b33d0802ac0425cef185477d9a9d738951296",
                "d33652dec3bffce121947a95b84dc9a497b5163cc681bfb765f51b5b987bf984",
                "37ec03343165a391c630ebe76340fd196e2ca22ef4c495561173cecc9c97dea0",
                "798eceb0d8e4a324cf8667ef15f11d650184ebc01e868eda89173fd4f3d46a32",
                "82223efc155d7cac19fb29544eb9f395e24b61fe7269faf77ab54322342589ae",
                "1b5e37ec43d658fc4c4c39d9df4fc6c12de00d18de26994575aac0ba753996e2",
                "4a31fbbcd818b45285bccd2df5adebbce9dc1bdb594d03de295b88404dbded99",
                "dd3dbbbe516fb54f1dec4a7a6598a3ee5a78b669119285f8dd58871ebe5f1c4d",
                "e3b0c44298fc1c149afbf4c8996fb92427ae41e4649b934ca495991b7852b855",
                "47bd058d9b5c5fb848f0baa2de8f47f35f230547dc78094e3ea110ffe84a4bf3",
                "9da5a05ad4fb4316c514b2d2155e005314e801e7f0c3eb1a13c112aff562f1a7",
                "f33c18c5dd9401b4b76c681cb1096b115b0ee4b4a26f11a3e772d8e6ae2a8a20",
                "f8eb648c836e909beda5e23c1608f5c57b45d4a525efb7de09709856e7004e23",
                "d7b683f0918d2627fcdd5484557837d8c53dca507aa378195e4b0f8226dd6f42",
                "1638e830ec386ae4f6203905049ef1deff9f8f90a223a446cc7bb87dc06cbf8b"
            ],
            "type": "Script",
            "firstPartyCookies": {},
            "firstPartyCookiesSent": {},
            "exampleSites": [
                "www.outsports.com",
                "draftkings.com",
                "www.fieldgulls.com",
                "www.golfdigest.com",
                "www.mccoveychronicles.com",
                "www.acmepackingcompany.com",
                "www.pickswise.com",
                "www.pensionplanpuppets.com",
                "www.starsandstripesfc.com",
                "www.patspulpit.com",
                "www.amazinavenue.com",
                "www.thelines.com",
                "www.behindthesteelcurtain.com",
                "www.mmamania.com",
                "www.milehighreport.com",
                "www.barcablaugranes.com",
                "www.ninersnation.com",
                "www.burntorangenation.com",
                "www.hockeywilderness.com",
                "www.blessyouboys.com"
            ]
        },
        {
            "rule": "metabet\\.io\\/css\\/main\\.css",
            "cookies": 0,
            "fingerprinting": 0,
            "subdomains": [
                "go"
            ],
            "apis": {},
            "sites": 25,
            "prevalence": 0.000174,
            "cnames": [],
            "responseHashes": [
                "fe69b202f1c3cab2eb343f992f76422259a46e7ec3d9c897e4c5fb4bd621edf4",
                "559ad759635943d28e08cd49d85f7cc97c99492b9c70785542bb5de7913e8fa7",
                "b0d2d34112af6e19e52e613a136377bc5842217f294c04d6d32a75560d1d7964"
            ],
            "type": "Stylesheet",
            "firstPartyCookies": {},
            "firstPartyCookiesSent": {},
            "exampleSites": [
                "www.mccoveychronicles.com",
                "www.patspulpit.com",
                "www.pickswise.com",
                "www.blessyouboys.com",
                "www.milehighreport.com",
                "www.pensionplanpuppets.com",
                "www.thelines.com",
                "www.maizenbrew.com",
                "www.behindthesteelcurtain.com",
                "www.cagesideseats.com",
                "www.pinstripealley.com",
                "www.outsports.com",
                "www.brewcrewball.com",
                "www.burntorangenation.com",
                "www.blazersedge.com",
                "sportschatplace.com",
                "www.amazinavenue.com",
                "www.starsandstripesfc.com",
                "www.hockeywilderness.com",
                "www.barcablaugranes.com"
            ]
        },
        {
            "rule": "metabet\\.io\\/img\\/sportsbooks\\/square\\/draftkings\\.svg",
            "cookies": 0,
            "fingerprinting": 0,
            "subdomains": [
                "go"
            ],
            "apis": {},
            "sites": 17,
            "prevalence": 0.000118,
            "cnames": [],
            "responseHashes": [
                "79a1b8a42496bc679800b15722f8dd2518e20f70ded675cfce2af847e01e2ca4"
            ],
            "type": "Image",
            "firstPartyCookies": {},
            "firstPartyCookiesSent": {},
            "exampleSites": [
                "acmepackingcompany.com",
                "www.amazinavenue.com",
                "www.barcablaugranes.com",
                "www.blessyouboys.com",
                "www.brewcrewball.com",
                "www.burntorangenation.com",
                "www.hockeywilderness.com",
                "www.lineups.com",
                "www.lookoutlanding.com",
                "www.maizenbrew.com",
                "www.mccoveychronicles.com",
                "www.milehighreport.com",
                "www.mmamania.com",
                "www.patspulpit.com",
                "www.pensionplanpuppets.com",
                "www.pinstripealley.com",
                "www.starsandstripesfc.com"
            ]
        },
        {
            "rule": "metabet\\.io\\/img\\/logo-watermark\\.svg",
            "cookies": 0,
            "fingerprinting": 0,
            "subdomains": [
                "go"
            ],
            "apis": {},
            "sites": 19,
            "prevalence": 0.000132,
            "cnames": [],
            "responseHashes": [
                "e69bf73acd1d60efdf5989f1d8a70181c3e4e8278eaa186814bc315f047e6413"
            ],
            "type": "Image",
            "firstPartyCookies": {},
            "firstPartyCookiesSent": {},
            "exampleSites": [
                "acmepackingcompany.com",
                "www.amazinavenue.com",
                "www.barcablaugranes.com",
                "www.behindthesteelcurtain.com",
                "www.blessyouboys.com",
                "www.brewcrewball.com",
                "www.burntorangenation.com",
                "www.hockeywilderness.com",
                "www.lineups.com",
                "www.lookoutlanding.com",
                "www.maizenbrew.com",
                "www.mccoveychronicles.com",
                "www.milehighreport.com",
                "www.mmamania.com",
                "www.patspulpit.com",
                "www.pensionplanpuppets.com",
                "www.pinstripealley.com",
                "www.starsandstripesfc.com",
                "www.thelines.com"
            ]
        },
        {
            "rule": "metabet\\.io\\/themes\\/dknation\\/img\\/logo\\.svg",