{
    "domain": "mgdjmp.com",
    "owner": {},
    "source": [
        "DuckDuckGo-US"
    ],
    "prevalence": 0.0000759,
    "sites": 11,
    "subdomains": [
        "go"
    ],
    "cnames": [],
    "fingerprinting": 0,
    "resources": [
        {
            "rule": "mgdjmp\\.com\\/api\\/models",
            "cookies": 0.0000759,
            "fingerprinting": 0,
            "subdomains": [
                "go"
            ],
            "apis": {},
            "sites": 11,
            "prevalence": 0.0000759,
            "cnames": [],
            "responseHashes": [
                "67129f69a7d5799c630d0da00458a689816ec73c454aebccc27c05a0b5c1ac62",
                "516e846512a4778fe8e2f3bed00450a6e50f61bb8dd01196e58a3328ecf01dc7",
                "728602642095ad0e9d3a212448b00ab99c1169d2f5f1e11991389674b482770c",
                "80b2fe6bf347ee7f86a30057044cd712790c3d6b094a5d576e563e0a37c0b764",
                "a76d3836af84964618f0ead429b9b1836ee21a5bd2fa83e5fa8be3bf047b8b84",
                "05ab1132059d9aaf6dbda74b3a8bca6e18f7f1d099531f5e7b7ba0057282a4b1",
                "680f39eb1f9f4b3b2b6b99c0b33c3472360a6043f8bb39930c7696f9ec1084f7",
                "1d93cdfbf7a6125d2dafaba008165ab952ebc97bf3550bc17e3f7e90f4bb29c6",
                "cac00d1ef1ff898f31a420b23aa91f741693883cc38826ef98983a89fc99541b"
            ],
            "type": "XHR",
            "firstPartyCookies": {},
            "firstPartyCookiesSent": {},
            "exampleSites": [
                "xhamster.desi",
                "de.xhamster.desi",
                "it.xhamster16.desi",
                "nl.xhamster.desi",
                "xhamster2.com",
                "xhamster19.com",
                "xhamster3.com",
                "xhamster1.desi",
                "xhplanet1.com",
                "xhwebsite.com",
                "xhwebsite1.com"
            ]
        }
    ],
    "categories": [],
    "performance": {},
    "cookies": 0.0000759,
    "types": {
        "XHR": 11
    },
    "nameservers": [
        "amy.ns.cloudflare.com",
        "duke.ns.cloudflare.com"
    ]
}