{
    "domain": "mikle.com",
    "owner": {},
    "source": [
        "DuckDuckGo-US"
    ],
    "prevalence": 0.000174,
    "sites": 25,
    "subdomains": [
        "feed"
    ],
    "cnames": [],
    "fingerprinting": 1,
    "resources": [
        {
            "rule": "mikle\\.com\\/images\\/squares\\.svg",
            "cookies": 0,
            "fingerprinting": 0,
            "subdomains": [
                "feed"
            ],
            "apis": {},
            "sites": 16,
            "prevalence": 0.000111,
            "cnames": [],
            "responseHashes": [
                "2c7f78291ae70d6b87b58b10e145614685e4e32bcc38b60ca31d77124472857d"
            ],
            "type": "Image",
            "firstPartyCookies": {},
            "firstPartyCookiesSent": {},
            "exampleSites": [
                "crx7601.com",
                "eil.com",
                "iowadot.gov",
                "nomorefakenews.com",
                "www.cafepharma.com",
                "www.destateparks.com",
                "www.e-mansion.co.jp",
                "www.eaglestar.net",
                "www.freightwaves.com",
                "www.ivytech.edu",
                "www.limaohio.com",
                "www.nursingworld.org",
                "www.raneystruckparts.com",
                "www.soxprospects.com",
                "www.vintagecampertrailers.com",
                "www.yucatan.com.mx"
            ]
        },
        {
            "rule": "mikle\\.com\\/api\\/widget\\/read\\/body\\/",
            "cookies": 0,
            "fingerprinting": 0,
            "subdomains": [
                "feed"
            ],
            "apis": {},
            "sites": 15,
            "prevalence": 0.000104,
            "cnames": [],
            "responseHashes": [
                "946f256ebb61138ba3203994f5cdf688034d0cf6ec88b72cb5e449cb12c80fec",
                "9eee689f228b445186f134667b178ac925783c4cd54a645600fd0f94f83bc9da",
                "3f5366eab75fe977167ea366c74579593e52d14ea05eb2ab680b9a48e3bdb204",
                "f2597917d2347bd911b02cc3d7c59c36f0382b53dbb8c57538839af60538ce40",
                "566df7acb19d2a82eb096ec009421bee75298602da81636b42c2fef0d626f3c1",
                "e1267a3140c0033c27734b997f344afb426250926f11103b0aa7488b7626f617",
                "efc2bb5cb2d2ba969833466ba5bc384b605d4be3e32615ff5570a85c00be0472",
                "54477d5b37bc27537d16788a588cd45d90bd7cb9d0716bb14e8883eb9b90f6fc",
                "8a7f55c16aaf238caaad9231953aac37a98c5434bc45c5aa516c3b83da404018",
                "951945416776473b794c3608ef70a0dea81c7889357963f605490e086f498f4e",
                "50ed3d47f236abf99c9631714865c728377a9917af39a0614d0ea140852f0c60",
                "0fdb9fd916be03df173fc5501c6742da8664b741f3b781908a1110b6c3b0468a",
                "b4e266320504501da04a6dec8c4c909867a251cdff3d3c608eed7d9534def749"
            ],
            "type": "XHR",
            "firstPartyCookies": {},
            "firstPartyCookiesSent": {},
            "exampleSites": [
                "crx7601.com",
                "eil.com",
                "iowadot.gov",
                "nomorefakenews.com",
                "www.destateparks.com",
                "www.e-mansion.co.jp",
                "www.eaglestar.net",
                "www.freightwaves.com",
                "www.ivytech.edu",
                "www.limaohio.com",
                "www.nursingworld.org",
                "www.raneystruckparts.com",
                "www.soxprospects.com",
                "www.vintagecampertrailers.com",
                "www.yucatan.com.mx"
            ]
        },
        {
            "rule": "mikle\\.com\\/js\\/fw-loader\\.js",
            "cookies": 0,
            "fingerprinting": 0,
            "subdomains": [
                "feed"
            ],
            "apis": {},
            "sites": 14,
            "prevalence": 0.0000972,
            "cnames": [],
            "responseHashes": [
                "69282e589f1bf453b5ec6f220309e621ad75bb2fa8d4ce49aef557ad16ac73a6"
            ],
            "type": "Script",
            "firstPartyCookies": {},
            "firstPartyCookiesSent": {},
            "exampleSites": [
                "eil.com",
                "h1g.jp",
                "iowadot.gov",
                "nomorefakenews.com",
                "www.cafepharma.com",
                "www.destateparks.com",
                "www.e-mansion.co.jp",
                "www.eaglestar.net",
                "www.freightwaves.com",
                "www.nursingworld.org",
                "www.raneystruckparts.com",
                "www.soxprospects.com",
                "www.vintagecampertrailers.com",
                "www.yucatan.com.mx"
            ]
        },
        {
            "rule": "mikle\\.com\\/js\\/fw-widget\\.js",
            "cookies": 0,
            "fingerprinting": 0,
            "subdomains": [
                "feed"
            ],
            "apis": {},
            "sites": 13,
            "prevalence": 0.0000902,
            "cnames": [],
            "responseHashes": [
                "acaea78a93cff7633c89cc3aea32d384a83b497969c68915d0c1985660802a5c"
            ],
            "type": "Script",
            "firstPartyCookies": {},
            "firstPartyCookiesSent": {},
            "exampleSites": [
                "eil.com",
                "iowadot.gov",
                "nomorefakenews.com",
                "www.cafepharma.com",
                "www.destateparks.com",
                "www.e-mansion.co.jp",
                "www.eaglestar.net",
                "www.freightwaves.com",
                "www.nursingworld.org",
                "www.raneystruckparts.com",
                "www.soxprospects.com",
                "www.vintagecampertrailers.com",
                "www.yucatan.com.mx"
            ]
        },
        {
            "rule": "mikle\\.com\\/js\\/rssmikle\\.js",
            "cookies": 0,
            "fingerprinting": 1,
            "subdomains": [
                "feed"
            ],
            "apis": {
                "Date.prototype.getTime": 1
            },
            "sites": 2,
            "prevalence": 0.0000139,
            "cnames": [],
            "responseHashes": [
                "bdb781a171f405a5db9daf0b775ba16e3d9d90a9ea84abf867c034eec36c22d4"
            ],
            "type": "Script",
            "firstPartyCookies": {},
            "firstPartyCookiesSent": {},
            "exampleSites": [
                "doorblog.jp",
                "www.heirloom-organics.com"
            ]
        },
        {
            "rule": "mikle\\.com\\/widget\\/",
            "cookies": 0,
            "fingerprinting": 0,
            "subdomains": [
                "feed"
            ],
            "apis": {},
            "sites": 3,
            "prevalence": 0.0000208,
            "cnames": [],
            "responseHashes": [
                "fb55b88c5950f6bf06939a678d69367dd62ef02f580b3607aa8c60599aaa2f0c",
                "ce1203e6d746b8845ec145b08185dfb1b9d3a12bf9c407042de20529044a75e6"
            ],
            "type": "Document",
            "firstPartyCookies": {},
            "firstPartyCookiesSent": {},
            "exampleSites": [
                "doorblog.jp",
                "totalwar.doorblog.jp",
                "www.heirloom-organics.com"
            ]
        },
        {
            "rule": "mikle\\.com\\/fonts\\/fontawesome-webfont\\.woff2",
            "cookies": 0,
            "fingerprinting": 0,
            "subdomains": [
                "feed"
            ],
            "apis": {},
            "sites": 2,
            "prevalence": 0.0000139,
            "cnames": [],
            "responseHashes": [
                "d792afdac7f7ae5de7c6964950c6c61dc6e3f3813180a59e141c7cb4ac4364dc"
            ],
            "type": "Font",
            "firstPartyCookies": {},
            "firstPartyCookiesSent": {},