{
    "domain": "mmapiws.com",
    "owner": {},
    "source": [
        "DuckDuckGo-US"
    ],
    "prevalence": 0.000967,
    "sites": 140,
    "subdomains": [
        "d-ipv6"
    ],
    "cnames": [],
    "fingerprinting": 0,
    "resources": [
        {
            "rule": "mmapiws\\.com\\/ant_squire",
            "cookies": 0,
            "fingerprinting": 0,
            "subdomains": [
                "d-ipv6"
            ],
            "apis": {},
            "sites": 79,
            "prevalence": 0.000546,
            "cnames": [],
            "responseHashes": [
                "981cd434eb8c89f54409158e08da3f00abaccb4ab183452bd26f3013c43c0348",
                "e4066f898a9bd2ac8fb9f6775fe1feede8b1615b202bb170fdcadeb937a36a2b",
                "75f73b163f418eda74d4b02ce47ea0714b3f4b775e09c2ee7f3e1c2bda32a497",
                "05a4597b94572d1a9e59b9d1665b5e178a3c95edba7f168c0f69114574a0952c",
                "0168ae6a9cb0e021a8479ea7be7692f15eb55835aa63852901979edc3df68267",
                "4b76726a462203cb61619162f6eb7b0e500aa7017920312d27c7f6e72c1a4b37",
                "8707b7b19c0ced5b41a6b3ae3f621fdb8a31ea0c81894713eb84a014e566471b",
                "e7cd2d21887505ad7af1977c9347ab80a5cfc49188fd149c3bb3c40525a020a5",
                "1a0fc967d3137cb22d8b8b54b3be8cf86af7a33704e4cd3b38630c063207bea0",
                "26c644f16dafdfe6afbc0767ee48fc69e1d3238d5ee0c3e5ed17b615480dcd22",
                "dadf0b3b91b660a294f2e2bed6b58279fc9441efc16c1a28af2e0c75c27b45f8",
                "f4efb1ea75124df85cae2dc4448083845a7665759cb18fa033889f45f8883527",
                "f8b72ea85370b5a83b54d4965a488b27c12437147cd73505c660349015a18313",
                "16943d0922c613da273ef42b97a114d315bbb45706db04de3e19cf830aae2472",
                "c8ff58b9c1a1e28a08d07b9319af82dda622103f12f0cb8fa897c8d1bdffb418",
                "d27026b518fd685c58cdb0969044b790ca10dc45693af4b7997db997bec003dc",
                "bcf250c2f2f61fe96985f6f250531ad00ef8fdad42a621f3571f31fe54b30e85",
                "3a4754b22c5dc454cda62f7b51aa78408bf26ea9a1b7c11db2a9a7c0bb503882",
                "6ee01acdad4e2959c7b6147749ae705d5d7be3728aa5d955d678403a26f64346",
                "4a6ac2346292f0dcc19fbc43c61e5dfe701c57ba026f12bce6b5e6d2bade4fb3",
                "986217668783de0c8685bf50324cde9e39d65fa0f5388fbc042dfbdaee56543c",
                "b7fa5034ab53f99a290b16d5c420201bf3daf3d0b430a836315419c15e1ebbdc",
                "6c1f80cacd8e0fca4ec9efaa59059f7e5282627146af2b38e198ca02e831878f",
                "56dcf6a3123a4ea5d98cd3d942240641e188c00ed65519bde7fb05df24ff73ba",
                "3a98c21dbe4d36663bd0eae06f46a7c96267fee1b91a17720f88ef5296ba3de2",
                "49d68e61e465f4d88a1280ef391d1cfc8a48dd2f51064d14693fed8a4730d9d1",
                "42d3b0a713af7d0bdebcf43cb726ae9148189910ef68e9906d71f4eec3f10c0f",
                "b6a926025dcb4d5695c28cc71a54f354f8b97678f74693d1868e58a16626f69e",
                "aa85df087e2e47af2951b6d8781fd64cf867846d399419f8c1b724777bc8d5df",
                "3d56b88aef99f2b6ecfcd926796b6e2eade61667e2a569377c3044e28943bbb7",
                "224aa454a27bc48212358cf63887336a111478ad792b5bcfc9ebdd1ed3fa0128",
                "4c1c2e2d16aa8a00fa3fd4dd34b3773f10f9c2e2741d68cb6e87839a3dd4e28a",
                "ceebb72af54a7700f646ea897c0b14930d52a592108bbdade6acecbdc9ff138f",
                "a2062bc8f700697d62b29f7ad3f1572220bb904ef49270424cb09320f6ee15e0",
                "fc96fc614d37360bd57712686ad5481784a1d336326f4bfe86500183d7abc85b",
                "166eddc5cf34ee08a5165a9dea4c90174f2ae4a899c7bff48f60869ec802e007",
                "7a98327d8a048cc99444e84a5a77029c11da939584c707f1ffce0427dd2f047a",
                "40bd0ff36aee367321f78ac8d82a03c62a997b3dd2d20a48028da11a8e8304f4",
                "ca173356abdf56a55fd6e965a10971ee61795a4c852b5bc3fa38c382af4be6f0",
                "046da99fe1f19c5c9f626d6df615086d93ecaa6150e5ee3f964b55b8eb0641d1",
                "bad5d9d79aae50c5d4d7fddbb6022ad11a465b3cd9b73c0f544e255eb708b532",
                "2807cf1e3c9b4b0b2c059e15d6b8480869f4c2e6f7381552ef4b38b4b952fc6c",
                "fe9ba9bebc9989a27b793d29345da3b873880fb1df898a4b3d57aa6e9d9e149b",
                "6712134513041e6d00b0a523a32a0f9c5eece6a343cda15bcd9ffbe377606e98",
                "a975553a5e078b331e300e31bc2256e2320ac29c4839308968e5b47a7f13e30c",
                "92dc90dcb8ce851904618090e7f4750abe30274b8d0e09a04ffb99062f0ccd20",
                "ce99c201fd0ac9b2241d24a9df2482c7154ae37a17363bf37ef4ea18106d4792",
                "1c55a908e61f28d5dc6f01b747ed2fb0e112a457ff14b3bd293a65220c6b4360",
                "e02742709cd0a0f327ac6df857c87c6dd9ce9b17d0b0ef8590d4af6272bd03c7",
                "afa84390ee4d605c11f0c21aa22e70eb71ffb567d9531c774474e947b0f00129",
                "d5ec58cbb9adb2be08bcf870512f126fa2c3606d06c4737ec9f8ec69620c8bb1",
                "a0f65c27d9c1aaae2659384a90e41d40a4fba6d472852fa9496cce1bab462b23",
                "498bb5d7b1284cd7b88785d5cf801b7b317ca24d6ec51fbaa12b42f743e5f844",
                "721ad0f3ec7bf7b4fc963558350451f66881006d700673ffa13bd872ea5cf3eb",
                "232d717baeab57dc1c1d434067fa477b1241f185b9c90ee9524b82a2debe9871",
                "cc530bf0dc72312d98e56ae109a9b9aea15f9cd4d710033502e49c7653357dc4",
                "126a8ee9e1b764d81719d47870bb3bcef52142c0b232b835e42ae430d1b9d4e8",
                "15156c9233dc545045f064a564f0b5513522d6629b15da2e45f29102e099997f",
                "56965abc52bcaebadfd77044520aeb495849513cf79a29ecd353a0c4f6c318c6",
                "4a28137d1dd128100895fc7e5703d80777ebc42f61f7e3b7d4dfd21239b4e6d4",
                "a997459a7cafc5ca87bd2ffc9c867f916a600c32717e85b18dc64513f2c9cc0e",
                "b51e2901c1225a9e3d89cc12f791ca8e04670cd4433af2cccc3788e3cdf50721",
                "4d61be0303bf5367b944e52225a084973fadaa1314e02f60aaebd8d67f4c235c",
                "63f9551c8be01e6f3a401c085e9507e4bcb1e4ab7d9334d841f44a1ec8983ce3",
                "8d0c042ba9aa60a9ecda35ca6dcbbaddbe01b5d2f5ae09c0bf8093e3d3314339",
                "7f884fa7d0bacc31a581a56f69d4b28eafcf0e8ec47dad0f0e95c979ff6722d4",
                "02b6ab000b4fa3f0f1af7c1b542aa3269ef1b3a52f5b351f32a7bd9d951850a4",
                "30e3ff0f8f41b07a2a3aed25381ac65039bfe07256fc0a5719d4df69c7d60310",
                "6ec5280aa585667bbef48b60077d81463d98dc24d8e42306917a6e6ef9408e8e",
                "2ab087758e2c9b7db2177d7d42c5d9c5fbfa5f48a060b4a100fc762123fb9fe4",
                "c9b56c6dea85217358412e1e14e5914a8e28dc5314f9f9fca1883b89dac11a5d",
                "a7dced19e040abad3ed114c5ce36e890293d0a695bf93262743c9ce99a8cff07",
                "1a15c76df31c534152ffa40f532a096e8bf9032562342a23b83a3e23df79999a",
                "1d696811b864d14190ba57a6a336e01c64f78b348f8603ea8da4cfec60eb24dd",
                "0a0a2d78e1e1a52817def68f719d9cbc51d316557138cdf4cb78bf0c3935691f",
                "2a813b2830a7479404415b72130eee0a16a2a0941c586c355f662a56d51ca7ec",
                "a2cc12628626080bb2e6ce8f125e7dc89570c5b7545b49c256149e2ab5684e57"
            ],
            "type": "XHR",
            "firstPartyCookies": {},
            "firstPartyCookiesSent": {},
            "exampleSites": [
                "www.ownerly.com",
                "www.kohler-engine-parts.opeengines.com",
                "famoid.com",
                "www.luckyvitamin.com",
                "www.mediafire.com",
                "bladeops.com",
                "www.gpknives.com",
                "www.harney.com",
                "grabagun.com",
                "fullsend.com",
                "www.riflegear.com",
                "www.shoes.com",
                "www.cardcash.com",
                "ar15discounts.com",
                "cellcore.com",
                "longislandwatch.com",
                "www.gundogsupply.com",
                "www.autoaccessoriesgarage.com",
                "steelsupplements.com",
                "www.truecable.com"
            ]
        }
    ],
    "categories": [],