{
    "domain": "mnixdata.com",
    "owner": {},
    "source": [
        "DuckDuckGo-US"
    ],
    "prevalence": 0.0000966,
    "sites": 14,
    "subdomains": [
        "tracker",
        "pixelconnector"
    ],
    "cnames": [],
    "fingerprinting": 1,
    "resources": [
        {
            "rule": "mnixdata\\.com\\/index\\.js",
            "cookies": 0,
            "fingerprinting": 1,
            "subdomains": [
                "tracker"
            ],
            "apis": {
                "Date.prototype.getTime": 9
            },
            "sites": 9,
            "prevalence": 0.0000621,
            "cnames": [],
            "responseHashes": [
                "9f32d3bbcd1a78f34a0fc479962a37f7f38765ff1aea22690c8ffdfb330fcfdc"
            ],
            "type": "Script",
            "firstPartyCookies": {},
            "firstPartyCookiesSent": {},
            "exampleSites": [
                "homex.com",
                "www.bonsecours.com",
                "www.caseys.com",
                "www.livingspaces.com",
                "www.mercy.com",
                "www.merrell.com",
                "www.palottery.state.pa.us",
                "www.selectblinds.com",
                "www.visitomaha.com"
            ]
        },
        {
            "rule": "mnixdata\\.com\\/validate",
            "cookies": 0,
            "fingerprinting": 0,
            "subdomains": [
                "pixelconnector"
            ],
            "apis": {},
            "sites": 12,
            "prevalence": 0.0000828,
            "cnames": [],
            "responseHashes": [
                "c2731b42f9e645e329b02e019d91380db1b4c7e1ca407a9f0855a40e24a7f5d6",
                "64ff1b22e3b7c341d946f1623c135c69aecc5397bb65f491cf81e7ec09b77b57",
                "305c95a6275e67fdea7529fd0088456a9c35c6c16ae294d7bb17f744ebc76451",
                "49da38cc38502ab4ade109f00610a55b284578537f9900db8d79758f7c64ecab",
                "e3e364f77a2a03c3f5881da22c9295ed8c73b6285ebb86e43734e24fc2593ddb",
                "c1ef8c969e0ce368ae141398ee4d1c4bd1e434606cfe25a549bfbe02e110bcd4",
                "41f6b6417899e28bd7e5b097e179c09d055ace3926f14ca65e9ae75a6bdce953",
                "9e7226110004b41e471c306c3b472d37ee990381382c80b9e99af121e0b2b9e8",
                "40119f5ef9f70d856f6dee5941ef11434bb5d410e39ccc778faed4f43d6cc585",
                "9f05763bfe327f3de14a3a30f124bfcf3f18d4a3e9cd20770ad352a3ef891fdb",
                "cda34c76a6d8a983ed5ba5f86a982fccf4d11a3d6995d2d8739f0ba02985ff96"
            ],
            "type": "XHR",
            "firstPartyCookies": {},
            "firstPartyCookiesSent": {},
            "exampleSites": [
                "homex.com",
                "www.bonsecours.com",
                "www.caseys.com",
                "www.livingspaces.com",
                "www.mercy.com",
                "www.merrell.com",
                "www.palottery.state.pa.us",
                "www.roadscholar.org",
                "www.scad.edu",
                "www.selectblinds.com",
                "www.siteone.com",
                "www.visitomaha.com"
            ]
        },
        {
            "rule": "mnixdata\\.com\\/update",
            "cookies": 0,
            "fingerprinting": 0,
            "subdomains": [
                "pixelconnector"
            ],
            "apis": {},
            "sites": 12,
            "prevalence": 0.0000828,
            "cnames": [],
            "responseHashes": [
                "42347032c46a27b70cd8f88d3838bc9fa61af37b6b07450d196dd96a964f15c3"
            ],
            "type": "XHR",
            "firstPartyCookies": {},
            "firstPartyCookiesSent": {},
            "exampleSites": [
                "homex.com",
                "www.bonsecours.com",
                "www.caseys.com",
                "www.livingspaces.com",
                "www.mercy.com",
                "www.merrell.com",
                "www.palottery.state.pa.us",
                "www.roadscholar.org",
                "www.scad.edu",
                "www.selectblinds.com",
                "www.siteone.com",
                "www.visitomaha.com"
            ]
        },
        {
            "rule": "mnixdata\\.com\\/pixel\\.js",
            "cookies": 0,
            "fingerprinting": 1,
            "subdomains": [
                "tracker"
            ],
            "apis": {
                "Date.prototype.getTime": 4
            },
            "sites": 4,
            "prevalence": 0.0000276,
            "cnames": [],
            "responseHashes": [
                "6165f55de7330bd9993137e8b7b2db81ee96e05254f8c90f15758e6eb6a95183"
            ],
            "type": "Script",
            "firstPartyCookies": {},
            "firstPartyCookiesSent": {},
            "exampleSites": [
                "merrell.com",
                "www.roadscholar.org",
                "www.scad.edu",
                "www.siteone.com"
            ]
        }
    ],
    "categories": [],
    "performance": {},
    "cookies": 0,
    "types": {
        "Script": 13,
        "XHR": 24
    },
    "nameservers": [
        "seth.ns.cloudflare.com",
        "ingrid.ns.cloudflare.com"
    ]
}