{
    "domain": "mobylog.jp",
    "owner": {},
    "source": [
        "DuckDuckGo-US"
    ],
    "prevalence": 0.0000694,
    "sites": 10,
    "subdomains": [
        "log1"
    ],
    "cnames": [],
    "fingerprinting": 1,
    "resources": [
        {
            "rule": "mobylog\\.jp\\/_tag_mobylog\\.js",
            "cookies": 0.0000278,
            "fingerprinting": 1,
            "subdomains": [
                "log1"
            ],
            "apis": {
                "window.localStorage": 6,
                "Document.cookie getter": 5,
                "Date.prototype.getTime": 5,
                "Document.cookie setter": 4
            },
            "sites": 6,
            "prevalence": 0.0000417,
            "cnames": [],
            "responseHashes": [
                "38dc89af49acb6da098700209be4f3d9ee91e2a305d56668b44be121289b67eb"
            ],
            "type": "Script",
            "firstPartyCookies": {
                "MOBYLOGTracking_Params_u_500575": {
                    "ttl": 157680005,
                    "length": 40,
                    "prevalence": 0.000006943142605205969,
                    "uniqueness": 1
                },
                "MOBYLOGTracking_Params_t_500575": {
                    "ttl": 1805,
                    "length": 40,
                    "prevalence": 0.000006943142605205969,
                    "uniqueness": 1
                },
                "MOBYLOG_ra_500575": {
                    "ttl": 157680005,
                    "length": 1,
                    "prevalence": 0.000006943142605205969,
                    "uniqueness": 1
                },
                "MOBYLOG_sv_500575": {
                    "ttl": null,
                    "length": 16,
                    "prevalence": 0.000006943142605205969,
                    "uniqueness": 1
                },
                "MOBYLOGTracking_Params_u_500738": {
                    "ttl": 157680005,
                    "length": 40,
                    "prevalence": 0.000006943142605205969,
                    "uniqueness": 1
                },
                "MOBYLOGTracking_Params_t_500738": {
                    "ttl": 1805,
                    "length": 40,
                    "prevalence": 0.000006943142605205969,
                    "uniqueness": 1
                },
                "MOBYLOG_ra_500738": {
                    "ttl": 157680005,
                    "length": 1,
                    "prevalence": 0.000006943142605205969,
                    "uniqueness": 1
                },
                "MOBYLOG_sv_500738": {
                    "ttl": null,
                    "length": 16,
                    "prevalence": 0.000006943142605205969,
                    "uniqueness": 1
                },
                "MOBYLOGTracking_Params_u_500789": {
                    "ttl": 157680008,
                    "length": 40,
                    "prevalence": 0.000006943142605205969,
                    "uniqueness": 1
                },
                "MOBYLOGTracking_Params_t_500789": {
                    "ttl": 1808,
                    "length": 40,
                    "prevalence": 0.000006943142605205969,
                    "uniqueness": 1
                },
                "MOBYLOG_ra_500789": {
                    "ttl": 157680008,
                    "length": 1,
                    "prevalence": 0.000006943142605205969,
                    "uniqueness": 1
                },
                "MOBYLOG_sv_500789": {
                    "ttl": null,
                    "length": 16,
                    "prevalence": 0.000006943142605205969,
                    "uniqueness": 1
                },
                "MOBYLOGTracking_Params_u_500527": {
                    "ttl": 157680005,
                    "length": 40,
                    "prevalence": 0.000006943142605205969,
                    "uniqueness": 1
                },
                "MOBYLOGTracking_Params_t_500527": {
                    "ttl": 1805,
                    "length": 40,
                    "prevalence": 0.000006943142605205969,
                    "uniqueness": 1
                },
                "MOBYLOG_ra_500527": {
                    "ttl": 157680005,
                    "length": 1,
                    "prevalence": 0.000006943142605205969,
                    "uniqueness": 1
                },
                "MOBYLOG_sv_500527": {
                    "ttl": null,
                    "length": 16,
                    "prevalence": 0.000006943142605205969,
                    "uniqueness": 1
                }
            },
            "firstPartyCookiesSent": {},
            "exampleSites": [
                "rekordbox.com",
                "www.able.co.jp",
                "www.bellemaison.jp",
                "www.digimart.net",
                "www.kaldi.co.jp",
                "www.yamada-denkiweb.com"
            ]
        },
        {
            "rule": "mobylog\\.jp\\/xd_plugin\\.js",
            "cookies": 0.00000694,
            "fingerprinting": 1,
            "subdomains": [
                "log1"
            ],
            "apis": {
                "Document.cookie setter": 1
            },
            "sites": 5,
            "prevalence": 0.0000347,
            "cnames": [],
            "responseHashes": [
                "f4d8088cd32fdc97f9fda342f8b6542b45b7be0eca2e5583a259a8dbb40aaa34"
            ],
            "type": "Script",
            "firstPartyCookies": {
                "xdLoginStatus": {
                    "ttl": -1629186075,
                    "length": 1,
                    "prevalence": 0.000006943142605205969,
                    "uniqueness": 1
                }
            },
            "firstPartyCookiesSent": {},
            "exampleSites": [
                "rekordbox.com",
                "www.bellemaison.jp",
                "www.digimart.net",
                "www.kaldi.co.jp",
                "www.yamada-denkiweb.com"
            ]
        },
        {
            "rule": "mobylog\\.jp\\/msb\\.php",
            "cookies": 0,
            "fingerprinting": 0,
            "subdomains": [
                "log1"
            ],
            "apis": {},
            "sites": 4,
            "prevalence": 0.0000278,
            "cnames": [],
            "responseHashes": [
                "d168b2ddc41576fc1e67b9e60a9ab7da9d01376fce97ac6951e3d8f6a487525c",
                "e971c33a44af81a065c5bf795535309f095e83f31ca5d074ddab426138f67b6f",
                "7af17e7746203ef71a891b23ea010c703b546a0ea7666b2dc55c1ce2af3ba205"
            ],
            "type": "Script",
            "firstPartyCookies": {},
            "firstPartyCookiesSent": {},
            "exampleSites": [
                "rekordbox.com",
                "www.digimart.net",
                "www.kaldi.co.jp",
                "www.yamada-denkiweb.com"
            ]
        },
        {
            "rule": "mobylog\\.jp\\/dot\\.php",
            "cookies": 0.0000347,
            "fingerprinting": 0,
            "subdomains": [
                "log1"
            ],
            "apis": {},
            "sites": 5,
            "prevalence": 0.0000347,
            "cnames": [],
            "responseHashes": [
                "c6e39f16c104739bb7ea488747ee2a855c54546b25cc7075b8a4451c184c15ca"
            ],
            "type": "Image",
            "firstPartyCookies": {},
            "firstPartyCookiesSent": {},
            "exampleSites": [
                "rekordbox.com",
                "www.able.co.jp",
                "www.digimart.net",
                "www.kaldi.co.jp",
                "www.yamada-denkiweb.com"
            ]
        },
        {
            "rule": "mobylog\\.jp\\/__xdtc\\/500437\\.js",
            "cookies": 0,
            "fingerprinting": 1,
            "subdomains": [
                "log1"
            ],
            "apis": {
                "Document.cookie getter": 2,