{
    "domain": "moevideo.biz",
    "owner": {},
    "source": [
        "DuckDuckGo-US"
    ],
    "prevalence": 0.00012,
    "sites": 17,
    "subdomains": [
        "am-0",
        "cs-0"
    ],
    "cnames": [],
    "fingerprinting": 2,
    "resources": [
        {
            "rule": "moevideo\\.biz\\/embed\\/core\\/version",
            "cookies": 0,
            "fingerprinting": 0,
            "subdomains": [],
            "apis": {},
            "sites": 11,
            "prevalence": 0.0000774,
            "cnames": [],
            "responseHashes": [
                "ac8cec1c94911f0c7d6425381ff19aaa1eeaefaad3cb97cbefcf2884d26fa3a6",
                "412ad32c6033f836e0edc3d2cb12153843f622eb8de412f3597bf4bc1dd05afc",
                "3fa6e508b7460aa326dd39ffb3e20f2fa393fb0ae4b03f29e3ce4edf0f504910",
                "76fa0ea4ae2f9169c5d18f83fa94b09e740c85eb748fa3eda522caba3e63d5ed",
                "5220f9ab09a871806dfbda5ae15903d8de68cc28e9bf7ad1ca3e640932f5c2d3",
                "0c11282fbcbc9c48db3e6ad69f7ef7a5456b35a466476b398788cf106e183b79",
                "fc4aa3e65319efd3a8106f5c4780f3760e6d7ef8a80b614b7c510e7979ff16e9"
            ],
            "type": "Script",
            "firstPartyCookies": {},
            "firstPartyCookiesSent": {
                "_ym_d": 0.000007038783698176955
            },
            "exampleSites": [
                "7days.ru",
                "assistentus.ru",
                "chatvdvoem.ru",
                "glavkniga.ru",
                "kakpishem.ru",
                "russkiypro.ru",
                "rustih.ru",
                "svpressa.ru",
                "video.sibnet.ru",
                "ximepa.ru",
                "yablyk.com"
            ]
        },
        {
            "rule": "moevideo\\.biz\\/native",
            "cookies": 0.0000633,
            "fingerprinting": 0,
            "subdomains": [],
            "apis": {},
            "sites": 9,
            "prevalence": 0.0000633,
            "cnames": [],
            "responseHashes": [
                "3afecd5987d6073d1664b9e9cc6395ecfc62fb87e733a899f15e72b78c8c4d05",
                "689dc586591c41d1819b47ca1b1ba2cd5eaa3016e19e365447df8af6dfea1867",
                "fb2f7f5b22ab268367577b8e7490c1a0a67ac32048761677b468a437d3fc1891",
                "ac5334f0385ac4ffc096dd5fd5c656cde76b75d7c7bb9de26b8458a7c01687c6"
            ],
            "type": "Document",
            "firstPartyCookies": {},
            "firstPartyCookiesSent": {},
            "exampleSites": [
                "7days.ru",
                "chatvdvoem.ru",
                "glavkniga.ru",
                "kakpishem.ru",
                "russkiypro.ru",
                "rustih.ru",
                "svpressa.ru",
                "ximepa.ru",
                "yablyk.com"
            ]
        },
        {
            "rule": "moevideo\\.biz\\/embed\\/player\\/1707\\/skins\\/gray\\/styles\\.css",
            "cookies": 0,
            "fingerprinting": 0,
            "subdomains": [],
            "apis": {},
            "sites": 3,
            "prevalence": 0.0000211,
            "cnames": [],
            "responseHashes": [
                "8981b7634262efb2ccddde3aaf691c544eb2e2a9f95fe7f7976d6574a14999e4"
            ],
            "type": "Stylesheet",
            "firstPartyCookies": {},
            "firstPartyCookiesSent": {},
            "exampleSites": [
                "7days.ru",
                "chatvdvoem.ru",
                "kakpishem.ru"
            ]
        },
        {
            "rule": "moevideo\\.biz\\/embed\\/player\\/1707\\/mvplayer\\.min\\.js",
            "cookies": 0,
            "fingerprinting": 2,
            "subdomains": [],
            "apis": {
                "Navigator.prototype.userAgent": 2,
                "PerformanceTiming.prototype.navigationStart": 2,
                "Navigator.prototype.plugins": 2,
                "Navigator.prototype.appVersion": 2,
                "Screen.prototype.width": 2,
                "Screen.prototype.height": 2,
                "HTMLMediaElement.prototype.canPlayType": 2,
                "Document.cookie getter": 2,
                "window.devicePixelRatio": 2,
                "Navigator.prototype.languages": 1,
                "Navigator.prototype.language": 1
            },
            "sites": 3,
            "prevalence": 0.0000211,
            "cnames": [],
            "responseHashes": [
                "bd204debaaee1468075efbf39237f0e7e60da7ae5c1130a0eace92b59f578585"
            ],
            "type": "Script",
            "firstPartyCookies": {},
            "firstPartyCookiesSent": {},
            "exampleSites": [
                "7days.ru",
                "chatvdvoem.ru",
                "kakpishem.ru"
            ]
        },
        {
            "rule": "moevideo\\.biz\\/api\\/cookie\\/set",
            "cookies": 0.0000211,
            "fingerprinting": 0,
            "subdomains": [],
            "apis": {},
            "sites": 7,
            "prevalence": 0.0000493,
            "cnames": [],
            "responseHashes": [
                "e3b0c44298fc1c149afbf4c8996fb92427ae41e4649b934ca495991b7852b855"
            ],
            "type": "Script",
            "firstPartyCookies": {},
            "firstPartyCookiesSent": {},
            "exampleSites": [
                "7days.ru",
                "chatvdvoem.ru",
                "kakpishem.ru",
                "russkiypro.ru",
                "rustih.ru",
                "svpressa.ru",
                "yablyk.com"
            ]
        },
        {
            "rule": "moevideo\\.biz\\/ssp\\/auction_multi",
            "cookies": 0,
            "fingerprinting": 0,
            "subdomains": [
                "am-0"
            ],
            "apis": {},
            "sites": 3,
            "prevalence": 0.0000211,
            "cnames": [],
            "responseHashes": [],
            "type": "Preflight",
            "firstPartyCookies": {},
            "firstPartyCookiesSent": {},
            "exampleSites": [
                "7days.ru",
                "chatvdvoem.ru",
                "rustih.ru"
            ]
        },
        {
            "rule": "moevideo\\.biz\\/ssp\\/auction_multi",
            "cookies": 0,
            "fingerprinting": 0,
            "subdomains": [
                "am-0"
            ],
            "apis": {},
            "sites": 3,
            "prevalence": 0.0000211,
            "cnames": [],
            "responseHashes": [
                "44136fa355b3678a1146ad16f7e8649e94fb4fc21fe77e8310c060f61caaff8a"
            ],
            "type": "Fetch",
            "firstPartyCookies": {},
            "firstPartyCookiesSent": {},
            "exampleSites": [
                "7days.ru",
                "chatvdvoem.ru",
                "rustih.ru"
            ]
        },
        {
            "rule": "moevideo\\.biz\\/ssp\\/cs",
            "cookies": 0,
            "fingerprinting": 0,
            "subdomains": [
                "cs-0"
            ],
            "apis": {},
            "sites": 3,
            "prevalence": 0.0000211,
            "cnames": [],
            "responseHashes": [
                "09d2553806f49ce4c4dec424388f9df144de7ec05dfdc621a59b6db455a60167"
            ],
            "type": "Image",
            "firstPartyCookies": {},
            "firstPartyCookiesSent": {},
            "exampleSites": [
                "7days.ru",
                "chatvdvoem.ru",
                "rustih.ru"
            ]
        },
        {
            "rule": "moevideo\\.biz\\/embed\\/js\\/mvpt\\.min\\.js",
            "cookies": 0,
            "fingerprinting": 1,
            "subdomains": [],
            "apis": {
                "Navigator.prototype.userAgent": 10,
                "PerformanceTiming.prototype.navigationStart": 9,
                "window.devicePixelRatio": 4
            },
            "sites": 12,
            "prevalence": 0.0000845,
            "cnames": [],