{
    "domain": "mountain.com",
    "owner": {},
    "source": [
        "DuckDuckGo-US"
    ],
    "prevalence": 0.000556,
    "sites": 79,
    "subdomains": [
        "dx",
        "px",
        "gs"
    ],
    "cnames": [],
    "fingerprinting": 1,
    "resources": [
        {
            "rule": "mountain\\.com\\/spx",
            "cookies": 0,
            "fingerprinting": 1,
            "subdomains": [
                "dx"
            ],
            "apis": {
                "Document.cookie getter": 33
            },
            "sites": 43,
            "prevalence": 0.000303,
            "cnames": [],
            "responseHashes": [
                "36188a9224653bc7735a6558bccea96970705d6b93758dc5c9986b276be75d4f",
                "d351c20e02292fc2da1e5477cc7519d7ffc3b9193102b117c1dd88f613a400f7",
                "0976341c4bc4c254b42e91b2311ea027706866734f74eb4bd8100190070bebfd",
                "2e6da9069483b7ef5d75ad94ee568c4f94c11e544839dd97dc75ff84cd9609ba",
                "bd5c2c6036b579a92f66c4c6414abe0b4ca7e274960cba84b6a559a6d2c709ae",
                "c8959163270936e08f364aa43501823f6968bdaacd9646a3439d03bcace009bd",
                "7a74fdc36837194df9ce983bddad5d976aa3c4a3aafb31d8f4fdbe904e0a1d8c",
                "e1313989a9ebf587c2511927bfb13b34b6ae5d0d653909d71b69362d8db8d0f1",
                "9beeab54cc56e9df8dd61212d813746c6f64978393a4d415103a4ee0acae964e",
                "0de2b01a9282a14c2783e10e47ae290f7cf639bfddfa217e31dee3537be7f7fd",
                "203974f2813a0dcdf6b0a6543817a8e21abb8aae7fdfd57ba8f0bdbd405f0380",
                "f3c301341ff9512f39e52468303152740ca5bfd0817ed3754fe9d12676b7c93f",
                "00c264ffab3c5f2fcafad3abb71a485bcec5d3236ed9e9f71da51c61e349aaec",
                "2934808647c413c68465b194ca9797429b2cdcdb83ea885eafd38cb25c84496f",
                "1e26f32d95532a4678ed31e53f9786a443fd282306389397a8cf368041fa64b5",
                "13d73a04efdfedcf61cb72c72929bb8f9916d30df09179a5a39216e36010c87f",
                "52282fe140ce5d1f1dbb2bb96d3bc8f9cd4c45e500b10a2629121ae18aec70cb",
                "03a23429312006455bb58f73af7b5686218333c7cfec724cf378277ac9f623d6",
                "dc9c39855b9950ad537e05d385b5b4e7756590f5f2efea7e7fb75a26b369172f",
                "3b8b4050a7d43c341a8cd85ff4254ccd45ba307dc6005ee12e3c75590430d097",
                "3360f638e725297bd6d14948a0c9a456c2b0a6d43ad8ae0f070ef7c5a1d22076",
                "d317dd10e2a52eb5e1609cc3318a7b69f7e01fac7f4d2cfb91425e9dccb91cb8",
                "1c4ba75549991e9b80836f4c795fca53c81125d3eeac0c253c60da3f18c8f711",
                "56c90e747f9f60a54381113652789a68d0fb92c9e15facc2ef44285a689eba9e",
                "1ae1071efc1af008ec8d47ac6e0fa7ad7fd1e2194ac61dfe2f3c9a792d090dff",
                "0eb7b9b14b8236f262489b442f968ebab9ce45dc20c453451b3cd2bbb301231c",
                "b9fb9e3197796e5844e49096b7404a7b9c77e034e03389975446c3bfcea5cdf7",
                "ebcd8b55e1058f248abd53251d4787f238308ad2d6864f607223fe2a17cd2f28",
                "cad6d44c5e7b604d12138a96be3a7a91769541a9be28fe43223d17b953aa07ce",
                "acff7eb8f95ed6db35b43b3a430adfee0ee97855f3ec722241a030d9da1ea038",
                "f19bf4fbd92428681f04d96aa44cc79885af9fcf439dd50075290f8fe64a0129",
                "9b5b23786b5f523f701b1165ffdd0309201cc1eb4e96072d5a2a4984eab7e920",
                "089bf9d239ce887c55c9e7ae15a3b365599ca705a84c3f3c4650ce2da0ee9549",
                "0e71773c8075447f695601f982e8725e5857719064a43e17f3aaabf0e07c461e"
            ],
            "type": "Script",
            "firstPartyCookies": {},
            "firstPartyCookiesSent": {
                "dy_fs_page": 0.000007038783698176955,
                "gpv_pn": 0.000007038783698176955,
                "IR_gbd": 0.00001407756739635391
            },
            "exampleSites": [
                "www.titlenine.com",
                "www.fortinet.com",
                "www.bradsdeals.com",
                "www.bollandbranch.com",
                "www.birchgold.com",
                "seikousa.com",
                "www.bobswatches.com",
                "anovaculinary.com",
                "www.bamboohr.com",
                "kaiyo.com",
                "www.dickies.com",
                "www.ooma.com",
                "www.stevemadden.com",
                "www.alphapaw.com",
                "www.swagbucks.com",
                "www.orientaltrading.com",
                "www.americasbest.com",
                "www.nu.edu",
                "www.visitarizona.com",
                "casetext.com"
            ]
        },
        {
            "rule": "mountain\\.com\\/st",
            "cookies": 0.000232,
            "fingerprinting": 0,
            "subdomains": [
                "px"
            ],
            "apis": {},
            "sites": 35,
            "prevalence": 0.000246,
            "cnames": [],
            "responseHashes": [
                "e85c0753657326100204a3dc60cae24e86c82c84fadc875c1d6a83414337d111",
                "fba203c89e6d69dd86a7ea19fd13a56bb79f26f5e75e8f1397c297f0ed4e6402",
                "3c5efafc94f65091caba33d0abb41e1fe35f96ecddf57ae89b068ec40b346a72",
                "fe5f645f944f97e654cd5ffb1e2237ae902f4aadd188c3aa756e1ab9347ab059",
                "7960071ceebeac5a614d130187e4c85f1381f3271c10456da86f062064114f51",
                "7ebcef7ee3ed6a6f20e52d3e675c5b565fe19afd6129692eb09badb535273a1c",
                "2a1162c9a675657179ef405ad26e0b9fcfad0bc63e109612b32b515b62ce6daa",
                "e40c0d49b2c6b14b625358fc13cc4bcd25aa3d2a61b0ff4ccb3a0a57bcfee643",
                "873a24ac503d564b8455a301c2e827ad5e91c861f50010a0b2399fbd60c07eb2",
                "c5ca75d69da7187cbf14279a7e7a9751519ee82c8149c86b617ef1083db6420a",
                "815d19997184a4206224c6bc65f665f939b1263ff6e5e6244397725e94792dd1",
                "ba02abe5d24db3a19ce41f8d7038a23219131ba04b1cf616fae3ebeeba0d1da6",
                "d3004dcaa574f45dbcdc589374dae637db037d268335c509338e2bf5e5c511b9",
                "5e05ebfa747d3ec908efd5b981b7dfd4c7a07fa5cebbb39e856b5896146c1bb9",
                "28c21bf6c6b307adfd0dcbeda4a9f62292dfbbe9d424d5d66f20764ff556619f",
                "34967549606d34f8c8ef2f1260784f27fbc21ed919b64652cbdc01addfb6f10f",
                "a33dbf5879786dd428c5f210e0c5e19a0c7822116681588e1e911afe5d808eeb",
                "e6246e180994abc2368c443cdcfcc8511b6b3a9cc0aaade96f9ff6cf7ce28a02",
                "5dc5a8d2b569c9d69ee4a1f43094703a24307f34aec0bcde17a9d7a740ff97ea",
                "5732827414c92e9284282617767734de8ea20300cf65adef77e36550910849a9",
                "1ab7c231bc284b31b4c6c7c51a7761df5a55ae5d2ca382d13582cdf9453d9d68",
                "314b96b2f1e9eaef1f7fc9fdd2857cf6cf16ca4a1da420746c404be65fb387ec"
            ],
            "type": "Script",
            "firstPartyCookies": {},
            "firstPartyCookiesSent": {
                "_ga": 0.00025339621313437037,
                "dy_fs_page": 0.000007038783698176955,
                "gpv_pn": 0.000007038783698176955,
                "IR_gbd": 0.00001407756739635391
            },
            "exampleSites": [
                "casetext.com",
                "www.bamboohr.com",
                "www.copilotsearch.com",
                "www.orukayak.com",
                "www.visitarizona.com",
                "anovaculinary.com",
                "liquiddeath.com",
                "www.dickies.com",
                "kaiyo.com",
                "www.fortinet.com",
                "www.virginia.org",
                "elevationchurch.org",
                "www.annieskitclubs.com",
                "www.celsius.com",
                "www.recteq.com",
                "www.spoonfulofcomfort.com",
                "www.biolifeplasma.com",
                "www.alphapaw.com",
                "www.desertfinancial.com",
                "www.titlenine.com"
            ]
        },
        {
            "rule": "mountain\\.com\\/gs",
            "cookies": 0,
            "fingerprinting": 0,