{
    "domain": "mycdn.co",
    "owner": {},
    "source": [
        "DuckDuckGo-US"
    ],
    "prevalence": 0.000334,
    "sites": 44,
    "subdomains": [
        "p375786",
        "p415879",
        "p251644",
        "p121241",
        "p79516",
        "p2454",
        "p396520",
        "p269185",
        "p8723",
        "p181118",
        "p63327",
        "p175303",
        "p0",
        "p18591",
        "p47840",
        "p232207",
        "p14930",
        "p48056",
        "p359405",
        "p375584",
        "p379704",
        "p25433",
        "p367552"
    ],
    "cnames": [],
    "fingerprinting": 2,
    "resources": [
        {
            "rule": "mycdn\\.co\\/script\\/rhpop_80\\.2-1\\.js",
            "cookies": 0.000038,
            "fingerprinting": 1,
            "subdomains": [
                "p375786",
                "p415879",
                "p251644",
                "p121241",
                "p79516",
                "p2454",
                "p396520",
                "p269185",
                "p8723",
                "p181118",
                "p63327",
                "p175303",
                "p0",
                "p18591",
                "p47840",
                "p232207",
                "p14930",
                "p48056"
            ],
            "apis": {
                "Navigator.prototype.userAgent": 22,
                "Screen.prototype.width": 22,
                "Screen.prototype.height": 22,
                "Date.prototype.getTime": 22,
                "Document.cookie getter": 14,
                "Document.cookie setter": 5
            },
            "sites": 22,
            "prevalence": 0.000167,
            "cnames": [],
            "responseHashes": [
                "93a4512f74d4f46b230b4a335f956c14688561bd60a9c2e307ccb413c4fd6f4d"
            ],
            "type": "Script",
            "firstPartyCookies": {
                "269185_753049_0rhppps": {
                    "ttl": 27,
                    "length": 1,
                    "prevalence": 0.0000075913428326336645,
                    "uniqueness": 1
                },
                "63327_102303_1rhppps": {
                    "ttl": 11,
                    "length": 1,
                    "prevalence": 0.0000075913428326336645,
                    "uniqueness": 1
                },
                "175303_314660_1rhppps": {
                    "ttl": 10,
                    "length": 1,
                    "prevalence": 0.000015182685665267329,
                    "uniqueness": 0.5
                },
                "48056_624526_0rhppps": {
                    "ttl": 10,
                    "length": 1,
                    "prevalence": 0.0000075913428326336645,
                    "uniqueness": 1
                }
            },
            "firstPartyCookiesSent": {},
            "exampleSites": [
                "123moviesfx.com",
                "bangladeshix.blogspot.com",
                "boscinema21.club",
                "dvlottery-2022.com",
                "freegogpcgames.com",
                "get-into-pc-1.blogspot.com",
                "putlocker5movies.site",
                "rapidtrend.com",
                "rarbg.best",
                "rarbg.buzz",
                "www.baixarfilmetorrent.com",
                "www.baixarfilmetorrent.net",
                "www.rgmechanics.com",
                "www.vitalitypedia.com",
                "www70.zippyshare.com",
                "www78.zippyshare.com",
                "yify-magnet.com",
                "yts-magnet.com",
                "yts-torrent.co",
                "ytstorrents4u.com"
            ]
        },
        {
            "rule": "mycdn\\.co\\/banners\\/bounce\\/bounce-tag_80\\.2-1\\.js",
            "cookies": 0,
            "fingerprinting": 1,
            "subdomains": [
                "p375786",
                "p251644",
                "p121241",
                "p79516",
                "p0",
                "p396520",
                "p8723",
                "p181118",
                "p63327",
                "p175303",
                "p18591",
                "p47840",
                "p14930",
                "p48056"
            ],
            "apis": {
                "Navigator.prototype.userAgent": 18,
                "Date.prototype.getTime": 18,
                "Document.cookie getter": 17
            },
            "sites": 18,
            "prevalence": 0.000137,
            "cnames": [],
            "responseHashes": [
                "8782279b1ac7286e4167d1d1a72f05a90df10b4e476a222b9c5123601f5f84da"
            ],
            "type": "Script",
            "firstPartyCookies": {},
            "firstPartyCookiesSent": {},
            "exampleSites": [
                "123moviesfx.com",
                "bangladeshix.blogspot.com",
                "boscinema21.club",
                "dvlottery-2022.com",
                "freegogpcgames.com",
                "get-into-pc-1.blogspot.com",
                "rapidtrend.com",
                "rarbg.best",
                "rarbg.buzz",
                "www.baixarfilmetorrent.com",
                "www.baixarfilmetorrent.net",
                "www.rgmechanics.com",
                "www.vitalitypedia.com",
                "yify-magnet.com",
                "yts-magnet.com",
                "yts-torrent.co",
                "ytstorrents4u.com"
            ]
        },
        {
            "rule": "mycdn\\.co\\/banners\\/script\\/ui_tag_80\\.2-1\\.js",
            "cookies": 0.0000152,
            "fingerprinting": 2,
            "subdomains": [
                "p251644",
                "p121241",
                "p79516",
                "p396520",
                "p8723",
                "p47840",
                "p232207"
            ],
            "apis": {
                "Navigator.prototype.userAgent": 9,
                "Screen.prototype.width": 9,
                "Screen.prototype.height": 9,
                "Date.prototype.getTime": 9,
                "Navigator.prototype.cookieEnabled": 9,
                "Date.prototype.getTimezoneOffset": 9,
                "Navigator.prototype.hardwareConcurrency": 9,
                "Document.cookie getter": 7,
                "Element.prototype.getClientRects": 2,
                "Document.cookie setter": 2
            },
            "sites": 9,
            "prevalence": 0.0000683,
            "cnames": [],
            "responseHashes": [
                "8a1e59ae28b7169b8dd533eab297b904d2417a1cba84e57be30d71e7bd717feb",
                "558e84613a9300975a65fdbcd98f74351dc49e2084db9ac385b027a5adfbcb1f"
            ],
            "type": "Script",
            "firstPartyCookies": {
                "ZIPPY_COMPrhppps": {
                    "ttl": 14,
                    "length": 1,
                    "prevalence": 0.000015182685665267329,
                    "uniqueness": 0.5
                }
            },
            "firstPartyCookiesSent": {},
            "exampleSites": [
                "bangladeshix.blogspot.com",
                "boscinema21.club",
                "dvlottery-2022.com",
                "get-into-pc-1.blogspot.com",
                "rapidtrend.com",
                "www.vitalitypedia.com",
                "www70.zippyshare.com",
                "www78.zippyshare.com"
            ]
        },
        {
            "rule": "mycdn\\.co\\/uicomp\\/styles\\/dist\\/80\\.2-1\\/it-ui-comp-17\\.css",
            "cookies": 0,
            "fingerprinting": 0,
            "subdomains": [
                "p251644",
                "p47840",
                "p232207"
            ],
            "apis": {},
            "sites": 5,
            "prevalence": 0.000038,
            "cnames": [],
            "responseHashes": [
                "2e43a4dba40cfdbd5a628c6b10c4f53fff5c8b04e1b838eddb1d710dc165c002"
            ],
            "type": "Stylesheet",
            "firstPartyCookies": {},
            "firstPartyCookiesSent": {},