{
    "domain": "noibu.com",
    "owner": {},
    "source": [
        "DuckDuckGo-US"
    ],
    "prevalence": 0.00116,
    "sites": 165,
    "subdomains": [
        "cdn",
        "input",
        "input.b",
        "sales"
    ],
    "cnames": [],
    "fingerprinting": 2,
    "resources": [
        {
            "rule": "noibu\\.com\\/collect\\.js",
            "cookies": 0,
            "fingerprinting": 1,
            "subdomains": [
                "cdn"
            ],
            "apis": {
                "Navigator.prototype.doNotTrack": 63,
                "Navigator.prototype.userAgent": 62,
                "window.localStorage": 68,
                "Navigator.prototype.cookieEnabled": 68,
                "Navigator.prototype.language": 65,
                "Date.prototype.getTime": 60
            },
            "sites": 91,
            "prevalence": 0.000641,
            "cnames": [],
            "responseHashes": [
                "25ab5692c1abdc40288686a6eb9acbcc2572d235aa05cae8980a63ad5edb66d9",
                "f34cfb4a176ce60d16c7a15b476c5bfe16cc447d060ab8fa2ed2f4ce115ee8c9",
                "4d12fce5a64e5855ce1fc4368522483099c8a1f18f90d90fcfdef1041f378cd9",
                "240c48b968e4856d293ee994796a2b990eaf0e26c2a731a480a711617a5a38e1",
                "b18024b26977302e657a05bb17e590746cf06daca9fde973a6dc60c3009344c1",
                "9ec5f7766f17ca032cc465e2c36161463fbb256f6687dea06482b84fd37cc61d",
                "12a15fe8f2ce1ee6b450812706d70c37a835493f71b029f55c08fad86292dc73",
                "a31604ec1ec6116c72f7439d566b70f5323fb95795fb9a969b7a8a8b69309361",
                "488be4c5f32c1354f91c05a132ecff656fc48cad7b74bb3e74f68c700958d078",
                "43fe77bfc4fe582865f43f385eee80d6fac36bd7138f31ddb76c2446c4e038e9",
                "3b0b8c1c73194f7e0c8b7c3b7a312dfc3a5c220e49e01ac348e9b117bd881d75",
                "1ecf429b2e760263a8a73be2f1fd38fbed42deae4884f4066250921e7260ff21",
                "cfcc5941319f05b144ec7b1c2e62dfc710bb3bee30a2f260efb245da4490963c",
                "69a53f78b1f8d355da2b1d1ec45e60fdab6037d7753aad552787592e3dc13b50",
                "531c85543231ac3940698086459e73c5fc64a0c35ca9e54ebde56d0ea5e43ece",
                "0b2df0f158a087cf29af5b34b41b16af667acaa80fcc68209c632e857b3ce42a",
                "f75b1aa7bdbaaa3a9118b2357836cea66c8d3dd999bfccca28b163851040c5b2",
                "ac112f6467aff5c3dcfc99c653e7a2686e261caadf3e8e411b8caaa9d2491095",
                "f4492d70e5cb8f43a3c5d1aa9b88fae4bc2df9fb6fad166ef803b4df502e0ecd",
                "c9a244111aed4679a4138050509f0bfd055ed26fa1cc63f48951ae0b46cc95a9",
                "928dfcde32a93308e80c886c2aa711edf957020b497281db30e56d442417f677",
                "edafaac7b8133aa1d4b06c8fb0d41f317adbef6b6923c5120bf6cce25fcec9d7",
                "a54e2a4d0293700ab605ecd5d4479ac88b748f665e18061789e62f3e49925414",
                "567ed7ab362c3303c3164dfe057c455d4706776e36c0b506bbd7c86309acb36b",
                "82273d07dbfbd367a5b6dc371f9da50b1d99b6665b7b29e8baaced8037118887",
                "31cc456404d885eaa48d239e3c2f906637c0b8525bf38f0c1e92d0b3fbbadba3",
                "a67f3b8c413a13bffd9ef676c09ee54069d7fbd1a32e29c8f52fffb36f08de0c",
                "a4fc32c7059e888a486f2781ea59bb30048a860e5be69f709fdee3524ddf0671",
                "2dc8e2f16f28779bc103eb1a0b361dff964cc8621de0a176b9cbfea8a312f5cf",
                "5461ff54a7fd49a88dacf1cc213bdd210d7ee5491dbe9c617874bdc1d99a5de2"
            ],
            "type": "Script",
            "firstPartyCookies": {},
            "firstPartyCookiesSent": {},
            "exampleSites": [
                "www.monsterscooterparts.com",
                "vintageking.com",
                "www.lasenza.com",
                "www.flexispot.com",
                "www.guess.com",
                "www.davidstea.com",
                "www.cisalfasport.it",
                "www.horizonhobby.com",
                "www.therabody.com",
                "shopkarls.com",
                "www.annsummers.co.uk",
                "www.diamondback.com",
                "www.wengers.com",
                "www.tileshop.com",
                "www.xenos.nl",
                "www.dlttrading.com",
                "www.bellhelmets.com",
                "www.brambleberry.com",
                "www.masterbooks.com",
                "www.vitamart.ca"
            ]
        },
        {
            "rule": "noibu\\.com\\/pv_part",
            "cookies": 0,
            "fingerprinting": 0,
            "subdomains": [
                "input",
                "input.b"
            ],
            "apis": {},
            "sites": 88,
            "prevalence": 0.000619,
            "cnames": [],
            "responseHashes": [],
            "type": "WebSocket",
            "firstPartyCookies": {},
            "firstPartyCookiesSent": {},
            "exampleSites": [
                "www.towerhobbies.com",
                "www.teleflora.com",
                "shopkarls.com",
                "www.cpooutlets.com",
                "www.ribblecycles.co.uk",
                "www.sportrx.com",
                "www.sigmaphoto.com",
                "www.diamondback.com",
                "herschel.com",
                "www.mathisbrothers.com",
                "www.scrubsandbeyond.com",
                "www.masterbooks.com",
                "www.stickeryou.com",
                "www.dlttrading.com",
                "www.sleepassociation.org",
                "www.lorextechnology.com",
                "www.simmsfishing.com",
                "www.appliancesconnection.com",
                "help.brother-usa.com",
                "www.highcountrygardens.com"
            ]
        },
        {
            "rule": "noibu\\.com\\/collect_error",
            "cookies": 0,
            "fingerprinting": 0,
            "subdomains": [
                "input"
            ],
            "apis": {},
            "sites": 10,
            "prevalence": 0.0000704,
            "cnames": [],
            "responseHashes": [
                "e3b0c44298fc1c149afbf4c8996fb92427ae41e4649b934ca495991b7852b855"
            ],
            "type": "XHR",
            "firstPartyCookies": {},
            "firstPartyCookiesSent": {},
            "exampleSites": [
                "brother-usa.com",
                "help.brother-usa.com",
                "www.arlo.com",
                "www.bellhelmets.com",
                "www.diversdirect.com",
                "www.lasenza.com",
                "www.monsterscooterparts.com",
                "www.poolsuppliessuperstore.com",
                "www.saferbrand.com",
                "www.wengers.com"
            ]
        },
        {
            "rule": "noibu\\.com\\/collect_error",
            "cookies": 0,
            "fingerprinting": 0,
            "subdomains": [
                "input"
            ],
            "apis": {},
            "sites": 10,
            "prevalence": 0.0000704,
            "cnames": [],
            "responseHashes": [],
            "type": "Preflight",
            "firstPartyCookies": {},
            "firstPartyCookiesSent": {},
            "exampleSites": [
                "brother-usa.com",
                "help.brother-usa.com",
                "www.arlo.com",
                "www.bellhelmets.com",
                "www.diversdirect.com",
                "www.lasenza.com",
                "www.monsterscooterparts.com",
                "www.poolsuppliessuperstore.com",
                "www.saferbrand.com",
                "www.wengers.com"
            ]
        },
        {
            "rule": "noibu\\.com\\/t\\/101984\\/c\\/5864d0c0-a22a-48be-b29b-3cdd0eaef86e\\/NB2HI4DTHIXS6Y3ENYXG433JMJ2S4Y3PNUXWG33MNRSWG5BONJZQ====\\/cdn-noibu-com-collect-js",
            "cookies": 0,
            "fingerprinting": 1,
            "subdomains": [
                "sales"
            ],
            "apis": {
                "Navigator.prototype.doNotTrack": 2,
                "Navigator.prototype.userAgent": 2,