{
    "domain": "noibu.com",
    "owner": {},
    "source": [
        "DuckDuckGo-US"
    ],
    "prevalence": 0.00125,
    "sites": 180,
    "subdomains": [
        "cdn",
        "input",
        "input.b",
        "sales"
    ],
    "cnames": [],
    "fingerprinting": 2,
    "resources": [
        {
            "rule": "noibu\\.com\\/collect\\.js",
            "cookies": 0,
            "fingerprinting": 2,
            "subdomains": [
                "cdn"
            ],
            "apis": {
                "Navigator.prototype.doNotTrack": 88,
                "Navigator.prototype.userAgent": 88,
                "window.localStorage": 93,
                "Navigator.prototype.cookieEnabled": 93,
                "Navigator.prototype.language": 93,
                "Date.prototype.getTime": 93,
                "Event.prototype.timeStamp": 1
            },
            "sites": 95,
            "prevalence": 0.00066,
            "cnames": [],
            "responseHashes": [
                "3c9af25b000ae3a5d798cef6dc9caf33d497a98598a0405f67416c9c916f52dd",
                "ffdd505fe1b9afd84874b793dffb9c0a6e4d1bcabfbae52b08728269477d3461",
                "102df43a7b749c97c022a84674cf9cbee17d1a4400198f4a7e1fb337e4541362",
                "892fa14ec4bcb419213416fd7a158b8547589dca14e1a715d8317274e664e4fe",
                "fed166d676a2947e0833e34f1ccaa662f3a07f2034e5e889a15e7ef56ca7735d",
                "5cab34fc7bee96c6fd3d2564cd654a83fe67418af09dc5ffca056d888599b875",
                "bd4f0827cd91fee713d3884aabcb714570c89d3565a71f50624ea5cc5f8e54bf",
                "51ce9fa571e721db37d446a4bf1915793091e709f0dc775be409e1e5fb2bcb05",
                "f9748870c80c888d977016ce4a29b80cf78d55413616bd9788adce19c4036b7a",
                "d65025a9a85990a842d079a8e9a350c2775819e2b3f8928f60938212f4383b7c",
                "af44a7e5be32ae65dbd362f7837e9dd8fe922a0ec887a8f3dbc6a37ee7127d5e",
                "a691711bfaa8273df26c5acd2dbe2b0a63e2561bac0706a04fc24f7e28cfe38a",
                "8e7645d29f2d535d377b35473f4c3fb82890c46a2066b71a89ca604928e3eef3",
                "6647b5979259acbbd95115ba43698ac1c8a797e76b053482c8ad7fbb0e15fc72",
                "68cf3afd1fdc5a74a128e1a7c14e4106b56abf6d61fa80d905483816bb64f48d",
                "b6cd0f8d70b522081ce3bb4a2ab0635aa8967f26df40164a1d0c661a68f7c749",
                "f5c5079a6039705f24786c5b2a32fc540d8a153847eaceef55582966dd015002",
                "dfb1de0d2081c2db1c7ebce5721a519ea2b32d6d3a3c9355561d5c1e0776483b",
                "6696007dfe6461bf05f5f3c1f5443fa7eb90d62b60573157ab21ec443e95cd2f",
                "f38c2020534b27cf8e68d5722788f7cd9865e03357e3beb136a1370d3bfd1879",
                "0c99a69227d0e4c9b7943cf5eb679506a0e1edcae44e8a43d4bcee83147424e5",
                "e3d8b725f2acb5e6381615b46153bf8df7429e0a65bb1869347e3aa08df5ea01",
                "6c39f5711f69b609148d1b87fdc53bffd3c8ef9c891a0ae0aca03992bc4b7bde",
                "e200b75e06be957098fe3e7e6482de74088a895c9e3f70bf54514383505c4bff",
                "a3612ab34b88248047e58b3db5586e7dfa2c0221564f1d40e8d02c19c66cec52",
                "959b378bdc94e20b28f4c82de9df928e2924405ae207ff746aa72d55dcf4e5d1",
                "2a565e2576470413c2017ac11ac5d74bf0f5945863579efd0fa60b0afe4874ab",
                "60f7e9714b2160f17ca3429fb7feb9927dcf15e2599a05f8981e5fdb95918240",
                "e20d1856ab274c0f44b2a31b3a57743342206a2988a0dcef53b0698ff1cd81e0",
                "b68a3491791f0290041a0b748c0d0f6f4ac938592671b16220e9eb4f7ce41054",
                "38b294aee43c31e8c64d09faac9412053d65707d4c5c2731f11d678fa93cf19d"
            ],
            "type": "Script",
            "firstPartyCookies": {},
            "firstPartyCookiesSent": {},
            "exampleSites": [
                "www.outdoorresearch.com",
                "www.monsterscooterparts.com",
                "www.toolstop.co.uk",
                "www.highcountrygardens.com",
                "herschel.com",
                "www.plowhearth.com",
                "www.roots.com",
                "www.smkw.com",
                "www.brother-usa.com",
                "www.libertylondon.com",
                "www.camerahouse.com.au",
                "www.poolsuppliessuperstore.com",
                "www.bondara.co.uk",
                "www.jackrabbit.com",
                "www.eastwood.com",
                "www.lasenza.com",
                "www.princessauto.com",
                "mypillow.com",
                "www.americanmeadows.com",
                "www.guess.com"
            ]
        },
        {
            "rule": "noibu\\.com\\/pv_part",
            "cookies": 0,
            "fingerprinting": 0,
            "subdomains": [
                "input",
                "input.b"
            ],
            "apis": {},
            "sites": 96,
            "prevalence": 0.000667,
            "cnames": [],
            "responseHashes": [],
            "type": "WebSocket",
            "firstPartyCookies": {},
            "firstPartyCookiesSent": {},
            "exampleSites": [
                "www.tileshop.com",
                "shopkarls.com",
                "www.doheny.com",
                "www.lorextechnology.com",
                "www.americanmeadows.com",
                "www.sleepassociation.org",
                "www.wengers.com",
                "verabradley.com",
                "www.galleryfurniture.com",
                "north40.com",
                "www.toolstop.co.uk",
                "www.brother.com",
                "www.fonq.nl",
                "www.princessauto.com",
                "www.mypillow.com",
                "www.brother-usa.com",
                "tommyjohn.com",
                "www.vermontcountrystore.com",
                "www.goedekers.com",
                "www.wowcher.co.uk"
            ]
        },
        {
            "rule": "noibu\\.com\\/collect_error",
            "cookies": 0,
            "fingerprinting": 0,
            "subdomains": [
                "input"
            ],
            "apis": {},
            "sites": 14,
            "prevalence": 0.0000972,
            "cnames": [],
            "responseHashes": [],
            "type": "Preflight",
            "firstPartyCookies": {},
            "firstPartyCookiesSent": {},
            "exampleSites": [
                "brother-usa.com",
                "help.brother-usa.com",
                "herschel.com",
                "www.bellhelmets.com",
                "www.cervera.se",
                "www.diversdirect.com",
                "www.lasenza.com",
                "www.lorextechnology.com",
                "www.monsterscooterparts.com",
                "www.perkypet.com",
                "www.poolsuppliessuperstore.com",
                "www.saferbrand.com",
                "www.therabody.com",
                "www.wengers.com"
            ]
        },
        {
            "rule": "noibu\\.com\\/collect_error",
            "cookies": 0,
            "fingerprinting": 0,
            "subdomains": [
                "input"
            ],
            "apis": {},
            "sites": 14,
            "prevalence": 0.0000972,
            "cnames": [],
            "responseHashes": [
                "e3b0c44298fc1c149afbf4c8996fb92427ae41e4649b934ca495991b7852b855"
            ],
            "type": "XHR",
            "firstPartyCookies": {},
            "firstPartyCookiesSent": {},