{
    "domain": "noisysortcasualty.com",
    "owner": {},
    "source": [
        "DuckDuckGo-US"
    ],
    "prevalence": 0.0000625,
    "sites": 9,
    "subdomains": [],
    "cnames": [],
    "fingerprinting": 1,
    "resources": [
        {
            "rule": "noisysortcasualty\\.com\\/82\\/43\\/e4\\/8243e44dc8ddb2938bb8c1d3a6930ba5\\.js",
            "cookies": 0.0000347,
            "fingerprinting": 1,
            "subdomains": [],
            "apis": {
                "Document.cookie getter": 5,
                "Document.cookie setter": 5,
                "window.localStorage": 6
            },
            "sites": 6,
            "prevalence": 0.0000416,
            "cnames": [],
            "responseHashes": [
                "b3110955088fcfbea80e500b3fb03b261efce96e505a4c1aa4dac6dea5e8a367",
                "930bba9594b6870b1908da3d3fdb592725024b600bdfa0e9bda82da52ad1536e",
                "e089e7cdb229891679e7ad43f45c3bb3287307beba186288ae5affb6d3fd6526",
                "df7de457475b48464632dd2de72f1a8df595312801f9b24c1d1b78561caa5ee6"
            ],
            "type": "Script",
            "firstPartyCookies": {
                "dom3ic8zudi28v8lr6fgphwffqoz0j6c": {
                    "ttl": 604804,
                    "length": 44,
                    "prevalence": 0.00003470776065528252,
                    "uniqueness": 1
                },
                "sb_count_8243e44dc8ddb2938bb8c1d3a6930ba5": {
                    "ttl": 65,
                    "length": 1,
                    "prevalence": 0.00003470776065528252,
                    "uniqueness": 0.2
                },
                "sb_main_8243e44dc8ddb2938bb8c1d3a6930ba5": {
                    "ttl": 65,
                    "length": 1,
                    "prevalence": 0.00003470776065528252,
                    "uniqueness": 0.2
                },
                "sb_idelay_8243e44dc8ddb2938bb8c1d3a6930ba5": {
                    "ttl": 4,
                    "length": 1,
                    "prevalence": 0.00003470776065528252,
                    "uniqueness": 0.2
                },
                "pbpr0tpuw4isk85t8yg3jb2lj5vqf": {
                    "ttl": 15,
                    "length": 25,
                    "prevalence": 0.00003470776065528252,
                    "uniqueness": 1
                }
            },
            "firstPartyCookiesSent": {},
            "exampleSites": [
                "adultdvdparadise.com",
                "bananamovies.net",
                "filmeserialegratis.org",
                "xtapes.me",
                "xxxparodyhd.net",
                "xxxstream.me"
            ]
        },
        {
            "rule": "noisysortcasualty\\.com\\/4b\\/e3\\/16\\/4be316e84aefdbba9207074a47b1f46d\\.js",
            "cookies": 0.0000208,
            "fingerprinting": 1,
            "subdomains": [],
            "apis": {
                "Document.cookie getter": 3,
                "Document.cookie setter": 3,
                "window.localStorage": 3
            },
            "sites": 3,
            "prevalence": 0.0000208,
            "cnames": [],
            "responseHashes": [
                "cf5bf3bc936e5fb90487750e3e69dad064374f8d22d7abdc3d5bdf2b02cdbded",
                "22a9fa5ed011bcb0e7388ddc5a3253051c2c1d15ec808071c5b2f4d0ecefdf52"
            ],
            "type": "Script",
            "firstPartyCookies": {
                "dom3ic8zudi28v8lr6fgphwffqoz0j6c": {
                    "ttl": 604807,
                    "length": 44,
                    "prevalence": 0.000020824656393169513,
                    "uniqueness": 1
                },
                "sb_count_4be316e84aefdbba9207074a47b1f46d": {
                    "ttl": 727,
                    "length": 1,
                    "prevalence": 0.000020824656393169513,
                    "uniqueness": 0.3333333333333333
                },
                "sb_main_4be316e84aefdbba9207074a47b1f46d": {
                    "ttl": 727,
                    "length": 1,
                    "prevalence": 0.000020824656393169513,
                    "uniqueness": 0.3333333333333333
                },
                "sb_idelay_4be316e84aefdbba9207074a47b1f46d": {
                    "ttl": 6,
                    "length": 1,
                    "prevalence": 0.000020824656393169513,
                    "uniqueness": 0.3333333333333333
                },
                "pbpr0tpuw4isk85t8yg3jb2lj5vqf": {
                    "ttl": 17,
                    "length": 24,
                    "prevalence": 0.000020824656393169513,
                    "uniqueness": 1
                }
            },
            "firstPartyCookiesSent": {},
            "exampleSites": [
                "xtapes.to",
                "watchporninpublic.com",
                "xxxfree.watch"
            ]
        }
    ],
    "categories": [],
    "performance": {},
    "cookies": 0.0000555,
    "types": {
        "Script": 9
    },
    "nameservers": [
        "ns2.cloud-dns-tech.com",
        "ns1.cloud-dns-tech.com"
    ]
}