{
    "domain": "o2u.jp",
    "owner": {},
    "source": [
        "DuckDuckGo-US"
    ],
    "prevalence": 0.000476,
    "sites": 69,
    "subdomains": [
        "a",
        "cdn",
        "development-a"
    ],
    "cnames": [],
    "fingerprinting": 2,
    "resources": [
        {
            "rule": "o2u\\.jp\\/",
            "cookies": 0.000338,
            "fingerprinting": 1,
            "subdomains": [
                "a"
            ],
            "apis": {
                "Date.prototype.getTime": 46,
                "Document.cookie setter": 45,
                "Document.cookie getter": 45,
                "Navigator.prototype.userAgent": 46,
                "Navigator.prototype.appVersion": 46
            },
            "sites": 49,
            "prevalence": 0.000338,
            "cnames": [],
            "responseHashes": [
                "63dfc10e9d136c2e8bd0ba6784c5bf5c32b256361865d559b0a91487a28afbf7",
                "7f3c0c5f667aa01e4b23e18ef9934e114d6aae2656c73a03ef76548c25b79f37",
                "5883aaa1b82a214af6fe4890a1cb6e961e09cce885ff704ea2e10915a190b0da",
                "3a62c3d67ec1c2691f52d7ecf83d9beaf7387935f94d71ca4346478c2ee20476",
                "a464c026340593e7b5b6255fb779d717db67345e65e9ba447c54ff46de8cbf24",
                "52ed8406d79b99153d5718b966d7474d093de888c1fde69859857361b2afd1f4",
                "f14df0c18804e11c8d7ad11f60927804fc0351ad22f12308329907fa46de30cd",
                "3be4d096674a3446135b726f01a262484cfae93bb2ad63d73f61d9d90f900896",
                "782c7d793ab36feba02ab232c772ebeb27725d5d3820ef27f7c917cf3619db3e",
                "2aa6ef7f70afe1d0e74875a8a126bc30aed9160173aa62f00e33bf48c4c63bf5",
                "e93b25dc14df96848246612cc6e468b9e1c25084cd0e2df562c73082bddc8df1",
                "89fc4932192428db1a98c10d899d3d35648c11c873948063173aad183651bd22",
                "bfb4116e5c64459c40356d979f51d83a220b64a939add0fcaf25ebb652e3541a",
                "e8fe8419a332ffb6f5f3fbadf8860af9940312447540beb54655d8cc2eacb009",
                "0dcad9030c830bbdf2743599c7708fd86e3fc1d7d014f1023271e9f6cca09889",
                "a84f6171e42f2b85b6829c4f2eff95687c707fe24af7f02e7a8bcd92ca516906",
                "540f94d2aaa40b0b94724d0827146270343216bf879a2b0351bc47c7b1464032",
                "8f7ff67e993ace1f6bdc5bfd116aca3014f614706dda7e68c6b5e6fbe8bf4847",
                "86edad720ce99dbeb8932c29a01bb745d7fe38bba7c4c717d0fe03855de0175b",
                "ebd104b6fac4a73d09a027ea79f08de5ce9fe55d1e5566eb658e5d5600ad75af",
                "4b4b5026c8a1839fde3784f6aaab760652f149432e2ed1dd166fa3f50ac9b45e",
                "a6cadabf5194b5731c58e5a9ce71fec09a94d6ae2734f2f73aa7b8712512a3cb",
                "272a05b51ef5688b2d12ca922cd2476d72bbacdb478ef8b0ecff85f622493a83",
                "136cbdaf43aa0b8ca64cac2266ace9045f9f3ac111151e74364c558b9206bb60",
                "b7cdfec8e6f4562d78e99e9b395d489a59af50812b6227f75d4a8d65ec4d2d0b",
                "ca076c0709343b085d6bf77221fa5e1ee96244c49c1619dcd06009082b95ceb5",
                "17f79b17c8c4419007f4b68faf80bef7dd623a522d00e4486adb26e9f1e67465",
                "c63846a96432efd4f836d5b37217f5a2898dcb816ac9da35d40ec40b220cbe65",
                "5f43cf4d39642d3c43e7ca5e9db5e740163c57c30cf6096661c9ae149e6b3e8c",
                "60a32ecc03db9065fe221f9e4ec80945ecad58a3647e514b11607131ed1cd2bd",
                "142b9efcd2e95a0a1063e8a2589bb0d54f061844e556ea0bc0b013781042ff74",
                "4c33063a2662740534bf348943e7d337c29b91f68e8e5703e712a7ec901784a6",
                "53e847efd0a0eef36c8fd5a938ff66c98606dfad9e9b7162a12226504882d366",
                "0d3b1cd3839ccda5f531d70e7c44dc8820ed25efef2cb6a9288c5141bd1ab37e",
                "3dc4429504f80a6b04a8e773b13140146b82ce9b08ef136d2b8e1a8de81267ef",
                "bdb28451d991fbb1b746156e34a2ddb1e0ef8a24e107993b6bca0c2e7a36b545",
                "88243aebe0543217c4d5da572a26215032b820cab8fe214354e8882671736d46",
                "df92588b045949ab4d92a20bfabbd66176d493e2c33698e8f7382f4531ada07d",
                "28debd191db2d0eb6a223d932ef2cb68117a1a1ff74a517fb37c4cc8d3108ae3",
                "4c6db483b253fbdf4581d2576e95176a599d275773e4b475c9d307003bc85936",
                "aee8b9a86ce60068a632dce801aadb1b4d035dd0c84e344d4a68a1abd3089bbb",
                "c85800fd0db2219c08195b701ea609343fd2aca76fbaccbcf926015f715fb2e2",
                "acaee1e6506aec10c769a676200e97ed401638c7c863b97b9ba75638b313daeb",
                "e64d2459428a4039290e1f286284f8b57ab87fe0f57c8d024375cc1a60462421",
                "4fde86051a6065dfc104619d80a4ffea56e74f123627f9d55f49a3d1eb0d3589",
                "76af5676ea3e5dde08f7c31199518f3ca72c3e0c35009456041e0bcdb14e960e"
            ],
            "type": "Script",
            "firstPartyCookies": {
                "_____write_test_": {
                    "ttl": 4,
                    "length": 7,
                    "prevalence": 0.0002208663482510146,
                    "uniqueness": 0.03125
                }
            },
            "firstPartyCookiesSent": {
                "_rld_u": 0.00007592280721128627
            },
            "exampleSites": [
                "hitosara.com",
                "paypay.ne.jp",
                "erecipe.woman.excite.co.jp",
                "laurier.excite.co.jp",
                "www.automesseweb.jp",
                "www.yukoyuko.net",
                "www.asagei.com",
                "japan.cnet.com",
                "tenki.jp",
                "www.goo.ne.jp",
                "delishkitchen.tv",
                "sup.andyou.jp",
                "teratail.com",
                "www.bookoff.co.jp",
                "www.ehonnavi.net",
                "www.huffingtonpost.jp",
                "mamastar.jp",
                "www.e-earphone.jp",
                "mrs.living.jp",
                "www.cmoa.jp"
            ]
        },
        {
            "rule": "o2u\\.jp\\/scripts\\/o2u-treasure\\/2\\.4\\.2\\/o2utreasure\\.min\\.js",
            "cookies": 0.000304,
            "fingerprinting": 1,
            "subdomains": [
                "cdn"
            ],
            "apis": {
                "window.localStorage": 46,
                "Navigator.prototype.userAgent": 45,
                "Document.cookie getter": 44,
                "Date.prototype.getTime": 22,
                "Document.cookie setter": 44
            },
            "sites": 47,
            "prevalence": 0.000324,
            "cnames": [],
            "responseHashes": [
                "44fdebbf587221dd8fe672472a1e992ec5ec816e4a4e15a8d0af481ec8e3a02c"
            ],
            "type": "Script",
            "firstPartyCookies": {
                "_td": {
                    "ttl": 63072008,
                    "length": 36,
                    "prevalence": 0.0002208663482510146,
                    "uniqueness": 1
                },
                "_td_global": {
                    "ttl": 6000,
                    "length": 36,
                    "prevalence": 0.00008282488059413047,
                    "uniqueness": 1
                }
            },
            "firstPartyCookiesSent": {},
            "exampleSites": [
                "oceans.tokyo.jp",
                "mi-mollet.com",
                "mrs.living.jp",
                "www.yukoyuko.net",
                "dot.asahi.com",
                "www.asagei.com",
                "www.osohshiki.jp",
                "www.lifehacker.jp",
                "fieasia.net",
                "tenki.jp",
                "youpouch.com",
                "trilltrill.jp",
                "www.businessinsider.jp",
                "www.bookoff.co.jp",
                "delishkitchen.tv",
                "sup.andyou.jp",
                "www.autoby.jp",
                "natalie.mu",
                "laurier.excite.co.jp",
                "www.nikkansports.com"
            ]
        },
        {
            "rule": "o2u\\.jp\\/nba\\/",
            "cookies": 0,