{
    "domain": "onclickgenius.com",
    "owner": {},
    "source": [
        "DuckDuckGo-US"
    ],
    "prevalence": 0.000486,
    "sites": 70,
    "subdomains": [],
    "cnames": [],
    "fingerprinting": 0,
    "resources": [
        {
            "rule": "onclickgenius\\.com\\/script\\/suurl\\.php",
            "cookies": 0,
            "fingerprinting": 0,
            "subdomains": [],
            "apis": {},
            "sites": 44,
            "prevalence": 0.000305,
            "cnames": [],
            "responseHashes": [
                "4db3d759ff3b0159030c1f3a7459fa7729ca7e60d7cc4d2214b9032e43ddee05",
                "02dccaba3f06227f30d4a2636ce63be2e0e75cce46b80703d6a2fff7cd29aae5",
                "27796be5cfed6390c24661be783baec6f1e8e509ab9006920892eb868c1d744c",
                "866163f2ea4628b90937ffef81c46cafe464b454e67a33da2d0851597b6c8e64",
                "833cbbe66cc91d3c9c74fed1311e46523d8fbe8bc0d162f67600a7aeaaa70067",
                "8ea59b6cdf93f718f162051033bb398e0dea09b4666731f35a6c9c337e14e101",
                "d4c704c7f6f8336c1925b59e2f5824ca974a6b6f16cb127beb64c3a24cd7443b",
                "96ba21ba9a0abbf38a4c6a78d31ff2f67a326a8e78f91b01e817401e853cd2e1",
                "297650113f321aa36c4553fa7defe983a682c875b481419ee7b41bfc67119e73",
                "0d956f93ed96b5e0755127907334de2461f64a4d3c644d0d7d400db10976ab64",
                "5fd7aa26f079a04146a8d13ab07623f9ab9ed6412e2cbc1fa6447ca7685c692a",
                "8cd5c4e7a1caa92838ad72b8a0489a522d941a263c952dece3c702cb2d666957",
                "18eb9140964753b9ee438948b7a6279cf6d4562d1579a2f1dd5a89db4a30c8b5",
                "f216fdaf69f86792ad08cff19439ae0fb1fb6bf2b6316bcc0eac169d251d6f13",
                "6a1d6f4096b4128b7cea8ef213f8af3e0a39c882044f0c9f9a1c08a3ff1229e2",
                "9a2c3b728f24786238dc87b03094e787391a9ccc49866407f2c1489a8fbbc373",
                "220d6658f5e52d7573adcaf3afe09303034b8170568183c701421f49793bc9e7",
                "ce17eb6d840adfc65e0f885d5cf4f257b2a83d13f60d1839cd4b379d0addf28f",
                "6f357be2d22e5eef6b43e2b48a55fa2aa65595b45d3dac54fbb974c3e3977a33",
                "7ef31f5f497eb58ac0291d6496e0124bcc1e62dfc8f3602d6de45544f089c5ba",
                "fcbe3a21ff4df1a702e0706317fff08c54d3459a49056645a3140ef381fcce52",
                "e50b2492439e45df1cb648ab1aa0f987f2faeb06b3868e49c6a95b7ca7b6ff58",
                "df78624034aa87be763a69c66f2b6ebeef4b2b806cf8138439b42b6dd9331f48",
                "90db45e2eb201b05207a5886d8d93cadd9df6e1c7651364d5495cb2cfb9a650f",
                "6d61dc927a6b55fa2783c012f05f11ca6d4cc9d7788c9a85f18bb269250e1996",
                "1898c150b142e9c18b3073c6d7a6ba9c7b2b66aa283a3003a9463110af080618",
                "6a3fd83457b6747aeb60f1853d6cfeb11926626426d3d99c5a3a613cfd559faf",
                "fcea0e62de445ddbe5ceb280a8478296cc1f1cfd8301a8e133963367c07e36ce",
                "a049f50f95fb2c415afe034b41e537dd7c2943e9b0073be5f52c5647878fdf38",
                "6d81a6863833d371e634d2a0434f3ed9030c0aa7e04214a7c5e2b0ed2196ce7b",
                "79d74a56e95690fe01bef36748d00c14569fe8dd5635b4eb101a0bfb54bc2e70",
                "f9662c6582fa72ed17a9452fca36315cfa78b3b587ebe8d3e7e522306a048635",
                "5f64738d2821e56dee10fc684e386ec7114776289c6a88fc1d858d4e66cea48b",
                "785d624a2f349c2a74ae232720d903f4ba7ef58aaaf305dcf959649dab4cc0cf",
                "d584a2fee074a78559134132f6043ef25bbbaba48ac832ae2a1e2ad3576058c1",
                "539e200560b348589f4cc14ff112e1e40d165cfcb7ba292d8192de06016a6c35",
                "b990d786ba057e1e2b3d6e10829a7cee7744ac168963ef3164f36bc050ffa08d",
                "95c09dafa742f84b79a8f7ed5bbac5ffc9bc81aec3c4a5577e1e8a71d10fe66b",
                "27103d3b174bfa350b07a6ad4dd568129baac2bd3e27a1789161b1247aa305cb",
                "e9c2dde55518fa1241a9a9a16c7c18b358813107dae833d899f20e53c4734038",
                "5fb9db55cee5b60379d4c75e3fa961cca89933d0d9dfd22b22c6bfe4f372fa81",
                "7d90f1babfdbd5f11d04e4afecad1446098249ed13c2569eacdbf2b69d923420"
            ],
            "type": "Script",
            "firstPartyCookies": {},
            "firstPartyCookiesSent": {
                "adcashufpv3": 0.0001596556990142996
            },
            "exampleSites": [
                "yourbittorrent.com",
                "eztv.re",
                "kinokiste.club",
                "yifytorrent.unblockit.uno",
                "xhamster.sitescrack.host",
                "gaypornhdfree.com",
                "daftsex.com",
                "biqle.ru",
                "yifyhdtorrent.org",
                "www.mejortorrento.net",
                "grantorrent.nl",
                "glotorrents.unblockit.uno",
                "buffstream.io",
                "www.locopelis.com",
                "www.hentaiworld.eu",
                "biqle.com",
                "biqle.org",
                "freestreams-live1.com",
                "cracked-games.org",
                "m.getfilmes.tv"
            ]
        },
        {
            "rule": "onclickgenius\\.com\\/script\\/suurl\\.php",
            "cookies": 0,
            "fingerprinting": 0,
            "subdomains": [],
            "apis": {},
            "sites": 2,
            "prevalence": 0.0000139,
            "cnames": [],
            "responseHashes": [
                "0ae1d9f2e411a0e30d8ec6feb4dcb328a4715073dea0f77d39fa0a138439a7d6"
            ],
            "type": "Fetch",
            "firstPartyCookies": {},
            "firstPartyCookiesSent": {},
            "exampleSites": [
                "crackstream.io",
                "crackstreams.io"
            ]
        }
    ],
    "categories": [],
    "performance": {
        "time": 1,
        "size": 1,
        "cpu": 0,
        "cache": 3
    },
    "cookies": 0,
    "types": {
        "Script": 44,
        "Fetch": 2
    },
    "nameservers": [
        "hank.ns.cloudflare.com",
        "lady.ns.cloudflare.com"
    ]
}