{
    "domain": "onlineada.workers.dev",
    "owner": {},
    "source": [
        "DuckDuckGo-US"
    ],
    "prevalence": 0.000104,
    "sites": 15,
    "subdomains": [
        "maxaccess-api",
        "fetch-maxaccess-cache"
    ],
    "cnames": [],
    "fingerprinting": 0,
    "resources": [
        {
            "rule": "onlineada\\.workers\\.dev\\/api\\/variables\\/",
            "cookies": 0,
            "fingerprinting": 0,
            "subdomains": [
                "maxaccess-api"
            ],
            "apis": {},
            "sites": 8,
            "prevalence": 0.0000553,
            "cnames": [],
            "responseHashes": [
                "3c044298076176dba7ec6152a663cdde99e8877ce55c47e59b97aa7eee04d55b",
                "a86a21e0197981f6f10b1d219c5fd30067506f7fc6b350b29c8a02c4da51a46b",
                "e58a87d78df0f19bb76e7455576bdb093f9ec2bbf49b14f1d597b8ef8ed3de18",
                "7d28814926abc84efa1e24b4922479990736d40898d423ca2ee48cfee9a81ae7",
                "f9b462f836c8d7a2eea7e3c45db0839a8dd6022882df714742902df636bb07cc",
                "06377ba9da4c2435591710fde39200e20cd2805157bdf2f1e2568a9fec27f7e4"
            ],
            "type": "XHR",
            "firstPartyCookies": {},
            "firstPartyCookiesSent": {},
            "exampleSites": [
                "applianceparts.com",
                "ebth.com",
                "encompass.com",
                "partstore.encompass.com",
                "shop.panasonic.com",
                "www.coldstonecreamery.com",
                "www.ebth.com",
                "www.worx.com"
            ]
        },
        {
            "rule": "onlineada\\.workers\\.dev\\/",
            "cookies": 0,
            "fingerprinting": 0,
            "subdomains": [
                "fetch-maxaccess-cache"
            ],
            "apis": {},
            "sites": 5,
            "prevalence": 0.0000346,
            "cnames": [],
            "responseHashes": [
                "33a81653ec98ffc28480165a7f4985e06e9fa8df4acc354b26a1848694008908",
                "edc86488a22b0940d32e155f3de910dc20344ec6afd66206401191d13939836f",
                "b2cd56a7a7984c4fa8863574d4c78437d0159b7a9f9a5d5f7ba1238c06a780ea",
                "5cb887cb2afad9055b5b7fe1d9f0798c52632b3e91be58d43603cb66db04fe51"
            ],
            "type": "XHR",
            "firstPartyCookies": {},
            "firstPartyCookiesSent": {},
            "exampleSites": [
                "applianceparts.com",
                "partstore.encompass.com",
                "shop.panasonic.com",
                "www.coldstonecreamery.com",
                "www.worx.com"
            ]
        }
    ],
    "categories": [],
    "performance": {},
    "cookies": 0,
    "types": {
        "XHR": 13
    },
    "nameservers": [
        "hans.ns.cloudflare.com",
        "hope.ns.cloudflare.com"
    ]
}