{
    "domain": "onthemapmarketing.com",
    "owner": {},
    "source": [
        "DuckDuckGo-US"
    ],
    "prevalence": 0.000167,
    "sites": 22,
    "subdomains": [
        "accessibly.apps",
        "accessibly"
    ],
    "cnames": [],
    "fingerprinting": 0,
    "resources": [
        {
            "rule": "onthemapmarketing\\.com\\/public\\/widget\\/run\\.js",
            "cookies": 0.00000759,
            "fingerprinting": 0,
            "subdomains": [
                "accessibly.apps",
                "accessibly"
            ],
            "apis": {},
            "sites": 11,
            "prevalence": 0.0000835,
            "cnames": [],
            "responseHashes": [
                "ec83b62eb44801940851574b6f690bbda863ab0a776faf96118c9f660f0bfc49"
            ],
            "type": "Script",
            "firstPartyCookies": {},
            "firstPartyCookiesSent": {},
            "exampleSites": [
                "andyfrisella.com",
                "dressbarn.com",
                "feltbicycles.com",
                "fungi.com",
                "safariland.com",
                "sexdollgenie.com",
                "super73.com",
                "www.gpen.com",
                "www.lingeriediva.com",
                "www.manscaped.com",
                "www.tigerfitness.com"
            ]
        },
        {
            "rule": "onthemapmarketing\\.com\\/api\\/options\\/",
            "cookies": 0,
            "fingerprinting": 0,
            "subdomains": [
                "accessibly.apps"
            ],
            "apis": {},
            "sites": 11,
            "prevalence": 0.0000835,
            "cnames": [],
            "responseHashes": [
                "dd94c948719eba8df9eb6eb76fcec9b735da5ad527c60ec1bad33321261a3b66",
                "1e04911654be7928ef584ee8fec4615c189ac12168837cc79b18eab25d3cf468",
                "b0c049efbf5bee7ed57572405356eb3e583653d3577a236bd41392140749bf13",
                "d2abf8507c1aabd700144084ec277b4724c69d20e1e7f7ed68a4c6fcb5ef175d",
                "5aff685a12bfe4309a5eccdeae420e7ae49b304aed51f0c63dd88a4d647671ff",
                "f02258249153ef0293d9d085881c13c6345a36f473506fa35d78a7d7c5cc62ad",
                "52f47182bcc9731b0f6922e23545ae02078fd47f741694bfdbf9ee105406a569",
                "6e3cd2bbc5232bfcf98fd20c26b87b8e62e69efe321ed4ae5b5754a21c887c3a",
                "5ed1c281a29b1c3a0b4083b4c6680d89a29082db8d8303512c0e723388e044a6",
                "0e11af61e61dc717be3a8a0669188f7b5fbdfb1830cca2e01fc80470d2af841d"
            ],
            "type": "XHR",
            "firstPartyCookies": {},
            "firstPartyCookiesSent": {
                "qab_previous_pathname": 0.0000075913428326336645,
                "IR_gbd": 0.0000075913428326336645,
                "_ZB_ADMIN_LAST_URL_": 0.0000075913428326336645,
                "_li_dcdm_c": 0.0000075913428326336645,
                "usb_previous_pathname": 0.0000075913428326336645
            },
            "exampleSites": [
                "andyfrisella.com",
                "dressbarn.com",
                "feltbicycles.com",
                "fungi.com",
                "safariland.com",
                "sexdollgenie.com",
                "super73.com",
                "www.gpen.com",
                "www.lingeriediva.com",
                "www.manscaped.com",
                "www.tigerfitness.com"
            ]
        },
        {
            "rule": "onthemapmarketing\\.com\\/public\\/images\\/logo\\.svg",
            "cookies": 0,
            "fingerprinting": 0,
            "subdomains": [
                "accessibly.apps"
            ],
            "apis": {},
            "sites": 7,
            "prevalence": 0.0000531,
            "cnames": [],
            "responseHashes": [
                "a3ca09ec348d88b55aeb35a0fc4cbcc1201dc49c781b77dab832ba92fb54de35"
            ],
            "type": "Image",
            "firstPartyCookies": {},
            "firstPartyCookiesSent": {},
            "exampleSites": [
                "andyfrisella.com",
                "fungi.com",
                "safariland.com",
                "sexdollgenie.com",
                "super73.com",
                "www.gpen.com",
                "www.lingeriediva.com"
            ]
        }
    ],
    "categories": [],
    "performance": {},
    "cookies": 0.0000911,
    "types": {
        "Script": 11,
        "XHR": 11,
        "Image": 7
    },
    "nameservers": [
        "dora.ns.cloudflare.com",
        "dale.ns.cloudflare.com"
    ]
}