{
    "domain": "opentracker.net",
    "owner": {
        "name": "Opentracker",
        "displayName": "Opentracker"
    },
    "source": [
        "DuckDuckGo-US"
    ],
    "prevalence": 0.000083,
    "sites": 12,
    "subdomains": [
        "server1",
        "script",
        "gm02d",
        "gm02b",
        "gm02f",
        "log"
    ],
    "cnames": [],
    "fingerprinting": 2,
    "resources": [
        {
            "rule": "opentracker\\.net\\/",
            "cookies": 0.0000415,
            "fingerprinting": 2,
            "subdomains": [
                "server1",
                "script"
            ],
            "apis": {
                "Navigator.prototype.appVersion": 7,
                "Document.cookie getter": 6,
                "Document.cookie setter": 6,
                "Date.prototype.getTime": 7,
                "Screen.prototype.height": 6,
                "Screen.prototype.width": 6,
                "Screen.prototype.pixelDepth": 5,
                "window.localStorage": 1,
                "Screen.prototype.colorDepth": 1
            },
            "sites": 8,
            "prevalence": 0.0000553,
            "cnames": [],
            "responseHashes": [
                "4e5a02bac8d9ef165de3e49f99e1458256ab19862eaf92b794bc822e01836d36",
                "3aaa3dfb78cf6ce124bec0217614c174901eb2d6d9b7e4b1aeb1b437780277bc",
                "e3b0c44298fc1c149afbf4c8996fb92427ae41e4649b934ca495991b7852b855",
                "e2137e50aeebd2b6691d509c812a01120ed2d34e75b98b34531ae25d9f467014",
                "13329459e2d80de1068db2ece0c193d05d6dd63adddaf7f5c3bc2587aed31e42",
                "b163008181b55af627b230660052cb77bb0c95b7dba37990628ab7b6f9ddde51"
            ],
            "type": "Script",
            "firstPartyCookies": {
                "machine-id": {
                    "ttl": 64759876,
                    "length": 29,
                    "prevalence": 0.00003456762810762977,
                    "uniqueness": 1
                },
                "_ots": {
                    "ttl": 1801,
                    "length": 43,
                    "prevalence": 0.00004148115372915572,
                    "uniqueness": 1
                },
                "_otui": {
                    "ttl": 64771773,
                    "length": 56,
                    "prevalence": 0.00004148115372915572,
                    "uniqueness": 1
                },
                "_otpe": {
                    "ttl": 1801,
                    "length": 30,
                    "prevalence": 0.00004148115372915572,
                    "uniqueness": 1
                }
            },
            "firstPartyCookiesSent": {},
            "exampleSites": [
                "petertyson.co.uk",
                "www.businesslicenses.com",
                "www.camera.org",
                "www.goldinglawyers.com",
                "www.helpfulgardener.com",
                "www.ipwatchdog.com",
                "www.jlaforums.com",
                "www.tldm.org"
            ]
        },
        {
            "rule": "opentracker\\.net\\/collect\\.jsp",
            "cookies": 0,
            "fingerprinting": 0,
            "subdomains": [
                "gm02d",
                "gm02b",
                "gm02f"
            ],
            "apis": {},
            "sites": 6,
            "prevalence": 0.0000415,
            "cnames": [],
            "responseHashes": [
                "75ea64d17237a31170ffe6d1cef300e68b129eb3a3c1c84ed099400ea3b17f9f"
            ],
            "type": "Image",
            "firstPartyCookies": {},
            "firstPartyCookiesSent": {
                "_otpe": 0.00003456762810762977
            },
            "exampleSites": [
                "petertyson.co.uk",
                "www.camera.org",
                "www.helpfulgardener.com",
                "www.ipwatchdog.com",
                "www.jlaforums.com",
                "www.tldm.org"
            ]
        },
        {
            "rule": "opentracker\\.net\\/",
            "cookies": 0,
            "fingerprinting": 0,
            "subdomains": [
                "log"
            ],
            "apis": {},
            "sites": 7,
            "prevalence": 0.0000484,
            "cnames": [],
            "responseHashes": [
                "756b8e02f86bc8e739229a1dec26bb1260d104efc531ab55d96cfc75f8349e71"
            ],
            "type": "Image",
            "firstPartyCookies": {},
            "firstPartyCookiesSent": {
                "machine-id": 0.00003456762810762977,
                "_ots": 0.00003456762810762977,
                "_otui": 0.00003456762810762977,
                "km_lv": 0.000006913525621525954,
                "_otpe": 0.000006913525621525954
            },
            "exampleSites": [
                "petertyson.co.uk",
                "www.businesslicenses.com",
                "www.camera.org",
                "www.helpfulgardener.com",
                "www.ipwatchdog.com",
                "www.jlaforums.com",
                "www.tldm.org"
            ]
        }
    ],
    "categories": [],
    "performance": {},
    "cookies": 0.0000553,
    "types": {
        "Script": 8,
        "Image": 13
    },
    "nameservers": [
        "ns-611.awsdns-12.net",
        "ns-398.awsdns-49.com",
        "ns-1051.awsdns-03.org",
        "ns-1983.awsdns-55.co.uk"
    ]
}