{
    "domain": "opti-digital.com",
    "owner": {},
    "source": [
        "DuckDuckGo-US"
    ],
    "prevalence": 0.000538,
    "sites": 78,
    "subdomains": [
        "scripts"
    ],
    "cnames": [],
    "fingerprinting": 2,
    "resources": [
        {
            "rule": "opti-digital\\.com\\/tags\\/",
            "cookies": 0,
            "fingerprinting": 2,
            "subdomains": [
                "scripts"
            ],
            "apis": {
                "Navigator.prototype.userAgent": 40,
                "Navigator.prototype.cookieEnabled": 40,
                "window.sessionStorage": 38,
                "Navigator.prototype.appName": 39,
                "Date.prototype.getTime": 41,
                "window.localStorage": 40,
                "Document.cookie getter": 40,
                "Navigator.prototype.doNotTrack": 31,
                "Screen.prototype.height": 31,
                "Screen.prototype.width": 31,
                "Navigator.prototype.language": 31,
                "Navigator.prototype.connection": 24,
                "Navigator.prototype.hardwareConcurrency": 3
            },
            "sites": 41,
            "prevalence": 0.000283,
            "cnames": [],
            "responseHashes": [
                "e5cd8a87dcac667a7efa0f05dd2ef8a1b82528e4609cfc59e8ee0e8afd32b205",
                "357a125814b93c2cc9a010ddfff3295189577f96b69c4916f3b0185be70598e9",
                "c059bace2283eb1f685cfecbd3c3d58a865a9033eaf035aaff27ddd688963615",
                "18e8f0dd05766b8b72513a3bfc26d55784594928ef7a3587f15a5b8c7c2bca7e",
                "aadd4b89f91639cbc947455804d6b0d1f1db1cfcfda46894ed90a8b489e7211a",
                "1d9ad5a4059fd87c6eaef4f78496ab5604952239997c9c052c28c9c31b3b987e",
                "cf2d034a08d2c1e41e86e1feea4b8e16cfddf189bb4c936c8643e8f933723621",
                "2e01d99fecd43f0180f079542fc461df227ae52d82cf13c3e48fc72ea2a3fcee",
                "949aeb974e2bfeb159fe629318e7dc349e0b7d7c25b148ad3f262ffc4b396c97",
                "ecdd521c15afe963a95e43d36e2b3ff7120153cb48e57b030d46821ca2ab11bd",
                "8f30ed9f711201b8f689599ad3c49e81d9231a9c55090ef479a13b5d59bd2256",
                "634d9fc4d2eef3c4025217fccdc5834acc40f556d7d6538f5f96cd4cb89d8f68",
                "2a589ae531698ebef514751bad14a5f8299ab7a1ddfb793d3f6b56fd4a970988",
                "25bd46276107d171281491e1f40884c72a4544359e96b688e3613d177ba56294",
                "4f5539e0cfac17f9d364d8f4337cfc1efb664b7af194dea175a37b3f9fc3e7b3",
                "34c8b5e3ae9e27c3aeb808d8c5a451fbc3b2239b52ecc77449eaae74bbce294e",
                "3dcfc3a2be352a5278bd31a3a3737ab2be1f861894602e51c2482c39826b4527",
                "c443071741c6208c7332ef3c187f1ccc5ed967652546fb46cb0abfd0c8c9b3d0",
                "cf028e2080baedfda7bcd95e98bad07274069a3bc7d6210ed456a348d3430af0",
                "50dce925e07d221d2ee1d6e8822b69bb2a0854940978cad04cbb676731f4b1b7",
                "5fd7f4a7d4cfb8653732d4d7bc2b092bd284a464429c605c2e44d3b20813496e",
                "b57c2c683a08e0d62d928fb4876c06e6ce04bf3c9a0a8cde7ce848e26a14e5a7",
                "ac6fd650453fa47474ee99c3a4822207d7a47c05d70aed1e5dc858e395354bd8",
                "35ffa5fef62edce366a5a5e535d7f201fa4eb5f0e861007960abe3f56b7fb4c8",
                "946e235aaad2018740518ffd46c2693e341fcffe52a05ebe8d1326e07afb132f",
                "33b5f3a6d83a1ff843712f0ec62cfa6c4e2ad6c3765d6242ed85332d43af0859",
                "2973527cf9747be1c1df9118b2077f12e2b8808b5045ab3f1da2474230324072",
                "a39f844730651326ad739bd5dc1736c5bb8054379a6748f9552a609e9b4c8c53",
                "50d467056670d0e48dea1160c4de81949c90378704ff6c39aca7b4130677341e",
                "d737308dc54d60111d4308be5c7a2a75845797777eba4d2837505dd6b632077f",
                "53329997cc4ff3625b3f76ff452cee4df323e6106b647eab41404776f2d296d8",
                "cda2d12df48d9928b89e30bec5e2a992e0838ab5bfb478be36bbd52a747abfeb",
                "4c2eb576766fdab75f1d24f4a870efd22af69e754836dd47e7aeafe495101ed0",
                "2e789b187eec29c775efcdbd14a98db2ef9740e0b35e03ee8758a01bfc0fae78",
                "bd1bd684c2670c282ac92a191e17bc79851b8d1459a36ed663eeed62a018cf7b",
                "d5158cece866f9cfe272bc5c25c7eb50dd8fdad041071891bff12cc616e24af0",
                "9e570b9f29f584cb0891edf7b3944d536b2f0f9adf49d253044546c973ee9373",
                "865b693810ccc633a0feffdce6eaea15f4d02ac750655e1cce4acfff3bc44cc2"
            ],
            "type": "Script",
            "firstPartyCookies": {},
            "firstPartyCookiesSent": {},
            "exampleSites": [
                "www.cookomix.com",
                "www.viedemerde.fr",
                "www.betaseries.com",
                "www.pratique.fr",
                "www.jardiner-malin.fr",
                "www.aujardin.info",
                "jardinage.lemonde.fr",
                "www.automobile-magazine.fr",
                "moto-station.com",
                "www.chien.com",
                "www.gerbeaud.com",
                "m.forocoches.com",
                "www.nature-and-garden.com",
                "www.maisonbrico.com",
                "www.mablouseblanche.fr",
                "www.paroles.net",
                "www.bricoleurdudimanche.com",
                "www.whereandwhen.net",
                "upflix.pl",
                "www.combien-coute.net"
            ]
        },
        {
            "rule": "opti-digital\\.com\\/setup\\/",
            "cookies": 0,
            "fingerprinting": 2,
            "subdomains": [
                "scripts"
            ],
            "apis": {
                "Navigator.prototype.userAgent": 2,
                "Navigator.prototype.cookieEnabled": 2,
                "window.sessionStorage": 2,
                "Navigator.prototype.appName": 2,
                "Date.prototype.getTime": 2,
                "window.localStorage": 2,
                "Document.cookie getter": 2,
                "Navigator.prototype.doNotTrack": 1,
                "Screen.prototype.height": 1,
                "Screen.prototype.width": 1,
                "Navigator.prototype.language": 1,
                "Navigator.prototype.connection": 1
            },
            "sites": 2,
            "prevalence": 0.0000138,
            "cnames": [],
            "responseHashes": [
                "689467ff4c4c70164d3af65e4fd976e384b91dddaf23cc05fc480c989ceae576"
            ],
            "type": "Script",
            "firstPartyCookies": {},
            "firstPartyCookiesSent": {},
            "exampleSites": [
                "futura-sciences.com",
                "www.futura-sciences.com"
            ]
        }
    ],
    "categories": [],
    "performance": {},
    "cookies": 0,
    "types": {
        "Script": 43
    },
    "nameservers": [
        "sean.ns.cloudflare.com",
        "aida.ns.cloudflare.com"
    ]
}