{
    "domain": "p-n.io",
    "owner": {
        "name": "Pushly",
        "displayName": "Pushly"
    },
    "source": [
        "DuckDuckGo-US"
    ],
    "prevalence": 0.00122,
    "sites": 176,
    "subdomains": [
        "cdn",
        "k"
    ],
    "cnames": [],
    "fingerprinting": 3,
    "resources": [
        {
            "rule": "p-n\\.io\\/pushly-sdk\\.min\\.js",
            "cookies": 0.000479,
            "fingerprinting": 2,
            "subdomains": [
                "cdn"
            ],
            "apis": {
                "Navigator.prototype.plugins": 91,
                "window.sessionStorage": 110,
                "Navigator.prototype.cookieEnabled": 88,
                "Navigator.prototype.userAgent": 107,
                "Navigator.prototype.appVersion": 88,
                "Navigator.prototype.appCodeName": 88,
                "Navigator.prototype.product": 88,
                "Navigator.prototype.platform": 88,
                "Document.cookie getter": 69,
                "Document.cookie setter": 69,
                "Date.prototype.getTime": 99,
                "Notification.permission": 96,
                "Navigator.prototype.permissions": 88,
                "Intl.DateTimeFormat.prototype.resolvedOptions": 3
            },
            "sites": 111,
            "prevalence": 0.000771,
            "cnames": [],
            "responseHashes": [
                "a784a3045086417166e09c48802a795ceeab40ad60ed7a6c6a8e0501f3e9abf6",
                "fdb5f4c661da56f42c5167b75cbbe4f133a96236d510315d79889f910b9d0d2d",
                "1691f33f20f8cba57b28f3ed08e26cca4cfce9f4a35331ee4f1fefccbfe45d76",
                "423de7b358bfcd48bf85051bd8a049d4d640d5d429a61f5bd46522fcb1685f31",
                "11bb96288607e8b4e2b0b01e939d01622c301a6544f20234d7aab38708b96ae1",
                "49633cdc19562d0bad5299821f88e8f6eeed77bba9abd3f8870c1880678bdc13",
                "ed2b819732505cd4bfa5ea28baa49c0826c23a364bc1c48d6e96cae9837b1fd7",
                "cc0335ea553dd53b33d3376b77248b1245b50267261f6120808c5b9483bf6d05",
                "900d3060f276ff61b1c9314eb6eaf64885de49caca407aa915fdb97c039f55c7",
                "d87d0f63fc89124fa66db3e0799d98ef3c0395322ab0ce547e3f0dbb43f7d330",
                "3fefe127107bbc1438a48b23eb7323c64945032930b1812974df46c9c826e2a5",
                "a9a4c83e4f9fd5522d88f64826554e60c0c6f1972d8d402c38fdf604c215fdd6",
                "4be7656601a5a77266f0c31ecf49e482bdfff9120742ecb422fea659fee13099",
                "006de83c332e0faf474d7763b203994754c2d1513cf93477bc5bb4ba1a7e82fc",
                "b46d0677f459bc4696e66fc86d899c4e9b37dafbd8a9ff0e199f1efa69297d6b",
                "a40f5ca3763bc1773ea42f1a98644235fd3a3e728ee96e9338fb9ccf671097ca",
                "1bd08cd752240d888e06f88d7e6e81322bfcf6d72bf86f19e3119889094e2517",
                "98ec708ca6bbb65ce235406dbf8e53cfe15ce46b683c16d6cb75d4e0dcf3571e",
                "b7a8bdc9af4f12789199098d2366e2b32e5646167567457dd4a988bc78701271",
                "fea1cd4cbb69768f8c23297275fafe8f6939b975cdba24f1595ad260305f6c77",
                "035e51ade26e88c3550da45f489238362369daf5b4c675d8c6ca8564cce44561",
                "323d63b8c9436e1dda708687df82450a490af95d2f1d8d1d39661f80e33107af",
                "82dd7b7ef7b4e7ccbacde214a9983d60a6c924b04dea4972d2e670b4c9ccb406",
                "c1c3d5b97e0b52bc5f06b8830c4215c81590ce8fc572225b0c529e7fd287aaec",
                "0b16accf982f84bf113b5edbc2a50138ce2a1c2d5462c51667fe5b242ed10d6f",
                "56357072bc7889b5b6fccb121f9fb4147f76a7cbbfcf5c189d4c731db21274f1",
                "c7c03a4399452259dd93848ce012e42cf7d82bcc71cebeeef7e7e88d235c07b5",
                "d7c70cb28dbeb51992f2d3a5e7b339b1a7595723e202464bf01da0570ba12041",
                "8ead3bc9dce4247459fdf4e1161483f62d4ede9facff6e34ff643dca5a1f8d17",
                "5c80dc1c0e92f6f70fbc0bc9e171e8e8f68dae7fa28f5bfb4cdcd60f5225227b",
                "91897b7c9ab1403505f3494e20cefe018145386a396acc535bfed4f2f340ea74",
                "6da3598a9a04cc06c983353531dc0fea94d2d9c456c1237f31e612b0c4885590",
                "223387e19fba4caea4a0b8a70be6ed79d2304fa67f6d4d0b0f6790f528b033fd",
                "356c2c954d7282b86608dd52bd0401a6b57a4afe7ac7f364885e93b59ce0c347",
                "6f1153a7d954df56f91ead2d0998406635a24bff90172ce89d8a4567e59ed0e0",
                "e822a0bebf03877eba54b69fc4dc951e4a62628e13b8b256662538ebb8d66913",
                "1806a7c242dc06d9d28f2b96bac66e27750aab6b7ea0aa069a7359ed4eeee56b",
                "f4eb3928ebef0468ceeb41d9665c095659153ca1160060ade23f9265879271eb",
                "d950860b42116ec3b76623c57c4b85338f101054ad8caf4dd39d82285a73ddd7",
                "51ad779ad3ce90f4b425296a709801dd2a174f4588879d0c5fe36ed560d40bf0",
                "3d35288ef669fdd3fae792815ae59a70f9d222c79d251742c27aef8f68202d76",
                "546227fc104aa10063a258e507efcfd70464b9d27e8154738ce6ceef988c8e61",
                "9062944d8f51ad41c54e9f2d4ea1ddb18b0f24a24da9b56aa84f785fcd9394cb",
                "32205e24b3aecb2afc53f02f073ce249f3a91c49e69818adbd97aea7f16241ce",
                "dafc475233a550aa67e8370ccfb549ebdeb67db9247a91fd3f23f50a29643d7d",
                "2203e45b3da49641f3e98edbe7d90e3a7240873649fd68dc546778d671a135f3",
                "b94fe017ad9072cb53ee74eb6c9533873a0639708ac049acffc254e74eac24a2",
                "03b959a476dd9b4ef5efbfdde2f85fcb45fcfd992421902696747d7afb9de42c",
                "8e25e9267cb7e3dca5dde2db4b2a61a9112daec930b7689f65bc223d54562c65",
                "f899f91692bac39ff2ec24325ee2886e6998dea5c443dfe875b4bc1bca4b9a54",
                "c1304f86701b3d26904f1c0e21d8622f82c9590ba044b9e2a1c3b13da7990013",
                "2ae2e1b46126fe6bc8e9a0aae997c9be24e8ca6a328fff00f814b11acd76ea30",
                "a4081c792fcfc632a3719617c5b5a1ae5012f8baf41fff1a5a17b01eb009d482",
                "5446a48a5c9a35c8715767eb9f7c07355c2e22347cb33f304249f3fad2d8d40a",
                "1738278e56a11931da3ce32c10a7ee1cc2794dca2da314bc2810d53e69ab2814",
                "a1dbc556462eef9e272a12d3d50f698d87ce836c71cf6f7b3a8982abf6c1d6c3",
                "9d09a801523448eb63df37b4c6a45b55777a9d056512f3ccbeae49258bad1e8c",
                "6a7912d810c838551ca4d902cf3b1fe49aec76569cbc331927930af3a777f5b5",
                "7c7d2b7ecaeeaf24eb23b4ba19c076702ffb905105eb0c77f811d00520fd76e6",
                "34dd02c1d60f06299f5a89ffdf772ce6c54fd1d0834d1910ed6d68642ee8f475",
                "36d6f9dbcc0874d9f4428820677b129de5dd29c8655cfba11d5f18b54f8c9baf",
                "b124526f69d458f17fc693988aa6ddcbd8f732eefad7ea66752d1fdf8d58feb4",
                "5a150c23ac8c08dfb55cb5297a8f1a1bb56e504db8fc0fa68a8b0bab1f5427ee",
                "b3ed1937a4b26764a4869cde74921240e8fb5e31cb7d86b3bc9265585789250d",
                "8c77c79592692434a295e360b0ab964a7f1478e835b62df439545d539852e509",
                "5140d2312e64958627bebb012c46586bbf705f922834d1bcc93c13baab74ad9b",
                "8500f8465868e040606a61b1b8d77c01861ef597e1f78bb08683b9854e6d9bed",
                "6003fd0f73eaeec67345c3f04613a48b04969535af952c53fc42174da2a7ae0c",
                "6857bf9c1f4334b1ff0660300c55d8c655eff49b1df2d81cf68850097b29a434",
                "72f5675cbef7d7142df123cd174c28563b678cec3b8e8472865a8532c8caa19c",
                "7774b6fbf83f1b6c732c09ce7c8d70136f0a55280c69826f6dcd477e89a9da6f",
                "d854e2a421f39e328423a91fe141531626f4985b2ef512fc6d4dadac1f761c63",
                "5a73dce9197d69f6afea953993a3b4c51df20ee6cd14cd44b92be8c549b672f8",
                "9dd4daaf46344cdd6fdbdaa5bf956de81bbe82964e839fb848e9fc1beb7962c1",
                "dfe62b1fd630f405eac26839a52b37efa8ba8758e386b7d3ed0fea6ca9278ec7",
                "4d01ba07206b33a6cd74b37bdadef1fd09ed6d21375c450b111efa4a3006109a",
                "71a4e2cc578648b3c1e96da3ae4f1418b315cda0da06c5822481a76e0343cd49",
                "8699fb95699429ff76fbcd9d10f20bc52a46a942cdc217c5f89065f7283e7d40",
