{
    "domain": "palmtube.net",
    "owner": {},
    "source": [
        "DuckDuckGo-US"
    ],
    "prevalence": 0.000197,
    "sites": 26,
    "subdomains": [
        "ag"
    ],
    "cnames": [],
    "fingerprinting": 1,
    "resources": [
        {
            "rule": "palmtube\\.net\\/index\\.php",
            "cookies": 0,
            "fingerprinting": 0,
            "subdomains": [
                "ag"
            ],
            "apis": {},
            "sites": 14,
            "prevalence": 0.000106,
            "cnames": [],
            "responseHashes": [
                "3105bbeed6ddb5bb153af4b062c68dc7fa2f31e863fad0797cc5c524c73e5c60",
                "d965feb3a05b11925d3745e0186dd129b4e4a6578629e943a3b5628e51c2ac5e",
                "21609c7e99e77254b9d102d0b4321039f9d739214e7be8904efca9fe3f753da2",
                "d746b6e7b784b0dcc18bc7acc7de02e0cf6ee1c13913dbf1b6a0f07f6954f2d9",
                "7aac1f02bf1b6ae4524a4c3b17025c6cef7084924ab48e5602cb43a7f34ad70e"
            ],
            "type": "XHR",
            "firstPartyCookies": {},
            "firstPartyCookiesSent": {},
            "exampleSites": [
                "allindianxxxvideos.com",
                "alllesbiantube.com",
                "alllesbianvideos.com",
                "hddesiporn.com",
                "lesbianseduction.tv",
                "longlesbianporn.com",
                "onlylesbiantube.com",
                "rareteenporn.com",
                "shygayporn.com",
                "shyteentube.com",
                "wowteenlesbians.com",
                "www.6xxxtube.com",
                "www.alllesbiantube.com",
                "youngtubemovies.com"
            ]
        },
        {
            "rule": "palmtube\\.net\\/b\\.js",
            "cookies": 0,
            "fingerprinting": 1,
            "subdomains": [
                "ag"
            ],
            "apis": {
                "Navigator.prototype.userAgent": 7
            },
            "sites": 9,
            "prevalence": 0.0000683,
            "cnames": [],
            "responseHashes": [
                "6052bcb85f1aadaa3b96c10f12df992fd508b93a29e2e4b19848d70b2d7a7c16",
                "db0358fce009e1dd88200353c126dee0ec8c85e9a7eb2eb9a44dace3e27add59",
                "c0c8a12b1dd591452076f4952e07ce71f0f267dfe4b2308a9c6ffd1d707d814a",
                "ebf550483cbc2ed6d8e017c62a71271650b5a581af23867cf59746a38f4b7429",
                "b70b6cd3bb9f178d94129b3a03d4253fc5412b4a5c856770a1b43af0240af40e"
            ],
            "type": "Script",
            "firstPartyCookies": {},
            "firstPartyCookiesSent": {},
            "exampleSites": [
                "alllesbiantube.com",
                "alllesbianvideos.com",
                "hddesiporn.com",
                "lesbianseduction.tv",
                "longlesbianporn.com",
                "onlylesbiantube.com",
                "shygayporn.com",
                "shyteentube.com",
                "youngtubemovies.com"
            ]
        },
        {
            "rule": "palmtube\\.net\\/im\\.js",
            "cookies": 0,
            "fingerprinting": 1,
            "subdomains": [
                "ag"
            ],
            "apis": {
                "Navigator.prototype.userAgent": 7,
                "Date.prototype.getTime": 8
            },
            "sites": 8,
            "prevalence": 0.0000607,
            "cnames": [],
            "responseHashes": [
                "c62d051a1686f0a8e65d31526cf8f1c41b9e7e0a0164e94b134aff28639fbdd0",
                "f6020abfac25a2aad2e467d88c3e987def1db5a65f7e04f6d3588195fceb09a8",
                "3a2b1df90c290fc00e23faa5c8f1f0cd8db28b692a3c1d6e8e46249594d402fa",
                "a8ac2232f9e6580109afda02fe4a1e6ee74e358a43a1940c010636f8d86a9aac",
                "baae035603d8d2ce51c7e4c1f5f14e99544f93fe7db8228c3058992edeea8da6",
                "b9fcdd3787550585acc0eb886a42972f05fb1cf0f02064e7655b227d6f626101",
                "67ccb7dcb74be74d03b8c21e385ac7fb19c51a33205f0f94e513908bdfb7e9aa"
            ],
            "type": "Script",
            "firstPartyCookies": {},
            "firstPartyCookiesSent": {},
            "exampleSites": [
                "alllesbiantube.com",
                "alllesbianvideos.com",
                "lesbianseduction.tv",
                "longlesbianporn.com",
                "onlylesbiantube.com",
                "shygayporn.com",
                "shyteentube.com",
                "youngtubemovies.com"
            ]
        },
        {
            "rule": "palmtube\\.net\\/index\\.php",
            "cookies": 0,
            "fingerprinting": 0,
            "subdomains": [
                "ag"
            ],
            "apis": {},
            "sites": 8,
            "prevalence": 0.0000607,
            "cnames": [],
            "responseHashes": [
                "fcbbb4d3072ee639f475594deb327417e7ce4e1a9d68a81a7f0b9d4a84b5f3a9",
                "5db1906936958e1c33dc3f87fcc666e408afbd48da1c8a0e7f3d4dda20b13704",
                "f6a14deefbebff02165b55f8861cd9ea92177fc31f9141ae4ad69b7689391573",
                "0df38da340005e9c20f146e43063fd1450e4b30b901ac8270f4db4d6ecc4005e",
                "4e30ffc8c3c382c80946df84d8446d53f8bbea8c33ed99c156fbf489fbb2161a",
                "4c38a648b0e0d4f4fdf4acd5419d47f93ba24c203a9eb76f22c6b2a144ead10e",
                "61d207d419e69e20aeb8d706f0fd97ac6aaf77e164796acb900d6bcc1135ea4b"
            ],
            "type": "Document",
            "firstPartyCookies": {},
            "firstPartyCookiesSent": {},
            "exampleSites": [
                "alllesbiantube.com",
                "lesbianseduction.tv",
                "longlesbianporn.com",
                "onlylesbiantube.com",
                "rareteenporn.com",
                "shyteentube.com",
                "www.alllesbiantube.com",
                "youngtubemovies.com"
            ]
        },
        {
            "rule": "palmtube\\.net\\/rlc\\/style\\.css",
            "cookies": 0,
            "fingerprinting": 0,
            "subdomains": [
                "ag"
            ],
            "apis": {},
            "sites": 3,
            "prevalence": 0.0000228,
            "cnames": [],
            "responseHashes": [
                "fb9824a6b0038c2dd454734103faa38432e5371e2c4db780b4bc2ec3fda639c4"
            ],
            "type": "Stylesheet",
            "firstPartyCookies": {},
            "firstPartyCookiesSent": {},
            "exampleSites": [
                "alllesbiantube.com",
                "alllesbianvideos.com",
                "wowteenlesbians.com"
            ]
        }
    ],
    "categories": [],
    "performance": {},
    "cookies": 0,
    "types": {
        "XHR": 14,
        "Script": 17,
        "Document": 8,
        "Stylesheet": 3
    },
    "nameservers": [
        "ns1.palmtube.net",
        "ns2.palmtube.net"
    ]
}