{
    "domain": "peerius.com",
    "owner": {
        "name": "Peerius Ltd",
        "displayName": "Peerius"
    },
    "source": [
        "DuckDuckGo-US"
    ],
    "prevalence": 0.000137,
    "sites": 18,
    "subdomains": [
        "ustopshop",
        "cooksongold",
        "dorothyperkins",
        "intersport",
        "nisbetsuk",
        "thewinesociety",
        "topman",
        "topshop",
        "wallart",
        "roller",
        "tedbaker",
        "terrysfabrics",
        "thewhitecompany",
        "uat"
    ],
    "cnames": [],
    "fingerprinting": 1,
    "resources": [
        {
            "rule": "peerius\\.com\\/tracker\\/peerius\\.page",
            "cookies": 0.0000607,
            "fingerprinting": 1,
            "subdomains": [
                "ustopshop",
                "cooksongold",
                "dorothyperkins",
                "intersport",
                "nisbetsuk",
                "thewinesociety",
                "topman",
                "topshop",
                "wallart"
            ],
            "apis": {
                "Document.cookie getter": 8,
                "Date.prototype.getTime": 9,
                "Document.cookie setter": 8,
                "Navigator.prototype.userAgent": 9
            },
            "sites": 9,
            "prevalence": 0.0000683,
            "cnames": [],
            "responseHashes": [
                "7d9599c795b9dbe77e587e31daa637c351ca7a9857fc17a8282a0051c9b72dd7",
                "d075e76779d5bbbb9d5d860cc4463e8882b60c637a96976e354d7ce67ac486dd",
                "8f26808a7f7573377601633700df8f08cde06cba2fb2cb009ff97ee338740617",
                "f7dc350b1b59d334b2867304b462742d05e7622148ff4a7034f427d8873e61d8",
                "2c310a372851f53584f386d575960e3678d11b4f081670b424d489523486b451",
                "36a2eafcae68a077daaaba1ef8338f2921c3b23c9b0cfbe2e00b0f81745026a7",
                "5550e2a3bd58ee29b75234b00a8fb43e14e8223b1e95e3b2aeca3ed0f2806666",
                "35f4f083e20ad0b396cc5f394b8b41a3e915c5dfe794ede29a79b6f8fd2d3659"
            ],
            "type": "Script",
            "firstPartyCookies": {
                "peerius_rid": {
                    "ttl": 21,
                    "length": 2,
                    "prevalence": 0.000060730742661069316,
                    "uniqueness": 0.125
                },
                "peerius_ct": {
                    "ttl": 3,
                    "length": 1,
                    "prevalence": 0.000060730742661069316,
                    "uniqueness": 0.125
                },
                "peerius_sess": {
                    "ttl": 14410,
                    "length": 56,
                    "prevalence": 0.000060730742661069316,
                    "uniqueness": 1
                },
                "peerius_user": {
                    "ttl": 622080011,
                    "length": 60,
                    "prevalence": 0.000060730742661069316,
                    "uniqueness": 1
                }
            },
            "firstPartyCookiesSent": {},
            "exampleSites": [
                "topshop.com",
                "www.cooksongold.com",
                "www.dorothyperkins.com",
                "www.intersport.de",
                "www.nisbets.co.uk",
                "www.thewinesociety.com",
                "www.topman.com",
                "www.topshop.com",
                "www.wall-art.de"
            ]
        },
        {
            "rule": "peerius\\.com\\/tracker\\/tracker\\.page",
            "cookies": 0.000038,
            "fingerprinting": 0,
            "subdomains": [
                "ustopshop",
                "cooksongold",
                "dorothyperkins",
                "intersport",
                "nisbetsuk",
                "roller",
                "tedbaker",
                "terrysfabrics",
                "thewhitecompany",
                "thewinesociety",
                "topman",
                "topshop",
                "wallart"
            ],
            "apis": {},
            "sites": 14,
            "prevalence": 0.000106,
            "cnames": [],
            "responseHashes": [
                "7d609d0154bbf8587a6e590fff0292cc8f00ae2a2887b1cf3a9140a3a9a00778",
                "e2fa3b83d9724e7e8afa7d5b7a113b6af60346acce33b99a1b813953f65462f0",
                "36b84dd46f076f6886c461301d35d1615f862fa11eaf7f3f5f0973ea4d9a31de",
                "df3b0988c912d24c52934561dda1829aec44e58859d454903fb10f3ea357b4a1",
                "e92deb4a53df3a84a8017f2291c9e1d9ebdf7aaff649c444757f1368237aa104",
                "dfa114a8f8f5cb7f9ccc4dcc36b95fa1eb9456e7d5da74e457d85379b6ede33f",
                "a9a6d94a85e24779231fb7aa530d88791448b10c42941d382eb2d4e272c22142",
                "ce7319a01a5353a1e8cea59cb122e959cfa3c3c4c7dcd6a61c607f170b5479eb",
                "e98e72ff106b80c7177a8c246533662c64e7b5c31674675b99466d86452f3b8b",
                "3512aa5c170af4596c7c467748e943d0d558ae2a64ca787918293bbd73d100d6",
                "5bc525a29e1e4b44bc0e458c9fe251dff816538ba3698cbf4ca0ec93d01ef594",
                "6611689f7b9dd929a43a6c2d0d37f32ce50e2715a3a43c8f39a70be2e8ef78fa",
                "4efccfa2da5f3923c74eeb5506fb4405cb73b0a8035820be971b6f54d7b96096"
            ],
            "type": "Script",
            "firstPartyCookies": {},
            "firstPartyCookiesSent": {
                "gpv_v2": 0.0000075913428326336645
            },
            "exampleSites": [
                "topshop.com",
                "us.topshop.com",
                "www.cooksongold.com",
                "www.dorothyperkins.com",
                "www.intersport.de",
                "www.nisbets.co.uk",
                "www.roller.de",
                "www.tedbaker.com",
                "www.terrysfabrics.co.uk",
                "www.thewhitecompany.com",
                "www.thewinesociety.com",
                "www.topman.com",
                "www.topshop.com",
                "www.wall-art.de"
            ]
        },
        {
            "rule": "peerius\\.com\\/tracker\\/trackerform\\.page",
            "cookies": 0.000038,
            "fingerprinting": 0,
            "subdomains": [
                "ustopshop",
                "cooksongold",
                "dorothyperkins",
                "intersport",
                "nisbetsuk",
                "roller",
                "tedbaker",
                "terrysfabrics",
                "thewhitecompany",
                "thewinesociety",
                "topman",
                "topshop",
                "wallart"
            ],
            "apis": {},
            "sites": 14,
            "prevalence": 0.000106,
            "cnames": [],
            "responseHashes": [
                "3e1b8d867ecac86f0e5b9d2b9ec4d1657f2dabce247e6f04f996aaf50d380b4c",
                "a07ef96ed832e6c6e4db7b087b185936a51dcb48519d65d9165562fad3808c8a",
                "8a37c6ac0e7af1b26c2a08aac48c79e1e52da5bab89caedb89d2dc44cdeafd42",
                "7b0f0e8fa63cd4ae8f5671e48daf784a1103ec275cf1377ef5e000271b78a780",
                "479dd2ec9d4c465a4aa69eaed432a2207620fed59e3dbea582338fba5bb01207",
                "e3b0c44298fc1c149afbf4c8996fb92427ae41e4649b934ca495991b7852b855",
                "922b5009b799ae5273cf988349197a52ae341bb43da3e15ea07fcb7a6c10d770",
                "a37e6ac2dbe5e4640520a12111309ff731f7cf196beb5a7217fec06b0d62066b",
                "d09ab8e62ec92685c613f0ea913e2f7c3a1fdd81c3954365b7d1c6fcf0aaed5c",
                "a71f8d9359a178f9608b744300118512202672d7ca7661ace27cb5323db80c7b",
                "3306caf65cddba4aa3b643d3a9ba027e466ef2793cbdb93b901f5030fd2b198c",
                "1d8660814aad20cc49660f610dfa28e78ce9b28cfbccf1ed0ca312d2a389dce9",
                "a1327f3813352fb086cedc99e3e5873e45d1c40b6fb5b70230dc55fcabba345b"
            ],
            "type": "Script",
            "firstPartyCookies": {},
            "firstPartyCookiesSent": {},