{
    "domain": "plavxml.com",
    "owner": {},
    "source": [
        "DuckDuckGo-US"
    ],
    "prevalence": 0.000194,
    "sites": 28,
    "subdomains": [
        "vxml4"
    ],
    "cnames": [],
    "fingerprinting": 1,
    "resources": [
        {
            "rule": "plavxml\\.com\\/sited\\/ref\\/ctrk\\/114",
            "cookies": 0.0000277,
            "fingerprinting": 1,
            "subdomains": [
                "vxml4"
            ],
            "apis": {
                "Document.cookie getter": 4,
                "Date.prototype.getTime": 3,
                "window.localStorage": 1
            },
            "sites": 4,
            "prevalence": 0.0000277,
            "cnames": [],
            "responseHashes": [
                "eec196f2a6783ffad8130d6d525f92a8c3ec579ec9cc4d52acef44dc3dd46687"
            ],
            "type": "Script",
            "firstPartyCookies": {},
            "firstPartyCookiesSent": {},
            "exampleSites": [
                "optus.com.au",
                "devicehelp.optus.com.au",
                "www.optus.com.au",
                "yescrowd.optus.com.au"
            ]
        },
        {
            "rule": "plavxml\\.com\\/sited\\/ref\\/phnumint_md_gp\\.jsp",
            "cookies": 0.000104,
            "fingerprinting": 1,
            "subdomains": [
                "vxml4"
            ],
            "apis": {
                "Document.cookie setter": 15,
                "Date.prototype.getTime": 1
            },
            "sites": 15,
            "prevalence": 0.000104,
            "cnames": [],
            "responseHashes": [
                "99be76578d370c6cfec8abc13122392b49b15868c894262150fc5315c165a95b",
                "3719e6e4467507ca73d81a3d57b690a75c1f5ddccb97fcdf5447ca5c7c7b62b7",
                "ea59df4b7d57c4a7926affdc23549350e1e899b445ab8fdad9f9c7d66e0b61cd",
                "bd410adee4d891c9e5953fd9e5ef9b04d1878f7396dfa38ce8920ed4f03ce3aa",
                "376144e04fb51c314a0d452f8eeceb4647d02c11fe85354e2f3fbcd77143352f",
                "7ba6379439cc86bf8d3611113d2aac03d9b8579708969711bd2e3ec2df92ae27",
                "d28dd647ba6e0e7a86e608f8bbc4a78c3a7d3d754cba9c219b0f2a5a1224ef1d",
                "b80ca2bb0987fa8b19d627a0645f7ee2afecc82ef28710b2564d3424ea5a111e",
                "65a20df763b28e5329d949bf10dba8df27fe0dc7e2ef08687c91e02715a8027b",
                "a35f6c3fc1e55e9347e8600e35d179934eb9221b228119d6b35b0b30b7863c10",
                "6587d35989140a1dfb363bc1730c26c641127a781e47f002d47b011d9f170ec5",
                "763b401b9307c539e264d3d64124b4a37983416809cc723ed3bc93c4a51233ee",
                "97d2472488a1d88aab125edb1d5391342a0e90740f80e7dfbd5e1a4011d783c0",
                "d269457c07e15d78ee320e9f703197fd1b2fb804e673d2ab19d74125cbbc3fb4"
            ],
            "type": "Script",
            "firstPartyCookies": {
                "delaconsessid": {
                    "ttl": null,
                    "length": 32,
                    "prevalence": 0.0001037028843228893,
                    "uniqueness": 1
                },
                "delaconphonenums": {
                    "ttl": null,
                    "length": 91,
                    "prevalence": 0.00004148115372915572,
                    "uniqueness": 1
                }
            },
            "firstPartyCookiesSent": {},
            "exampleSites": [
                "optus.com.au",
                "devicehelp.optus.com.au",
                "www.bupa.com.au",
                "www.e-sogi.com",
                "www.flightcentre.com.au",
                "www.heritage.com.au",
                "www.intrepidtravel.com",
                "www.mebank.com.au",
                "www.medibank.com.au",
                "www.mynrma.com.au",
                "www.optus.com.au",
                "www.shannons.com.au",
                "www.stratco.com.au",
                "www.suncorp.com.au",
                "yescrowd.optus.com.au"
            ]
        },
        {
            "rule": "plavxml\\.com\\/sited\\/ref\\/integration\\.jsp",
            "cookies": 0.000104,
            "fingerprinting": 0,
            "subdomains": [
                "vxml4"
            ],
            "apis": {},
            "sites": 15,
            "prevalence": 0.000104,
            "cnames": [],
            "responseHashes": [
                "e3b0c44298fc1c149afbf4c8996fb92427ae41e4649b934ca495991b7852b855"
            ],
            "type": "Script",
            "firstPartyCookies": {},
            "firstPartyCookiesSent": {
                "_ga": 0.00015901108929509692,
                "delaconsessid": 0.0001037028843228893,
                "optimizelyEndUserId": 0.000006913525621525954,
                "gaClientId": 0.000006913525621525954
            },
            "exampleSites": [
                "optus.com.au",
                "devicehelp.optus.com.au",
                "www.bupa.com.au",
                "www.e-sogi.com",
                "www.flightcentre.com.au",
                "www.heritage.com.au",
                "www.intrepidtravel.com",
                "www.mebank.com.au",
                "www.medibank.com.au",
                "www.mynrma.com.au",
                "www.optus.com.au",
                "www.shannons.com.au",
                "www.stratco.com.au",
                "www.suncorp.com.au",
                "yescrowd.optus.com.au"
            ]
        },
        {
            "rule": "plavxml\\.com\\/sited\\/ref\\/ctrk\\/1257",
            "cookies": 0.00000691,
            "fingerprinting": 1,
            "subdomains": [
                "vxml4"
            ],
            "apis": {
                "Document.cookie getter": 1,
                "Date.prototype.getTime": 1
            },
            "sites": 3,
            "prevalence": 0.0000207,
            "cnames": [],
            "responseHashes": [
                "49dd9bd68adbe20ce3b8707b33f7d37c783ff5e95ff9ba6421b327804875f1a9"
            ],
            "type": "Script",
            "firstPartyCookies": {},
            "firstPartyCookiesSent": {},
            "exampleSites": [
                "suncorpbank.com.au",
                "internetbanking.suncorpbank.com.au",
                "www.suncorp.com.au"
            ]
        },
        {
            "rule": "plavxml\\.com\\/sited\\/ref\\/integration\\.jsp",
            "cookies": 0.0000415,
            "fingerprinting": 0,
            "subdomains": [
                "vxml4"
            ],
            "apis": {},
            "sites": 8,
            "prevalence": 0.0000553,
            "cnames": [],
            "responseHashes": [
                "1ed70d02696722505ec82915a7dd9fbf2c512366d009b74bdbe37c9869c250a4"
            ],
            "type": "Image",
            "firstPartyCookies": {},
            "firstPartyCookiesSent": {
                "delaconsessid": 0.00005530820497220763
            },
            "exampleSites": [
                "bupa.com.au",
                "www.bupa.com.au",
                "www.flightcentre.com.au",
                "www.medibank.com.au",
                "www.optus.com.au",
                "www.shannons.com.au",
                "www.suncorp.com.au",
                "yescrowd.optus.com.au"
            ]
        },
        {
            "rule": "plavxml\\.com\\/sited\\/ref\\/ctrk\\/1629-112850",
            "cookies": 0.0000138,
            "fingerprinting": 1,
            "subdomains": [
                "vxml4"
            ],
            "apis": {
                "Document.cookie getter": 2,
                "Date.prototype.getTime": 2,
                "window.localStorage": 2
            },
            "sites": 2,
            "prevalence": 0.0000138,
            "cnames": [],
            "responseHashes": [
                "b2aa3419ff596b89d91cb4ab0d645173c39626596d9fc2f89b3e5635d761c231"
            ],
            "type": "Script",
            "firstPartyCookies": {},
            "firstPartyCookiesSent": {},