{
    "domain": "playstream.media",
    "owner": {},
    "source": [
        "DuckDuckGo-US"
    ],
    "prevalence": 0.000104,
    "sites": 15,
    "subdomains": [
        "tg1",
        "cdn",
        "app"
    ],
    "cnames": [],
    "fingerprinting": 1,
    "resources": [
        {
            "rule": "playstream\\.media\\/api\\/adserver\\/spt",
            "cookies": 0,
            "fingerprinting": 1,
            "subdomains": [
                "tg1"
            ],
            "apis": {
                "Navigator.prototype.userAgent": 5,
                "Navigator.prototype.appVersion": 5
            },
            "sites": 10,
            "prevalence": 0.0000694,
            "cnames": [],
            "responseHashes": [
                "6c61749249f8093bc173ccafea0fcb03f88f2b7d576c0c5498dd9a212f6397a2",
                "03837900a657884f837d10a43dec6ff1d3430397a3085a71f1bafe8a65c1ec3e",
                "5e02253fc64727dcaa4abd5bd93f8b73d4b1b6f702a78688125767b459e2bd97",
                "23f0789779c6281057d0ccd78b05a63495b33cb7caffdc8872a6c8dd1dbe19d6",
                "5d2d59d92291fef6797e9c4f15ee7a864cbbe35555de12df881ee8282b6410de",
                "f548b2cdffcbf0a0cd407658f56177a53f00f40b23dcebe3893327bffebd0d41",
                "a72eaa4406212dd6f892098ecc00af46eec147134fea965da8e631881d8dd8ee",
                "dc339cb3219da2ee996af487ac9fd65f6b50a7f731ce96dcb7e5763dc123652e",
                "3ac029e349dbba9821ea36a1bfdfbd47929f2767516262c001f617b9c10e8d12"
            ],
            "type": "Script",
            "firstPartyCookies": {},
            "firstPartyCookiesSent": {},
            "exampleSites": [
                "sindonews.com",
                "m.lokmat.com",
                "mforum.cari.com.my",
                "www.cpuagent.com",
                "www.dimsumdaily.hk",
                "www.freepressjournal.in",
                "www.haibunda.com",
                "www.suara.com",
                "www.telegraphindia.com",
                "www.whatfinger.com"
            ]
        },
        {
            "rule": "playstream\\.media\\/logo\\.png",
            "cookies": 0,
            "fingerprinting": 0,
            "subdomains": [
                "cdn"
            ],
            "apis": {},
            "sites": 9,
            "prevalence": 0.0000625,
            "cnames": [],
            "responseHashes": [],
            "type": "Image",
            "firstPartyCookies": {},
            "firstPartyCookiesSent": {},
            "exampleSites": [
                "sindonews.com",
                "daerah.sindonews.com",
                "m.lokmat.com",
                "www.cpuagent.com",
                "www.dimsumdaily.hk",
                "www.haibunda.com",
                "www.suara.com",
                "www.telegraphindia.com",
                "www.whatfinger.com"
            ]
        },
        {
            "rule": "playstream\\.media\\/domain\\/floater\\/21b76e16-2cc7-45dc-8a01-03b5522fcc94\\.js",
            "cookies": 0,
            "fingerprinting": 0,
            "subdomains": [
                "app"
            ],
            "apis": {},
            "sites": 2,
            "prevalence": 0.0000139,
            "cnames": [],
            "responseHashes": [],
            "type": "Script",
            "firstPartyCookies": {},
            "firstPartyCookiesSent": {},
            "exampleSites": [
                "hancinema.net",
                "www.hancinema.net"
            ]
        }
    ],
    "categories": [],
    "performance": {
        "time": 0,
        "size": 0,
        "cpu": 0,
        "cache": 0
    },
    "cookies": 0,
    "types": {
        "Script": 12,
        "Image": 9
    },
    "nameservers": [
        "zelda.ns.cloudflare.com",
        "walt.ns.cloudflare.com"
    ]
}