{
    "domain": "pointmediatracker.com",
    "owner": {},
    "source": [
        "DuckDuckGo-US"
    ],
    "prevalence": 0.000842,
    "sites": 122,
    "subdomains": [
        "pixel"
    ],
    "cnames": [],
    "fingerprinting": 0,
    "resources": [
        {
            "rule": "pointmediatracker\\.com\\/kpi",
            "cookies": 0.000476,
            "fingerprinting": 0,
            "subdomains": [
                "pixel"
            ],
            "apis": {},
            "sites": 69,
            "prevalence": 0.000476,
            "cnames": [],
            "responseHashes": [
                "dcecab1355b5c2b9ecef281322bf265ac5840b4688748586e9632b473a5fe56b"
            ],
            "type": "Image",
            "firstPartyCookies": {},
            "firstPartyCookiesSent": {
                "FPC": 0.000144984569499389,
                "BP_GTM_FPC": 0.00002071208135705557,
                "FPC_1": 0.000006904027119018524,
                "cookies.js": 0.000006904027119018524,
                "ppm_fpc": 0.000006904027119018524,
                "BPMFPC": 0.000006904027119018524,
                "Cookie": 0.000006904027119018524,
                "pp_fpc": 0.000006904027119018524,
                "BPM_FPC": 0.000006904027119018524,
                "cj_sid": 0.000006904027119018524,
                "bpm_first_party_cookie": 0.000006904027119018524,
                "BlissPointFPC": 0.000006904027119018524,
                "fpc": 0.000006904027119018524,
                "BPM FPC": 0.000006904027119018524,
                "ajs_anonymous_id": 0.000006904027119018524,
                "blisspoint_fpc": 0.000006904027119018524,
                "rbuid": 0.000006904027119018524
            },
            "exampleSites": [
                "edmunds.com",
                "www.edmunds.com",
                "poshmark.com",
                "hydrow.com",
                "www.m1finance.com",
                "www.grove.co",
                "myollie.com",
                "www.homechef.com",
                "casper.com",
                "www.outdoorsy.com",
                "www.atlassian.com",
                "www.misfitsmarket.com",
                "prose.com",
                "www.forhims.com",
                "theathletic.com",
                "www.backcountry.com",
                "lovevery.com",
                "es.duolingo.com",
                "society6.com",
                "curology.com"
            ]
        }
    ],
    "categories": [],
    "performance": {},
    "cookies": 0.000842,
    "types": {
        "Image": 69
    },
    "nameservers": [
        "ns-1512.awsdns-61.org",
        "ns-1967.awsdns-53.co.uk",
        "ns-376.awsdns-47.com",
        "ns-632.awsdns-15.net"
    ]
}