{
    "domain": "propu.sh",
    "owner": {},
    "source": [
        "DuckDuckGo-US"
    ],
    "prevalence": 0.000221,
    "sites": 32,
    "subdomains": [],
    "cnames": [],
    "fingerprinting": 1,
    "resources": [
        {
            "rule": "propu\\.sh\\/pfe\\/current\\/tag\\.min\\.js",
            "cookies": 0,
            "fingerprinting": 1,
            "subdomains": [],
            "apis": {
                "Navigator.prototype.userAgent": 5,
                "window.indexedDB": 5
            },
            "sites": 6,
            "prevalence": 0.0000414,
            "cnames": [],
            "responseHashes": [
                "3f55313671fe8d499a14f0b7c32732bfbb254c94e797200b73b68a0109b80651"
            ],
            "type": "Script",
            "firstPartyCookies": {},
            "firstPartyCookiesSent": {},
            "exampleSites": [
                "apkmirror.co.id",
                "doramaflix.com",
                "postpopuler.com",
                "realanswers-ph.com",
                "songtext-ubersetzung.com"
            ]
        },
        {
            "rule": "propu\\.sh\\/zone",
            "cookies": 0,
            "fingerprinting": 0,
            "subdomains": [],
            "apis": {},
            "sites": 10,
            "prevalence": 0.0000691,
            "cnames": [],
            "responseHashes": [
                "d4732bea1cd2e3db4fc7135280c415ee435dc40de681a984f24a83f47b99c81b",
                "d7505168c85b58e9b73bfddc6926af7210df0e9f6817abb5a867d48d1ec76c4c",
                "758d3c893c41e561e127cb793f917ab25a6a940dab18aa9e80ca598a727266b6",
                "ef60726140d12e3c46dc4d6d637d67115c4fcc3789bae694274060001722b8a9",
                "e5b65b3bf9a5d79097a98101ec3e6a6ba4f3c2a3d18dbdb9660fcc0a3bd42732",
                "d39cf63fcf9ee4291f3f790d76acd5d070283293ddf85b0013d239389c01f08c",
                "9307b653a5fd3dc04f6f5fa3278387fef74d7e562ef9461af0b1f1c6e4c94ce6",
                "8e615a2bc08629de4a1579a25b01aab8c368a6405450c74389c7cef79f9387fd",
                "62f4672320a92de4137e21c4d0f03f644e580cafec658a3cb0bf702a06e6b6d2"
            ],
            "type": "Fetch",
            "firstPartyCookies": {},
            "firstPartyCookiesSent": {},
            "exampleSites": [
                "apkmirror.co.id",
                "doramaflix.com",
                "mp3juice.dj",
                "postpopuler.com",
                "realanswers-ph.com",
                "songtext-ubersetzung.com",
                "vid.trendsintoday.com",
                "www.hebergementwebs.com",
                "www.synonyms-thesaurus.com"
            ]
        },
        {
            "rule": "propu\\.sh\\/pfe\\/current\\/universal\\.min\\.js",
            "cookies": 0,
            "fingerprinting": 0,
            "subdomains": [],
            "apis": {},
            "sites": 10,
            "prevalence": 0.0000691,
            "cnames": [],
            "responseHashes": [
                "b3c59e08113df5b3434ae1dbef3a4e96166fceaa580f67a0f401728b4994252c"
            ],
            "type": "Fetch",
            "firstPartyCookies": {},
            "firstPartyCookiesSent": {},
            "exampleSites": [
                "apkmirror.co.id",
                "doramaflix.com",
                "mp3juice.dj",
                "postpopuler.com",
                "realanswers-ph.com",
                "songtext-ubersetzung.com",
                "vid.trendsintoday.com",
                "www.hebergementwebs.com",
                "www.synonyms-thesaurus.com"
            ]
        },
        {
            "rule": "propu\\.sh\\/custom",
            "cookies": 0,
            "fingerprinting": 0,
            "subdomains": [],
            "apis": {},
            "sites": 9,
            "prevalence": 0.0000621,
            "cnames": [],
            "responseHashes": [],
            "type": "Preflight",
            "firstPartyCookies": {},
            "firstPartyCookiesSent": {},
            "exampleSites": [
                "apkmirror.co.id",
                "doramaflix.com",
                "mp3juice.dj",
                "postpopuler.com",
                "realanswers-ph.com",
                "songtext-ubersetzung.com",
                "www.hebergementwebs.com",
                "www.synonyms-thesaurus.com"
            ]
        },
        {
            "rule": "propu\\.sh\\/custom",
            "cookies": 0,
            "fingerprinting": 0,
            "subdomains": [],
            "apis": {},
            "sites": 9,
            "prevalence": 0.0000621,
            "cnames": [],
            "responseHashes": [
                "ff752c1c79bb2c0347c5a8b7f069fa2772047324dbbadf77d21cec4b26ee3881"
            ],
            "type": "Fetch",
            "firstPartyCookies": {},
            "firstPartyCookiesSent": {},
            "exampleSites": [
                "apkmirror.co.id",
                "doramaflix.com",
                "mp3juice.dj",
                "postpopuler.com",
                "realanswers-ph.com",
                "songtext-ubersetzung.com",
                "www.hebergementwebs.com",
                "www.synonyms-thesaurus.com"
            ]
        },
        {
            "rule": "propu\\.sh\\/pfe\\/current\\/defaultSkin\\.min\\.js",
            "cookies": 0,
            "fingerprinting": 0,
            "subdomains": [],
            "apis": {},
            "sites": 3,
            "prevalence": 0.0000207,
            "cnames": [],
            "responseHashes": [
                "7b23e3a7155161323573e58616ff1bfdaffd0560483db31315d181f6b394ddd5"
            ],
            "type": "Fetch",
            "firstPartyCookies": {},
            "firstPartyCookiesSent": {},
            "exampleSites": [
                "doramaflix.com",
                "postpopuler.com"
            ]
        },
        {
            "rule": "propu\\.sh\\/pfe\\/current\\/service-worker\\.min\\.js",
            "cookies": 0,
            "fingerprinting": 0,
            "subdomains": [],
            "apis": {},
            "sites": 12,
            "prevalence": 0.0000829,
            "cnames": [],
            "responseHashes": [
                "83201cac649ddc454a5cc7232569e26aa9defc349984d983d99f9dc075867c50"
            ],
            "type": "Other",
            "firstPartyCookies": {},
            "firstPartyCookiesSent": {},
            "exampleSites": [
                "apkmirror.co.id",
                "codex-games.com",
                "dailyexcessive.com",
                "futemax.gratis",
                "hotsexstory.xyz",
                "motivationandlove.com",
                "mp3-youtu.be",
                "mp3juice.dj",
                "myanimein.ga",
                "study-assistantph.com",
                "thestunningphotos.com",
                "www.synonyms-thesaurus.com"
            ]
        },
        {
            "rule": "propu\\.sh\\/event",
            "cookies": 0,
            "fingerprinting": 0,
            "subdomains": [],
            "apis": {},
            "sites": 6,
            "prevalence": 0.0000414,
            "cnames": [],
            "responseHashes": [
                "d39aba8f43a9f380e06d7bcad37557d7698f7e41e0b0e4fd6161ec853d4098b4",
                "6c35bbf875135c0e296ee95aad1c74dc1901b2dda1511beab10366dc282ff8d4",
                "e3054c1b6dc2563a088deb4a7a35da872badcb62d51a52ce378c25dd6dc0dff8",
                "44cd8083c76d9edc8813bb2311a4116d30a57eec8d49ced11123d83578d052b0"
            ],
            "type": "Fetch",
            "firstPartyCookies": {},
            "firstPartyCookiesSent": {},
            "exampleSites": [
                "apkmirror.co.id",
                "mp3juice.dj",
                "realanswers-ph.com",
                "songtext-ubersetzung.com",
                "www.hebergementwebs.com",
                "www.synonyms-thesaurus.com"
            ]
        },
        {
            "rule": "propu\\.sh\\/event",
            "cookies": 0,
            "fingerprinting": 0,