{
    "domain": "protoawegw.com",
    "owner": {},
    "source": [
        "DuckDuckGo-US"
    ],
    "prevalence": 0.000257,
    "sites": 37,
    "subdomains": [
        "api-protected"
    ],
    "cnames": [],
    "fingerprinting": 0,
    "resources": [
        {
            "rule": "protoawegw\\.com\\/v2\\/player\\/performer\\/get",
            "cookies": 0,
            "fingerprinting": 0,
            "subdomains": [
                "api-protected"
            ],
            "apis": {},
            "sites": 27,
            "prevalence": 0.000187,
            "cnames": [],
            "responseHashes": [
                "91a15b1572b38d62e751e3a79b57fbc796a19812a16372db885512c1de245be8",
                "54b36cf6ab191018aefa137aaa8ee772d1ee879bec7da5b6324c63a54acacfdd",
                "2c7440498922a303f4a2352e94e89fd61830f1c97656446a720ee39dd8fcb069",
                "e7338f8d72ab8ddea9936c5a9095148c114c8e23a175961b7b326b7ee641bfc2",
                "f3d31be41f1b019404d03bf1c3fa3f8526855224f64ce6305a2c38e3bdd1ce0e",
                "705e38cf05bd0c1c91258a54c14e1ae85e7f256550523655b145cc02363fc03b",
                "55d965aba30180d1295fc3f5d4d0302664eab9c00f290f88df4c51944899416f",
                "fea8488b4b240c2f599dbfa6cf65151542cc0f77f0473b320200546268742103",
                "ab16920fd77a540f3b619523a882e7a443d4b88843d42d60fdddbf9d655a3c9a",
                "01691c397c0251bd2e6fa47a9610601c6a45aad0f4bdc19ec4a5806a6734d2f7",
                "81f6944e41344ca5933f8401da6369e1add15d12d3807c21db8ba64e47c60659",
                "d38e9b6da91817cc6489ecb6c6be1fe6d547076e904d49e28992aefc7475a1e3",
                "4975d3c62bf86007c82d5b4b415bf2bae399806e96b77a12769e9d54ee87253b",
                "2b6380b737af4a265f303386bdd1b6ee618e75d99bd0d8d345999628b9ca9429",
                "e5dcec8fa2bcef344f3fa934c5f28f780d007bcd14edfe8999c8336446acab07",
                "388834601d1c0b6226c2d20cfdf435ac56131829f6fdc149bba9458bafab866f",
                "435b82cada3e170e81f7d9f79601c0a89d65fd12cb0008a8f0ca8f6b2e479659",
                "7a43344b1b36ebca623ea508389f35b14170f377c803d6268d7fb3f8da70de1d",
                "c7f3945921251fa1c382f6da5fa13c65848613614ef38ab3b73f21747563399a",
                "d260f4cd53f952e67083da11d32a0215f18bff9aa40d531ebed5aa83482a1865",
                "b367a279a199d57e5d82d17d374f9dede0294f436d4e2bd5371807c1dfbc25e7",
                "a19ad9985a93f00d8f274f4e6a05b0d5acec2596bdd5238b50bd580efe5ca6b1",
                "326f2ca5537d623ad25ba17e552ab23312d60dba2f3d43efad8f233cd3b5ef96",
                "81e6424f64ac6f69e3d0793257b4f84fcbaca111c6f5f8575061ec54f0375f6e",
                "b11dcac413eb697260cdb90b9be686207244974e62c735dcb3678ea11b8223b5",
                "9f04ab2d4a8c020dc489de6964481a1f5303ee8d41f69f03fbd2da7efdf7d2d7"
            ],
            "type": "Fetch",
            "firstPartyCookies": {},
            "firstPartyCookiesSent": {},
            "exampleSites": [
                "imagefap.com",
                "imgspice.com",
                "pornstarbyface.com",
                "www.freshscat.com",
                "www.xxxfiles.com",
                "camhoes.tv",
                "camflow.tv",
                "camclips.tv",
                "es.spankbang.com",
                "camtrollops.com",
                "www.javhoo.com",
                "www.ratedgross.com",
                "sassygays.com",
                "sissyhypno.org",
                "www.mrporngeek.com",
                "thotvids.com",
                "www.cambay.tv",
                "lesbian.movie",
                "www.models-world.com",
                "www.foxhq.com"
            ]
        },
        {
            "rule": "protoawegw\\.com\\/v2\\/player\\/performer\\/search",
            "cookies": 0,
            "fingerprinting": 0,
            "subdomains": [
                "api-protected"
            ],
            "apis": {},
            "sites": 19,
            "prevalence": 0.000132,
            "cnames": [],
            "responseHashes": [
                "e1b8758f5449a9b647aed63ff5af2641cc8705c738ff15383830f4f76f15304b",
                "0157421534a37d70022417a62f38ae667ce7691616e45817c6ded1deeab74451",
                "921eba67b4dd51b7048e90ec19c3d94d56a87033ebe686818798e0f6570510f7",
                "67a12907ac0afb84be776f7c2d07ab7a7f5de73e2441e483a1a3077457adf1a9",
                "5284e71143e483a5f8c16d5f043a9a1e1fb3225731e52858dbe5178f7065d043",
                "f214617adf6b67a264491e4a1ce05aa8ad4fad1609ba981b1b7a7b6612ee5281",
                "b5a2acdf4901e5f821b730e7297e61b55628956ddfd5d42474d91d9f49b0ca04",
                "4e0be51302ec9028ed54ae0f075b1b604f2cff6f3ac9a2e081cc9a4eab0888b1",
                "92ce1f5efac8ed9bfc9509b280a79ff121a61a5a4ebfd1f4109687c98deeef9e",
                "6d88ec78d6747f2fde4c3b8836073cdeac6a097e900286216c7848f2b3da7c24",
                "6c7a66130c9fafd62bbb0cee21d1c22da1c0f688ee390db3cfbdff2202d89f5d",
                "36dfe6e9c4cac5ea54404c0d5acf369fa6a4292a9865153ccbbb4b175d942caf",
                "d04e925a49f5a24643bfb238da261a3e16ac3cf89823958628f5933b813c82c0",
                "021d0eb726d8ede85cb61e691e27df48b0d3ff536efd25dd046c683782040a97",
                "d476a54e94602a7d69b8f63ae0d5550a8f0f8b9257b598576049ea63ba1b2355",
                "4c5115c3254eec9548591c81089cf50864b5f2a1c10793db0e523c7bd85ac1a3",
                "64e2f6fde891f778d04691549e540296a927a4c6dfa857767075f813f8de041c"
            ],
            "type": "Fetch",
            "firstPartyCookies": {},
            "firstPartyCookiesSent": {},
            "exampleSites": [
                "imagefap.com",
                "beta.imagefap.com",
                "camflow.tv",
                "camhoes.tv",
                "camtrollops.com",
                "celeb-stalker.com",
                "es.spankbang.com",
                "imgspice.com",
                "lesbian.movie",
                "pornstarbyface.com",
                "www.boundhub.com",
                "www.camsexvideo.net",
                "www.foxhq.com",
                "www.javhoo.com",
                "www.models-world.com",
                "www.ratedgross.com",
                "www.shemalewiki.com",
                "www.sleazyneasy.com",
                "www.xxxfiles.com"
            ]
        }
    ],
    "categories": [],
    "performance": {
        "time": 1,
        "size": 1,
        "cpu": 0,
        "cache": 3
    },
    "cookies": 0,
    "types": {
        "Fetch": 46
    },
    "nameservers": [
        "ns2.eurodns.com",
        "ns3.eurodns.com",
        "ns4.eurodns.com",
        "ns1.eurodns.com"
    ]
}