{
    "domain": "prscripts.com",
    "owner": {},
    "source": [
        "DuckDuckGo-US"
    ],
    "prevalence": 0.000167,
    "sites": 24,
    "subdomains": [],
    "cnames": [],
    "fingerprinting": 1,
    "resources": [
        {
            "rule": "prscripts\\.com\\/d\\/",
            "cookies": 0,
            "fingerprinting": 0,
            "subdomains": [],
            "apis": {},
            "sites": 2,
            "prevalence": 0.0000139,
            "cnames": [],
            "responseHashes": [
                "bf5767724f270243ab9a27d231666940d70af4a7f7cbcd7bd661d60637801cba"
            ],
            "type": "Script",
            "firstPartyCookies": {},
            "firstPartyCookiesSent": {},
            "exampleSites": [
                "amateurnudepics.com",
                "xxxvideos.red"
            ]
        },
        {
            "rule": "prscripts\\.com\\/pub\\.js",
            "cookies": 0.0000833,
            "fingerprinting": 1,
            "subdomains": [],
            "apis": {
                "Screen.prototype.height": 2,
                "Screen.prototype.width": 2,
                "Navigator.prototype.userAgent": 2,
                "Navigator.prototype.mimeTypes": 2,
                "Date.prototype.getTime": 2,
                "window.localStorage": 2,
                "Document.cookie getter": 1
            },
            "sites": 12,
            "prevalence": 0.0000833,
            "cnames": [],
            "responseHashes": [
                "6757f9ee93468c19cb2ec50566403bf5c86786fbe517044b975a591ddd053f29",
                "416eab16310446a5e5a33ef69f3dae38c78d372eed7aed0b9695828dad157bd1",
                "e8eb7d5d31b2ba730abd087773000b1d4d1125682a85298f929aaf585d531df2",
                "98968f7e096a11c19465531b3e7151fb0e38471a1405b510e0cc693cb54ed992",
                "19324c6675c5c7b05f73f001e639c9004c6cef41285a2bc378ecf891c88f8218",
                "7fdeabaafc2787c8d8ca5a0c822129fc3d2d7ea0430d95e2aecb114f4e38b2a9",
                "362cb672fccf010820991025cbeb5fe6bfd5ba72469ec73a56ff6f25c7b6d734",
                "1f29561ac952409309a72a8f5cdb2c324c6f69739601cc52a6b70d70e4183e3f",
                "578e8fec450ddeedac755deb9c52b31240bac3659c28435925c1b02006438cb3",
                "8ae4d364fc7b42f2681aecc25fd5b73a95f2dacda9d9195efa892dbbbad96e0f"
            ],
            "type": "Script",
            "firstPartyCookies": {},
            "firstPartyCookiesSent": {},
            "exampleSites": [
                "chatropolis.com",
                "gbporno.com",
                "japaneseteen.me",
                "momhot.net",
                "omoms.net",
                "sickjunk.com",
                "www.aneroticstory.com",
                "www.eroticiracconti.it",
                "www.redtube.fm",
                "www.sex4stories.com",
                "www.videospornodetv.com",
                "xxxpremiumpass.com"
            ]
        }
    ],
    "categories": [],
    "performance": {
        "time": 1,
        "size": 1,
        "cpu": 0,
        "cache": 3
    },
    "cookies": 0.000153,
    "types": {
        "Script": 14
    },
    "nameservers": [
        "erin.ns.cloudflare.com",
        "brad.ns.cloudflare.com"
    ]
}