{
    "domain": "relish.com",
    "owner": {
        "name": "Fexy Media, Inc.",
        "displayName": "Fexy Media"
    },
    "source": [
        "DuckDuckGo-US"
    ],
    "prevalence": 0.0000828,
    "sites": 12,
    "subdomains": [
        "www"
    ],
    "cnames": [],
    "fingerprinting": 2,
    "resources": [
        {
            "rule": "relish\\.com\\/scripts\\/relish\\.js",
            "cookies": 0,
            "fingerprinting": 2,
            "subdomains": [
                "www"
            ],
            "apis": {
                "Navigator.prototype.userAgent": 6,
                "Navigator.prototype.platform": 6,
                "Screen.prototype.orientation": 6,
                "Date.prototype.getTime": 3
            },
            "sites": 6,
            "prevalence": 0.0000414,
            "cnames": [],
            "responseHashes": [
                "9b5a43264658c90bfc312fe50c7a73bce2215de4d0c34575f146a8aed72070f3",
                "c80d4658334fdbfd35722de5c83eca85c290f6be45bb69de0626575825f8a851",
                "2fca0ef6cc9df24487e7fa33f5586da3cf0973e4968195b32b68e1b752209821",
                "c5ba2751e9916c3dd3a5280a31657c479a00711af0dfcffb31fa5a0654251b43"
            ],
            "type": "Script",
            "firstPartyCookies": {},
            "firstPartyCookiesSent": {},
            "exampleSites": [
                "anitalianinmykitchen.com",
                "cookieandkate.com",
                "downshiftology.com",
                "ohsweetbasil.com",
                "www.diabetesfoodhub.org",
                "www.skinnytaste.com"
            ]
        },
        {
            "rule": "relish\\.com\\/scripts\\/storage",
            "cookies": 0,
            "fingerprinting": 1,
            "subdomains": [
                "www"
            ],
            "apis": {
                "window.localStorage": 6,
                "Date.prototype.getTime": 6
            },
            "sites": 6,
            "prevalence": 0.0000414,
            "cnames": [],
            "responseHashes": [
                "4381c8942a21f539828c789dc66435a2c736c7708521205f1899ff11008849a3",
                "9eab2f84b9bc5d5b5d2674880b6d39df62dfb760946ba0fa24819a00ac90018a",
                "49df38f2c9fb8a32354ef9331bbcf1256e3f9bc7dcaa7f3d0daf36e95d5b9b74",
                "4a8a01934f1f7ff9f53a5dcc894eaf52da09998146faad7a5f42a6cfc4ee597e",
                "5b7749dfded3505109e534f7d49c065488fce69d36fcfec5c1c319f77c51a2aa"
            ],
            "type": "Document",
            "firstPartyCookies": {},
            "firstPartyCookiesSent": {},
            "exampleSites": [
                "anitalianinmykitchen.com",
                "cookieandkate.com",
                "downshiftology.com",
                "ohsweetbasil.com",
                "www.diabetesfoodhub.org",
                "www.skinnytaste.com"
            ]
        },
        {
            "rule": "relish\\.com\\/cdn-cgi\\/rum",
            "cookies": 0,
            "fingerprinting": 0,
            "subdomains": [
                "www"
            ],
            "apis": {},
            "sites": 6,
            "prevalence": 0.0000414,
            "cnames": [],
            "responseHashes": [
                "e3b0c44298fc1c149afbf4c8996fb92427ae41e4649b934ca495991b7852b855"
            ],
            "type": "XHR",
            "firstPartyCookies": {},
            "firstPartyCookiesSent": {},
            "exampleSites": [
                "anitalianinmykitchen.com",
                "cookieandkate.com",
                "downshiftology.com",
                "ohsweetbasil.com",
                "www.diabetesfoodhub.org",
                "www.skinnytaste.com"
            ]
        },
        {
            "rule": "relish\\.com\\/api\\/v1\\/retailers\\/00000",
            "cookies": 0,
            "fingerprinting": 0,
            "subdomains": [
                "www"
            ],
            "apis": {},
            "sites": 6,
            "prevalence": 0.0000414,
            "cnames": [],
            "responseHashes": [
                "bf02e72c4726f7f769db611bc1b13267258bbbcc4d53c905303e53f153f9fdb2"
            ],
            "type": "Fetch",
            "firstPartyCookies": {},
            "firstPartyCookiesSent": {},
            "exampleSites": [
                "anitalianinmykitchen.com",
                "cookieandkate.com",
                "downshiftology.com",
                "ohsweetbasil.com",
                "www.diabetesfoodhub.org",
                "www.skinnytaste.com"
            ]
        },
        {
            "rule": "relish\\.com\\/api-insights\\/log",
            "cookies": 0,
            "fingerprinting": 0,
            "subdomains": [
                "www"
            ],
            "apis": {},
            "sites": 3,
            "prevalence": 0.0000207,
            "cnames": [],
            "responseHashes": [
                "36486f6f8ea9c0ede9e0b7fa48630f2a837c376efa25adc78efac2a0a2068665"
            ],
            "type": "Fetch",
            "firstPartyCookies": {},
            "firstPartyCookiesSent": {},
            "exampleSites": [
                "anitalianinmykitchen.com",
                "cookieandkate.com",
                "www.diabetesfoodhub.org"
            ]
        }
    ],
    "categories": [],
    "performance": {},
    "cookies": 0,
    "types": {
        "Script": 6,
        "Document": 6,
        "XHR": 6,
        "Fetch": 9
    },
    "nameservers": [
        "betty.ns.cloudflare.com",
        "hans.ns.cloudflare.com"
    ]
}