{
    "domain": "rev-stripe.com",
    "owner": {},
    "source": [
        "DuckDuckGo-US"
    ],
    "prevalence": 0.000292,
    "sites": 42,
    "subdomains": [
        "tr"
    ],
    "cnames": [],
    "fingerprinting": 0,
    "resources": [
        {
            "rule": "rev-stripe\\.com\\/stripe\\/image",
            "cookies": 0.0000139,
            "fingerprinting": 0,
            "subdomains": [
                "tr"
            ],
            "apis": {},
            "sites": 30,
            "prevalence": 0.000208,
            "cnames": [],
            "responseHashes": [
                "a527fc0bbd30d5e50bfe916acab5305411232c48a45db0be7016e3e203c0d8d9",
                "ff6f2ad70cb47489309a23cd4472861ba1bd113553130bfacdc6e28771bcb8aa",
                "5481706aa18db6a1b999a2223b86601f9b418b2bb01223d95cffeb4f05277fef",
                "bb9ed8089b77b1cb2549b044e7e0002e36fbf3811e8b829a6b2aece56a9d7e8d",
                "2db11697e9cbefc862c880a1d0cc39a91e616fe9119945e1d0a9665328175ea9",
                "7148ca9a848274eb90f25c60b416ff15ff4a5ed5ab4fb784b0f69e7508488b4e",
                "572d7c2c81daf9a9f6d161461d0cf92854aa2a1111ce796b9fb08ac57819f716",
                "699323e41581f56b3acd9b70a89b0f62000d10dfb74bad460dd8b8c98d64e916",
                "6d0661a4ca64e40c3ffdda1ddf387b79bf3c1b2e2421991cfaf584b92efed29b",
                "4578db6c4819fb1d274c4825a245f3948c7188f44f7c2f048944c0ffdc3d7caa",
                "2ff034c73321d5b3fe8bcd19ed7c4d458ad71c6b3de81fe6c75b4bd5fd4bed70"
            ],
            "type": "Image",
            "firstPartyCookies": {},
            "firstPartyCookiesSent": {},
            "exampleSites": [
                "www.thegatewaypundit.com",
                "outragedpatriot.com",
                "steadfastclash.com",
                "www.gungenius.com",
                "rightwingnews.com",
                "conservativeinstitute.org",
                "www.allfreecrochet.com",
                "dailytruthreport.com",
                "clashdaily.com",
                "americanconservativemovement.com",
                "100percentfedup.com",
                "theblacksphere.net",
                "freedomheadlines.com",
                "ussanews.com",
                "www.allfreesewing.com",
                "basedunderground.com",
                "conservativeplaylist.com",
                "www.jihadwatch.org",
                "flagandcross.com",
                "teapartypac.org"
            ]
        }
    ],
    "categories": [],
    "performance": {
        "time": 1,
        "size": 1,
        "cpu": 0,
        "cache": 3
    },
    "cookies": 0.0000486,
    "types": {
        "Image": 30
    },
    "nameservers": [
        "ns-2032.awsdns-62.co.uk",
        "ns-682.awsdns-21.net",
        "ns-1237.awsdns-26.org",
        "ns-158.awsdns-19.com"
    ]
}