{
    "domain": "rtbdemand.com",
    "owner": {},
    "source": [
        "DuckDuckGo-US"
    ],
    "prevalence": 0.000167,
    "sites": 22,
    "subdomains": [
        "rtb-eu"
    ],
    "cnames": [],
    "fingerprinting": 0,
    "resources": [
        {
            "rule": "rtbdemand\\.com\\/hb",
            "cookies": 0,
            "fingerprinting": 0,
            "subdomains": [
                "rtb-eu"
            ],
            "apis": {},
            "sites": 15,
            "prevalence": 0.000114,
            "cnames": [],
            "responseHashes": [
                "e3b0c44298fc1c149afbf4c8996fb92427ae41e4649b934ca495991b7852b855",
                "fb6797bdaaf6354ae0004020073b62009858bd5288d1139dba7880befe488270",
                "afdfaf03010c35a954ea89a5b6577e61e074cf20b59f2b327c315276ab0e1f28",
                "d0e725932822884bfffc8c3adb06a0e03389d258efdd7c032fa2c3e147b1e55e",
                "0663fa0af4f24f31dd63949d53068666deb89f6863bcb4e75b87b21a834af61c",
                "f68e04092c20fb64af48db293a778a17c75344cb32c307193740eacdfeeeabdf",
                "6e42b6292d9db1d263dc44b611a08f3e09dd2db6ea279cbafa6a9e755b075365",
                "7225d3afc6673b337954d9f7647f480043a8786c1b258b010eaa1a737cd938df",
                "98aabb27e9a29e79a30d75eb2a1334a79e0858840dde207137bac05634c6419b",
                "795ed3af1ac923d7fffc18b5b096cd7b75b4ee40b226e44552b83b69e3ef2eb0"
            ],
            "type": "XHR",
            "firstPartyCookies": {},
            "firstPartyCookiesSent": {},
            "exampleSites": [
                "englishsummary.com",
                "m.recipes.timesofindia.com",
                "m.republicworld.com",
                "photogallery.indiatimes.com",
                "recipes.timesofindia.com",
                "www.anandabazar.com",
                "www.andhrajyothy.com",
                "www.biggboss4.com",
                "www.bollywoodlife.com",
                "www.dinamalar.com",
                "www.dnaindia.com",
                "www.eenadu.net",
                "www.loksatta.com",
                "www.tamilsky.net",
                "zeenews.india.com"
            ]
        }
    ],
    "categories": [],
    "performance": {},
    "cookies": 0,
    "types": {
        "XHR": 15
    },
    "nameservers": [
        "ns35.domaincontrol.com",
        "ns36.domaincontrol.com"
    ]
}