{
    "domain": "scorestream.com",
    "owner": {},
    "source": [
        "DuckDuckGo-US"
    ],
    "prevalence": 0.000138,
    "sites": 20,
    "subdomains": [],
    "cnames": [],
    "fingerprinting": 0,
    "resources": [
        {
            "rule": "scorestream\\.com\\/widgets\\/scoreboards\\/horz",
            "cookies": 0.0000483,
            "fingerprinting": 0,
            "subdomains": [],
            "apis": {},
            "sites": 7,
            "prevalence": 0.0000483,
            "cnames": [],
            "responseHashes": [
                "efca200b7d33afaeaa5aa92af53217aa75fe3772649cdee778d65379a84732de",
                "7a0c095278b3761a562dd49e42c586f4e560f1e60037c57c801c075bbb8b5635",
                "622cbc2d9f0d8129e7bf6f43b2f1d2afc2358b3a1871dca7ae5798075e873128",
                "9254ad85eb2540526ce804814fdbfd8fd6b89a0ddec162ff19c0f0d5b600f9df",
                "76a248cc5b0980f4ee180bb9e9e67c88306ae4ddc357c990d2820286527fe76b",
                "50e330ca1a6f9fa7c71c2ec9b590f794e3703a87e59b561d59ef5e4e24824e50"
            ],
            "type": "Document",
            "firstPartyCookies": {},
            "firstPartyCookiesSent": {},
            "exampleSites": [
                "observer-reporter.com",
                "www.680thefan.com",
                "www.counton2.com",
                "www.gwinnettdailypost.com",
                "www.ketk.com",
                "www.klfy.com",
                "www.wearecentralpa.com"
            ]
        },
        {
            "rule": "scorestream\\.com\\/api",
            "cookies": 0,
            "fingerprinting": 0,
            "subdomains": [],
            "apis": {},
            "sites": 18,
            "prevalence": 0.000124,
            "cnames": [],
            "responseHashes": [
                "82d72674b307c98476a77c79d9526f59ee057f274cee3d6a226c4ed4d36560f6",
                "d61966e36dacb814a2fd6279a896e787540bb5211fe44292ba5067b1fc2d0acd",
                "c10b71e8456dcae68735b89b35a86e376f2b8958e5c8e5f773aea7ba4dbad163",
                "edc99b8ddd0a3da1878b13c99d74e493cc3d3ce0031af6f09324f3631147ab2f",
                "8d5edd8fb29f59c21b0fe0f5cc0a2c41e3cd9219998e404da6cb3c8cc1be3b66",
                "1580e4731750b9e0cd89614961c887ccd5545a4fa18e9b119357d4cc5ddc2775",
                "d15ed87b0d67a0d071079af6f7fd620153e8d157c6b57b51b72831b0eb65d916",
                "8bde961ea4c667fef3cb319ff76532d370283bdef9ca3c67c018a3ef36f41315",
                "2d8d02daccae9b656491da8d68416859dc659275289c89c3886de2efca4766a4",
                "6c4d9c384d929ccad3de99b62ed0f8f8872c24f98bec4934cdfcd816831e79b5",
                "0a90741080a842ff6abb4cfa44b9bbb9c533f8b3b2aec0a40f5d1379f07861a1"
            ],
            "type": "XHR",
            "firstPartyCookies": {},
            "firstPartyCookiesSent": {},
            "exampleSites": [
                "observer-reporter.com",
                "texas.rivals.com",
                "wjon.com",
                "www.680thefan.com",
                "www.counton2.com",
                "www.ctpost.com",
                "www.everythinglubbock.com",
                "www.greenwichtime.com",
                "www.gwinnettdailypost.com",
                "www.ketk.com",
                "www.klfy.com",
                "www.newstimes.com",
                "www.nhregister.com",
                "www.stamfordadvocate.com",
                "www.thehour.com",
                "www.timesunion.com",
                "www.valleycentral.com",
                "www.wearecentralpa.com"
            ]
        },
        {
            "rule": "scorestream\\.com\\/widgets\\/scoreboards\\/vert",
            "cookies": 0.000076,
            "fingerprinting": 0,
            "subdomains": [],
            "apis": {},
            "sites": 11,
            "prevalence": 0.000076,
            "cnames": [],
            "responseHashes": [
                "a60df89edd8b3a0589f0e395348c88a3828ad8ed4924c90c0edd7ebc940948d7",
                "794d6a49ed09c185def0493a4161e2d9be4ed1af0bcd417f927db36fa0dc77d3",
                "1f5ca45cd9869b7338958d3463b5fb7986732cfd858d3a11c8f9bc6e6d404573",
                "8144c6423f2c06a01ac3fc9a037a8656b1eb346bd49007fbf3dbb134a3bba8bc",
                "16ec4129fca925202617cfb239cce47739744ff260626e0bf78dfd7edb45b426",
                "7fbaa98b46f453c58fd171bbfb7eabb6a48b29f756fa4eb6a1a71fe392401784",
                "6fa7ece9f5b69abca356253842e8775697a816a412979eb99b735e7db520462f",
                "c1976bc8c5a28cffd881da0bdf80a992604fc964a4021ff3baabbb8906c10c3d",
                "9ecdc92f3ae13d951f042b563dee94506b5179d359cb287e49a6e935b64efb31",
                "ae6ceceea8917aff89240651f1554f400e6172412e89c2111e10d1c7cc29a20f"
            ],
            "type": "Document",
            "firstPartyCookies": {},
            "firstPartyCookiesSent": {},
            "exampleSites": [
                "rivals.com",
                "wjon.com",
                "www.ctpost.com",
                "www.everythinglubbock.com",
                "www.greenwichtime.com",
                "www.newstimes.com",
                "www.nhregister.com",
                "www.stamfordadvocate.com",
                "www.thehour.com",
                "www.timesunion.com",
                "www.valleycentral.com"
            ]
        },
        {
            "rule": "scorestream\\.com\\/apiJsCdn\\/widgets\\/embed\\.js",
            "cookies": 0,
            "fingerprinting": 0,
            "subdomains": [],
            "apis": {},
            "sites": 13,
            "prevalence": 0.0000898,
            "cnames": [],
            "responseHashes": [
                "ea3faf0695efabd517c89a2a7c2bf5e54ad388a13b6cd02affe5767b7a854c65"
            ],
            "type": "Script",
            "firstPartyCookies": {},
            "firstPartyCookiesSent": {},
            "exampleSites": [
                "counton2.com",
                "www.ctpost.com",
                "www.everythinglubbock.com",
                "www.greenwichtime.com",
                "www.ketk.com",
                "www.klfy.com",
                "www.newstimes.com",
                "www.nhregister.com",
                "www.stamfordadvocate.com",
                "www.surlyhorns.com",
                "www.thehour.com",
                "www.timesunion.com",
                "www.valleycentral.com"
            ]
        },
        {
            "rule": "scorestream\\.com\\/api",
            "cookies": 0,
            "fingerprinting": 0,
            "subdomains": [],
            "apis": {},
            "sites": 9,
            "prevalence": 0.0000621,
            "cnames": [],
            "responseHashes": [],
            "type": "Preflight",
            "firstPartyCookies": {},
            "firstPartyCookiesSent": {},
            "exampleSites": [
                "ctpost.com",
                "www.everythinglubbock.com",
                "www.greenwichtime.com",
                "www.newstimes.com",
                "www.nhregister.com",
                "www.stamfordadvocate.com",
                "www.thehour.com",
                "www.timesunion.com",
                "www.valleycentral.com"
            ]
        }
    ],
    "categories": [],
    "performance": {},
    "cookies": 0.000124,
    "types": {
        "Document": 18,
        "XHR": 18,
        "Script": 13,
        "Preflight": 9
    },
    "nameservers": [
        "ns-652.awsdns-17.net",
        "ns-442.awsdns-55.com",
        "ns-1148.awsdns-15.org",
        "ns-1905.awsdns-46.co.uk"
    ]
}