{
    "domain": "secureaddisplay.com",
    "owner": {},
    "source": [
        "DuckDuckGo-US"
    ],
    "prevalence": 0.000249,
    "sites": 36,
    "subdomains": [],
    "cnames": [],
    "fingerprinting": 1,
    "resources": [
        {
            "rule": "secureaddisplay\\.com\\/au\\/bmd\\/",
            "cookies": 0.0000897,
            "fingerprinting": 0,
            "subdomains": [],
            "apis": {},
            "sites": 13,
            "prevalence": 0.0000897,
            "cnames": [],
            "responseHashes": [
                "58ca3cc181a4c58863ae96e1ecd9ca291f95141283e451e5a28a7ce4e8a80229",
                "32cb245b0bc6679c8c981de91a4acd3fe3cda0e8d191c0a2f105b12455a35edd",
                "6dab09d6ee4ed58ce8f338f29fc80813af8c0e696bfc40fd5fc848ea19954187",
                "fbc236ae62f067f70d7075d99883ef40d49b5521643b3407522e218aa1083ace",
                "3c02373641f1e7ebeff5dadef6901c10ae4d01bb57cb608e938992ec6912b125",
                "3bdf11d1d3bdd8071ad842b88497d26c1c8116181551e96e354254382dcab43a",
                "f0bffe243c2cbb6b3646bf7d4230d4f28874f30f065bd66be500b4caee7cb169",
                "cab76f8d15e4bd43a19c552edb853ff2f9cd9f13374d88fe827bf7916088263f",
                "0e8d8f2aa38c911d6a419d27430d6ab7c1392090bce8e3652d7500c65b2e7cef",
                "e3238b269058b01c1a9ccf8005afffc67876215b24a6ad0f1513bb3a40787b84",
                "7248d3ca759bea0caaa38cb8e610c7fecd3c087c87d1d1ddc59b81b728b45342",
                "c34f25526f04c8f2cac2d2191656f4172f9a822c7446738ce7c6824398aa7c94"
            ],
            "type": "Script",
            "firstPartyCookies": {},
            "firstPartyCookiesSent": {},
            "exampleSites": [
                "americanpregnancy.org",
                "catholicexchange.com",
                "catholicstand.com",
                "ipwithease.com",
                "onepeterfive.com",
                "the-american-catholic.com",
                "www.aciprensa.com",
                "www.americamagazine.org",
                "www.catholic365.com",
                "www.catholicworldreport.com",
                "www.crisismagazine.com",
                "www.ncregister.com",
                "www.newadvent.org"
            ]
        },
        {
            "rule": "secureaddisplay\\.com\\/ctp\\/js\\/",
            "cookies": 0,
            "fingerprinting": 1,
            "subdomains": [],
            "apis": {
                "Document.cookie getter": 1
            },
            "sites": 2,
            "prevalence": 0.0000138,
            "cnames": [],
            "responseHashes": [
                "4e5cba58585d90a7a232d1d50e71c5fde1f7cff4295e13ba0f1f6d95a8b3242d"
            ],
            "type": "Script",
            "firstPartyCookies": {},
            "firstPartyCookiesSent": {},
            "exampleSites": [
                "ascensionpress.com",
                "cruxnow.com"
            ]
        },
        {
            "rule": "secureaddisplay\\.com\\/au\\/",
            "cookies": 0.0000759,
            "fingerprinting": 0,
            "subdomains": [],
            "apis": {},
            "sites": 12,
            "prevalence": 0.0000828,
            "cnames": [],
            "responseHashes": [
                "9148f6102377da944bc9870be08b0c99cb617730456b737876f6797725a5a7d7",
                "cd58174009958f3dc11195b97a3c29cb1d4d5293d8bd94e10925006c9b3f98bf",
                "9e53426ad1105bc36057ac299645a39122ca072db474f4f2d183a7762f3ce1b8",
                "b100a73afca54c775ffc1740dc8419a3f5ab4c43ac7ab09e1f61867b41e81e42",
                "ecfe2c912cdb4fd1f1152cbece51c6d0ccad4f2f2d1d74e0bade08f666fd3daf",
                "40299b7e3fbc4b9df784fbecdd92f1d2dff7868e8a6f79a688f06eb7e63f1be1",
                "b877c5b53cb0d236dac68004aba52f05d9b2a7f473f8dc7d5d4ce217df16ed11",
                "7af0610a7bfbef5c189d3990c6b9463cd7fb3ee63b38195bad14b75d03329c69",
                "fd81525560aeadb501c57b0bee681879a013d3458e25e31bfa1147e5f0c64ebe",
                "253ef183b056de666611c71904a104ec29883d3c6225a4263f02062fbcf612f7",
                "f1701e0cddf4da242d014fef3e682edac0d749c0d2ef430a753ca7cb5512562c"
            ],
            "type": "Script",
            "firstPartyCookies": {},
            "firstPartyCookiesSent": {},
            "exampleSites": [
                "canon212.com",
                "catholicstand.com",
                "cruxnow.com",
                "mycatholic.life",
                "the-american-catholic.com",
                "ucatholic.com",
                "uscatholic.org",
                "www.aciprensa.com",
                "www.catholic365.com",
                "www.catholicnewsagency.com",
                "www.catholicworldreport.com",
                "www.ourcatholicprayers.com"
            ]
        },
        {
            "rule": "secureaddisplay\\.com\\/get\\/au\\/",
            "cookies": 0,
            "fingerprinting": 0,
            "subdomains": [],
            "apis": {},
            "sites": 8,
            "prevalence": 0.0000552,
            "cnames": [],
            "responseHashes": [
                "513d1d956e427776a8e0392f5ac1af2150c311e542805dcb247c93580117b285",
                "2b205cbf46c2a6557a32bd9ad15bf2b3d19c1c321a9e4454ff07b5562d180b6b",
                "f5a8636c3a0c50ac9bc288b4301380870004866839ece2e75f58e2c61c839566",
                "a95d4e7da179ae84877b93bb9d2689cfa822cd91d6e9d018c15b337484e5e7fe",
                "3392461fb3eaf03f0787c907822b2413bf82199afe6d48ce373114584137b887",
                "bb6d8b4e8f009c66ac23d9ccbb3239f2ee1a74192714d12538b86ea50ee1c630",
                "7fec50c288d146e0ae1954f04292f76f7752f4706bb718ab275f38b505ea06ed"
            ],
            "type": "Script",
            "firstPartyCookies": {},
            "firstPartyCookiesSent": {},
            "exampleSites": [
                "canon212.com",
                "catholicstand.com",
                "mycatholic.life",
                "the-american-catholic.com",
                "uscatholic.org",
                "www.aciprensa.com",
                "www.catholicworldreport.com",
                "www.ourcatholicprayers.com"
            ]
        },
        {
            "rule": "secureaddisplay\\.com\\/cksync\\/set\\/",
            "cookies": 0.0000552,
            "fingerprinting": 0,
            "subdomains": [],
            "apis": {},
            "sites": 8,
            "prevalence": 0.0000552,
            "cnames": [],
            "responseHashes": [
                "83a111f061d448b42dfc2bc2958cd5f1ac2b4f1c65da9824934d7203e964f6c0"
            ],
            "type": "Script",
            "firstPartyCookies": {},
            "firstPartyCookiesSent": {},
            "exampleSites": [
                "canon212.com",
                "catholicstand.com",
                "mycatholic.life",
                "the-american-catholic.com",
                "uscatholic.org",
                "www.aciprensa.com",
                "www.catholicworldreport.com",
                "www.ourcatholicprayers.com"
            ]
        },
        {
            "rule": "secureaddisplay\\.com\\/i\\/view\\/js\\/",
            "cookies": 0,
            "fingerprinting": 0,
            "subdomains": [],
            "apis": {},
            "sites": 3,
            "prevalence": 0.0000207,
            "cnames": [],
            "responseHashes": [
                "e3b0c44298fc1c149afbf4c8996fb92427ae41e4649b934ca495991b7852b855"
            ],
            "type": "Document",
            "firstPartyCookies": {},
            "firstPartyCookiesSent": {},
            "exampleSites": [
                "catholicstand.com",
                "the-american-catholic.com",
                "www.aciprensa.com"
            ]
        }
    ],
    "categories": [],
    "performance": {},
    "cookies": 0.000228,
    "types": {
        "Script": 43,
        "Document": 3
    },
    "nameservers": [
        "ns53.domaincontrol.com",
        "ns54.domaincontrol.com"
    ]
}