{
    "domain": "sensic.net",
    "owner": {},
    "source": [
        "DuckDuckGo-US"
    ],
    "prevalence": 0.000167,
    "sites": 22,
    "subdomains": [
        "at-config",
        "at-config-preproduction",
        "au-config",
        "sg-config",
        "de-config",
        "fbc9e54fa7815b7ba29397c8ffe58e3c0bfb9b4237f266a89909e821.trk",
        "025b94a1748846d265c3f3dfe03f6ebf9d88190f517acc6a1f2b3cde.trk",
        "5c8a5565a8e64a2e697161225896649662325c1b7edf7384eca48332.trk",
        "e8de23d8f592bacb3e33ea14fa252df9f8c91b71f05086fcd23cda7d.trk",
        "8be5e3363a502a69f0eda2b2407cd1b2a3dcbff65028d23de007cd6e.trk",
        "be1fbfc0c4f35074e3779d3a4e3b780749daea7840ba5c529d65ecc1.trk",
        "72529d68aabe3d52eb853383c1527851ded41086cbf77d52ffe54c76.trk",
        "29ff0e94985841549111bd8fbdadf0908526661a3f10e009c1d32c8d.trk",
        "432b8d1b5fa1f635a7f3e1e8112fe6cabc14d5a6fa9f3f66d267f20b.trk",
        "ff25ab80a3b5b4bc20bbb710966deebcec536436d951619bce9d436f.trk",
        "e99c916d398080b8ec5a895fe1c5dd558731b49acbcaa729d71cd30b.trk",
        "at1preprod-id",
        "b65275a7a51ff55df2da00def2537112ba2ec1cedcd762ded44c3615.trk",
        "68ffb43942632a184da3d228d8d320e5cbadd3f425ca6e69b3183242.trk",
        "15cfc68dc1108767c4bb87405427ca6331e5ebb9714ad6237cc42919.trk",
        "config"
    ],
    "cnames": [],
    "fingerprinting": 3,
    "resources": [
        {
            "rule": "sensic\\.net\\/s2s-web\\.js",
            "cookies": 0,
            "fingerprinting": 1,
            "subdomains": [
                "at-config",
                "at-config-preproduction",
                "au-config"
            ],
            "apis": {
                "Navigator.prototype.userAgent": 8,
                "Navigator.prototype.platform": 8,
                "Navigator.prototype.doNotTrack": 8,
                "Date.prototype.getTime": 8
            },
            "sites": 8,
            "prevalence": 0.0000607,
            "cnames": [],
            "responseHashes": [
                "1f87d8c2d1d65dd83087a3807116069871858d48f7edc4f0d8b608501d7cbadb",
                "458f186d12cb3c9d8bb256dbf199777813dc592964e98b3fe2508f8e2f653596",
                "370dd9b9d4f79df69a2c545956131c7f6418fd186d1703b38bb21efea09764e7"
            ],
            "type": "Script",
            "firstPartyCookies": {},
            "firstPartyCookiesSent": {},
            "exampleSites": [
                "oe24.at",
                "mobil.krone.at",
                "tvthek.orf.at",
                "www.3aw.com.au",
                "www.krone.at",
                "www.oe24.at",
                "www.puls4.com",
                "www.wetter.at"
            ]
        },
        {
            "rule": "sensic\\.net\\/suiapi\\.js",
            "cookies": 0,
            "fingerprinting": 3,
            "subdomains": [
                "at-config",
                "at-config-preproduction",
                "au-config",
                "sg-config"
            ],
            "apis": {
                "CSSStyleDeclaration.setProperty(\"fontFamily\",…)": 3,
                "window.matchMedia(\"prefers-reduced-motion\")": 3,
                "Navigator.prototype.userAgent": 3,
                "Navigator.prototype.language": 3,
                "Screen.prototype.colorDepth": 3,
                "Navigator.prototype.deviceMemory": 3,
                "window.devicePixelRatio": 3,
                "Navigator.prototype.hardwareConcurrency": 3,
                "Screen.prototype.width": 3,
                "Screen.prototype.height": 3,
                "Screen.prototype.availWidth": 3,
                "Screen.prototype.availHeight": 3,
                "Date.prototype.getTimezoneOffset": 3,
                "Intl.DateTimeFormat.prototype.resolvedOptions": 3,
                "window.sessionStorage": 3,
                "window.localStorage": 3,
                "window.indexedDB": 3,
                "Navigator.prototype.platform": 3,
                "Navigator.prototype.doNotTrack": 3,
                "Navigator.prototype.appName": 3,
                "Navigator.prototype.plugins": 3,
                "CanvasRenderingContext2D.prototype.isPointInPath": 3,
                "HTMLCanvasElement.prototype.toDataURL": 3,
                "WebGLRenderingContext.prototype.getSupportedExtensions": 3,
                "WebGLRenderingContext.prototype.getParameter": 3,
                "WebGLRenderingContext.prototype.getContextAttributes": 3,
                "WebGLRenderingContext.prototype.getExtension": 3,
                "WebGLRenderingContext.prototype.getShaderPrecisionFormat": 3,
                "Navigator.prototype.languages": 3,
                "Navigator.prototype.maxTouchPoints": 3,
                "Navigator.prototype.productSub": 3,
                "OfflineAudioContext.prototype.constructor": 3,
                "AudioBuffer.prototype.getChannelData": 3,
                "Navigator.prototype.mediaDevices": 3
            },
            "sites": 10,
            "prevalence": 0.0000759,
            "cnames": [],
            "responseHashes": [
                "d3f1847ab7d8545b470bec46c7c5ba23b78d99fd5d01e8e2c3a6c78e567c8321",
                "f8d05bfca16f4de882a59036a1a0886faa89a1ef11b3ef04fa85a7155e313e7a",
                "a0c8dc03f16b0f99cb6d5ef16c024704ab9994f895edea5b997dfdf32937f2eb",
                "9c6a67859e6be708ac970e46b799f69a9fea9b540783dbac4c5d188b06b1cef8"
            ],
            "type": "Script",
            "firstPartyCookies": {},
            "firstPartyCookiesSent": {},
            "exampleSites": [
                "oe24.at",
                "mobil.krone.at",
                "tvthek.orf.at",
                "www.3aw.com.au",
                "www.channelnewsasia.com",
                "www.krone.at",
                "www.mewatch.sg",
                "www.oe24.at",
                "www.puls4.com",
                "www.wetter.at"
            ]
        },
        {
            "rule": "sensic\\.net\\/ts\\.json",
            "cookies": 0,
            "fingerprinting": 0,
            "subdomains": [
                "at-config",
                "at-config-preproduction",
                "au-config"
            ],
            "apis": {},
            "sites": 8,
            "prevalence": 0.0000607,
            "cnames": [],
            "responseHashes": [
                "e3b0c44298fc1c149afbf4c8996fb92427ae41e4649b934ca495991b7852b855"
            ],
            "type": "XHR",
            "firstPartyCookies": {},
            "firstPartyCookiesSent": {},
            "exampleSites": [
                "oe24.at",
                "mobil.krone.at",
                "tvthek.orf.at",
                "www.3aw.com.au",
                "www.krone.at",
                "www.oe24.at",
                "www.puls4.com",
                "www.wetter.at"
            ]
        },
        {
            "rule": "sensic\\.net\\/sui\\.html",
            "cookies": 0,
            "fingerprinting": 1,
            "subdomains": [
                "at-config",
                "at-config-preproduction",
                "au-config",
                "de-config",
                "sg-config"
            ],
            "apis": {
                "window.localStorage": 11,
                "Date.prototype.getTime": 11,
                "Navigator.prototype.userAgent": 1
            },
            "sites": 11,
            "prevalence": 0.0000835,
            "cnames": [],
            "responseHashes": [
                "af5030a6af3d1695d321dfc27bebd2b64e18a1cf733b9b3a8320fdbbc5cfc08b",
                "065bb2cd165f762be0e73cc57a74e167da50e613cd3484eebd26ec3b8aebc705",
                "e9241d65ed2aa3c937d23e85af9b7d1cc3c383fc7f156550c953f6b633950961",
                "5a3cb6812cbf9d1086bc2fd4e6aa963e4be814402c42e4880e66a18c06c454f7",
                "a7560ad29e7f82c31ae6b0cd446268d57befb127ef011fbe7172cdb6988edaef"
            ],
            "type": "Document",
            "firstPartyCookies": {},