{
    "domain": "sensic.net",
    "owner": {},
    "source": [
        "DuckDuckGo-US"
    ],
    "prevalence": 0.000253,
    "sites": 36,
    "subdomains": [
        "sg-config",
        "au-config",
        "de-config",
        "de-config-preproduction",
        "041340a37b862e2306d5f68636a1344fdfe0721cef7d13e107219dd7.trk",
        "a94e0cb15ff38a0a873eaf97e69df517301e8bbd48ed9559dcd77701.trk",
        "076917f8c01cc498a1ecf9cf7b70cd624c7ebaf9739d6da67647fadf.trk",
        "cdb1275581caf886f19dd27490b9590843874001a7b4d8b7df85cf30.trk",
        "8e30ccc0cf8a204beddb7300f49aac03ef01cbb57fc97aa2108a6a6f.trk",
        "8e1cccd04b9832277fac5c9d2668a8771344798019abb230fa63085c.trk",
        "36b11406855693bd2996ec9974bc0c1f6d2df0429840f8be5e31d4e3.trk",
        "b152252237a422ff00d5e852e6bcd77d1ddf45b2a49ff41409fc0cbd.trk",
        "d48f07daaa3d0d6d5c566c971b33267e420036698b0db9f0336efe6e.trk",
        "758918e579ae08fcd805059d264be881e8a636339015504d50e0aba1.trk",
        "c4cc129c68980b87b01c489c82d8085b09d006ababdb839444fba56a.trk",
        "d0d00212a2548656f4d8e37c7302d90900d7ea0ecfe090687aafb6be.trk",
        "f011ec63aa5c100d703fe486a80e8c8e770948034f09fd61a1894a7c.trk",
        "d1ecad76764f661b29643a0fb17809f411664577b1e6fda2d4ad0cf6.trk",
        "50b57f6452691423a576e93de3e796f8a713477e5f28c49cc2ff33bf.trk",
        "4815397aa1d79c355a114906fba312a1514f58ddacdd1a2af7035a9d.trk",
        "sg2-s2s",
        "config"
    ],
    "cnames": [],
    "fingerprinting": 1,
    "resources": [
        {
            "rule": "sensic\\.net\\/s2s-web\\.js",
            "cookies": 0,
            "fingerprinting": 1,
            "subdomains": [
                "sg-config",
                "au-config"
            ],
            "apis": {
                "Navigator.prototype.userAgent": 7,
                "Navigator.prototype.platform": 7,
                "Date.prototype.getTime": 5,
                "Navigator.prototype.language": 2,
                "Navigator.prototype.doNotTrack": 1
            },
            "sites": 10,
            "prevalence": 0.0000704,
            "cnames": [],
            "responseHashes": [
                "51411d54e0a42bf9d6eb6413bff5b9b3c4a8bb671cf8d629a12c8c0f83c9b87a",
                "014016cc5771e1e44d06097baca6b705e0ce7a6923717eb22320350535a823dd"
            ],
            "type": "Script",
            "firstPartyCookies": {},
            "firstPartyCookiesSent": {},
            "exampleSites": [
                "hardwarezone.com.sg",
                "forums.hardwarezone.com.sg",
                "stomp.straitstimes.com",
                "www.2gb.com",
                "www.3aw.com.au",
                "www.channelnewsasia.com",
                "www.hardwarezone.com.sg",
                "www.herworld.com",
                "www.straitstimes.com",
                "www.todayonline.com"
            ]
        },
        {
            "rule": "sensic\\.net\\/sui\\.html",
            "cookies": 0,
            "fingerprinting": 0,
            "subdomains": [
                "sg-config",
                "de-config",
                "au-config",
                "de-config-preproduction"
            ],
            "apis": {},
            "sites": 20,
            "prevalence": 0.000141,
            "cnames": [],
            "responseHashes": [
                "d8bc402f0b0bd629a68cfe0318d54d195a08f189ed97e823bec7ade045717a68"
            ],
            "type": "Document",
            "firstPartyCookies": {},
            "firstPartyCookiesSent": {
                "lotame_domain_check": 0.000035193918490884776
            },
            "exampleSites": [
                "hardwarezone.com.sg",
                "forums.hardwarezone.com.sg",
                "stomp.straitstimes.com",
                "tv.sport1.de",
                "www.2gb.com",
                "www.3aw.com.au",
                "www.3sat.de",
                "www.ardmediathek.de",
                "www.channelnewsasia.com",
                "www.hardwarezone.com.sg",
                "www.hessenschau.de",
                "www.herworld.com",
                "www.hr-fernsehen.de",
                "www.ndr.de",
                "www.phoenix.de",
                "www.sportschau.de",
                "www.sr.de",
                "www.straitstimes.com",
                "www.tagesschau.de",
                "www.todayonline.com"
            ]
        },
        {
            "rule": "sensic\\.net\\/ts\\.json",
            "cookies": 0,
            "fingerprinting": 0,
            "subdomains": [
                "sg-config",
                "au-config"
            ],
            "apis": {},
            "sites": 10,
            "prevalence": 0.0000704,
            "cnames": [],
            "responseHashes": [
                "e3b0c44298fc1c149afbf4c8996fb92427ae41e4649b934ca495991b7852b855"
            ],
            "type": "XHR",
            "firstPartyCookies": {},
            "firstPartyCookiesSent": {},
            "exampleSites": [
                "hardwarezone.com.sg",
                "forums.hardwarezone.com.sg",
                "stomp.straitstimes.com",
                "www.2gb.com",
                "www.3aw.com.au",
                "www.channelnewsasia.com",
                "www.hardwarezone.com.sg",
                "www.herworld.com",
                "www.straitstimes.com",
                "www.todayonline.com"
            ]
        },
        {
            "rule": "sensic\\.net\\/sui\\.js",
            "cookies": 0.0000282,
            "fingerprinting": 1,
            "subdomains": [
                "sg-config",
                "de-config",
                "au-config",
                "de-config-preproduction"
            ],
            "apis": {
                "Navigator.prototype.userAgent": 3,
                "window.localStorage": 6,
                "Document.cookie getter": 5,
                "Date.prototype.getTime": 5,
                "Document.cookie setter": 4
            },
            "sites": 18,
            "prevalence": 0.000127,
            "cnames": [],
            "responseHashes": [
                "b46be822099c78625ab0117b218f22c607f75c3dc1ccf66749312b42c141e5fe",
                "3e95f189a197557326589a746ecdbc67f3be07f2424e87b7ca22a127880db0c9",
                "c92681a0f4a16c53997f2d118ee42b5df432c765f53a382f3caef3111b378015",
                "1b6be21dbcb49c02d9f135b5ae67bb6e5f370ef6bbd159f24165f90e7dc82d83"
            ],
            "type": "Script",
            "firstPartyCookies": {},
            "firstPartyCookiesSent": {},
            "exampleSites": [
                "hardwarezone.com.sg",
                "forums.hardwarezone.com.sg",
                "stomp.straitstimes.com",
                "tv.sport1.de",
                "www.2gb.com",
                "www.3aw.com.au",
                "www.3sat.de",
                "www.ardmediathek.de",
                "www.channelnewsasia.com",
                "www.hessenschau.de",
                "www.herworld.com",
                "www.hr-fernsehen.de",
                "www.ndr.de",
                "www.phoenix.de",
                "www.sportschau.de",
                "www.sr.de",
                "www.tagesschau.de",
                "www.todayonline.com"
            ]
        },
        {
            "rule": "sensic\\.net\\/suigenerator",
            "cookies": 0,
            "fingerprinting": 0,
            "subdomains": [
                "sg-config",
                "de-config",
                "au-config",
                "de-config-preproduction"
            ],
            "apis": {},
            "sites": 18,
            "prevalence": 0.000127,
            "cnames": [],