{
    "domain": "servingcdn.net",
    "owner": {},
    "source": [
        "DuckDuckGo-US"
    ],
    "prevalence": 0.000166,
    "sites": 24,
    "subdomains": [],
    "cnames": [],
    "fingerprinting": 1,
    "resources": [
        {
            "rule": "servingcdn\\.net\\/",
            "cookies": 0,
            "fingerprinting": 1,
            "subdomains": [],
            "apis": {
                "window.localStorage": 19,
                "Navigator.prototype.userAgent": 4,
                "Navigator.prototype.platform": 4
            },
            "sites": 20,
            "prevalence": 0.000138,
            "cnames": [],
            "responseHashes": [
                "204929abdc6dbe3000c0ed4e8798ef281fa545f99ce87b31a814de417d65d6e5",
                "30b4b47a604d7ca9c78193f5d1cc541ab9e28829e9477ee34ab96218f8f66966",
                "974147d0c805af4b89be686921a3059897be8e6e95378e12f4a5561c62d29c9b",
                "1794b1a3188e897e6087fc84c84f361c7ece78fd7e3daddc32b54a8614eb02f4",
                "a6983d258a8f4a5b6a7dbde873fbde41ccb63779f01da49b486c5e1273ec9b1d",
                "95a99f063a9662d34c5a2dab2c919ddfccd2497263a29987608bf651dcaac024",
                "33523e5548028f54445659b6a7db6235449611801655cf90cbc351f6cf9ae34e",
                "8dd9d4b658531ee431c472ac1f88df93a4720a6e6f0e059838d286e369b67254",
                "d0805c8bde7ac3dcd95a137945e6dcca0e6f7e1c463f0c48d73dbc8f869d8db0",
                "046f9a50cfb715931af262b8070da6b114b70be50e5ea3a6f4a4620c7909d140",
                "5bf46aa71d3de95ad44973f2ebc8269a51cca44893f4139d880248ff27e8fc11",
                "2dd593ab092e5b94144b93bebee7f0c14ba3e9af21ff1a302d6f8ea8ad092b13",
                "f2fee049be73b946a048b4e154e9ee681422c8b281e25f93a19ff698e1b168e4",
                "a21891ff8261d23440f15a5d5e53c86b8e5ecc61fbb5a82120e0c4089fe65ed2",
                "840d87acc93a06f9fa1528f2ffe1158b5e9113367c6063546c00248abc835930",
                "b04d93dc6469558a7379ca595789ce3e981b998688dad914c28dd6c98180c201",
                "a6e8c820beb62ceee9ad3541e499ea16a3562c5e93e0203c3323640c3628da1b",
                "f538ad4645a93e74a8b5bbf5e77b33e0e307b4769f3a33cb81b997c594c830cd"
            ],
            "type": "Script",
            "firstPartyCookies": {},
            "firstPartyCookiesSent": {},
            "exampleSites": [
                "economipedia.com",
                "horoscoponegro.com",
                "internasional.kompas.com",
                "lifestyle.kompas.com",
                "otomotif.kompas.com",
                "regional.kompas.com",
                "techbriefly.com",
                "www.alertadigital.com",
                "www.cronista.com",
                "www.demilked.com",
                "www.efe.com",
                "www.forocoches.com",
                "www.hancinema.net",
                "www.kompasiana.com",
                "www.noticiasdenavarra.com",
                "www.noticiasdegipuzkoa.eus",
                "www.parlamentnilisty.cz",
                "www.perfil.com",
                "www.portalnet.cl",
                "www.techweekmag.com"
            ]
        }
    ],
    "categories": [],
    "performance": {},
    "cookies": 0,
    "types": {
        "Script": 20
    },
    "nameservers": [
        "ns-219.awsdns-27.com",
        "ns-647.awsdns-16.net",
        "ns-1605.awsdns-08.co.uk",
        "ns-1294.awsdns-33.org"
    ]
}