{
    "domain": "sezzle.com",
    "owner": {},
    "source": [
        "DuckDuckGo-US"
    ],
    "prevalence": 0.000598,
    "sites": 85,
    "subdomains": [
        "widget",
        "tracking",
        "geoip",
        "media",
        "checkout-sdk"
    ],
    "cnames": [],
    "fingerprinting": 1,
    "resources": [
        {
            "rule": "sezzle\\.com\\/v1\\/javascript\\/price-widget",
            "cookies": 0,
            "fingerprinting": 0,
            "subdomains": [
                "widget"
            ],
            "apis": {},
            "sites": 55,
            "prevalence": 0.000387,
            "cnames": [],
            "responseHashes": [
                "0488f2bb1d11e3b16bc96349201c58b5152c0abd296d3870d2712e1b4b216be2",
                "7524bae8979ba94a10ab5a3bfb24447d02467d20642ddc61d31cc4cd7f32df3f",
                "3a56f34f62d525a16314faf5cfddd13183eefc65b27f20affb7c2f21ccdb172b",
                "dfeb8f3062664102d3c8ab805b2d14585e691a8167c30220870a0e60920ec016",
                "23a87e166f0d07635b69ef1ef596fc8e934554d3516a29c178fb999464530c32",
                "fbc1d3cf0136c795eda22802071a3669b5e22a979dadb1035693787a56d38893",
                "8c2745ad0813bcbd8987e55ff597cb9d59a42dbd1b8153be9f327d7f6fc87460",
                "ae79f0d207f735ae4af58846e3aaac50a7a8ea27581de97684f5de206c62767d",
                "c4d738e83894027713918859041c7476c403da9d6b9ca5c043bfa48eea052dc8",
                "9438133d86539bbbf2ed0876fbc030203a772ce450ff08258fc5ba5bb6d7eb7d",
                "a602b8d1003e79fbfcab75d8c3a20f611c9fdb4e29e674e9fe9caf47b10cf6d5",
                "d6542a15957edb63f88d31e5fa05f3e8f20caf5c100d6484f7106035ab83e58e",
                "d21b221e3de970150b5f0f094c429e2b17f0ceb81a5a77bf0f4900333e5185c7",
                "74f754158ac47ce8b04ab163a373c7af85b55b66acebb97c937120e5cc491891",
                "93467a857f9c5885f4c9892a9a6f14d182680560e10ad18b48bee880f78d2ed4",
                "88f4ecd7d735a7b9d637d94d771f9a9b7e05ca26f19c243a1f46476016f45f8a",
                "ac2510c252ab589061756f3c447e9e1f41a7391e889cf5972a79becedc0d4f2a",
                "7e7f66a97fc614e6825f2d43d0e63694095ee894c0cdc6b11ff2b0d534d08ee3",
                "26849d160c1037fbf4d041c98626e177ebbfb246baf5a11f3b2459386265aa13",
                "31127e8406968d27f151f5e0e49c7afd8668c6845a991936fccc02e3be93503b",
                "ca55996dc51ac69802a945c2dfb1ef4996470e8c6be31fd5d03d8a5d3e9e2060",
                "f09a2a919fc65f002e5047838e6effa090b60fb67ce309122a36e401f65c6d39",
                "fa984e59343463a7beb7705e9586c019b120d2cd5f09a50799b1f2a1e9bff57c",
                "431971e7bffdbe9f023e4c741ba1946f1d7d4bc8e4da28b2c535599185575030",
                "6a4a35171f222bb638301b5290bd7a6e97518443c3c9421153193a7d87401eee",
                "b2d307f281452985eaa2cd9734e3f083b64b91a94a83a0f9a7fd2ed19d21ca87",
                "98bf8a2913b51e948925ae3b8a60fc9df4b892dbaefc13d1b8385341ec3e174a",
                "ea4f34e1edc29343df12d64d0e7a1c0d10221510aeb1df163e0262cfb65030fb",
                "c252e0bfab0d1d694e728ab3ecf0764c47386a0aac2bef8f4e063936ede12e9d",
                "e56dba7d9ad1073559f568420dc0a30b38b7c2f320ebf646d966273f03214664",
                "ab89baee50b880692be9e65609f22016e326e572a9353b5c64c9434212e7c93a",
                "e15611769cd7d2bf069db19af8f7322163b4c7d97a3067d5b63a2abf1da77d55",
                "61911389cc0da906531d2fa02d4423505cf0c868418e962a2ce37bc6641a5d3d",
                "c0869267b79411b1ddb7a429838370f146ad6fba6e9009cb2acc60e60d79d3ca",
                "63ce9d4dd947c593e893cdb9fae06f5629c08f8d0365a7b91d510987ee3a6c61",
                "1d80ebb3c80af4f500c194b8f63538b2773f7f0f3a0c5be7529b7b618a428fc1",
                "da68ef04ece2b01eb92f0e6193de4b52d38be0db974551e11cfd609ba3ec5c15",
                "501aed6fab77effaa7c55aa2ae384f711eb9fba0e64dfa0ffdc400c039fdab69",
                "cdac9b0167aa2891197bc1f59696667a952bbd1b01429d5d0e4f7cf042b21eb1",
                "37a9a30dcbc3f077b54848bf3c9aeca160a0f098578923929acb23bf556111ac",
                "ab83a21cafa4213214656339d2ea79655cd70edbc5bd35467c6a354588510d41",
                "f5297ba0411971b2649554668bc23d1fd74033e5d9567fabe2fd608b6069659a",
                "5aae1dea7b516f1d633fbc210a36ea812c94f7e94d632a547478258baee38d2b",
                "705d2aed0b62dade19d54181957d65d1698a21178c24df612174eb8b847491c9",
                "30435b1d71f2f84a642d94c2c0c492cd0ee1e3a9f264fed05ab48ff62d6366ce",
                "80d6e5b0c49d659380a53d96df0d3c8f389fa745bf2c25fb7baea19ec0e15c25",
                "8bd9c85115eb1bac73d282916bf4338480222a58605d9d47eef0ee714a6de9c7",
                "f17f600d2451d2ed4ab4f46a40873bc4eca8ccbe4f719c26baf3daf759632db2",
                "5adfb97b7d4b322d20a63dc2d34fdca14fac439d83c1016ad7079f7ddc858605",
                "07d211f41729e09e3c7c457591662e822ef755320b35c44e48875a5a086a8e3c",
                "cb85b38538e00f5fe48f0e3aec4b60175d4d1d205d6ec28b2cf007944afeab95"
            ],
            "type": "Script",
            "firstPartyCookies": {},
            "firstPartyCookiesSent": {},
            "exampleSites": [
                "www.dlttrading.com",
                "casadesante.com",
                "www.transparentlabs.com",
                "www.planetofthevapes.com",
                "www.ima-usa.com",
                "www.berettausa.com",
                "www.shopgreendealer.com",
                "www.lighterusa.com",
                "orgain.com",
                "www.westcoastseeds.com",
                "www.couturecandy.com",
                "www.hardheadveterans.com",
                "supplementwarehouse.com",
                "www.hats.com",
                "xdress.com",
                "www.midwestsupplies.com",
                "ensorings.com",
                "countycomm.com",
                "theknifeconnection.com",
                "www.chemicalguys.com"
            ]
        },
        {
            "rule": "sezzle\\.com\\/",
            "cookies": 0,
            "fingerprinting": 0,
            "subdomains": [
                "tracking"
            ],
            "apis": {},
            "sites": 48,
            "prevalence": 0.000338,
            "cnames": [],
            "responseHashes": [
                "2459ae05713a8311fcf9d8dcbe6edf9cff1b73bbfde49e5948413f8e06ed0362"
            ],
            "type": "Document",
            "firstPartyCookies": {},
            "firstPartyCookiesSent": {},
            "exampleSites": [
                "www.turntablelab.com",
                "www.hardheadveterans.com",
                "theenhancedmale.com",
                "www.transparentlabs.com",
                "supplementwarehouse.com",
                "1022racerifle.com",
                "skdtac.com",
                "eknives.com",
                "casadesante.com",
                "adamstoybox.com",
                "www.kiiroo.com",
                "www.spartan.com",
                "www.planetofthevapes.com",
                "xdress.com",
                "www.420science.com",
                "bladeops.com",
                "countycomm.com",
                "shop.fullforcediesel.com",
                "whitemountainknives.com",
                "www.harney.com"
            ]
        },
        {
            "rule": "sezzle\\.com\\/main-1610465065938\\.js",
            "cookies": 0.00012,
            "fingerprinting": 1,
            "subdomains": [
                "tracking"
            ],
            "apis": {
                "Date.prototype.getTime": 33,
                "Navigator.prototype.userAgent": 17,
                "window.localStorage": 17,
                "Document.cookie setter": 17
            },
            "sites": 47,
            "prevalence": 0.000331,
            "cnames": [],
            "responseHashes": [
                "db667b41e50c0e0da64755781aa04a29008c8b59bcb2f24084967da8be8d7951"
            ],
            "type": "Script",
            "firstPartyCookies": {},
            "firstPartyCookiesSent": {},