{
    "domain": "sholke.com",
    "owner": {},
    "source": [
        "DuckDuckGo-US"
    ],
    "prevalence": 0.0000898,
    "sites": 13,
    "subdomains": [],
    "cnames": [],
    "fingerprinting": 2,
    "resources": [
        {
            "rule": "sholke\\.com\\/t\\.js",
            "cookies": 0.0000621,
            "fingerprinting": 1,
            "subdomains": [],
            "apis": {
                "Navigator.prototype.userAgent": 8,
                "Navigator.prototype.vendor": 7,
                "Date.prototype.getTime": 8,
                "Navigator.prototype.appName": 8
            },
            "sites": 9,
            "prevalence": 0.0000621,
            "cnames": [],
            "responseHashes": [
                "bcdedbb2edd997cebe7654cb32b86a3350bf1878ab4b8eaef0a64da3f7684551",
                "5939d603d169c5e3c5a7c047f44dd1a07e3caa8815139b3af0e0a017e067b40d",
                "d69230391900b3d8a3b8b1cac1a0681727080b3e6965536b8c7814cf333352a7",
                "b81e52ececfffba525a8d0e21bbd138ab8219773bff3f34dadb4c6350b797119",
                "3b80d1d7478ea5b38d504463c5e52311b821620206e6a155d263b3b4db090102",
                "4248a1ce4a07178dc10d350f4b4726398431df042d73df0664e8b1eda94ae298",
                "8a6abd83074ef0aca404cd88e380dbdeac4b0238f11c4a8ed99e839a436b9b9d",
                "53a305b24faca198c40df182e73847dc9417ea408cac8305a67c5dad212e2e41"
            ],
            "type": "Script",
            "firstPartyCookies": {},
            "firstPartyCookiesSent": {},
            "exampleSites": [
                "anews.com",
                "itigic.com",
                "www.drinkhacker.com",
                "www.futbolred.com",
                "www.gazetatema.net",
                "www.icarros.com.br",
                "www.milenio.com",
                "www.newindianexpress.com",
                "www.takvim.com.tr"
            ]
        },
        {
            "rule": "sholke\\.com\\/async_usersync",
            "cookies": 0,
            "fingerprinting": 1,
            "subdomains": [],
            "apis": {
                "Date.prototype.getTime": 6
            },
            "sites": 9,
            "prevalence": 0.0000621,
            "cnames": [],
            "responseHashes": [
                "9333200cf5d16909be54c374d0b2a4a30905da41c39a88e2947344c4d2696029",
                "28e81b0d4f28accbf1634599148342fd2f5fa2b2c1054349e1e3bd4166a59005",
                "b5b8d30a47e32580b819d8021d198a8127caf5caf8832e4eb8f2166f62919e52",
                "4f43746a62d2e12a85f0ac23d42d61c788a944e3e839825fef38ee2253941f2c",
                "80f3cf8a947fb4842155ca9c2999ca21b7747830dbc7e3fec4f0ef91eec5ec7f"
            ],
            "type": "Document",
            "firstPartyCookies": {},
            "firstPartyCookiesSent": {},
            "exampleSites": [
                "anews.com",
                "itigic.com",
                "www.drinkhacker.com",
                "www.futbolred.com",
                "www.gazetatema.net",
                "www.icarros.com.br",
                "www.milenio.com",
                "www.newindianexpress.com",
                "www.takvim.com.tr"
            ]
        },
        {
            "rule": "sholke\\.com\\/send",
            "cookies": 0,
            "fingerprinting": 1,
            "subdomains": [],
            "apis": {
                "Date.prototype.getTime": 4
            },
            "sites": 5,
            "prevalence": 0.0000345,
            "cnames": [],
            "responseHashes": [
                "aa13134daf72e43b7c1b17bc9386184043e4be7796a1eb9cbd998bc8d9c3afe0",
                "28e81b0d4f28accbf1634599148342fd2f5fa2b2c1054349e1e3bd4166a59005",
                "b5b8d30a47e32580b819d8021d198a8127caf5caf8832e4eb8f2166f62919e52",
                "40d390b1ac337171ae3094da53b7341bd418c5a673a26d035fa8d84bef9efc40"
            ],
            "type": "Document",
            "firstPartyCookies": {},
            "firstPartyCookiesSent": {},
            "exampleSites": [
                "anews.com",
                "itigic.com",
                "www.futbolred.com",
                "www.milenio.com",
                "www.takvim.com.tr"
            ]
        },
        {
            "rule": "sholke\\.com\\/user",
            "cookies": 0,
            "fingerprinting": 1,
            "subdomains": [],
            "apis": {
                "Date.prototype.getTime": 6
            },
            "sites": 8,
            "prevalence": 0.0000552,
            "cnames": [],
            "responseHashes": [
                "9333200cf5d16909be54c374d0b2a4a30905da41c39a88e2947344c4d2696029",
                "28e81b0d4f28accbf1634599148342fd2f5fa2b2c1054349e1e3bd4166a59005",
                "ce3d5134672670d6a1c4b80badf9026f3d8c861d5dd7c3b958da06b823f3c66d",
                "4f43746a62d2e12a85f0ac23d42d61c788a944e3e839825fef38ee2253941f2c",
                "80f3cf8a947fb4842155ca9c2999ca21b7747830dbc7e3fec4f0ef91eec5ec7f"
            ],
            "type": "Document",
            "firstPartyCookies": {},
            "firstPartyCookiesSent": {},
            "exampleSites": [
                "anews.com",
                "itigic.com",
                "www.drinkhacker.com",
                "www.futbolred.com",
                "www.gazetatema.net",
                "www.milenio.com",
                "www.newindianexpress.com",
                "www.takvim.com.tr"
            ]
        },
        {
            "rule": "sholke\\.com\\/usync",
            "cookies": 0,
            "fingerprinting": 1,
            "subdomains": [],
            "apis": {
                "Date.prototype.getTime": 7
            },
            "sites": 9,
            "prevalence": 0.0000621,
            "cnames": [],
            "responseHashes": [
                "aa13134daf72e43b7c1b17bc9386184043e4be7796a1eb9cbd998bc8d9c3afe0",
                "9333200cf5d16909be54c374d0b2a4a30905da41c39a88e2947344c4d2696029",
                "28e81b0d4f28accbf1634599148342fd2f5fa2b2c1054349e1e3bd4166a59005",
                "b5b8d30a47e32580b819d8021d198a8127caf5caf8832e4eb8f2166f62919e52",
                "4f43746a62d2e12a85f0ac23d42d61c788a944e3e839825fef38ee2253941f2c",
                "80f3cf8a947fb4842155ca9c2999ca21b7747830dbc7e3fec4f0ef91eec5ec7f"
            ],
            "type": "Document",
            "firstPartyCookies": {},
            "firstPartyCookiesSent": {},
            "exampleSites": [
                "anews.com",
                "itigic.com",
                "www.drinkhacker.com",
                "www.futbolred.com",
                "www.gazetatema.net",
                "www.icarros.com.br",
                "www.milenio.com",
                "www.newindianexpress.com",
                "www.takvim.com.tr"
            ]
        },
        {
            "rule": "sholke\\.com\\/counter",
            "cookies": 0,
            "fingerprinting": 1,
            "subdomains": [],
            "apis": {
                "Date.prototype.getTime": 5
            },
            "sites": 8,
            "prevalence": 0.0000552,
            "cnames": [],
            "responseHashes": [
                "aa13134daf72e43b7c1b17bc9386184043e4be7796a1eb9cbd998bc8d9c3afe0",
                "9333200cf5d16909be54c374d0b2a4a30905da41c39a88e2947344c4d2696029",
                "b5b8d30a47e32580b819d8021d198a8127caf5caf8832e4eb8f2166f62919e52",
                "4f43746a62d2e12a85f0ac23d42d61c788a944e3e839825fef38ee2253941f2c",
                "80f3cf8a947fb4842155ca9c2999ca21b7747830dbc7e3fec4f0ef91eec5ec7f"
            ],
            "type": "Document",
            "firstPartyCookies": {},
            "firstPartyCookiesSent": {},