{
    "domain": "sirdata.io",
    "owner": {},
    "source": [
        "DuckDuckGo-US"
    ],
    "prevalence": 0.000186,
    "sites": 27,
    "subdomains": [
        "contextual"
    ],
    "cnames": [],
    "fingerprinting": 1,
    "resources": [
        {
            "rule": "sirdata\\.io\\/api\\/v1\\/public\\/script",
            "cookies": 0,
            "fingerprinting": 1,
            "subdomains": [
                "contextual"
            ],
            "apis": {
                "Navigator.prototype.product": 16,
                "Navigator.prototype.userAgent": 16
            },
            "sites": 16,
            "prevalence": 0.00011,
            "cnames": [],
            "responseHashes": [
                "bdcfe544db5b45dce68947ee47c5307f1cae8ed703e3d414c64f7e3d67f03311",
                "935cda33fc353d2b0675291964eec93043259d84e53c0a987fddb66df0453ade",
                "924ebcb819a3807671371ac395920f992e77e00424c82f1ca8aa04255eb13d32",
                "b50bd19f05b17ec93dbc577bc77fe7966f84d19a9ab2135c27aaa890f2b4f457",
                "8b0f3e7c4fdfa3d935b7bae1f40500925ca52c2ecbf070f916be99caae3551f5",
                "7f75de32aa30162ccfea38186c628c9b69701626424860c95edb44d027c466da",
                "443392c25e6f9c900c02ce303cb31486a3c3815f379ff8cdbf8057eb112593fd",
                "d86d2434af26a68cb10d20991d04f38173431da4293e1989a33a8392b7a45e29",
                "7002546befb00e7999e794e9e4116408bad0cde40e0bbeb428218827c1257445"
            ],
            "type": "Script",
            "firstPartyCookies": {},
            "firstPartyCookiesSent": {},
            "exampleSites": [
                "societe.com",
                "dirigeant.societe.com",
                "fr.motorsport.com",
                "www.causeur.fr",
                "www.fnaim.fr",
                "www.forums.supertoinette.com",
                "www.laposte.fr",
                "www.laposte.net",
                "www.latribune.fr",
                "www.lepoint.fr",
                "www.lesfoodies.com",
                "www.maxifoot.fr",
                "www.petitfute.com",
                "www.pourquoidocteur.fr",
                "www.societe.com",
                "www.supertoinette.com"
            ]
        },
        {
            "rule": "sirdata\\.io\\/api\\/v1\\/public\\/contextual",
            "cookies": 0,
            "fingerprinting": 0,
            "subdomains": [
                "contextual"
            ],
            "apis": {},
            "sites": 8,
            "prevalence": 0.0000552,
            "cnames": [],
            "responseHashes": [],
            "type": "Preflight",
            "firstPartyCookies": {},
            "firstPartyCookiesSent": {},
            "exampleSites": [
                "societe.com",
                "fr.motorsport.com",
                "www.causeur.fr",
                "www.forums.supertoinette.com",
                "www.lepoint.fr",
                "www.petitfute.com",
                "www.societe.com",
                "www.supertoinette.com"
            ]
        },
        {
            "rule": "sirdata\\.io\\/api\\/v1\\/public\\/contextual",
            "cookies": 0,
            "fingerprinting": 0,
            "subdomains": [
                "contextual"
            ],
            "apis": {},
            "sites": 8,
            "prevalence": 0.0000552,
            "cnames": [],
            "responseHashes": [
                "7ed2299f267348c5f44e4bb5ec4d3aca5d0aae58c386bac921c64a93048b380c"
            ],
            "type": "XHR",
            "firstPartyCookies": {},
            "firstPartyCookiesSent": {},
            "exampleSites": [
                "societe.com",
                "fr.motorsport.com",
                "www.causeur.fr",
                "www.forums.supertoinette.com",
                "www.lepoint.fr",
                "www.petitfute.com",
                "www.societe.com",
                "www.supertoinette.com"
            ]
        }
    ],
    "categories": [],
    "performance": {},
    "cookies": 0,
    "types": {
        "Script": 16,
        "Preflight": 8,
        "XHR": 8
    },
    "nameservers": [
        "hal.ns.cloudflare.com",
        "kiki.ns.cloudflare.com"
    ]
}