{
    "domain": "smart-digital-solutions.de",
    "owner": {},
    "source": [
        "DuckDuckGo-US"
    ],
    "prevalence": 0.0000552,
    "sites": 8,
    "subdomains": [
        "smartsignals2"
    ],
    "cnames": [],
    "fingerprinting": 0,
    "resources": [
        {
            "rule": "smart-digital-solutions\\.de\\/api\\/v2\\/Cookie\\/GetOrSetUserCookie",
            "cookies": 0.0000414,
            "fingerprinting": 0,
            "subdomains": [
                "smartsignals2"
            ],
            "apis": {},
            "sites": 6,
            "prevalence": 0.0000414,
            "cnames": [],
            "responseHashes": [
                "b6f225867207f9f613b3d79ebd76d0e3399f8838945294601958a18e81b7b0e9",
                "b3094326f8bdeff694bd91f1adfeebe01fdcf237eab5bd991294c85918e33ec2",
                "5977ab030d97bf6ea7f5e46dbf0d43cf8f0da947da783e79e4cacb4f62433e12",
                "deccd51975b407bcc2367819b4ee7292aa132b79f0eed89db79f0881bc4271cb",
                "c33f9c79dad04cbfa399b7f070a41c81e228588bc52deb1a21067405786f1d29"
            ],
            "type": "Fetch",
            "firstPartyCookies": {},
            "firstPartyCookiesSent": {},
            "exampleSites": [
                "nissanusa.com",
                "www.infinitiusa.com",
                "www.infiniti.com",
                "www.nissanusa.com",
                "www.volkswagen.com.au",
                "www.vw.ca"
            ]
        },
        {
            "rule": "smart-digital-solutions\\.de\\/api\\/rtde",
            "cookies": 0,
            "fingerprinting": 0,
            "subdomains": [
                "smartsignals2"
            ],
            "apis": {},
            "sites": 6,
            "prevalence": 0.0000414,
            "cnames": [],
            "responseHashes": [
                "e053808a78b7d564471e5ed273442b1790acac7e8f4666a8b9dfbaa150e56b9f",
                "dae4a286eb1a46a0abd1fba94d2e3f8e292a6cb3f153391af9ec03d9d319b252",
                "d4fe1c21abef2a649fbe4ec15384c77451c9e5d7312a8a6c7a5d5a83e8c92746",
                "a66b2f7fbbbaba5bd71f0c4b77913a6668ff268010acd953a29e2970f24bf2de",
                "b57fc2c85f0b25131760c395c0050a1a4136285dec8cbd96fef07d86c4d551d9"
            ],
            "type": "Fetch",
            "firstPartyCookies": {},
            "firstPartyCookiesSent": {},
            "exampleSites": [
                "nissanusa.com",
                "www.infinitiusa.com",
                "www.infiniti.com",
                "www.nissanusa.com",
                "www.volkswagen.com.au",
                "www.vw.ca"
            ]
        },
        {
            "rule": "smart-digital-solutions\\.de\\/api\\/v2\\/Cookie\\/SetUserCookie",
            "cookies": 0.0000414,
            "fingerprinting": 0,
            "subdomains": [
                "smartsignals2"
            ],
            "apis": {},
            "sites": 6,
            "prevalence": 0.0000414,
            "cnames": [],
            "responseHashes": [
                "e3b0c44298fc1c149afbf4c8996fb92427ae41e4649b934ca495991b7852b855"
            ],
            "type": "Fetch",
            "firstPartyCookies": {},
            "firstPartyCookiesSent": {},
            "exampleSites": [
                "nissanusa.com",
                "www.infinitiusa.com",
                "www.infiniti.com",
                "www.nissanusa.com",
                "www.volkswagen.com.au",
                "www.vw.ca"
            ]
        }
    ],
    "categories": [],
    "performance": {},
    "cookies": 0.0000552,
    "types": {
        "Fetch": 18
    },
    "nameservers": [
        "pdns82.ultradns.net",
        "pdns82.ultradns.biz",
        "pdns82.ultradns.com",
        "pdns82.ultradns.org"
    ]
}