{
    "domain": "smartclip.net",
    "owner": {},
    "source": [
        "DuckDuckGo-US"
    ],
    "prevalence": 0.000456,
    "sites": 66,
    "subdomains": [
        "ad.sxp",
        "sync.sxp",
        "des",
        "dco",
        "bid.sxp",
        "des.sxp",
        "stats.sxp"
    ],
    "cnames": [],
    "fingerprinting": 1,
    "resources": [
        {
            "rule": "smartclip\\.net\\/sync",
            "cookies": 0.000104,
            "fingerprinting": 0,
            "subdomains": [
                "ad.sxp",
                "sync.sxp"
            ],
            "apis": {},
            "sites": 15,
            "prevalence": 0.000104,
            "cnames": [],
            "responseHashes": [
                "1866961a029c65376fefb7f2ba1e6187e09ff50ea58d97dedfd72c197947d002",
                "2fce2feb1cb59a8c53b5b46d1d758949090324d34b2a941a972240d6ccf63db6",
                "4f49e616d278a16d9cd55a6d5fe19c99ebd37d7d3848d14422190618b67011e0"
            ],
            "type": "Image",
            "firstPartyCookies": {},
            "firstPartyCookiesSent": {},
            "exampleSites": [
                "24timezones.com",
                "chewy.com",
                "forum.viva.nl",
                "www.amazon.ae",
                "www.amazon.eg",
                "www.amazon.in",
                "www.amazon.sa",
                "www.blabbermouth.net",
                "www.bola.net",
                "www.bukowskis.com",
                "www.chewy.com",
                "www.ilparagone.it",
                "www.kapanlagi.com",
                "www.liputan6.com",
                "www.medicitalia.it"
            ]
        },
        {
            "rule": "smartclip\\.net\\/ads",
            "cookies": 0,
            "fingerprinting": 1,
            "subdomains": [
                "des",
                "ad.sxp"
            ],
            "apis": {
                "Navigator.prototype.userAgent": 1
            },
            "sites": 28,
            "prevalence": 0.000194,
            "cnames": [],
            "responseHashes": [
                "101bab52f1bad69418d7f332ef028481b1b05bd971aed03dd163d6a530e1d6bf",
                "8212103aa702906b44d4a6f70126151c998e5fa1d1e8f638c298cf612bccdf61",
                "e3b0c44298fc1c149afbf4c8996fb92427ae41e4649b934ca495991b7852b855",
                "5c08e9008c20bdbb70a684c533195fd37e01c9af0fec49f15c6844c1f015717e",
                "1a2c1a9f38b61f1192e25863c2dfd9025a760117c58c1dab81b267bc4651f6d5",
                "44a36f20423cf3f84b8729bf9ac57a880fbe7ef7f94f1a1914e0c4b45025a0b1",
                "73576ad599ae1b34140bd7de78ac3ca24a86f815199761ef1b6eeabe080cad2b",
                "b843e923cb56b072f61cba05faaca55cfc8d94f4f689a74a8b1bef1957db69be",
                "f92e003a68227c393b8e9bb3f59d30e438f7f319f91e39e03acc4fa4eae07328",
                "c409eb31441509e18d6e1be089c5d74c52886b9eb3b649ca66ac4dc2635db20c",
                "b3b57324752e0efc01108961b23d4797cb0a34beb384c82b01d0f8838f783a9d",
                "bd415dd150c9b3bb4c84fd800948a686062e903dbcd34b13e201628203b83499",
                "2569788c039ec231206370a9c2b580b8511449f121d1ddb983ae5f03fcb3823b",
                "2b58e5b994575cec011fc7d36cb3285cbc93605d1ca7638bb1ccde0aa33362c3",
                "832cd118cb47f08003f7ea510854118e22b188879e0fea32f0615637f3d0d492",
                "ba9874c1cbcc540cab9cb680a71b206a8abdd80adcd3ac4506d4e9b90f010168",
                "0f14b38a4620019cae0f9b26063dfaae7247f77a06f923c4264da0d30683c6e4",
                "af4a26c5a800a9e0b8c1bbfb5767e7e186d4cc66fa321a7c5faf90538fe89b9b",
                "b59c4d91b1fc10414455b6b1aec230acc4fea23b1e851c9b655da992fd0397f6",
                "a6953702e53c662d1010147ed60e86cfb67e8dc4dbced0efdf05972e2b34a164",
                "06710e485d082555648f41a8bc8b41c41d87a8e5cd2c83fbd04ac5dedb1d8a91",
                "0c4307ac027a9b1fee49fc74bebc7db627f0f295ae271bdd57fbb44d58cd4e7a",
                "656c52ebe2bed9b62a2a7a4fe306a6a13ad2df1d5b4f30cbebcb96a75de2079c",
                "665e14fd475f4b7d2321072c8ce9173fb21f4c3342243b0f9b705130db4e8e67",
                "2b7e3c3f69ca48f3df1d9713e54b864145d7669fef33ea2df4b8ed0812faa31c",
                "fbe85a4611c0a2d6de67d3fdba33e50ebe3447fb8b93655c9484a094cb76dd27"
            ],
            "type": "Script",
            "firstPartyCookies": {},
            "firstPartyCookiesSent": {
                "get_top_level_domain_cookie": 0.00004148058017504805
            },
            "exampleSites": [
                "www.europapress.es",
                "www.informacion.es",
                "www.mallorcazeitung.es",
                "www.laopiniondemurcia.es",
                "guiadoestudante.abril.com.br",
                "noticias.juridicas.com",
                "www.noticiasdegipuzkoa.eus",
                "forum.viva.nl",
                "www.ratkojat.fi",
                "www.elperiodico.com",
                "www.baenegocios.com",
                "www.clubedohardware.com.br",
                "www.elperiodicodearagon.com",
                "www.hogarmania.com",
                "diariodonordeste.verdesmares.com.br",
                "www.infosalus.com",
                "www.libertaddigital.com",
                "www.infolibre.es",
                "www.ecartelera.com",
                "www.laopiniondemalaga.es"
            ]
        },
        {
            "rule": "smartclip\\.net\\/",
            "cookies": 0,
            "fingerprinting": 1,
            "subdomains": [
                "dco"
            ],
            "apis": {
                "Navigator.prototype.userAgent": 4,
                "HTMLMediaElement.prototype.canPlayType": 2,
                "window.localStorage": 2,
                "Navigator.prototype.platform": 1,
                "Screen.prototype.width": 1,
                "Screen.prototype.height": 1
            },
            "sites": 4,
            "prevalence": 0.0000277,
            "cnames": [],
            "responseHashes": [
                "4b2f37cfd7535fbafbe85c23494567b1693eecbe97b2d1a1a36577cb02c5711c",
                "ab36a92db4ef4bf968cf5739f8cada5dd0d91cae31788c8f76b5dc9bae8c4524",
                "6d24e671e159300fcf2dd3fc36ade4f15a553a2964d484ddb0ef7c98f8871823"
            ],
            "type": "Script",
            "firstPartyCookies": {},
            "firstPartyCookiesSent": {},
            "exampleSites": [
                "verdesmares.com.br",
                "traum-deutung.de",
                "www.ratkojat.fi",
                "www.t13.cl"
            ]
        },
        {
            "rule": "smartclip\\.net\\/bid\\/1000",
            "cookies": 0,
            "fingerprinting": 0,
            "subdomains": [
                "bid.sxp"
            ],
            "apis": {},
            "sites": 3,
            "prevalence": 0.0000207,
            "cnames": [],
            "responseHashes": [],
            "type": "Preflight",
            "firstPartyCookies": {},
            "firstPartyCookiesSent": {},
            "exampleSites": [
                "filmow.com",
                "www.ratkojat.fi",
                "www.tag24.de"
            ]
        },
        {
            "rule": "smartclip\\.net\\/bid\\/1000",
            "cookies": 0,
            "fingerprinting": 0,
            "subdomains": [
                "bid.sxp"
            ],
            "apis": {},
            "sites": 3,
            "prevalence": 0.0000207,
            "cnames": [],
            "responseHashes": [
                "e3b0c44298fc1c149afbf4c8996fb92427ae41e4649b934ca495991b7852b855"
            ],
            "type": "XHR",
            "firstPartyCookies": {},
            "firstPartyCookiesSent": {},
            "exampleSites": [
                "filmow.com",
                "www.ratkojat.fi",
                "www.tag24.de"
            ]
        },
        {
            "rule": "smartclip\\.net\\/select",
            "cookies": 0.0000138,
            "fingerprinting": 0,