{
    "domain": "smetrics.abbott",
    "owner": {},
    "source": [
        "DuckDuckGo-US"
    ],
    "prevalence": 0.0000304,
    "sites": 4,
    "subdomains": [],
    "cnames": [],
    "fingerprinting": 0,
    "resources": [
        {
            "rule": "smetrics\\.abbott\\/b\\/ss\\/abt-csg-90152200-us-inter\\/1\\/JS-2\\.8\\.2-LAWA\\/s24453629396013",
            "cookies": 0.0000152,
            "fingerprinting": 0,
            "subdomains": [],
            "apis": {},
            "sites": 2,
            "prevalence": 0.0000152,
            "cnames": [],
            "responseHashes": [
                "a1ecbaed793a1f564c49c671f2dd0ce36f858534ef6d26b55783a06b884cc506"
            ],
            "type": "Image",
            "firstPartyCookies": {},
            "firstPartyCookiesSent": {
                "s_lv_s": 0.000015182685665267329,
                "s_ppvl": 0.000015182685665267329,
                "s_fid": 0.000015182685665267329
            },
            "exampleSites": [
                "abbott.com",
                "www.abbott.com"
            ]
        },
        {
            "rule": "smetrics\\.abbott\\/b\\/ss\\/abt-csg-90152200-us-inter\\/1\\/JS-2\\.8\\.2-LAWA\\/s24773259586866",
            "cookies": 0.0000152,
            "fingerprinting": 0,
            "subdomains": [],
            "apis": {},
            "sites": 2,
            "prevalence": 0.0000152,
            "cnames": [],
            "responseHashes": [
                "a1ecbaed793a1f564c49c671f2dd0ce36f858534ef6d26b55783a06b884cc506"
            ],
            "type": "Image",
            "firstPartyCookies": {},
            "firstPartyCookiesSent": {
                "s_lv_s": 0.000015182685665267329,
                "s_ppvl": 0.000015182685665267329,
                "s_fid": 0.000015182685665267329
            },
            "exampleSites": [
                "abbott.com",
                "www.abbott.com"
            ]
        },
        {
            "rule": "smetrics\\.abbott\\/b\\/ss\\/abt-adc-90262900-us-inter\\/1\\/JS-2\\.17\\.0-LAQ5\\/s35456718971722",
            "cookies": 0.0000152,
            "fingerprinting": 0,
            "subdomains": [],
            "apis": {},
            "sites": 2,
            "prevalence": 0.0000152,
            "cnames": [],
            "responseHashes": [
                "a1ecbaed793a1f564c49c671f2dd0ce36f858534ef6d26b55783a06b884cc506"
            ],
            "type": "Image",
            "firstPartyCookies": {},
            "firstPartyCookiesSent": {
                "s_fid": 0.000015182685665267329
            },
            "exampleSites": [
                "freestylelibre.us",
                "www.freestylelibre.us"
            ]
        },
        {
            "rule": "smetrics\\.abbott\\/b\\/ss\\/abt-adc-90262900-us-inter\\/1\\/JS-2\\.17\\.0-LAQ5\\/s31277403195551",
            "cookies": 0.0000152,
            "fingerprinting": 0,
            "subdomains": [],
            "apis": {},
            "sites": 2,
            "prevalence": 0.0000152,
            "cnames": [],
            "responseHashes": [
                "a1ecbaed793a1f564c49c671f2dd0ce36f858534ef6d26b55783a06b884cc506"
            ],
            "type": "Image",
            "firstPartyCookies": {},
            "firstPartyCookiesSent": {
                "s_fid": 0.000015182685665267329
            },
            "exampleSites": [
                "freestylelibre.us",
                "www.freestylelibre.us"
            ]
        }
    ],
    "categories": [],
    "performance": {},
    "cookies": 0.0000304,
    "types": {
        "Image": 8
    },
    "nameservers": [
        "rossns.abbott.com",
        "rossns2.abbott.com",
        "abtnsdmz1.abbott.com",
        "abtnsdmz2.abbott.com"
    ]
}