{
    "domain": "smopy.com",
    "owner": {},
    "source": [
        "DuckDuckGo-US"
    ],
    "prevalence": 0.000283,
    "sites": 41,
    "subdomains": [
        "d"
    ],
    "cnames": [],
    "fingerprinting": 1,
    "resources": [
        {
            "rule": "smopy\\.com\\/d\\/",
            "cookies": 0,
            "fingerprinting": 1,
            "subdomains": [
                "d"
            ],
            "apis": {
                "Document.cookie getter": 8,
                "Navigator.prototype.userAgent": 6,
                "Navigator.prototype.mimeTypes": 6,
                "Screen.prototype.height": 4,
                "Screen.prototype.width": 4
            },
            "sites": 24,
            "prevalence": 0.000166,
            "cnames": [],
            "responseHashes": [
                "e3b0c44298fc1c149afbf4c8996fb92427ae41e4649b934ca495991b7852b855",
                "e8c3a500bc9ababac39b10bcdf5b1841880ed7e458db5f16608fba5836c44b15",
                "3a4ee4e8afd28e60a20eeb8bc12cf24ab0cdaadc5284a863c7892d697ad67445",
                "737454c9f4f327b6de44fec095822326435990f329b74a7a58089a1d5857c3d9",
                "afe6885149ca7e37cbee776742ee2ddd848d0b5e574378a32f3ea381d67f2e87",
                "378e53307ff5d49dfc713166c2d1362fa2782e7b2851a225895378039d6f10e5",
                "7ebfec2f2d281c3193a630791eb9dd37d1ac574769c6a25f8b65bc73004c5b14",
                "a1c283ea14e71cdcfb3f0c49a88e01c9ddb74ebfe7f0c785871a611a32ab0929",
                "8708f4c9ae69cd4696a5c6e38dcdd5064b1c6cc830108eab5524aec2f01ad4a7",
                "6a643b0fe98a1ecd8a09e83efbd7fab36abed58b4132141fe11f8980ad234004",
                "75cdaf8609798fc5b456c602fa51cb0f8e3eb8b5be8a8e060da54a3342955f8e",
                "518f1eb5904fb8a8ae1dda0fa4fc6cd0b451934c1b851ef4d0ac0331de7168ce",
                "0b3bb11884ba196a90f917a51507443960522eee34f6f97435a4bf1c5a43821e",
                "0192d87544488cef63a06c624a6b64f0c55f3999de003b43527495fa0901c279",
                "da60dd888dcdeaa252b2868c26da32b6649786af363385f8572eaf36b605726a",
                "dc818007a56b6660eaa4494bf39cc311c08e5e12cde650cd0de42d28feff2a18",
                "bcd99ab1802a3f22eba1a666e4e26744f9b5c39f1baf3ff0b40c248c7674736d",
                "96b8d2bf9694a8f0c71248f1bbdebd7580143739643fc4a0a3b94f32d601eea5",
                "a6fbf4daed0ef44ecd6cafa97624dd53a59c40a9ed4c4727d538fe23f0fa0da0",
                "4ede722f3fdd8a78de5df111eb3c97bfd33b430221ecfd233113d0f647854ba7"
            ],
            "type": "Script",
            "firstPartyCookies": {},
            "firstPartyCookiesSent": {},
            "exampleSites": [
                "xiaogirls.com",
                "javtape.net",
                "bestrapeporn.com",
                "sickjunk.com",
                "onlyfansly.com",
                "pornimgur.com",
                "eroticmovies.online",
                "www.vporn69.com",
                "onlyfanspw.com",
                "bestporncomix.com",
                "boobyday.com",
                "picrok.com",
                "imgoutlet.com",
                "spankwire1.com",
                "hot-teen.online",
                "simpasian.net",
                "imgrock.net",
                "www.animesex18.com",
                "xgifer.com",
                "milftoon.site"
            ]
        }
    ],
    "categories": [],
    "performance": {},
    "cookies": 0,
    "types": {
        "Script": 24
    },
    "nameservers": [
        "brad.ns.cloudflare.com",
        "erin.ns.cloudflare.com"
    ]
}