{
    "domain": "soundestlink.com",
    "owner": {},
    "source": [
        "DuckDuckGo-US"
    ],
    "prevalence": 0.000884,
    "sites": 128,
    "subdomains": [
        "forms",
        "wt"
    ],
    "cnames": [],
    "fingerprinting": 0,
    "resources": [
        {
            "rule": "soundestlink\\.com\\/REST\\/inShop\\/v1\\/getSettings",
            "cookies": 0,
            "fingerprinting": 0,
            "subdomains": [
                "forms"
            ],
            "apis": {},
            "sites": 68,
            "prevalence": 0.000469,
            "cnames": [],
            "responseHashes": [
                "8fb9d48a036ac3f1f6803265c12bbf770c7bf56dbbd72f1651104f3d00f240fb",
                "94e98ffa15ae5ab2d0fa3cc746e5a866ec6dd23bae7140ad3cebafaabe9afc2a",
                "eadfab3c659a8b129d6fdefae06ef13e1977d23051faf06633a06029421b61c6",
                "6d28ce325743d0dc7bef17a818dc347c950c07b41daf3b5bbae06fbb2b7edda7",
                "6024efe60dc22d4616376b24e4d3db155243ab29525b2a82810754f8b13107f5",
                "a0470b05a8dc68c1ba003d2e096c69e95855054b1721067794fc997d286375a7",
                "1fc5fd896ca5543c719b30e81c5882103b8cdbdfa00f42e30d9e24c3329e925e",
                "3d5d657934e5b6241a7e9d01057d221f6a583ce37dda80eec1f76f152429bf8b",
                "d4e10f99227ce001a621dc08bc584732230d16af69f551cbe492cddec75ed9d0",
                "e05273797e29dbcf8778a9d30f13d0235d916f5baff71e1f8564f0dd5f935fd9",
                "1e8bbb245ee84c993b7cc010b037dcfa39959c9b664c03ab8216a504e88df15e",
                "6a12c2a59b0f93aab97a84b497df723d7d2940534741efb9abd7fd598355ca1a",
                "afe6a558f931b015ea526265ad2908df3e66d3186426eabda95a534e94a6b9c2",
                "b03f826fba5f4d9d0b4bce7190a7242812075c217fafd6c105076862ec7f26c2",
                "328c24f725cc2279ca20c19f7cd86e12e386fb3546bcc7556661b8e66fbc5909",
                "acb4c11cdaf1264245eaf5cf81bc05162386e21b9aad06ed501d2631a1b375ad",
                "a60191698969302b0ec34adb90ff89fafa877e4ca8ac8fb608868948eeb4f202",
                "148a58f744ab940d29477e533a23cf3a38eaba86794fb2e1bae8942012243b3a",
                "2ed2cbaad4ee0703c96aa3793fae30cc25fabcea6970e4a67478efcbabb7d912",
                "156e4a20b692c5e1e141aca32e1c251419e7927b00d1cf0a3b7d4aa9116add14",
                "6aa80818c4e6ac19d459f95be27216b8c016a87d100613566c2c92191da8172a",
                "0864a951922aa13a8943448622120e61dd70296ab53837eeecb300d5eb629e90",
                "92e15ae5034c8e09de6655e92fced149abd240fbd91d80bfb91fbd4a1e90ddae",
                "2b57f058a55d32f3b8ec604147db15314715957aac889c620c05097441e5a886",
                "c75b6fa89af704d56119547988a4d5b1864de0459d4f801e51b12f1fe0ea1a3f",
                "74125ee6e083cb38a1dea8805fb1e58c3e2c4ae1e44cf22c0f28ff7717642de3",
                "cce01499704b04822772897490adbd0849007eabb2ec5cd192355c1b16b5ee53",
                "70d785a6c9e37781305e6147e7e408b7ade7426d42a970afd89500e2a5055d4f",
                "de8cfbd31a1c83e30f7be19d33d73f15935f32644a21b61a685b2f24c76ea67f",
                "8371ed0d2bb93369b2ae5b1d2b6c44657bed184a31daae40da3cfefbb9501f0b",
                "39c25f48895dfff8f154a19775d5ede2ce758d53e55e48f62d14305e051b61c9",
                "996971541e78eb0a15118334ca72b8806b583631da5fe454d69d3d2428a5a976",
                "bfa75ad41ae2926eeae61275089e9b19158f964f8e9069e96b34c073ee0f0d3a",
                "65d03273ea83f20de3fcbf842ed6739c8f0847db6acc4c3879c4dcf41a85470d",
                "b7bbe9ab66b9c9006f285d6aa52bf68a827b3ebecb43d920f4da2f527a63a729",
                "c2da7284dec33180120685b0c05dfc5373623ae85600370d23a08e2523fc27c8",
                "8d8e19e028bcc8aed3f2a1f96d2343de3daa0c7c1abe85c2ce13f50759d133d4",
                "04d6d802aa7905c590fc017c97f52f18a81065202885c98013ea8a0578233ea4",
                "47a5bea35904cb30e1341f9ee3957324d2ea187c104315aac1c7790d0353c284",
                "13d280d9fb42b8a2055a0042ba3f50fe8b6c0bc3314a8c94111f6855438555e3",
                "f8cb377d8f97d0c21e2a7bd04d4c8f621226a8313b32a8996d2bf447c0bd11da",
                "a1a191c23cdb0ca7ccb2c85df4c6f87d3d58b6e2cc73c65855eff3fbcf1981a7",
                "fa2dbd79cbc7cc12f609efc99f3b07c89d39c67b115eaf96d0c188f023835185",
                "6030c5bb9b72888f8c1e34bb4237c3b41c28d240c212b7447ee94a568900825d",
                "2f10d1e7a66d1d59d8f0944cef9056451e570425ad0a0f500a8ccedd1a870833",
                "a37717609f34afebb8557dcf7c8c62afca1eb23b90bfb1afcd472c11750bb78b",
                "c1e2aa094ae8f99ca99e5e35b05a40638a84e3eb679cb15e36ffe40b79f4f7d8",
                "a53778cdb3f5ff80ad54a4a3e0804f38f482e32a2e1aeaa5032e75ccac2bb459",
                "b15dfc628e1f085fc7dd80d697b7f94d5a8a5a70c5effc32b6dcccc54becf3f5",
                "e89a53f459d4c60760195f290c6af28b584bd2b08f14e301c092c097878b7fb3",
                "189e7b2d8378ab441a6cdb873de99920c4abfac7e9d875f985c7fa05adbe3396",
                "691d2e22bd98a1f75266de2e26b08d79cdb19d2393728833c350152524546fcc",
                "f5fea30497853fa9c41ed39858c990342793f0b2140b40aff5f9ae6395f9278b",
                "e686ec5be0b403b57bda8c074185afa2c5abe13306f387ebcb5236303b2d9bff",
                "60f57d3987bfccf8ba190a386095f1fe0f528a5d60befc539ba890c5dee78c67",
                "f1e0c0a297783449ff3334b26fa31606f80184ae23332ccd1837d43f98278c7d",
                "5e6086c16a9d149dc8349ef49077688523e7c7990b3f88dc322a48874e4f7ca8"
            ],
            "type": "Script",
            "firstPartyCookies": {},
            "firstPartyCookiesSent": {},
            "exampleSites": [
                "www.wigs.com",
                "smokea.com",
                "www.copperh2o.com",
                "fieldcraftsurvival.com",
                "conservativedailypost.com",
                "eberlestock.com",
                "2awarehouse.com",
                "caskcartel.com",
                "www.nutritionwarehouse.com.au",
                "labyrinthos.co",
                "www.boostmobile.com",
                "terrysflorist.com",
                "www.yourdoll.com",
                "oxy-shop.com",
                "www.lectura-specs.com",
                "www.allparts.com",
                "dmaxstore.com",
                "wornandwound.com",
                "qualityspores.store",
                "www.bbwheelsonline.com"
            ]
        },
        {
            "rule": "soundestlink\\.com\\/REST\\/webTracking\\/v1\\/event",
            "cookies": 0,
            "fingerprinting": 0,
            "subdomains": [
                "wt"
            ],
            "apis": {},
            "sites": 68,
            "prevalence": 0.000469,
            "cnames": [],
            "responseHashes": [
                "ef1955ae757c8b966c83248350331bd3a30f658ced11f387f8ebf05ab3368629"
            ],
            "type": "Image",
            "firstPartyCookies": {},
            "firstPartyCookiesSent": {
                "omnisendAnonymousID": 0.00044185468504045735,
                "omnisendSessionID": 0.00044185468504045735,
                "shopify_recently_viewed": 0.000013807958907514292
            },
            "exampleSites": [
                "www.appliancesconnection.com",
                "www.infotainment.com",
                "labyrinthos.co",
                "caskcartel.com",
                "www.upends.com",
                "theknifeconnection.com",
                "www.waveform.com",
                "qualityspores.store",
                "anyalust.com",
                "www.allparts.com",
                "tosaylib.com",
                "vidaoptimacbd.com",
                "www.copperh2o.com",
                "kifaru.net",
                "www.linsoul.com",
                "www.centreofexcellence.com",
                "www.edenpure.com",
                "thechosengifts.com",
                "bulletproofzone.com",
                "www.fancydress.com"
            ]
        },
        {
            "rule": "soundestlink\\.com\\/REST\\/forms\\/v1\\/track\\/view",
            "cookies": 0,