{
    "domain": "soundestlink.com",
    "owner": {},
    "source": [
        "DuckDuckGo-US"
    ],
    "prevalence": 0.000863,
    "sites": 125,
    "subdomains": [
        "forms",
        "wt"
    ],
    "cnames": [],
    "fingerprinting": 0,
    "resources": [
        {
            "rule": "soundestlink\\.com\\/REST\\/inShop\\/v1\\/getSettings",
            "cookies": 0,
            "fingerprinting": 0,
            "subdomains": [
                "forms"
            ],
            "apis": {},
            "sites": 67,
            "prevalence": 0.000463,
            "cnames": [],
            "responseHashes": [
                "06fc345b6155933393c74216f03c793a67630d8f4800afc2e3081b4e63d75476",
                "a244903c89c30ce9f26109bf58f2845a7add1919a2974c4c2acc9536c43a63cd",
                "ec3cda276e8194c97dfdc022cd80869540b6ce5ae4b322caa60304bc50083e2d",
                "a0470b05a8dc68c1ba003d2e096c69e95855054b1721067794fc997d286375a7",
                "14c5d8552f03225ba8acb22a2412857adc9675846b56d5fba10c8c3733ac1552",
                "4828784e8e41f5215032a546dd7d1291a831076d0d3e39b6be7ad4a78821477b",
                "d529ee1dbc97dca1bbbc5c700486848a4e27344fed23a46bf8736c2d37314f55",
                "2d772933683b57f413d879666bf1788e25745be7601fe1753d3750c62cd23751",
                "8aeac5c6c6b0f86dfe809d51b610b0a5d4f14b3d120857a84a563862bb2e5888",
                "5c894d1278c4b1da395314ac78de7eb7a786dab4103c808ecc17c0e59fe65c1d",
                "1e591ec1b3a7032b81ef0044637399fd08e2dc187f71b7ff2fa17704e210beee",
                "c57fe7bcb6fa26ad9d5d15165f7ec0e69d72d9743be4a952b4f716e46b9e51e9",
                "84a54bf35ec5d57f0e19fd68391ccd23e9a5dc594b55f977cb6a464d06aac365",
                "84fc8275346331d11eb3e90f32a8275bb9674da9a477c28d5fbbd90394e444ad",
                "87e99c18895d97a502efe3b8940d402eb091cb9f9e6c75400ac054c5caeb9d2e",
                "7987fc5e2c387ca8ab9c5ea2e4ff15aaff55fa201229a9e681a3fc784c04f22c",
                "203bd5e393a7a84691d87997b0d267233fcfd03fbde3bc5b7254ba51390b1e24",
                "f49f3b9470958d96ab1ae0c904b664dde2a8e784c655d55c10b232d7fb63a43c",
                "a0a18a03e9dfb6712daa452054efbcc29e1f0a33c659f92b7384d3eb71218619",
                "83ed810f6d07c2f0c844c3509cc00f773556b3d2c7b4d2d96832cec1af6d75e3",
                "3a168354af7162e25a769ae053a89552bd50a7a0d4aaa6f9914c3797183699e3",
                "1d54b7653e1bd41a4e924ba5c4944736d84d6998d9c6f3d851a6c3c3fab97fdb",
                "3fbb3ec1036858dd8743b7fdb3f381f65b46980f692b906f5975924c551d7c84",
                "a9593e9e2890a73acd8d07f1b5bce9e1529ff91dc6e25aee67e9debd2dacd3a8",
                "c3b6aee6e7e151a00131321d6d1f7b75f0ceafe0dca9082f98ef827042187665",
                "567e8f4f5ef79c4ef3b939ae683e6e51d8796aa2e1bfb810612d223ff7bb9507",
                "2c228b4d21d07a59519d51e90de8c27819930eaa4900fdeef900b59e105bb81a",
                "eaf96a3f3cba69fc2f546768c734488531067bc79ddc2abf1f78132bfe9ae8d7",
                "954b05c360c28e2a012d85a3cce7bde470bb342dad6fbb7273e61ba81f360b72",
                "95e07301d034e2440332872347cb38b07bc9c6003228c579a185a1412586f0fe",
                "90d708e8dda52842a66a5d300c061ad6c3d26503a566288c6c6ffbfd82bac15c",
                "e3f7c6aca9a6b30b1626533c9d20b8bf467e82ea21226e13da5294dc78d444c0",
                "f81438e76e382f7da930ea5338de3a8317d9200a43b2418df49acaee42091326",
                "2772c77fb5440fdb8a494274332f5be78a2482c29892fc0487e33f1a3ce05ebb",
                "357fc4e107349caffc3643064893fa8c5623cd0537ac3b070638dfe13cf54a4d",
                "7094763446316202177ef0a6b9e0b90092069d6fc091fec881b0e9fa73a6746a",
                "247ba0361aa45f771254f49945f029b20fcfdb870eefd355a8d777fc4d40459e",
                "43408dc294af7730cdfc832c00faa609c9713fe571791b1fc631682947171052",
                "1452b1c382a1dd269c93ca7445f55ca9f0cc4f58a3d665455cdea0c32b87b24c",
                "f8c6d8d4f024a9b9770943b9d3720daefa6861712c29bda1a941a75169407e15",
                "e7eb8770400e39693709ba0a8d11aec8c24cd5dafe61e5a8d2a32be7b7cc5177",
                "3ba6a4698e7815668d5b4cc4c1d510bbe0f9a216dc7367cef37b7eda19972cde",
                "40bb6ef2910c9974f77adda1dd3d200c3755266a0219f7a6a9f00d9f020142d5",
                "626ccef615100d7e1d43db4845360181318b9379bedc46900d5670ccdf8f0038",
                "400db9702522dd752a468d004c1f0c39b54f4624324c0f298183222482560e47",
                "0812879276d02da2580aac1bdf0af761978cbec4447e7b2a2633a5e87ffe5dc6",
                "231b3fc0a4ce80610d1952f7dda8436c4b90c315b2d62b24bd71d85dd93e97d7",
                "5623d1075d9e37fc13e12d48d1978f9918c1730c81adb2efe13490ac9976d067",
                "34c729703ae9024c8618f4929d0bfb1d520aed2248a8ad3f02b1541127568a19",
                "28053a444d5d4d270cae8c0d584cbd6bf9d804f9fee1881547fbdf2ea3971d22",
                "7e9b37600f6bcd2d813f5d44d9a6b66d4a14027587b1bccc66e65853e68a1d8a",
                "fc2f87c0fb628291fce85aae816228775153d29d7e734403f084b98a9faa50e4",
                "a9334da8d42de5adb207671abc4c01ca461bc70f918223bc66395d1f8f97e9fe",
                "0ee0c89996d9b33aa13f842a28e3daa9a592b5357bd5dcb7cbb4dfa3ccad48d8",
                "ca4c4fe659f8ef34a56c11855cbda79dc5d779739253a0f3dedba3496185a049",
                "8d8e8b4a3b884a965f4c97078e3d633138987d8bc58a368b49a50f89f3c20b4c"
            ],
            "type": "Script",
            "firstPartyCookies": {},
            "firstPartyCookiesSent": {
                "_hjTLDTest": 0.000006903598155358573,
                "IR_gbd": 0.000006903598155358573,
                "_szl_instant_merchant_domain": 0.000006903598155358573
            },
            "exampleSites": [
                "thechosengifts.com",
                "www.briggsstrattonstore.com",
                "www.lelo.com",
                "www.yourdoll.com",
                "eberlestock.com",
                "patriciaspetals.com",
                "vidaoptimacbd.com",
                "creations.mattel.com",
                "www.waveform.com",
                "www.allparts.com",
                "theknifeconnection.com",
                "www.bbwheelsonline.com",
                "www.outbacktrading.com",
                "www.edenpure.com",
                "conservativedailypost.com",
                "www.militarymart.co.uk",
                "www.dixxon.com",
                "www.sexysexdoll.com",
                "www.asseenontvlive.com",
                "www.12volt.solutions"
            ]
        },
        {
            "rule": "soundestlink\\.com\\/REST\\/webTracking\\/v1\\/event",
            "cookies": 0,
            "fingerprinting": 0,
            "subdomains": [
                "wt"
            ],
            "apis": {},
            "sites": 67,
            "prevalence": 0.000463,
            "cnames": [],
            "responseHashes": [
                "1866961a029c65376fefb7f2ba1e6187e09ff50ea58d97dedfd72c197947d002"
            ],
            "type": "Image",
            "firstPartyCookies": {},
            "firstPartyCookiesSent": {
                "omnisendAnonymousID": 0.00046944467456438294,
                "omnisendSessionID": 0.00046944467456438294,
                "shopify_recently_viewed": 0.000006903598155358573,
                "_hjTLDTest": 0.000006903598155358573,
                "IR_gbd": 0.000006903598155358573,
                "_szl_instant_merchant_domain": 0.000006903598155358573
            },