{
    "domain": "speedcurve.com",
    "owner": {},
    "source": [
        "DuckDuckGo-US"
    ],
    "prevalence": 0.00511,
    "sites": 736,
    "subdomains": [
        "cdn",
        "lux"
    ],
    "cnames": [],
    "fingerprinting": 2,
    "resources": [
        {
            "rule": "speedcurve\\.com\\/js\\/lux\\.js",
            "cookies": 0.00075,
            "fingerprinting": 2,
            "subdomains": [
                "cdn"
            ],
            "apis": {
                "PerformanceTiming.prototype.navigationStart": 294,
                "Navigator.prototype.connection": 53,
                "Navigator.prototype.deviceMemory": 51,
                "Document.cookie getter": 108,
                "Document.cookie setter": 108
            },
            "sites": 398,
            "prevalence": 0.00276,
            "cnames": [],
            "responseHashes": [
                "8020c703799cb9cb704cf07b3a54f24202a51c7f2ac31a0ab264a0573149266e",
                "ccf452a5de19e75e6ad1886ccf91179c14e5147b50a5e692866fda22471883c5",
                "21c48d40ecb6ef30229910310807163b38fd274753935098976b4533de217b55",
                "30f5de0b2a847cd652523fe02534699ac014c6efd682c23c42f1ee8eec62bce0",
                "31a5e5c293a833080ab9f96f01a167e36dc5f6a69672dccd1d964e7c4b492fd3",
                "e76b89c24c33eef992f86181d1d0d8232e097ca806b6511b5e9482446e177bd4",
                "a26014ec702bc54ed1a3f20bd8c1b4bdceac9a1997fb704ee0e731adb684fb93",
                "62008ba58937572f1a34185e7f1957399da3d01b109c84698649767366fb5bde",
                "71a8fdaf97655c40070a0fd034eeff672a5526d7d768ccd314f46567a440f57d",
                "7b4791e8dcc008c772f932497225b6bd2985038f6850abf6696a76f9f7e5443e",
                "e05b92dcf7ea25b8197df1845c56b8aa0e0c9dc63aa9de5c3c6b1c1965a02654",
                "8bdf45b757f549c9005a611c03c3d71f9d5f2944a4bc7f8d3f068941e3094362",
                "2799d0b3af96f4c75fda5ed94a0afcd9d036728fa48affe54c9cedc5f5c325aa",
                "59118ea23e4015e91478c00ba963995dfd510cfde0884ee4b359c0ccd76742b8",
                "c063934f497d29dd6983a87a1b097fb16cc5c605db0624289d60e2fc22bb8f2f",
                "36760a292a88980148ad7dbe20375e2369a3d7e05bfbdbca30240763e0c0e6f4",
                "b49528ce7e43219dfc167b85a93a3b3bf00ab461fac3c5eff855f491b18b3f85",
                "ea369d6c1f002a9e62ecd0200f4121809ca000d74c9faa8ca2bf9ce37608c9a1",
                "00e21d186a73951d6ed675b4c64a9226cab54f981b605b71102298552bbc0ab2",
                "dab46135ef75c001ac6a08f03633d9512ed3962d242a869c9774069a6aacec95",
                "a65f94b2cd8eb7ed90c056cdcea4ddb94bdbd0ec61616aa8eabd6989b5fdac43",
                "008a58ddd94e036e29376a204071031e44cf05aa8430574e8f81e7c6fd04254a",
                "78d5d6c7e0ecdf990bc7f33d066ef3a4a3167cb5cd98a108c3c36dd2a1d8a69a",
                "97ef49b363af342f649f2c3e5735830e372528078cdbc30c7ff0c8e4a71f18b0",
                "be19a4a0f5dfdbf5c264c4adc3b2607a11aff7a64c28e848d8740be217b35854",
                "fdf15be9538d18a0efb93218f4adb133e8aedd90eb4259cd5d1550ad19b689f5",
                "a11ebc2a9729696930a9bd60c5aa8bb857ad170de8c64f9aadf37ce8bf4af15c",
                "053d6bf9279fd595127f4cbc22f8a9acc73e3db750e8722156e1432c34b767d0",
                "4847b35ac2282bad78fd49c2b41d7929ec809389f1ad86a54a69693aef753a30",
                "edc8b477a39c77416503a623380f1e869cb9c395ef92bd015361ea8bd14fa3ef",
                "ad3cf5392a1b2ab94948e3af829c4d06b71466f47e96c6af3eff410a6df8b579",
                "bca741f149358be278b4fffa12b33434aa05182762fe3fe0e61cc3efa17dec19",
                "ac14b789812bf65c80b62b452e2a2637a3197c3665acbc7b8551bf1b147dbf35",
                "3a89f4abdbc8e2b2e6672c42028607c1a5a1908cb8925bcf1915ea9de0e4578a",
                "cbafa8981a099b1662748ecaa84c7ae3da2c45828df7ebd9bde32b8edc5b342a",
                "91772b40058637c379f58090ad70002dc7cff9cd82c00a6ad97b831c0ba35b98",
                "ed48b027f82386fd9bf8f75cd59d1fb04e0eaa42b53e6ca838d9f2fef31982d9",
                "3a52df89d41056908f2aacc9444c5793af0b4345988fca82a98bf25e9cfac3ed"
            ],
            "type": "Script",
            "firstPartyCookies": {
                "lux_uid": {
                    "ttl": 1800,
                    "length": 18,
                    "prevalence": 0.0007496876301541025,
                    "uniqueness": 1
                }
            },
            "firstPartyCookiesSent": {},
            "exampleSites": [
                "developer.mozilla.org",
                "docs.microsoft.com",
                "gizmodo.com",
                "lifehacker.com",
                "nypost.com",
                "social.msdn.microsoft.com",
                "www.businessinsider.com",
                "www.cosmopolitan.com",
                "www.nexusmods.com",
                "www.retailmenot.com",
                "www.piloteers.org",
                "www.mountainwarehouse.com",
                "www.galaxus.ch",
                "forums.xamarin.com",
                "www.mtbr.com",
                "www.thedieselstop.com",
                "www.kidkraft.com",
                "www.kiasoulforums.com",
                "www.microskiff.com",
                "www.pirate4x4.com"
            ]
        },
        {
            "rule": "speedcurve\\.com\\/lux\\/",
            "cookies": 0,
            "fingerprinting": 0,
            "subdomains": [
                "lux"
            ],
            "apis": {},
            "sites": 61,
            "prevalence": 0.000423,
            "cnames": [],
            "responseHashes": [
                "6879e69034d20945d958b5a2b6a4cfcf107c165c3a94fa1a1b068c4a62acb668"
            ],
            "type": "Script",
            "firstPartyCookies": {},
            "firstPartyCookiesSent": {
                "lux_uid": 0.00009718172983479106,
                "IR_gbd": 0.000020824656393169513,
                "dy_fs_page": 0.0000069415521310565046,
                "_li_dcdm_c": 0.000013883104262113009
            },
            "exampleSites": [
                "developer.mozilla.org",
                "social.msdn.microsoft.com",
                "www.veikkaus.fi",
                "www.glassesusa.com",
                "www.wehkamp.nl",
                "www.mountainwarehouse.com",
                "snyk.io",
                "www.gigsalad.com",
                "ipfs.io",
                "www.shopify.com",
                "www.knack.be",
                "www.simyo.nl",
                "developer.microsoft.com",
                "www.keds.com",
                "www.sperry.com",
                "www.olivemagazine.com",
                "www.libelle-lekker.be",
                "www.awaytravel.com",
                "www.youneedabudget.com",
                "ao.com"
            ]
        },
        {
            "rule": "speedcurve\\.com\\/error\\/",
            "cookies": 0,
            "fingerprinting": 0,
            "subdomains": [
                "lux"
            ],
            "apis": {},
            "sites": 11,
            "prevalence": 0.0000764,
            "cnames": [],
            "responseHashes": [
                "e3b0c44298fc1c149afbf4c8996fb92427ae41e4649b934ca495991b7852b855"
            ],
            "type": "Image",
            "firstPartyCookies": {},
            "firstPartyCookiesSent": {},
            "exampleSites": [
                "astrostyle.com",
                "shift.com",
                "www.bmwusa.com",
                "www.casino.org",
                "www.chacos.com",
                "www.knack.be",
                "www.nykaa.com",
                "www.sperry.com",
                "www.sunrun.com",
                "www.us-mattress.com",
                "www.wolverine.com"
            ]
        }
    ],
    "categories": [],
    "performance": {
        "time": 1,
        "size": 1,
        "cpu": 0,
        "cache": 3
    },
    "cookies": 0.00151,
    "types": {
        "Script": 459,
        "Image": 11
    },