{
    "domain": "sphereup.com",
    "owner": {
        "name": "SphereUp, Inc",
        "displayName": "SphereUp"
    },
    "source": [
        "DuckDuckGo-US"
    ],
    "prevalence": 0.000169,
    "sites": 24,
    "subdomains": [
        "zdwidget3-bs"
    ],
    "cnames": [],
    "fingerprinting": 1,
    "resources": [
        {
            "rule": "sphereup\\.com\\/zoomd\\/SearchUi\\/Script",
            "cookies": 0.000106,
            "fingerprinting": 1,
            "subdomains": [
                "zdwidget3-bs"
            ],
            "apis": {
                "Document.cookie getter": 12,
                "Navigator.prototype.userAgent": 12,
                "Navigator.prototype.appName": 7,
                "Screen.prototype.width": 7,
                "Screen.prototype.height": 7
            },
            "sites": 15,
            "prevalence": 0.000106,
            "cnames": [],
            "responseHashes": [
                "32bfbc8b2a069bcbd2b3e40e451eec9a285badbbb7b02032efd02ec2b3a8a706",
                "fea5207caa5e286e53fede2ba3b889f715b18ab0b4d8e7437d99e80617b135c8",
                "76c492ccd7c821e0550e9edb182a2f14ce5839f00f36788c3828ec2a226a89cc",
                "2fbd83b5248047a9d94935cf077a47da85913b0e55a6b3dacf0ef447ff9d0dbf",
                "0f732712c7092ca9bf996633bd675ed64af323e400aabe2cf224700efd480f22",
                "105f19d913275dfd0e748fd256c96940e55cd6907ae50f56d589e35ebe33e271",
                "521af902e49069a0af9769c149eac90d28058ac3fda71cb16984b1b6ec6a310c",
                "bd2ddfb210b64bf568377ec7a1e2637f8b72acfc04bd826a124c4ea9ddc6d97b",
                "9cce0da2d3bdaab67d5d162aca6bc52a321c3eb2a5e3cb659ae27ce858d6f756",
                "7a56c248ef879266c12f9757afc7900a69379e8f2cda8efae083cca07404793f",
                "406d24e0549fce97ba5fc54f50b22f7ef2d741a3977799b9d727ddafe72ca82c",
                "191760331abc6b7f7bcae2cdc680536b6cafa846ab2d7e8794c6d65de2d1acec",
                "5c63616dd9cff9a3a657207d36d71308a2f7746fb708bef482590742c3eab8ef"
            ],
            "type": "Script",
            "firstPartyCookies": {},
            "firstPartyCookiesSent": {},
            "exampleSites": [
                "13tv.co.il",
                "m.maariv.co.il",
                "m.sport5.co.il",
                "www.bworldonline.com",
                "www.citizen.co.za",
                "www.deeranddeerhunting.com",
                "www.globes.co.il",
                "www.gmanetwork.com",
                "www.limaohio.com",
                "www.maariv.co.il",
                "www.macwelt.de",
                "www.manilatimes.net",
                "www.pcwelt.de",
                "www.robesonian.com",
                "www.sport-fm.gr"
            ]
        },
        {
            "rule": "sphereup\\.com\\/zoomd\\/SearchUi\\/GetToken",
            "cookies": 0.0000915,
            "fingerprinting": 0,
            "subdomains": [
                "zdwidget3-bs"
            ],
            "apis": {},
            "sites": 13,
            "prevalence": 0.0000915,
            "cnames": [],
            "responseHashes": [
                "daadc20f7d0b905ee9b1d91d6fb508206a9254f3e314bfb0e958c41ba978471a",
                "5a996405a82e806b05e80a221e321e828e0df13377576002209e820e46563649",
                "fe0e1d532a44db8e11dceae3a4e411283958aa80d756d18c81ac8eb47348dca6",
                "5dcdcb7ac3a0af85459fdca4466474f6d16e084a93a38b3da898868474d00b3c"
            ],
            "type": "XHR",
            "firstPartyCookies": {},
            "firstPartyCookiesSent": {},
            "exampleSites": [
                "13tv.co.il",
                "m.maariv.co.il",
                "www.bworldonline.com",
                "www.citizen.co.za",
                "www.deeranddeerhunting.com",
                "www.globes.co.il",
                "www.gmanetwork.com",
                "www.limaohio.com",
                "www.macwelt.de",
                "www.manilatimes.net",
                "www.pcwelt.de",
                "www.robesonian.com",
                "www.sport-fm.gr"
            ]
        },
        {
            "rule": "sphereup\\.com\\/TopSearch",
            "cookies": 0,
            "fingerprinting": 0,
            "subdomains": [
                "zdwidget3-bs"
            ],
            "apis": {},
            "sites": 2,
            "prevalence": 0.0000141,
            "cnames": [],
            "responseHashes": [
                "2d4e9761ed83089655bcbe88c861f07fdf7c38e9ac753d8c506d3daded8d6b57"
            ],
            "type": "Script",
            "firstPartyCookies": {},
            "firstPartyCookiesSent": {
                "get_top_level_domain_cookie": 0.000007038783698176955
            },
            "exampleSites": [
                "13tv.co.il",
                "www.pcwelt.de"
            ]
        },
        {
            "rule": "sphereup\\.com\\/MultipleTopSearch",
            "cookies": 0,
            "fingerprinting": 0,
            "subdomains": [
                "zdwidget3-bs"
            ],
            "apis": {},
            "sites": 3,
            "prevalence": 0.0000211,
            "cnames": [],
            "responseHashes": [
                "520148d9aa843d99abc47c50b0bfe3cf50fef5377f6d29bcd06768b524f082b4"
            ],
            "type": "Script",
            "firstPartyCookies": {},
            "firstPartyCookiesSent": {
                "get_top_level_domain_cookie": 0.000007038783698176955
            },
            "exampleSites": [
                "bworldonline.com",
                "www.citizen.co.za",
                "www.gmanetwork.com"
            ]
        }
    ],
    "categories": [],
    "performance": {},
    "cookies": 0.000169,
    "types": {
        "Script": 20,
        "XHR": 13
    },
    "nameservers": [
        "ns64.domaincontrol.com",
        "ns63.domaincontrol.com"
    ]
}