{
    "domain": "ssl-services.com",
    "owner": {},
    "source": [
        "DuckDuckGo-US"
    ],
    "prevalence": 0.000139,
    "sites": 20,
    "subdomains": [
        "retarget"
    ],
    "cnames": [],
    "fingerprinting": 0,
    "resources": [
        {
            "rule": "ssl-services\\.com\\/p\\/gl\\.php",
            "cookies": 0,
            "fingerprinting": 0,
            "subdomains": [
                "retarget"
            ],
            "apis": {},
            "sites": 10,
            "prevalence": 0.0000694,
            "cnames": [],
            "responseHashes": [
                "95e7d5c369c45797f51f0b3b371f3adf906efacaa44275114337408c0eaddcc8",
                "5b0ee8c394e5b3fa063ad7edd15dfdcf7aed20156c88d53caac50358509f781a",
                "0f0aedd7bbef41205fd08c625f65a12e46e95e060fc6c27b3183215d580a827e",
                "bce318b713add4ff5fea2213a4d98490fa9b08b24320831050cbee5d1045da9a",
                "eaa3b1030bc02662a5d01f1e83b09094a43ee2435977a84f3f62ec66b106a12a",
                "06260043bb2bdeaf3c3943ec0f29bedddfd946f2d58e09603b7f864d05960485",
                "812ccb07c24bfdef9b4a2e869d81b161cc02b37bbe0ccb87a7bdf96a4f67a852",
                "e3255d3a9a9780b721f0b465eae24bd7d662c44718cbe81b16eb92b3ed8e0c02",
                "4975ce1d9d66558270fb4b22783d0e76bfaddd8eda17e7a2664eddc36450a37e"
            ],
            "type": "Script",
            "firstPartyCookies": {},
            "firstPartyCookiesSent": {},
            "exampleSites": [
                "24porno.guru",
                "24sex.uno",
                "24xxx.guru",
                "4ertik.website",
                "bestzzporno.com",
                "ipornoflv.online",
                "likeporno.vip",
                "newbrporno.info",
                "vpornoonlain.online",
                "worldporno.pro"
            ]
        }
    ],
    "categories": [],
    "performance": {
        "time": 0,
        "size": 0,
        "cpu": 0,
        "cache": 0
    },
    "cookies": 0,
    "types": {
        "Script": 10
    },
    "nameservers": [
        "ns1.ssl-services.com",
        "ns2.ssl-services.com"
    ]
}