{
    "domain": "statstrk01.com",
    "owner": {},
    "source": [
        "DuckDuckGo-US"
    ],
    "prevalence": 0.000318,
    "sites": 46,
    "subdomains": [
        "cdn"
    ],
    "cnames": [],
    "fingerprinting": 1,
    "resources": [
        {
            "rule": "statstrk01\\.com\\/assets\\/javascripts\\/sdk2\\.js",
            "cookies": 0.000159,
            "fingerprinting": 1,
            "subdomains": [
                "cdn"
            ],
            "apis": {
                "window.sessionStorage": 25,
                "Document.cookie getter": 25,
                "window.localStorage": 25,
                "Document.cookie setter": 23
            },
            "sites": 25,
            "prevalence": 0.000173,
            "cnames": [],
            "responseHashes": [
                "16403cc82ca43fd645c0436685810d4596fe735c7580362bff890dc68a4e9002"
            ],
            "type": "Script",
            "firstPartyCookies": {
                "streamstats_anon_id_513273": {
                    "ttl": 31536000,
                    "length": 36,
                    "prevalence": 0.000006903979453757146,
                    "uniqueness": 1
                },
                "streamstats_anon_id_510849": {
                    "ttl": 31536000,
                    "length": 36,
                    "prevalence": 0.000006903979453757146,
                    "uniqueness": 1
                },
                "streamstats_anon_id_512673": {
                    "ttl": 31536000,
                    "length": 36,
                    "prevalence": 0.000006903979453757146,
                    "uniqueness": 1
                },
                "streamstats_anon_id_513593": {
                    "ttl": 31536000,
                    "length": 36,
                    "prevalence": 0.000006903979453757146,
                    "uniqueness": 1
                },
                "streamstats_anon_id_511721": {
                    "ttl": 31536000,
                    "length": 36,
                    "prevalence": 0.000006903979453757146,
                    "uniqueness": 1
                },
                "streamstats_anon_id_513641": {
                    "ttl": 31536000,
                    "length": 36,
                    "prevalence": 0.000006903979453757146,
                    "uniqueness": 1
                },
                "streamstats_anon_id_509899": {
                    "ttl": 31536000,
                    "length": 36,
                    "prevalence": 0.000006903979453757146,
                    "uniqueness": 1
                },
                "streamstats_anon_id_509757": {
                    "ttl": 31536000,
                    "length": 36,
                    "prevalence": 0.000006903979453757146,
                    "uniqueness": 1
                },
                "streamstats_anon_id_510147": {
                    "ttl": 31536000,
                    "length": 36,
                    "prevalence": 0.000006903979453757146,
                    "uniqueness": 1
                },
                "streamstats_anon_id_512435": {
                    "ttl": 31536000,
                    "length": 36,
                    "prevalence": 0.000006903979453757146,
                    "uniqueness": 1
                },
                "streamstats_anon_id_512437": {
                    "ttl": 31536000,
                    "length": 36,
                    "prevalence": 0.000006903979453757146,
                    "uniqueness": 1
                },
                "streamstats_anon_id_513647": {
                    "ttl": 31536000,
                    "length": 36,
                    "prevalence": 0.000006903979453757146,
                    "uniqueness": 1
                },
                "streamstats_anon_id_513125": {
                    "ttl": 31536000,
                    "length": 36,
                    "prevalence": 0.000006903979453757146,
                    "uniqueness": 1
                },
                "streamstats_anon_id_512711": {
                    "ttl": 31536000,
                    "length": 36,
                    "prevalence": 0.000006903979453757146,
                    "uniqueness": 1
                },
                "streamstats_anon_id_512307": {
                    "ttl": 31536000,
                    "length": 36,
                    "prevalence": 0.000006903979453757146,
                    "uniqueness": 1
                },
                "streamstats_anon_id_511873": {
                    "ttl": 31536000,
                    "length": 36,
                    "prevalence": 0.000006903979453757146,
                    "uniqueness": 1
                },
                "streamstats_anon_id_510551": {
                    "ttl": 31536000,
                    "length": 36,
                    "prevalence": 0.000006903979453757146,
                    "uniqueness": 1
                },
                "streamstats_anon_id_512351": {
                    "ttl": 31536000,
                    "length": 36,
                    "prevalence": 0.000006903979453757146,
                    "uniqueness": 1
                },
                "streamstats_anon_id_513591": {
                    "ttl": 31536000,
                    "length": 36,
                    "prevalence": 0.000006903979453757146,
                    "uniqueness": 1
                },
                "streamstats_anon_id_504175": {
                    "ttl": 31536000,
                    "length": 36,
                    "prevalence": 0.000006903979453757146,
                    "uniqueness": 1
                },
                "streamstats_anon_id_507849": {
                    "ttl": 31536000,
                    "length": 36,
                    "prevalence": 0.000006903979453757146,
                    "uniqueness": 1
                },
                "streamstats_anon_id_510959": {
                    "ttl": 31536000,
                    "length": 36,
                    "prevalence": 0.000006903979453757146,
                    "uniqueness": 1
                },
                "streamstats_anon_id_512871": {
                    "ttl": 31536000,
                    "length": 36,
                    "prevalence": 0.000006903979453757146,
                    "uniqueness": 1
                }
            },
            "firstPartyCookiesSent": {},
            "exampleSites": [
                "www.replacementremotes.com",
                "www.lowes.com.au",
                "www.recpro.com",
                "www.tandemkross.com",
                "globalseafoods.com",
                "touratech-usa.com",
                "www.nightvisionguys.com",
                "www.lmperformance.com",
                "www.rvupgradestore.com",
                "mastertoolrepair.com",
                "www.fs1inc.com",
                "cppdiesel.com",
                "www.armynavysales.com",
                "www.carolinashooterssupply.com",
                "www.mountsplus.com",
                "www.leonardusa.com",
                "www.fabglassandmirror.com",
                "www.budgetheating.com",
                "www.redpocket.com",
                "www.albanycountyfasteners.com"
            ]
        }
    ],
    "categories": [],
    "performance": {},
    "cookies": 0.00029,
    "types": {
        "Script": 25
    },
    "nameservers": [
        "ns3.ezpublishing.com",
        "ns2.ezpublishing.com",
        "ns.ezpublishing.com",
        "ns4.ezpublishing.com"
    ]
}