{
    "domain": "statstrk01.com",
    "owner": {},
    "source": [
        "DuckDuckGo-US"
    ],
    "prevalence": 0.000243,
    "sites": 32,
    "subdomains": [
        "cdn"
    ],
    "cnames": [],
    "fingerprinting": 1,
    "resources": [
        {
            "rule": "statstrk01\\.com\\/assets\\/javascripts\\/sdk2\\.js",
            "cookies": 0.000129,
            "fingerprinting": 1,
            "subdomains": [
                "cdn"
            ],
            "apis": {
                "window.sessionStorage": 18,
                "Document.cookie getter": 17,
                "window.localStorage": 18,
                "Document.cookie setter": 17
            },
            "sites": 18,
            "prevalence": 0.000137,
            "cnames": [],
            "responseHashes": [
                "c98d50e24ecbc799cecb08255c7c8a372785f793a6f04f9f437d2da85d9b82dd"
            ],
            "type": "Script",
            "firstPartyCookies": {
                "streamstats_anon_id_508455": {
                    "ttl": 31536000,
                    "length": 36,
                    "prevalence": 0.0000075913428326336645,
                    "uniqueness": 1
                },
                "streamstats_anon_id_510849": {
                    "ttl": 31536000,
                    "length": 36,
                    "prevalence": 0.0000075913428326336645,
                    "uniqueness": 1
                },
                "streamstats_anon_id_512673": {
                    "ttl": 31536000,
                    "length": 36,
                    "prevalence": 0.0000075913428326336645,
                    "uniqueness": 1
                },
                "streamstats_anon_id_513593": {
                    "ttl": 31536000,
                    "length": 36,
                    "prevalence": 0.0000075913428326336645,
                    "uniqueness": 1
                },
                "streamstats_anon_id_511721": {
                    "ttl": 31536000,
                    "length": 36,
                    "prevalence": 0.0000075913428326336645,
                    "uniqueness": 1
                },
                "streamstats_anon_id_509899": {
                    "ttl": 31536000,
                    "length": 36,
                    "prevalence": 0.0000075913428326336645,
                    "uniqueness": 1
                },
                "streamstats_anon_id_509757": {
                    "ttl": 31536000,
                    "length": 36,
                    "prevalence": 0.0000075913428326336645,
                    "uniqueness": 1
                },
                "streamstats_anon_id_510147": {
                    "ttl": 31536000,
                    "length": 36,
                    "prevalence": 0.0000075913428326336645,
                    "uniqueness": 1
                },
                "streamstats_anon_id_512437": {
                    "ttl": 31536000,
                    "length": 36,
                    "prevalence": 0.0000075913428326336645,
                    "uniqueness": 1
                },
                "streamstats_anon_id_512307": {
                    "ttl": 31536000,
                    "length": 36,
                    "prevalence": 0.0000075913428326336645,
                    "uniqueness": 1
                },
                "streamstats_anon_id_511873": {
                    "ttl": 31536000,
                    "length": 36,
                    "prevalence": 0.0000075913428326336645,
                    "uniqueness": 1
                },
                "streamstats_anon_id_513591": {
                    "ttl": 31536000,
                    "length": 36,
                    "prevalence": 0.0000075913428326336645,
                    "uniqueness": 1
                },
                "streamstats_anon_id_504175": {
                    "ttl": 31536000,
                    "length": 36,
                    "prevalence": 0.0000075913428326336645,
                    "uniqueness": 1
                },
                "streamstats_anon_id_507849": {
                    "ttl": 31536000,
                    "length": 36,
                    "prevalence": 0.0000075913428326336645,
                    "uniqueness": 1
                },
                "streamstats_anon_id_510959": {
                    "ttl": 31536000,
                    "length": 36,
                    "prevalence": 0.0000075913428326336645,
                    "uniqueness": 1
                },
                "streamstats_anon_id_511865": {
                    "ttl": 31536000,
                    "length": 36,
                    "prevalence": 0.0000075913428326336645,
                    "uniqueness": 1
                },
                "streamstats_anon_id_512871": {
                    "ttl": 31536000,
                    "length": 36,
                    "prevalence": 0.0000075913428326336645,
                    "uniqueness": 1
                }
            },
            "firstPartyCookiesSent": {},
            "exampleSites": [
                "botach.com",
                "mastertoolrepair.com",
                "touratech-usa.com",
                "www.albanycountyfasteners.com",
                "www.armynavysales.com",
                "www.buffaloarms.com",
                "www.carolinashooterssupply.com",
                "www.fabglassandmirror.com",
                "www.farmandhomesupply.com",
                "www.jensales.com",
                "www.mountsplus.com",
                "www.nightvisionguys.com",
                "www.recpro.com",
                "www.redpocket.com",
                "www.replacementremotes.com",
                "www.rvupgradestore.com",
                "www.sofasandsectionals.com",
                "www.tandemkross.com"
            ]
        }
    ],
    "categories": [],
    "performance": {},
    "cookies": 0.000228,
    "types": {
        "Script": 18
    },
    "nameservers": [
        "ns3.ezpublishing.com",
        "ns2.ezpublishing.com",
        "ns.ezpublishing.com",
        "ns4.ezpublishing.com"
    ]
}