{
    "domain": "steam.eu.com",
    "owner": {},
    "source": [
        "DuckDuckGo-US"
    ],
    "prevalence": 0.0000138,
    "sites": 2,
    "subdomains": [
        "live"
    ],
    "cnames": [],
    "fingerprinting": 2,
    "resources": [
        {
            "rule": "steam\\.eu\\.com\\/client\\/",
            "cookies": 0.0000138,
            "fingerprinting": 2,
            "subdomains": [
                "live"
            ],
            "apis": {
                "window.localStorage": 2,
                "Navigator.prototype.userAgent": 2,
                "Date.prototype.getTime": 2,
                "Document.cookie getter": 2,
                "Navigator.prototype.languages": 2,
                "Navigator.prototype.cookieEnabled": 2,
                "Document.cookie setter": 2
            },
            "sites": 2,
            "prevalence": 0.0000138,
            "cnames": [],
            "responseHashes": [
                "eb1aed23893589a6a13bc06df55b9b195dfb1ba60a0cd89a3214794a3e818366"
            ],
            "type": "Script",
            "firstPartyCookies": {
                "39fd6ec1-2f61-4567-955c-f98e370f0ef6_openingHoursVisible": {
                    "ttl": 251766684445,
                    "length": 5,
                    "prevalence": 0.000006905552754970272,
                    "uniqueness": 1
                },
                "39fd6ec1-2f61-4567-955c-f98e370f0ef6_opened": {
                    "ttl": 251766684445,
                    "length": 5,
                    "prevalence": 0.000006905552754970272,
                    "uniqueness": 1
                },
                "39fd6ec1-2f61-4567-955c-f98e370f0ef6_mode": {
                    "ttl": 251766684445,
                    "length": 1,
                    "prevalence": 0.000006905552754970272,
                    "uniqueness": 1
                },
                "7b9622fd-2f00-4e22-a942-780b74287703_openingHoursVisible": {
                    "ttl": 251766684445,
                    "length": 5,
                    "prevalence": 0.000006905552754970272,
                    "uniqueness": 1
                },
                "7b9622fd-2f00-4e22-a942-780b74287703_opened": {
                    "ttl": 251766684445,
                    "length": 5,
                    "prevalence": 0.000006905552754970272,
                    "uniqueness": 1
                },
                "7b9622fd-2f00-4e22-a942-780b74287703_mode": {
                    "ttl": 251766684445,
                    "length": 1,
                    "prevalence": 0.000006905552754970272,
                    "uniqueness": 1
                }
            },
            "firstPartyCookiesSent": {},
            "exampleSites": [
                "vastelastenbond.nl",
                "www.vastelastenbond.nl"
            ]
        },
        {
            "rule": "steam\\.eu\\.com\\/css",
            "cookies": 0,
            "fingerprinting": 0,
            "subdomains": [
                "live"
            ],
            "apis": {},
            "sites": 2,
            "prevalence": 0.0000138,
            "cnames": [],
            "responseHashes": [
                "73454d69386dd6a71be328a21b1ca1db3508b75e442749d1f65e59d676f98629"
            ],
            "type": "Stylesheet",
            "firstPartyCookies": {},
            "firstPartyCookiesSent": {},
            "exampleSites": [
                "vastelastenbond.nl",
                "www.vastelastenbond.nl"
            ]
        },
        {
            "rule": "steam\\.eu\\.com\\/q\\/getChatInfo",
            "cookies": 0,
            "fingerprinting": 0,
            "subdomains": [
                "live"
            ],
            "apis": {},
            "sites": 2,
            "prevalence": 0.0000138,
            "cnames": [],
            "responseHashes": [
                "4d68be153f2791656041ebccdf05132dd928f6a974da79e7c7ee5201437b834f"
            ],
            "type": "XHR",
            "firstPartyCookies": {},
            "firstPartyCookiesSent": {},
            "exampleSites": [
                "vastelastenbond.nl",
                "www.vastelastenbond.nl"
            ]
        },
        {
            "rule": "steam\\.eu\\.com\\/q\\/getChatInfo",
            "cookies": 0,
            "fingerprinting": 0,
            "subdomains": [
                "live"
            ],
            "apis": {},
            "sites": 2,
            "prevalence": 0.0000138,
            "cnames": [],
            "responseHashes": [],
            "type": "Preflight",
            "firstPartyCookies": {},
            "firstPartyCookiesSent": {},
            "exampleSites": [
                "vastelastenbond.nl",
                "www.vastelastenbond.nl"
            ]
        },
        {
            "rule": "steam\\.eu\\.com\\/chat_closeinfo\\.png",
            "cookies": 0,
            "fingerprinting": 0,
            "subdomains": [
                "live"
            ],
            "apis": {},
            "sites": 2,
            "prevalence": 0.0000138,
            "cnames": [],
            "responseHashes": [
                "3fb1c54ae8ac0885445c1022d6fcb5df50c33b965e32fc9c7e5a9f5073b10a23"
            ],
            "type": "Image",
            "firstPartyCookies": {},
            "firstPartyCookiesSent": {},
            "exampleSites": [
                "vastelastenbond.nl",
                "www.vastelastenbond.nl"
            ]
        },
        {
            "rule": "steam\\.eu\\.com\\/audio\\/beep\\.wav",
            "cookies": 0,
            "fingerprinting": 0,
            "subdomains": [
                "live"
            ],
            "apis": {},
            "sites": 2,
            "prevalence": 0.0000138,
            "cnames": [],
            "responseHashes": [
                "291d0d9da79a70abbbf195226eeed1d702685ab76648b424bec0216fb546d054"
            ],
            "type": "Media",
            "firstPartyCookies": {},
            "firstPartyCookiesSent": {},
            "exampleSites": [
                "vastelastenbond.nl",
                "www.vastelastenbond.nl"
            ]
        },
        {
            "rule": "steam\\.eu\\.com\\/audio\\/1\\.ogg",
            "cookies": 0,
            "fingerprinting": 0,
            "subdomains": [
                "live"
            ],
            "apis": {},
            "sites": 2,
            "prevalence": 0.0000138,
            "cnames": [],
            "responseHashes": [
                "ca04ae57428ac298e60000160081098e1ae9935ff9574d66d69a149fd73a278f"
            ],
            "type": "Media",
            "firstPartyCookies": {},
            "firstPartyCookiesSent": {},
            "exampleSites": [
                "vastelastenbond.nl",
                "www.vastelastenbond.nl"
            ]
        }
    ],
    "categories": [],
    "performance": {},
    "cookies": 0.0000138,
    "types": {
        "Script": 2,
        "Stylesheet": 2,
        "XHR": 2,
        "Preflight": 2,
        "Image": 2,
        "Media": 4
    },
    "nameservers": [
        "ns1.sqr.nl",
        "ns2.sqr.domains",
        "ns3.sqr.cloud"
    ]
}