{
    "domain": "sunmediaads.com",
    "owner": {},
    "source": [
        "DuckDuckGo-US"
    ],
    "prevalence": 0.0000833,
    "sites": 12,
    "subdomains": [
        "img",
        "play"
    ],
    "cnames": [],
    "fingerprinting": 1,
    "resources": [
        {
            "rule": "sunmediaads\\.com\\/ads\\/lz_loader\\.js",
            "cookies": 0,
            "fingerprinting": 1,
            "subdomains": [
                "img"
            ],
            "apis": {
                "Navigator.prototype.userAgent": 10
            },
            "sites": 10,
            "prevalence": 0.0000694,
            "cnames": [],
            "responseHashes": [
                "7c074d5639b08b7eee3923842b52d5333c37eceb96baf14ee213584981066fe5"
            ],
            "type": "Script",
            "firstPartyCookies": {},
            "firstPartyCookiesSent": {},
            "exampleSites": [
                "chathispano.com",
                "horoscoponegro.com",
                "m.forocoches.com",
                "www.alertadigital.com",
                "www.baenegocios.com",
                "www.efe.com",
                "www.noticiasdegipuzkoa.eus",
                "www.parlamentnilisty.cz",
                "www.portalnet.cl",
                "www.uai.com.br"
            ]
        },
        {
            "rule": "sunmediaads\\.com\\/red\\/zone\\.php",
            "cookies": 0.0000694,
            "fingerprinting": 0,
            "subdomains": [
                "play"
            ],
            "apis": {},
            "sites": 10,
            "prevalence": 0.0000694,
            "cnames": [],
            "responseHashes": [
                "f1ccb40b7d2de0133e9882fdaa5a07a0cb35ea0e07e7f59aa7e8508df4bcd041",
                "c921149343a1db9c884fb102df32ee09612607755431d22aa1da164f93a2dbb2",
                "4147a565351ae23536c3d8d4081f29273b8becfb2271416b76f8a33324438927",
                "a99837a37724b1f88a2fff9fa3f89ada47747a492249c2adae4d62a909ab5d69",
                "cb6d170505e53564eb33720ee3ce560c5361ba9a782fee156aa6fb6018472cc9",
                "1d5a75e67abccf70f4f5646415e899d2b528d609c022bca991b9f5d3463d216c",
                "dafbfdea20b10f0660051774e90195dd575ffc585a02ba1964fea57c43cb0ec0",
                "965cdc068d3e1958eefdb74bf52bf9c69df1b49331f3a17ca2259f6164ed4c0c"
            ],
            "type": "Script",
            "firstPartyCookies": {},
            "firstPartyCookiesSent": {},
            "exampleSites": [
                "chathispano.com",
                "horoscoponegro.com",
                "m.forocoches.com",
                "www.alertadigital.com",
                "www.baenegocios.com",
                "www.efe.com",
                "www.noticiasdegipuzkoa.eus",
                "www.parlamentnilisty.cz",
                "www.portalnet.cl",
                "www.uai.com.br"
            ]
        }
    ],
    "categories": [],
    "performance": {
        "time": 0,
        "size": 0,
        "cpu": 0,
        "cache": 0
    },
    "cookies": 0.0000764,
    "types": {
        "Script": 20
    },
    "nameservers": [
        "dns4.name-services.com",
        "dns5.name-services.com",
        "dns3.name-services.com",
        "dns2.name-services.com",
        "dns1.name-services.com"
    ]
}