{
    "domain": "tarteaucitron.io",
    "owner": {},
    "source": [
        "DuckDuckGo-US"
    ],
    "prevalence": 0.000117,
    "sites": 17,
    "subdomains": [],
    "cnames": [],
    "fingerprinting": 1,
    "resources": [
        {
            "rule": "tarteaucitron\\.io\\/load\\.js",
            "cookies": 0.0000207,
            "fingerprinting": 1,
            "subdomains": [],
            "apis": {
                "Navigator.prototype.doNotTrack": 8,
                "Date.prototype.getTime": 8,
                "Document.cookie getter": 3,
                "Document.cookie setter": 3
            },
            "sites": 8,
            "prevalence": 0.0000552,
            "cnames": [],
            "responseHashes": [
                "3fdc13906d869f4cdc53180ad7a098a97f4d64c7f33a622a8d3b06b55a82e2ab",
                "8771a36d8ccefe9d0bb4b85e7ac63fa542cfc40c1748c80f92a168945cba3156",
                "ba5b55be4462fb92f3599aa01b688e6a0e023e4dc25fbfd658c358a73135f4d3",
                "74c6ba55f94127edd127fcd9a6d562a19af27f122c58f5986641d40ce379c981",
                "c4553c4b41daa8146a18ee7f14a877791e3b65e1ef2ee06a14081a61af8d2e41",
                "fe22e975e043ce7fd8a8ab666d6abbafadbddb541201b6a3d2c90358a8f70a37",
                "ccf12cd34f9f2b325e74770c168fa62f83d36ee5e69d009ba31fea0394ff3e3c"
            ],
            "type": "Script",
            "firstPartyCookies": {
                "tarteaucitron": {
                    "ttl": 31536003,
                    "length": 15,
                    "prevalence": 0.000020706220148532618,
                    "uniqueness": 0.6666666666666666
                }
            },
            "firstPartyCookiesSent": {},
            "exampleSites": [
                "bnf.fr",
                "catalogue.bnf.fr",
                "en.mediamass.net",
                "gallica.bnf.fr",
                "www.culture.gouv.fr",
                "www.swimmingpool.com",
                "www.toulouse.fr",
                "www.trixhentai.com"
            ]
        },
        {
            "rule": "tarteaucitron\\.io\\/cache\\/css\\/tarteaucitron\\.css",
            "cookies": 0,
            "fingerprinting": 0,
            "subdomains": [],
            "apis": {},
            "sites": 8,
            "prevalence": 0.0000552,
            "cnames": [],
            "responseHashes": [
                "42bc4c06924baf87edf6c7cc02a846633d7ff6960deebc25c0776de8c6506194"
            ],
            "type": "Stylesheet",
            "firstPartyCookies": {},
            "firstPartyCookiesSent": {},
            "exampleSites": [
                "bnf.fr",
                "catalogue.bnf.fr",
                "en.mediamass.net",
                "gallica.bnf.fr",
                "www.culture.gouv.fr",
                "www.swimmingpool.com",
                "www.toulouse.fr",
                "www.trixhentai.com"
            ]
        },
        {
            "rule": "tarteaucitron\\.io\\/cache\\/lang\\/tarteaucitron\\.en\\.js",
            "cookies": 0,
            "fingerprinting": 0,
            "subdomains": [],
            "apis": {},
            "sites": 7,
            "prevalence": 0.0000483,
            "cnames": [],
            "responseHashes": [
                "ab51aabb779c3fa0da54afcf05165e3a578815bc9582e0daec4053a5152ae3db"
            ],
            "type": "Script",
            "firstPartyCookies": {},
            "firstPartyCookiesSent": {},
            "exampleSites": [
                "bnf.fr",
                "catalogue.bnf.fr",
                "en.mediamass.net",
                "gallica.bnf.fr",
                "www.culture.gouv.fr",
                "www.swimmingpool.com",
                "www.toulouse.fr"
            ]
        },
        {
            "rule": "tarteaucitron\\.io\\/cache\\/tarteaucitron\\.services\\.js",
            "cookies": 0,
            "fingerprinting": 0,
            "subdomains": [],
            "apis": {},
            "sites": 8,
            "prevalence": 0.0000552,
            "cnames": [],
            "responseHashes": [
                "7c8c2269535721eb92e867e04e39eff951edf4accfdf16deafc8a5569c81bb47"
            ],
            "type": "Script",
            "firstPartyCookies": {},
            "firstPartyCookiesSent": {},
            "exampleSites": [
                "bnf.fr",
                "catalogue.bnf.fr",
                "en.mediamass.net",
                "gallica.bnf.fr",
                "www.culture.gouv.fr",
                "www.swimmingpool.com",
                "www.toulouse.fr",
                "www.trixhentai.com"
            ]
        },
        {
            "rule": "tarteaucitron\\.io\\/log\\/",
            "cookies": 0,
            "fingerprinting": 0,
            "subdomains": [],
            "apis": {},
            "sites": 10,
            "prevalence": 0.000069,
            "cnames": [],
            "responseHashes": [
                "3eb10792d1f0c7e07e7248273540f1952d9a5a2996f4b5df70ab026cd9f05517"
            ],
            "type": "Image",
            "firstPartyCookies": {},
            "firstPartyCookiesSent": {
                "tarteaucitron": 0.00003451036691422103
            },
            "exampleSites": [
                "bnf.fr",
                "catalogue.bnf.fr",
                "en.mediamass.net",
                "gallica.bnf.fr",
                "www.alternativesante.fr",
                "www.annuaire-therapeutes.com",
                "www.culture.gouv.fr",
                "www.immobilier.notaires.fr",
                "www.swimmingpool.com",
                "www.toulouse.fr"
            ]
        },
        {
            "rule": "tarteaucitron\\.io\\/cache\\/lang\\/tarteaucitron\\.fr\\.js",
            "cookies": 0,
            "fingerprinting": 0,
            "subdomains": [],
            "apis": {},
            "sites": 2,
            "prevalence": 0.0000138,
            "cnames": [],
            "responseHashes": [
                "90f73e7878e0a0269af49364f1bade56a093413f242f2391b807227000947077"
            ],
            "type": "Script",
            "firstPartyCookies": {},
            "firstPartyCookiesSent": {},
            "exampleSites": [
                "bnf.fr",
                "www.trixhentai.com"
            ]
        },
        {
            "rule": "tarteaucitron\\.io\\/cache\\/advertising\\.js",
            "cookies": 0,
            "fingerprinting": 0,
            "subdomains": [],
            "apis": {},
            "sites": 2,
            "prevalence": 0.0000138,
            "cnames": [],
            "responseHashes": [
                "ade27346a718378be2ce30eb58afada63ea4c6f34c5f5579173b567c80dd57a1"
            ],
            "type": "Script",
            "firstPartyCookies": {},
            "firstPartyCookiesSent": {},
            "exampleSites": [
                "swimmingpool.com",
                "www.trixhentai.com"
            ]
        }
    ],
    "categories": [],
    "performance": {},
    "cookies": 0.0000345,
    "types": {
        "Script": 27,
        "Stylesheet": 8,
        "Image": 10
    },
    "nameservers": [
        "ns111.ovh.net",
        "dns111.ovh.net"
    ]
}