{
    "domain": "taxel.jp",
    "owner": {
        "name": "GMO AD Marketing Inc.",
        "displayName": "GMO AD Marketing"
    },
    "source": [
        "DuckDuckGo-US"
    ],
    "prevalence": 0.000283,
    "sites": 41,
    "subdomains": [
        "widgets",
        "images",
        "cdn"
    ],
    "cnames": [],
    "fingerprinting": 1,
    "resources": [
        {
            "rule": "taxel\\.jp\\/rw\\.js",
            "cookies": 0.0000552,
            "fingerprinting": 2,
            "subdomains": [],
            "apis": {
                "Navigator.prototype.userAgent": 8,
                "Document.cookie getter": 8,
                "Document.cookie setter": 8,
                "Date.prototype.getTime": 8,
                "window.devicePixelRatio": 5,
                "window.localStorage": 5,
                "Navigator.prototype.platform": 5,
                "window.sessionStorage": 2
            },
            "sites": 10,
            "prevalence": 0.000069,
            "cnames": [],
            "responseHashes": [
                "0a077920fadf7d6d4f749e2ea9119b3129b62d217f046e7174bec2516bb4eacb",
                "96c96b10d11fefe868db68aafaca3f56b7c63522721fc4c75a874a81188b190e",
                "91d202bffd18af722eeac025ee9d3dac284bb0148936c99774f6c20de8043a7e",
                "14ac07b1b26c34bde21aa13d26890c1ab0a4933309b5204c46e5e6edbeee9409",
                "115219fc56ad46a6457374c3417e1360e77a3c58c976d7d0dae94eef9651fbb2"
            ],
            "type": "Script",
            "firstPartyCookies": {
                "GMORW_UID": {
                    "ttl": 15552003,
                    "length": 34,
                    "prevalence": 0.00005521658706275365,
                    "uniqueness": 1
                },
                "GMORW_SID_679": {
                    "ttl": 1814,
                    "length": 46,
                    "prevalence": 0.000006902073382844206,
                    "uniqueness": 1
                },
                "TAXEL_LEAD_ARTICLE_IDS": {
                    "ttl": 3613,
                    "length": 35,
                    "prevalence": 0.000006902073382844206,
                    "uniqueness": 1
                },
                "GMORW_SID_797": {
                    "ttl": 1802,
                    "length": 46,
                    "prevalence": 0.000006902073382844206,
                    "uniqueness": 1
                },
                "GMORW_SID_796": {
                    "ttl": 1803,
                    "length": 46,
                    "prevalence": 0.000006902073382844206,
                    "uniqueness": 1
                },
                "GMORW_SID_605": {
                    "ttl": 1803,
                    "length": 46,
                    "prevalence": 0.000006902073382844206,
                    "uniqueness": 1
                },
                "GMORW_SID_484": {
                    "ttl": 1803,
                    "length": 46,
                    "prevalence": 0.000006902073382844206,
                    "uniqueness": 1
                },
                "GMORW_SID_596": {
                    "ttl": 1803,
                    "length": 46,
                    "prevalence": 0.000006902073382844206,
                    "uniqueness": 1
                },
                "GMORW_SID_366": {
                    "ttl": 1804,
                    "length": 46,
                    "prevalence": 0.000006902073382844206,
                    "uniqueness": 1
                },
                "GMORW_SID_196": {
                    "ttl": 1805,
                    "length": 46,
                    "prevalence": 0.000006902073382844206,
                    "uniqueness": 1
                }
            },
            "firstPartyCookiesSent": {},
            "exampleSites": [
                "anincline.com",
                "aumo.jp",
                "bp-guide.jp",
                "career-find.jp",
                "fortune.the-uranai.jp",
                "kufura.jp",
                "sumaiweb.jp",
                "tabizine.jp",
                "w.grapps.me",
                "www.wowkorea.jp"
            ]
        },
        {
            "rule": "taxel\\.jp\\/article\\.json",
            "cookies": 0.000186,
            "fingerprinting": 0,
            "subdomains": [
                "widgets"
            ],
            "apis": {},
            "sites": 27,
            "prevalence": 0.000186,
            "cnames": [],
            "responseHashes": [
                "a7fbf0dacdaf3caf69222504db5ce38f0fc9aff77ba21539a8b093679d7108ca",
                "436f195a676772545ecc3d4209cdf499e1c42df841d5ad25cb6146b94dc92370",
                "c7c365aad1250194b5a59a5ee407029009722948660eb217ccb4b45d39f3a809",
                "8ed82ae300b73e36f080f7a0f07915d864409acb3b171db96cc2c16d6291d5ff",
                "f8628f06f705e06d6694757f2d8360ae0e6d12390abe618e7d49ded898768af6",
                "5c35d31271e7230e8893214f0188e4238e758243c7aa95c1284e5bf1563a933e",
                "639cb979ec8eb4510f3f399b4a54a5e7a608639b419cef6952ca468fae18bda4",
                "0f370fb744ba63c7192daf8536fa71144486afc1efee6209c16fd3b00339d3e1",
                "880d0f111a9b5f6873a6123a630098d5179da6794fdf7494c2c4f7659b54e5d1",
                "0ea658790d3a5bec9faa0497f69d1de5f0f40ee3955eb7f9da3e7a0009d4f77b",
                "c05aa617605e1de2727eafb72654aba6c475568d41925039d5210aab4c006283",
                "f749afe42a110ce14ddd5cd7419d81feaae96304ec4b0d8fd6672a69b93a66e7",
                "cced9b8282df0c236cb37d650301686e53b96676b785c6d6b3916198ffd36f0a",
                "e0919209470582a5423b9f66010106ea2948ff1bbb42b660288696b6af6f3470",
                "fbf853514314e7abc85515c605d6d087c3de5b27fa1fc4199b62df018442e32a",
                "aedbb6f73e1ecb1864449f8278f42edfbf87d212ff298be3173455b1a832dba0",
                "21b04eb0a61a7c06ce03547c9e94e3dc47e0520a7a4bccc354745303b07cae30",
                "2028c708934d106cd1bdcc7f895c47748a79f88563b5e5e73cd1f94f0237a3dc",
                "1aa12f3433872dce7976bf4beadb1a28d9e2904aef1b7dd2b60ab1f235e0cd7b",
                "b3444223494159ff9ce24890a851fe4d17a026fb816e63416fc490a7a1e08dec",
                "f940a0fdb80f623a211062d7e10e0b3256ac6657c1d868f61f75446720bb5a6b",
                "d5abe7e8cd7294d787a2667c6a19cdc4a36599dc34ab39f519044feb8fb2a7d7",
                "07f4a4bfc77f4f3add47538dec4198024b1d1af52c839b5111123dee5da613b2",
                "fcf495013714d0c4673f080535147c2a5f61bf1c581c0a1458ffe57c6ca61c07",
                "2ce9278969d87941648390547dfa171515565737bc1391b7dd467426991e0667",
                "63c6f96426ca652f96215c4c80d54e0d8b2d60bbef24cde2b8c59fcd52b746fa"
            ],
            "type": "Script",
            "firstPartyCookies": {},
            "firstPartyCookiesSent": {
                "GMORW_UID": 0.00017945390795394937
            },
            "exampleSites": [
                "www.wowkorea.jp",
                "www.dailyshincho.jp",
                "w.grapps.me",
                "wanchan.jp",
                "psnews.jp",
                "yourmystar.jp",
                "tabizine.jp",
                "cuty.jp",
                "miror.jp",
                "kufura.jp",
                "career-find.jp",
                "men-joy.jp",
                "shufuse.com",
                "fortune.the-uranai.jp",
                "www.mag2.com",
                "medical.jiji.com",
                "pouchs.jp",
                "sumaiweb.jp",
                "horti.jp",
                "greensnap.jp"
            ]
        },
        {
            "rule": "taxel\\.jp\\/images\\/default\\/00\\/taxel\\.png",
            "cookies": 0,
            "fingerprinting": 0,
            "subdomains": [
                "images"
            ],
            "apis": {},
            "sites": 13,
            "prevalence": 0.0000897,
            "cnames": [],
            "responseHashes": [
                "6dc25ed54d8877b75f25fea730de505b218ec48d650f240ffce35614fa42e95d"
            ],