{
    "domain": "tgpsew.com",
    "owner": {},
    "source": [
        "DuckDuckGo-US"
    ],
    "prevalence": 0.000822,
    "sites": 119,
    "subdomains": [],
    "cnames": [],
    "fingerprinting": 0,
    "resources": [
        {
            "rule": "tgpsew\\.com\\/ntload",
            "cookies": 0,
            "fingerprinting": 0,
            "subdomains": [],
            "apis": {},
            "sites": 79,
            "prevalence": 0.000545,
            "cnames": [],
            "responseHashes": [
                "3daf9de763dec0de9597f6b7a85e45ff5cb658972d4f6c7956d3f0dd7f4ed57e",
                "d1f32d11f187f94c3078399c0dd0a79a3ca24c7ee05a59741a572ad2ae40f576",
                "03e3a97df7e77d57ecd0bf8725dce0ea2e96e4e198fffd1b1cc28b13e29ca154",
                "024c970a4bb642ee8bfc100bc22a76a1f1bc220f1944b10383b527fe37270202",
                "f840bbce87a54979fba9f24e24f617aacf83583961b6e7571d3145b68042b9cf",
                "a5bca831ed85a73563dfbe9748f4b7dcf565a6afec0913ef4625a6e414e445cf",
                "ec713115d4c2799649422d3733a8bb0769afd57e19aa3a410231665f8b3e2c10",
                "6aa0067363e2a4609c6a631ba5765d2abc072aa4ad7fc1aafc1e5761df28f3e1",
                "1b3c2d0ffb708ce9559f6cfd5f4c24686f4c056f7452dd20c814012979bbf4c6",
                "5c426a98f89311b2b8d85e94c5d7b36f0cee1da8305c7b1b1c8a50bfffac46e5",
                "1ca4007fd43ef5900ad22bbffc3580c5a511b5da5c67184ad33cfd752b46e4c7",
                "6d4a85d14a72bf16cca1b3b5bc3dbe31fe355de06b526cba15479fa1e9bc14f6",
                "35a28b78e3fefb24bc005d03a01946754f4cc89a8b70dbd8d92aba4ce88ad195",
                "1773be9277bf06f1f5d28be295f010d534a8b955e2b8903b7d7134fa9070e435",
                "f5be1c73bdff77be52ccc3e9966e3acc72d0e3644d6f6fdc1a7f45b23342c25c",
                "9c7d0348c173a4501d57031332cc1b295e60b57c51e74e96be81cb4951cd1c34",
                "0715dccfe9cccb3be7dfb57f7da2428851b58cb35227ad42f3347b3359ce8ded",
                "adc2dcaf1fa8edf0ab88baefb6c2f8c23903b9b6a35bcb32ddecf6eb095fc6c1",
                "fad44dd9453d6b5c2fe6c91eed7b2817c9bd70baa05e5e7c9021ba2ae09b1e1b",
                "944d5b22249bf0dc58d226873fa275b3eaf36e08552b57a2ce2d0b3615a67f1d",
                "2a2f884fedd2873a395e6018c91fbfd9287c6f0bad04c0f90880b1e14394486d",
                "086813217319b2b7f0bd0bc634aecbad28da1b2b93dfd0b075f5763e2d5cb5ad",
                "d62b6a06c4ea237d47e9b493df9bbaf189965f41c770ac57e218881a5d2fe3d4",
                "332b0302533e0d25add1a8949445310015b879dba1f43298f7c34e99097e93ec",
                "8bf35736e8912996b78132c851d2a5c24d6fb1af99c52426320b93465bc2ac30",
                "03748d187e8b8844fe089a2cfcec77338cb45fb0620bc2d8e12bf4168054eeb0",
                "1c949c3fac92d8d1f5a833146b7b35ed666e0d531e7e4f656e0d41944a7bf3b2",
                "06324cf18a183a97adfdbfb6cce3a4a925f874cde440f507dfbc405d7942655f",
                "9ea94255a8e3a08b3bddbd95818a44e6c2b18d26667abe35d9a91dcbca76f9f6",
                "697d3688b773ff87e3d977d5cbd6a558f9b998e79acb6749a19d8c108ad89284",
                "f9067f33b84a924e829864e122914d509590f41d948773223a4cd3da8cbdca2d",
                "d571161f4440b904d6acccc7ba897dddb329389a7baa9038593453998b040323",
                "ad94653c28c0ef510dbb6722f45b8f5c0761a59c66dd24c5bc54ac968ebf2b1f",
                "cfaf22b0dbdf5293baf4177e1dea1416a37d78878a7a2afb0919ad0a8dfe355f",
                "4f53cda18c2baa0c0354bb5f9a3ecbe5ed12ab4d8e11ba873c2f11161202b945",
                "2e79915d401ead17cd6178c9a93c7f46148c4f84bfce483ea263cd6a0c9614f1",
                "78b99c07fb4a8fc88a1ff7801298f107a3a12d25e4aa0ef4141318eae97a4280",
                "d6011d8ab8e8f2aa0881bf7f3b64510e3320a52a2f8d24febe8dee75138287aa",
                "17dc7a011f94c4b66671d1b50fda47b1a0d22c3e5cc1701f217a4f0a6f5108f2",
                "3c7617834a75e9efa087726e131bddec53f00395b565669a3b6a725ed4e4e33f",
                "bba3f470535d35886788473f03805063123dac4debb63ca40e968407b9a10573",
                "d08c060e48658bc41deafb3636864afb2c307dd5db3cf0ebbb758c442e9ab2eb",
                "c0a8b66caf303f388a17319dc40b8dd1a5046a3416ce3a31022ee68b888d1479",
                "d5de038e1c8d78481cc20a65c4fbf9c58e1c502eedcd3122c0236f3791a6c2ba",
                "489f498fe128f22ea4be4187c5e88c8352d48791d77d37eff9683c17c75f8909",
                "d06dd647ab025fa532a3f66de9e37f90c4ba15fc0661bf1bdb24b9adca8bb894",
                "e1106eabc431e288cc8fa2ad425f4b319d823d8f35d4692bc97ec70277d317d8",
                "51c6ede794ea8dcc2a198a085010e4683db4c9747925c806031c26ef89807039",
                "c13c79c4f21aeb369ddb159fd27db52f675ca5a5ceba780d222255ccdc32f598",
                "3176d6f9322558acfd3c3a8593d75214bf30b81337e4af5a507279080086da24",
                "5f374917b81f45b0f52a4ffc9cb8687b5e1a45c1ef2ed8a8562c5a1db035cf44",
                "dce291f02fa624b4275692c50eb240e959a7c20b29c4f677f1a92659be438133",
                "e144074f2884a5a0999736f96a7d09e70e1aab37793ebbfef4609a91f4f628e1",
                "c22e71bd5b4b91af80c3d257b1297b9dd5480fdb845fe3ec7d8e05b99be47662",
                "aa95546bf831700a6621404983835bd06e9e465f306ada9fc94b42c919a24384",
                "9b48768720411e59abe40601b8e9db0fd0a0bd3e1685afc46ea05c9963b69c07",
                "10cb768067c56453017265d2124c13001689c5d4512e85439c42629c04a26825",
                "58ae81261c261eb27ba79d9f15a7348589736e356261e1747a55580ba7afface"
            ],
            "type": "Fetch",
            "firstPartyCookies": {},
            "firstPartyCookiesSent": {},
            "exampleSites": [
                "xxxnxx.tv",
                "dogofcum.com",
                "xxxgrannyvideos.com",
                "pornxxxpussy.com",
                "lesbitube.net",
                "sexanimalvideos.com",
                "maleanimalsex.net",
                "javhaven.com",
                "hdporn24.su",
                "chinaporn.su",
                "youjizz.fun",
                "xxxmom.su",
                "milfsexxxvideos.com",
                "www.zoosexfarm.com",
                "momvideos24.com",
                "hitbdsm.com",
                "asianvideos.pro",
                "zoosexfarm.com",
                "porn-xvideos.com",
                "youngsexvideos.net"
            ]
        },
        {
            "rule": "tgpsew\\.com\\/ntrw",
            "cookies": 0,
            "fingerprinting": 0,
            "subdomains": [],
            "apis": {},
            "sites": 62,
            "prevalence": 0.000428,
            "cnames": [],
            "responseHashes": [],
            "type": "Fetch",
            "firstPartyCookies": {},
            "firstPartyCookiesSent": {},
            "exampleSites": [
                "xnxx-sex.net",
                "maleanimalsex.net",
                "javhaven.com",
                "analporn.cc",
                "dogmovie.net",
                "lesbitube.net",
                "hitbdsm.com",
                "mangacdn.my.id",
                "providosiki.ru",
                "www.xtremehard.net",
                "asiansexvideos.pro",
                "chineseporn.su",
                "hot-porn.pro",
                "hdsexvideos.pro",
                "girlsporn.pro",
                "x-videos.pro",
                "www.sexwithhorse.net",
                "forced-porn.org",
                "bangyoulater.net",
                "vidmo.org"
            ]
        }
    ],
    "categories": [],
    "performance": {},
    "cookies": 0,
    "types": {
        "Fetch": 141
    },
    "nameservers": [
        "ns1.kiphost.ru",
        "ns2.kiphost.ru"
    ]
}