{
    "domain": "the-ozone-project.com",
    "owner": {},
    "source": [
        "DuckDuckGo-US"
    ],
    "prevalence": 0.000249,
    "sites": 36,
    "subdomains": [
        "elb",
        "prebid"
    ],
    "cnames": [],
    "fingerprinting": 1,
    "resources": [
        {
            "rule": "the-ozone-project\\.com\\/openrtb2\\/auction",
            "cookies": 0,
            "fingerprinting": 0,
            "subdomains": [
                "elb"
            ],
            "apis": {},
            "sites": 22,
            "prevalence": 0.000152,
            "cnames": [],
            "responseHashes": [
                "851dc3a93a9734f2c0482b7d41c80a9419e217bd2ead96bee79b2996d8914e8b",
                "baa2fb56ce20195addf46b7897389509f20721b01a9978be6edb195f323cf933",
                "ca56d27c2290ff92674cd286c12737aa602dbf2cc36f77879c5c445e29a7eabf",
                "816525014cf0396757962772e07d6f49579e622cb70e6dfe291ae6812bd414f1",
                "8e2d5dd8f7fbca06fab6124dbbd36123e12559b7f1aa9df2c681546ad698bf6f",
                "5b36cb19cb9c3cc670472055bed86d3e912efa0df8edaee0040024be93c8b845",
                "b0d185533a379ccba247b598c4b5331c2a6b5ba265762af6c1dff2585dec9bf1",
                "4e880a698b48f1ab00e11a1cb8da7b8fa203abca3f3327a7faf277057a8ba946",
                "75a1f28bf784965f4271dd17432cb504b403a5057a520f4e35a82bc5476b7657",
                "e7abb0450893f23e37a2f284011fecd62b18260df4231a4b5f87be65f0cdaea2",
                "fc79272b6ca316914cc61b5338f5446ddb52f5fa932c2f859dd59af2820bf68e",
                "6539a8f781831f4e3bd61234e7ae355b6f1c081da647223fbaf9ade34cdbace3",
                "aa14dcdd57141f19b70e482fdbe995136ae10e6a45182798d50200042002683a",
                "398e858b0a4a704a5883859879e30fefcf280a979663e233f290cca4d93a8877",
                "93d8dff9da3f3e10872f18b83440b5476a68a96949eaa93b7013ae7c034786fd",
                "318f252519543b12c0317a0c0e74ffb18fc4a8a687bc30edbfef0ada9c7cee68",
                "ab9492d7f7837f266338462c701c25a8c1bea869a6af05c695d3ce56c75794e3",
                "44136fa355b3678a1146ad16f7e8649e94fb4fc21fe77e8310c060f61caaff8a",
                "8c92ea305745f1a22012a1a9d461905a33eefbfbc2d85bc0a3688d12b077fdcb",
                "efa6bb43ad0a2f6a55d0f25a5036d793cadab9490110b422f37176cd58db1b6f"
            ],
            "type": "XHR",
            "firstPartyCookies": {},
            "firstPartyCookiesSent": {},
            "exampleSites": [
                "www.telegraph.co.uk",
                "www.thesun.co.uk",
                "www.thesun.ie",
                "heatworld.com",
                "closeronline.co.uk",
                "www.thetimes.co.uk",
                "www.timeout.es",
                "planetradio.co.uk",
                "www.examinerlive.co.uk",
                "www.timeout.pt",
                "www.standard.co.uk",
                "talksport.com",
                "www.timeout.fr",
                "www.empireonline.com",
                "www.parkers.co.uk",
                "www.todaysgolfer.co.uk",
                "www.thescottishsun.co.uk",
                "www.cityam.com",
                "www.yours.co.uk",
                "www.timeout.com"
            ]
        },
        {
            "rule": "the-ozone-project\\.com\\/static\\/load-cookie\\.html",
            "cookies": 0,
            "fingerprinting": 0,
            "subdomains": [
                "elb"
            ],
            "apis": {},
            "sites": 21,
            "prevalence": 0.000145,
            "cnames": [],
            "responseHashes": [
                "d56d3e71b2453fa9b46b097ce633355e153b3b205e5d779d8c4bdb6c4458687b"
            ],
            "type": "Document",
            "firstPartyCookies": {},
            "firstPartyCookiesSent": {
                "_pubcid": 0.00002071251035625518,
                "pubmatic-pubcommonID": 0.000006904170118751726
            },
            "exampleSites": [
                "www.telegraph.co.uk",
                "www.thesun.co.uk",
                "www.examinerlive.co.uk",
                "www.parkers.co.uk",
                "www.yours.co.uk",
                "heatworld.com",
                "www.thescottishsun.co.uk",
                "www.timeout.fr",
                "www.todaysgolfer.co.uk",
                "talksport.com",
                "www.timeout.pt",
                "www.timeout.com",
                "www.mumsnet.com",
                "closeronline.co.uk",
                "www.timeout.es",
                "www.thesun.ie",
                "www.carmagazine.co.uk",
                "www.empireonline.com",
                "www.standard.co.uk",
                "www.cityam.com"
            ]
        },
        {
            "rule": "the-ozone-project\\.com\\/cookie_sync",
            "cookies": 0.000138,
            "fingerprinting": 0,
            "subdomains": [
                "elb"
            ],
            "apis": {},
            "sites": 20,
            "prevalence": 0.000138,
            "cnames": [],
            "responseHashes": [
                "f7226efb3775cc9721623f2a8ec5e11e166aa1dcb446320aaa23a4fea35b8f7d",
                "c9c287611cc10ca463279356257852914c0cccee923ebfec69e2dca14095d5ae",
                "6123020a8f3af491cf649b2611e377f108cf5ac869e1e0486497a6bc723b9b3f",
                "90cdcbf589cf63d00826da9e4c219c2377cabe6043272f7f6378e4e5184cf187",
                "bf56c0d158e18f53ec5f4cc33eac1bd995183c38fc4c28b5ba1f571f81bd91bf",
                "670ccd7e94cda67edb1e5d204df81fc485d2fcc36651fffafb967068fdeba89e",
                "a9fdb720c7201cb08f2809f72698c2c42b6b613477163bb9260b4c69acae109a",
                "b9bc3500b6d15057a72852384fb11aaafaff2762f669be0038a15db92a16d203",
                "829b51b31a703844859e3e253c7c85e4c704566b15f8a0e7ed886611028ece8f",
                "4abfc2ff5a0a32d05899fbe297ecd6120537d073e5b9be11c17c90d402600f94",
                "5fcecf416f636af35064eed74188230d9cbc736ba152a58718c2390040b0d5ea",
                "006b1f22f76b2599cd7e1c07a2d202e533f5d6937bb3284752f2a634396d9115",
                "22f3c924d27de4c64c0258c125f2fb591f1b56cf673143a62ab7fbe7716b6d52",
                "354a46dbdbec084b38e2b1f1864f9f02a781be6d3b56f8c381af1dcba73bb2d9",
                "a31d31d7b4e0bc093f3b44c36216545fc71cf56c31a4249f15c026741d9305a7",
                "6b28bc257ac1fdbb1afab1fa1003d4aaabc9c3898c1afda236b817df457504c4",
                "c1c7ed278787f2a4e69b6308c4e0a6e4eee7ac13b836b27ed724c2e353428d78"
            ],
            "type": "XHR",
            "firstPartyCookies": {},
            "firstPartyCookiesSent": {},
            "exampleSites": [
                "closeronline.co.uk",
                "heatworld.com",
                "planetradio.co.uk",
                "talksport.com",
                "www.carmagazine.co.uk",
                "www.cityam.com",
                "www.empireonline.com",
                "www.examinerlive.co.uk",
                "www.mumsnet.com",
                "www.parkers.co.uk",
                "www.standard.co.uk",
                "www.telegraph.co.uk",
                "www.thescottishsun.co.uk",
                "www.thesun.co.uk",
                "www.timeout.com",
                "www.timeout.es",
                "www.timeout.fr",
                "www.timeout.pt",
                "www.todaysgolfer.co.uk",
                "www.yours.co.uk"
            ]
        },
        {
            "rule": "the-ozone-project\\.com\\/setuid",
            "cookies": 0.000131,
            "fingerprinting": 0,
            "subdomains": [
                "elb"
            ],
            "apis": {},
            "sites": 19,
            "prevalence": 0.000131,
            "cnames": [],
            "responseHashes": [
                "e3b0c44298fc1c149afbf4c8996fb92427ae41e4649b934ca495991b7852b855"
            ],
            "type": "Image",
            "firstPartyCookies": {},
            "firstPartyCookiesSent": {},