{
    "domain": "thrive.today",
    "owner": {
        "name": "Thrive Commerce, LLC",
        "displayName": "Thrive Commerce"
    },
    "source": [
        "DuckDuckGo-US"
    ],
    "prevalence": 0.0000774,
    "sites": 11,
    "subdomains": [
        "integrate"
    ],
    "cnames": [],
    "fingerprinting": 1,
    "resources": [
        {
            "rule": "thrive\\.today\\/",
            "cookies": 0.0000493,
            "fingerprinting": 1,
            "subdomains": [
                "integrate"
            ],
            "apis": {
                "Date.prototype.getTime": 7,
                "Document.cookie getter": 7,
                "Document.cookie setter": 4
            },
            "sites": 7,
            "prevalence": 0.0000493,
            "cnames": [],
            "responseHashes": [
                "a6bc2d9b817746dc8ad71b3390d488b90af16aaae9c73f2979e1559c5bcccdd9",
                "022b0760444b421fbc3f8df782aa35c83cd9525b527a93c59a1c16a6093fe328",
                "06bb95c6becd95263ff0517129aea0a0e232663f382ecedbf76a146915dc41d2",
                "70e5b118ad18b92c9980b03e7b9c819f952815641aafbdec65f02d74dcde3719",
                "8ef0404b04e8a7179555689dd167d04a55b4e358cffd8cf0992b7d5dbd383eb8",
                "b674f24481379569417747b183c20fd2570dd1170f52649c81f0f2c271d0b7c7"
            ],
            "type": "Script",
            "firstPartyCookies": {
                "va6uyAb": {
                    "ttl": 1523817277,
                    "length": 56,
                    "prevalence": 0.00002815513479270782,
                    "uniqueness": 1
                },
                "firstVisit": {
                    "ttl": null,
                    "length": 5,
                    "prevalence": 0.000007038783698176955,
                    "uniqueness": 1
                }
            },
            "firstPartyCookiesSent": {},
            "exampleSites": [
                "47brand.com",
                "www.47brand.com",
                "www.4wheelparts.com",
                "www.4wd.com",
                "www.northerner.com",
                "www.scrubsandbeyond.com",
                "www.shoecarnival.com"
            ]
        }
    ],
    "categories": [],
    "performance": {},
    "cookies": 0.0000774,
    "types": {
        "Script": 7
    },
    "nameservers": [
        "ns-847.awsdns-41.net",
        "ns-1539.awsdns-00.co.uk",
        "ns-48.awsdns-06.com",
        "ns-1199.awsdns-21.org"
    ]
}