{
    "domain": "toglooman.com",
    "owner": {},
    "source": [
        "DuckDuckGo-US"
    ],
    "prevalence": 0.000863,
    "sites": 125,
    "subdomains": [],
    "cnames": [],
    "fingerprinting": 2,
    "resources": [
        {
            "rule": "toglooman\\.com\\/1",
            "cookies": 0.000587,
            "fingerprinting": 0,
            "subdomains": [],
            "apis": {},
            "sites": 85,
            "prevalence": 0.000587,
            "cnames": [],
            "responseHashes": [
                "5c25ef1d589284be8096c987ab88e9bb027faf9c2a64e9f75be3fb2f60cc5fce",
                "a20ba3a659a51a69fa3e1d0f8204880801c50106e69c6020d863bb2b08440bd1",
                "492a1b8d1e68a688d248f0d235c0c0a9b82e299c814c5fba302e1ccb7e957258",
                "297185d10a54d9a23dd5dd8aed648efa731a947033d33d93fc9038dda3706052",
                "db8970366320fdd4640a29ed518d88ad6bd392b4789af3f5b04c40283de631ce",
                "0b6851ebd5f50e5713d0e2e6acc36f57f236848f0f2732fe9b16118bae3dbe44",
                "bfa15d8ee81eb2de6112fab3eb57626167f9eceb7fc40117f67403ff7ce2ad07",
                "c96b74c7acf66345db0c7b3b25b9bc77525021fe772355c85918241c4d4be81e",
                "392dc9aa9999041e6c92553338fa77b9f3c379e6392858423f1da0ed521fe16f",
                "063152687289b03c350f6816c4ac987b2428d2da800eafdb3f37fba538d50f25",
                "77d9b1eb48c6e10471bcf85e646aed6aed3af5055ae0a86b636f14cadea191aa",
                "873c1fd681f9811556d5453ab7bc335b8adc838a55dfd23333d80d731a8e771a",
                "937c5eece52ddb9565db030a11c9058b407d263b1bef887549f1724d16d208dc",
                "239b866ba8e4d1f4edfb06b4cf2a8eee947828a8fc21f50292d9a682a9f3f018",
                "b49ca6c9768c0de42c16a9f01f6b95a4217b07b2fdb9bd377ed50be812b16a23",
                "7bb4be57aec13417828b1d2c81bebea45b73f31256b31b9b02bc136e21699798",
                "f0e906b26b5b05c5c539ed71ba6365b8d095f21af04950fa7e14cb8eb60d4246",
                "c3ee7e66ef07a4d1c8025689c5693c8b0ac53bf9b66404182bc47b701ee37902",
                "30026bfaa8c509c8fafe9fd7406e28426e2859b30a7118ad6ba371ae57b85869",
                "bac8cfb60d746ee9158c1e7afaa5957340a642a1fc1cb1ea5e82acaabf0b3252",
                "0ba17ccde4afad1c353edfcfe0ebfd16f77d5b19772cd795e174a7f4d05b3d1b",
                "3a6b4714301747460906445624de19e70d2bfc4428daba92b696977f641535bd",
                "671bd9e0a729b6d735caa93994419f4bd4ad4188f3aeab0d6da41327dfadb962",
                "0e50ab09fa6707542edba17a61f6218a35ca50572ba96f8e400ec92dd2befb05",
                "d68512aaa324e27b83546c556d910df709548a307415ecbe39074ad96b8eac71",
                "f632e00dde102e55ab727146437a94e91dadef0806916601e5d87128631372f9",
                "1665b4ddb57f69eb4126a671b1dc070f9259a0550d0bf35c9e2b12e46f6f2c0f",
                "0f333028545e9ee899120097c220ac89d6314d42e36624cb3215c3f12705d665",
                "f2d409cbbdfd861e7e4bae3d35d3028ce0506e183ce1095bc1f693833b2f7ad8",
                "c55ca92368a58ea763636a0a418cd569d0f2bc4bdcde8ed66543ddd3ca2c1e49",
                "fe1511ec4b47ab6103cddd782781e53b6a631dbbcd7af940a5c7ab86d24f7778",
                "37832452807999830d8837ce835a8cf75b730e2c741b0170c2742502b614aee2",
                "133331a235df243f1f86fc0a8403c91ebbd04c0f4275caa551ce941d4c5186ef",
                "2e14a9de5880344638c9721f694c63839398d9fdb3884c3a2875ca01eb0c33d7",
                "6e1258b22124ade96fb3c948bdd25109c07c2c733b375636b91fcc2deccc66e6",
                "a462921797d202668a7b7c4859956415744c7648f3382947ab436c16cba36a4a",
                "1256277d5e64e96cdb34a93c1f666abbbc66fa92b5cff33a5a60ad90736ed752",
                "2177e5141c951d7b9eb78f6e4e05220b9e50488983872c110d22a849aed7ab8d",
                "96419583e6fe1bf3b30d680f41f38bb127759a45a87ded44a252202d40965a44",
                "8543d1d732e8d3c13e304eed96ebda06b24362a04e126c4bf05446cd051bba3c",
                "40b985690da3c37539d76177780f8943d9e90b54a5d4c505eb77d8b6091959ad",
                "bb39140d244c3e8d1aed3cce04e2243768899dfb0aed3998c4f941372f4fb2d1",
                "502f62713add3976cc12d6c876ec79246c8b04102e0d1a254aa539e16f505473",
                "cc6395b76e08422b94f5d462e5711a446055ff4ad319f0ace6909727c5faa314",
                "e3b0c44298fc1c149afbf4c8996fb92427ae41e4649b934ca495991b7852b855",
                "483278228a22c5693b8844cc5dd91d44de6e76a93eb8c2d2695c84e089d9b124",
                "d8d49d44689e7454730f83f3c865641f25a713b5c9b2bf06121346b9ca3aab7c",
                "d0c27dfc4ca4f41c379361281ad5187f49975c63981c983a9d070ac914f62656",
                "35a2858be16a7dbfe36df2652703a7172c1895cec64aa5ad656c62af3707863e",
                "37266cee66e19f4e576b0073309a7ae5acf23737eb2b1f4846699a038fdf6e31",
                "46861bb91e4fc73ed6c7e03a8f960ee3cbd3a7e11e03629acf989ca7678f4298",
                "1c5e42f5766647f4af3eb2cbcb8e7635166f0e1ff45603f867730e6b8f7cf9cf",
                "06b9551fe85c675c1416bfc29b0ab1382ef3c3ac4640eb8144f47bc699fc15ab",
                "cf7975dc9d199f60cd4e3e503053e0c9dff3ba00f8a3191e70ab3c507d57944b",
                "9eba498cfc76c02e6bc3348587abc926f2993f4d4bf3c90f73bf6c00538756ac",
                "d9afa4c3a533d2a8c1a9e49cf5dadc0c793d17f4f5ee58775499928b918ecd5e",
                "d42bd31b0665f14150170a47659c17300bb077f2fca8cd057269d462f13dd993",
                "03c74bad775481eb028cae347d31221432ed798a9b939078847339e80b0429ce",
                "d357e3e8878863ceb761cb04307c88a0bc7ced840e15a0889b25a3344de84f49",
                "093036aac51fc3bce43f9ee8d4464a6665a14cf0081d852940ef6b2992b89448",
                "8276b7aa2ed3b002f6eb16e94689b2fb155a29d7c9eb85ec7c25ed0ec9f3dff7",
                "0347db0c0400cceea64d6f8fb3a573c2f526f339f61b2cb21d6d7a41d2f48eb2",
                "1b9f2f492f87def4434e4835a79d74064dddd8943640abe578deb527be2d3ced",
                "8011a17a0019f3438db28bba22c61b9c92c3fa26015586f491d33914e1a8a46c",
                "f62c865409e701ccc7b423b6480396f36f2da64497429ab32618c7f30a917f27",
                "75e8ae031f4a9f81b096c2ea357df853eec195d5c4b2807dd9f1ee7772172910",
                "6a16a7d7fc8bfef42858acf263d2d80a0f6b303ef3c117a835a53278e0d87dd2",
                "68a38f64b13f36804834d64f673247dbf90600c79fc23fc9ba5b945906d6f672",
                "9f785ffb50af1c8f723c1d3c055832eb9fbf88d86f78f795ba98627ea1b55d4f",
                "3a3143bf4cfe0479d63fc33a60077fec504598164dda56054ca2ad63a5689196",
                "48667fdd66df08a5910c0a049159544e804d8182c27e11f069dd011c07321ca6",
                "9ba69694c6a4f389e05865e49915b354e5663a312b7d580703909f4a41b6da1c",
                "113754e1c84222f74ad71a861f0bead7cfb7dc3aa0f0ca2422938786304a4ab7",
                "24027162b4576756fc5b7ac85e553e0090016575116450da26fa69b2c9be5b0c",
                "f34f1b14a028199f04a34c31436d719f59971520c9597e22db3ff8fa9377401f",
                "3ef62193f75858511d9e327fbc70dae02601ce2bba8469716de6a357c41c9bbd",
                "36881b484634a2314b0a410779ad4b5d27b6c4132511e95ef45b93ca7232016b",
                "82c639b456dd9f82adf0539d23b5fcd5c577c92655298b3c9ab5bb3a95f0dbff",
                "18ec9a956b9eb1bfa5f9228e7e75a76b33198ce4096cb7649d4154941f32b762"
            ],
            "type": "Script",
            "firstPartyCookies": {},
            "firstPartyCookiesSent": {},