{
    "domain": "trafic.ro",
    "owner": {},
    "source": [
        "DuckDuckGo-US"
    ],
    "prevalence": 0.000121,
    "sites": 16,
    "subdomains": [
        "secure",
        "storage",
        "tss1",
        "tss3",
        "tss2",
        "tss8",
        "tss6",
        "tss4"
    ],
    "cnames": [],
    "fingerprinting": 2,
    "resources": [
        {
            "rule": "trafic\\.ro\\/js\\/trafic\\.js",
            "cookies": 0.0000531,
            "fingerprinting": 2,
            "subdomains": [
                "secure",
                "storage"
            ],
            "apis": {
                "Navigator.prototype.userAgent": 6,
                "Date.prototype.getTime": 7,
                "Navigator.prototype.mimeTypes": 6,
                "Document.cookie getter": 5,
                "Document.cookie setter": 5,
                "Screen.prototype.colorDepth": 6,
                "Screen.prototype.width": 6,
                "Screen.prototype.height": 6,
                "Navigator.prototype.javaEnabled": 6
            },
            "sites": 7,
            "prevalence": 0.0000531,
            "cnames": [],
            "responseHashes": [
                "e6528c850c948ae4d207c561f8c165ec6f817bfa39be2ca1c7839a80143141d8",
                "9a1334d1fe5b4b1e181a1f98651373139c59b215e42fd41522ae092096922df9",
                "b7150a649fec4b086cc6b03f41c93eb632196627379639a1aa200457e2798911",
                "c24ae7635362ca976a9870abe3781ffd1dc64a56b0a31be9e1a417a2123dd652",
                "901a90a86ff69c7cfe85f013b89b18824c360c03a2ef6f2eef130d019ea14b22",
                "55ef55d8ab7e7eb32cc5f527d8b0274d8975981e4ea8a3063a4c844d8a60627f"
            ],
            "type": "Script",
            "firstPartyCookies": {
                "trafic_h_dev": {
                    "ttl": 947065470,
                    "length": 79,
                    "prevalence": 0.00003795671416316832,
                    "uniqueness": 1
                },
                "trafic_v_dev": {
                    "ttl": 1803,
                    "length": 1,
                    "prevalence": 0.00003795671416316832,
                    "uniqueness": 0.2
                },
                "trafic_history": {
                    "ttl": -1602857729,
                    "length": 2,
                    "prevalence": 0.00003795671416316832,
                    "uniqueness": 0.2
                }
            },
            "firstPartyCookiesSent": {},
            "exampleSites": [
                "lege5.ro",
                "www.220.ro",
                "www.coduripostale.ro",
                "www.crestinortodox.ro",
                "www.didactic.ro",
                "www.divahair.ro",
                "www.vremea.net"
            ]
        },
        {
            "rule": "trafic\\.ro\\/cgi-bin\\/trafic\\.png",
            "cookies": 0.0000607,
            "fingerprinting": 0,
            "subdomains": [
                "tss1",
                "tss3",
                "tss2",
                "tss8",
                "tss6",
                "tss4"
            ],
            "apis": {},
            "sites": 8,
            "prevalence": 0.0000607,
            "cnames": [],
            "responseHashes": [
                "40e5dc042a24c1432f5a02c8a2f7e11740b8efd8720872a9ca25c1e7c25903c6",
                "25f4183bed341a1fc1287d3cf3e8e0a1efb9b229e6783d3c4b3362043bd24b48"
            ],
            "type": "Image",
            "firstPartyCookies": {},
            "firstPartyCookiesSent": {},
            "exampleSites": [
                "lege5.ro",
                "www.220.ro",
                "www.activenews.ro",
                "www.coduripostale.ro",
                "www.crestinortodox.ro",
                "www.didactic.ro",
                "www.divahair.ro",
                "www.vremea.net"
            ]
        }
    ],
    "categories": [],
    "performance": {},
    "cookies": 0.000121,
    "types": {
        "Script": 7,
        "Image": 8
    },
    "nameservers": [
        "ns.vodanet.ro",
        "ns2.vodanet.ro"
    ]
}