{
    "domain": "tubecorp.com",
    "owner": {},
    "source": [
        "DuckDuckGo-US"
    ],
    "prevalence": 0.00101,
    "sites": 146,
    "subdomains": [
        "b",
        "cdn"
    ],
    "cnames": [],
    "fingerprinting": 3,
    "resources": [
        {
            "rule": "tubecorp\\.com\\/get\\/",
            "cookies": 0,
            "fingerprinting": 0,
            "subdomains": [
                "b"
            ],
            "apis": {},
            "sites": 65,
            "prevalence": 0.000451,
            "cnames": [],
            "responseHashes": [
                "0c086da12492039de471a8c2fe445d4487d73f88c4763968a40680503977c98a",
                "b8860e8629726720c19cac457110836b5203446b68d0c2c58c487b0f5ab5b9db",
                "0c13bfbbab81c3b1f9cdfaf0aaf46afbb55c6d943dffa4075f60905b6ec5ae69",
                "8b9776e297bb8f48ea623dd3e9d08d696a99e78f56cdf08749c0aa7dcb4d27b4",
                "087dd78ab5f00b8de11c627752ce0e822a34a047e5c17afa60e8c735fd89d634",
                "a8bae292bfcc603405d366b6a29ff9097f69c176e05e46dd07b31cee8913dea0",
                "3778f1dc151eaf6ad8d4f33a9f5d6f7c86cb2115910fbb069b48dda378c0d792",
                "a8665515e3a024fc5d7e2dcc6d482ce907c590bfc380d3f765e6fbb045b98d96",
                "56f4d0c8a1e0fa47de086ef55d0002f095ba5395855a2983f7f4aebd0ecde1ec",
                "092baa7d225157749b78c60afcb9cb241bc373ca063c330ffb34cf6f2aa7fd8e",
                "3701b2064d7fb6046e16ccd788ab762db8ac442076ee89d9fa1eabf82b3bb2be",
                "2712701b0aeca92bc24f91f469cf53fa4e8f582a0129bbf4ff6231de3e4aceae",
                "aaa15afa6c6b5103fbc312fab686c7023700ca9f75d17657349635593badd3bc",
                "43bea29d0c328a4abde49efc630901bad156a230d9a8e4f808a2942aa59c36ae"
            ],
            "type": "Document",
            "firstPartyCookies": {},
            "firstPartyCookiesSent": {},
            "exampleSites": [
                "joysporn.net",
                "www.vkulak.com",
                "xxxvideo.best",
                "pornky.cc",
                "extremescatporn.com",
                "tokthots.com",
                "www.more-xxx.net",
                "xnxx.city",
                "pornktube.video",
                "lesbiansex.best",
                "american-porno.com",
                "www.drunk-fuck.com",
                "www.u-porno.com",
                "u-porno.top",
                "drunk-fuck.com",
                "hqpornerpro.com",
                "mdtaiwan.com",
                "fatherofporn.com",
                "tubepornyoung.com",
                "thotbook.tv"
            ]
        },
        {
            "rule": "tubecorp\\.com\\/i\\/b\\.html",
            "cookies": 0,
            "fingerprinting": 0,
            "subdomains": [
                "cdn"
            ],
            "apis": {},
            "sites": 20,
            "prevalence": 0.000139,
            "cnames": [],
            "responseHashes": [
                "c9ac7269c5280b8d2f25caa02a2d2fc3b2c0006109575fd746d5087f1ce3531c"
            ],
            "type": "Document",
            "firstPartyCookies": {},
            "firstPartyCookiesSent": {},
            "exampleSites": [
                "abiyelikkumasci.com",
                "drunk-fuck.com",
                "fatherofporn.com",
                "hqporner.video",
                "hqpornerpro.com",
                "indian-xnxx.pro",
                "joysporn.net",
                "noodlemagazine.cc",
                "onlyfansde.blogspot.com",
                "pornktube.video",
                "pornky.cc",
                "redthot.com",
                "thotbook.tv",
                "tubepornyoung.com",
                "www.455998a.com",
                "www.drunk-fuck.com",
                "www.pornxday.com",
                "www.pornxbit.com",
                "www.pussycrave.com",
                "x-hamster.pro"
            ]
        },
        {
            "rule": "tubecorp\\.com\\/b\\/tcbanner\\.js",
            "cookies": 0,
            "fingerprinting": 3,
            "subdomains": [
                "cdn"
            ],
            "apis": {
                "window.localStorage": 52,
                "Navigator.prototype.userAgent": 48,
                "Navigator.prototype.language": 38,
                "Screen.prototype.colorDepth": 38,
                "Navigator.prototype.hardwareConcurrency": 38,
                "Screen.prototype.width": 48,
                "Screen.prototype.height": 48,
                "Screen.prototype.availWidth": 38,
                "Screen.prototype.availHeight": 38,
                "Date.prototype.getTimezoneOffset": 52,
                "Intl.DateTimeFormat.prototype.resolvedOptions": 52,
                "window.sessionStorage": 52,
                "window.indexedDB": 52,
                "Navigator.prototype.platform": 38,
                "Navigator.prototype.appName": 38,
                "Navigator.prototype.plugins": 38,
                "CanvasRenderingContext2D.prototype.isPointInPath": 38,
                "HTMLCanvasElement.prototype.toDataURL": 38,
                "WebGLRenderingContext.prototype.getSupportedExtensions": 38,
                "WebGLRenderingContext.prototype.getParameter": 38,
                "WebGLRenderingContext.prototype.getContextAttributes": 38,
                "WebGLRenderingContext.prototype.getExtension": 38,
                "WebGLRenderingContext.prototype.getShaderPrecisionFormat": 38,
                "Navigator.prototype.languages": 38,
                "Navigator.prototype.maxTouchPoints": 38,
                "Navigator.prototype.productSub": 38,
                "OfflineAudioContext.prototype.constructor": 44,
                "AudioBuffer.prototype.getChannelData": 47,
                "Navigator.prototype.deviceMemory": 24
            },
            "sites": 54,
            "prevalence": 0.000375,
            "cnames": [],
            "responseHashes": [
                "ee45e1b1ec0c1d87abcf7143b0a4390f7ac6e026fb747d7181b50ee9eaa7d888"
            ],
            "type": "Script",
            "firstPartyCookies": {},
            "firstPartyCookiesSent": {},
            "exampleSites": [
                "doujindes.blogspot.com",
                "xxxmom.pro",
                "xsexvideos.pro",
                "pornky.cc",
                "thotshub.tv",
                "www.vkulak.com",
                "wargers.org",
                "www.455998a.com",
                "sharemynudes.com",
                "thotbook.tv",
                "american-porno.com",
                "famousinternetgirls.com",
                "queenofspades.me",
                "xnxx.city",
                "joysporn.net",
                "abiyelikkumasci.com",
                "teenagepornx.com",
                "www.u-porno.com",
                "tokthots.com",
                "www.pornxbit.com"
            ]
        },
        {
            "rule": "tubecorp\\.com\\/b\\/loader\\.js",
            "cookies": 0,
            "fingerprinting": 0,
            "subdomains": [
                "cdn"
            ],
            "apis": {},
            "sites": 33,
            "prevalence": 0.000229,
            "cnames": [],
            "responseHashes": [
                "08c240b93338ea51c179a35b3dd9a8e0ba250f64bd691fb45df792023abb1e45"
            ],
            "type": "Script",
            "firstPartyCookies": {},
            "firstPartyCookiesSent": {},