{
    "domain": "u-on.eu",
    "owner": {},
    "source": [
        "DuckDuckGo-US"
    ],
    "prevalence": 0.000304,
    "sites": 40,
    "subdomains": [
        "cs"
    ],
    "cnames": [],
    "fingerprinting": 1,
    "resources": [
        {
            "rule": "u-on\\.eu\\/c\\.php",
            "cookies": 0,
            "fingerprinting": 0,
            "subdomains": [
                "cs"
            ],
            "apis": {},
            "sites": 21,
            "prevalence": 0.000159,
            "cnames": [],
            "responseHashes": [
                "043626284e2e230d83bf1e7c3b2ee0c4387edd6c3401aebbde34da23f911a97d",
                "dbe569ac3038df11c7a5ec51d650a6340e7f0c7928ad04c020b8f2ab6845ac37",
                "c2d67a2e321db99afd5740c00e3b62dc880c2ea9010d0558aa31c5268d101d51",
                "ffb6233ce012629024d22d8e88260301905043d95cf7d9fa0517503af1be33c0",
                "aefdee76a25499d67b76c370110a163e705364ef80dc41fe5214241bc210cf29",
                "32635f3460e3d42e99358757f7337596812998a98b8a8da467e5ba9ad326d6e2",
                "a3038136a16e518d33a2397958d1823edbcad69585ed88b93887c92e6188f399",
                "88ba4e0ac8ef4c36f887e5fd38e73907748768a8cfd042e9679d7265d2655dbc"
            ],
            "type": "Image",
            "firstPartyCookies": {},
            "firstPartyCookiesSent": {},
            "exampleSites": [
                "bokeps.xyz",
                "ceritawow.mobie.in",
                "komikhentai.space",
                "komikhentaiterbaru.xtgem.com",
                "maincewe.com",
                "porno-indir.wap.sh",
                "rajahentai.com",
                "www.dadamontok.com",
                "www.jilboob.top",
                "www.komikhentai.space",
                "www.rajahentai.best",
                "www.rajahentai.com"
            ]
        },
        {
            "rule": "u-on\\.eu\\/js\\.php",
            "cookies": 0,
            "fingerprinting": 1,
            "subdomains": [],
            "apis": {
                "Screen.prototype.width": 5,
                "Screen.prototype.height": 5
            },
            "sites": 8,
            "prevalence": 0.0000607,
            "cnames": [],
            "responseHashes": [
                "8562ef3dd9e9ed6d040dd4c2d55a12c53228b700a4edd2fc76bc2d154773613b",
                "3a5939371e856fdc54df86f6bedf1a99511810e56a8978f5dd921f9b3f632b31"
            ],
            "type": "Script",
            "firstPartyCookies": {},
            "firstPartyCookiesSent": {},
            "exampleSites": [
                "komikhentaiterbaru.xtgem.com",
                "www.dadamontok.com",
                "www.komikhentai.me",
                "www.rajahentai.club"
            ]
        }
    ],
    "categories": [],
    "performance": {},
    "cookies": 0,
    "types": {
        "Image": 21,
        "Script": 8
    },
    "nameservers": [
        "ns1.hostex.lt",
        "ns2.hostex.lt",
        "ns3.hostex.lt",
        "ns4.hostex.lt"
    ]
}