{
    "domain": "u-on.eu",
    "owner": {},
    "source": [
        "DuckDuckGo-US"
    ],
    "prevalence": 0.000264,
    "sites": 38,
    "subdomains": [
        "cs"
    ],
    "cnames": [],
    "fingerprinting": 1,
    "resources": [
        {
            "rule": "u-on\\.eu\\/c\\.php",
            "cookies": 0,
            "fingerprinting": 0,
            "subdomains": [
                "cs"
            ],
            "apis": {},
            "sites": 21,
            "prevalence": 0.000146,
            "cnames": [],
            "responseHashes": [
                "d53a7264f30c4a8bd66ea1481484a4753ea0c42592b91dcea1fb5a52e51196b1",
                "23163fcd1710bd29e20b15288a590004de6d07a92df2c998bde390632cab3598",
                "1a664d09b90b170d32945b2eeed37786b0a64a27aeef680a48c26514464c9b42",
                "cafd822637be8adac0c77b7f2df9db69c1e0a23969a96f741e86d86a47adf408",
                "d33481bc712fb5e19431ebbe73fbd864e17b6cc5a13725658b57b746569b69ac",
                "84d9c0061a7ee88e738b2045910744f482b6b64061015b2a7a8980044c4fd2a2",
                "929d617af4269ed17ac4823cbfb3c1d1b116d9fbd939d36e607f4638a5223c5a"
            ],
            "type": "Image",
            "firstPartyCookies": {},
            "firstPartyCookiesSent": {
                "lotame_domain_check": 0.000020824656393169513
            },
            "exampleSites": [
                "ceritawow.mobie.in",
                "ikatancinta.biz",
                "hotubi.com",
                "hotubik.com",
                "komikhentai.space",
                "rajahentai.com",
                "ratuku.top",
                "tvn.wapkiz.com",
                "www.komikhentai.space",
                "www.rajahentai.best",
                "www.rajahentai.com"
            ]
        },
        {
            "rule": "u-on\\.eu\\/js\\.php",
            "cookies": 0,
            "fingerprinting": 1,
            "subdomains": [
                "cs"
            ],
            "apis": {
                "Screen.prototype.width": 7,
                "Screen.prototype.height": 7
            },
            "sites": 7,
            "prevalence": 0.0000486,
            "cnames": [],
            "responseHashes": [
                "84b01c8aafa6fd0d425b5c74dd4cee0a61714974d3d2ce50d3d2054b97df79de",
                "eaacf904db58db1c72e791f57f863785fdc1f7fea11e440ba273421560498678",
                "8562ef3dd9e9ed6d040dd4c2d55a12c53228b700a4edd2fc76bc2d154773613b",
                "9cf0b3ab47c18b5673d0b6e13a1943306a0d22387646500f75660a54b82f5ad2",
                "7b74613f1dfacdf64de3a4189d2e4c1a7261a253ad8d1eb1970986d24a9521df"
            ],
            "type": "Script",
            "firstPartyCookies": {},
            "firstPartyCookiesSent": {},
            "exampleSites": [
                "ikatancinta.biz",
                "tvn.wapkiz.com"
            ]
        }
    ],
    "categories": [],
    "performance": {
        "time": 1,
        "size": 1,
        "cpu": 0,
        "cache": 3
    },
    "cookies": 0,
    "types": {
        "Image": 21,
        "Script": 7
    },
    "nameservers": [
        "ns4.hostex.lt",
        "ns1.hostex.lt",
        "ns3.hostex.lt",
        "ns2.hostex.lt"
    ]
}