{
    "domain": "uber-adsystem.com",
    "owner": {},
    "source": [
        "DuckDuckGo-US"
    ],
    "prevalence": 0.00018,
    "sites": 26,
    "subdomains": [
        "display",
        "static"
    ],
    "cnames": [],
    "fingerprinting": 1,
    "resources": [
        {
            "rule": "uber-adsystem\\.com\\/adtech\\/adserver\\/v0\\/ads",
            "cookies": 0,
            "fingerprinting": 1,
            "subdomains": [
                "display"
            ],
            "apis": {
                "Date.prototype.getTime": 22
            },
            "sites": 26,
            "prevalence": 0.00018,
            "cnames": [],
            "responseHashes": [
                "d48948a5f741616251b2833e4dae3666b12678d8d91e1f5f5074fb40a29281af",
                "3d071406599176259faf10652e25b9f437aa1381fa2893e9fc060412d1003873",
                "3ddd0480a6b3c6c0dee1ff4eb50faf77c0f5c306497802c30be145cf5c30ddf3",
                "a7251332b8683c7b4b6a06990e7c9ff35663847660d3afbdd45a54b98ee28e47",
                "78cbde5b2a3bcec4487053f2f0c40ffea018e053e50a0241b4dfad0323747cb8",
                "88b74ac3fec1c4be352c17f377959500b1d65fed03d656e92f6d796e662fe5ae",
                "623bd8d78dcdcd8cb7dc977bec15dbf4a5169c8ff068ac815f02134705865e5f",
                "be95b297989198d6adec32b05487e4bc8d6df92a94e0b31119dd30200b712616",
                "58c0f50c2e0f1964c3be3baab1c885a548f4512c4b41f4cf8779d97356a64851",
                "d5cf9e6d96236297bc5845c69e1904d51fdbc75a01ab1a0e23fe1a2e509f4955",
                "f85db6e78ecfcbe9d1e6665484568457628f515bcf9452b7a7d1ebaae3fe7328",
                "4c2ce2e7f4a1e0f6c5d231ecc6504e9694eef09d7dbe62a8cb0dd86aff4a5560",
                "a73f4d00e61f484bd77b292258e1118f9161abd6aa9bb190a4768ea1ba4b4ce4",
                "013c10bcdd3608e37d1856e501a73fab1acfbc41ca658c98f6039f52be3302a5",
                "6e60b97b53966d0f063568439434a6753e69ac794577a164a57130f606afc96b",
                "c0a98a4f1a12300a69f4fb50c58c6465eee240cff1dbef62ea368b8b1b376087",
                "4e39d98bead03ba32ba2c2d4087ccdfd31d29a8ddb5fd053180eb9b1e58e2bf3",
                "29cc8b0128cffddc96972ed4d9a35faaef0ccf70a95129836949ea522d64cb15",
                "af95dfce43668705d4d4bd7a4091851a768ba48687cce8cf48da03542dd9f4f2",
                "214b363560122d2bd60b88a4c4fd3a116e540527887453a4c74ad69fed2d50d6",
                "584aa9d230e500b82fee15c47105c99cff8e7f59d0e3e1ecfaf7aea64b6ec017",
                "c3d899f42633f2b8831a17a1cade463a311904efbd8c07514624b0552e47255f"
            ],
            "type": "Script",
            "firstPartyCookies": {},
            "firstPartyCookiesSent": {},
            "exampleSites": [
                "www.tellyupdates.com",
                "onechicagocenter.com",
                "www.recipelink.com",
                "www.watchhallmarktv.com",
                "www.tripmondo.com",
                "www.stateofflorida.com",
                "www.writingforums.org",
                "www.wideopencountry.com",
                "www.todaysparent.com",
                "www.timechange.info",
                "www.vanguardngr.com",
                "www.swimmingrank.com",
                "www.yougowords.com",
                "www.wccbcharlotte.com",
                "www.thepricer.org",
                "www.tagaloglang.com",
                "www.washingtonexaminer.com",
                "www.tarladalal.com",
                "www.thetarotguide.com",
                "www.wfmj.com"
            ]
        },
        {
            "rule": "uber-adsystem\\.com\\/2562511a-57c7-4828-a88c-3276fcb0c9b3%2FUE_new_logo_salt\\.svg",
            "cookies": 0,
            "fingerprinting": 0,
            "subdomains": [
                "static"
            ],
            "apis": {},
            "sites": 12,
            "prevalence": 0.000083,
            "cnames": [],
            "responseHashes": [
                "7deb62eb834e3b0fd0266fb4fea3683ba10f8d55df1d285f971e2cf3d20a8637"
            ],
            "type": "Image",
            "firstPartyCookies": {},
            "firstPartyCookiesSent": {},
            "exampleSites": [
                "onechicagocenter.com",
                "www.recipelink.com",
                "www.skipperwbreeders.com",
                "www.stateofflorida.com",
                "www.swimmingrank.com",
                "www.tellyupdates.com",
                "www.thepricer.org",
                "www.todaysparent.com",
                "www.watchrepairtalk.com",
                "www.wideopencountry.com",
                "www.writingforums.org",
                "www.yougowords.com"
            ]
        },
        {
            "rule": "uber-adsystem\\.com\\/e70a5f29-7c4b-4ea9-a7a3-c90509e1fe50%2FUE_new_logo_salt\\.svg",
            "cookies": 0,
            "fingerprinting": 0,
            "subdomains": [
                "static"
            ],
            "apis": {},
            "sites": 5,
            "prevalence": 0.0000346,
            "cnames": [],
            "responseHashes": [
                "7deb62eb834e3b0fd0266fb4fea3683ba10f8d55df1d285f971e2cf3d20a8637"
            ],
            "type": "Image",
            "firstPartyCookies": {},
            "firstPartyCookiesSent": {},
            "exampleSites": [
                "tarladalal.com",
                "www.theunitconverter.com",
                "www.timechange.info",
                "www.watchhallmarktv.com",
                "zipatlas.com"
            ]
        },
        {
            "rule": "uber-adsystem\\.com\\/c42cea12-d065-474a-99e4-bfa201ea1004%2Frepeat\\.svg",
            "cookies": 0,
            "fingerprinting": 0,
            "subdomains": [
                "static"
            ],
            "apis": {},
            "sites": 5,
            "prevalence": 0.0000346,
            "cnames": [],
            "responseHashes": [
                "13275982d81c7cf1e014e933cdc82ab4dc7f51fe9ffba95c4f03175d9992d104"
            ],
            "type": "Image",
            "firstPartyCookies": {},
            "firstPartyCookiesSent": {},
            "exampleSites": [
                "tarladalal.com",
                "www.theunitconverter.com",
                "www.timechange.info",
                "www.watchhallmarktv.com",
                "zipatlas.com"
            ]
        }
    ],
    "categories": [],
    "performance": {},
    "cookies": 0,
    "types": {
        "Script": 26,
        "Image": 22
    },
    "nameservers": [
        "dns1.p04.nsone.net",
        "dns2.p04.nsone.net",
        "dns3.p04.nsone.net",
        "dns4.p04.nsone.net",
        "edns126.ultradns.com",
        "edns126.ultradns.net",
        "edns126.ultradns.biz",
        "edns126.ultradns.org"
    ]
}