{
    "domain": "uninterestedquarter.com",
    "owner": {
        "name": "Leven Labs, Inc. DBA Admiral",
        "displayName": "Admiral"
    },
    "source": [
        "DuckDuckGo-US"
    ],
    "prevalence": 0.000104,
    "sites": 15,
    "subdomains": [],
    "cnames": [],
    "fingerprinting": 1,
    "resources": [
        {
            "rule": "uninterestedquarter\\.com\\/v2dct7QSPycqlji17HhQJwi0MtrZ5V7i9ctT0h1hlUQXDRaBEpmYI3aE",
            "cookies": 0.0000483,
            "fingerprinting": 1,
            "subdomains": [],
            "apis": {
                "Navigator.prototype.userAgent": 12,
                "Document.cookie getter": 12,
                "window.localStorage": 11,
                "Document.cookie setter": 7,
                "Notification.permission": 7
            },
            "sites": 14,
            "prevalence": 0.0000967,
            "cnames": [],
            "responseHashes": [
                "f2f07562da95366cb2e14774459524d6366dd634006fc23f5143ab9fba5093ca",
                "e79c2e8feab9c20e889be7c1598b2544bd55e5837425fbb55772cef0eca0c963",
                "aca7a3f1b76d4b88e881b519f36e45c2e31c7a242df27145ad29a4b32b1bcd4a",
                "3e47a95bef5b21dce6be5390d2b92a44fe1ba334f05e9df4015070366168523d",
                "4a553ac45b9fd9248a5ca72e9189d4ba66f3816e32d218f6298283580b969b0d",
                "223174a4ebe95b4303440099fba49c4e11fe165d02609ca019f0a75e728c085e",
                "57250a0cc2c77c9f883228ae1fb233302ad687690b0c3ac915296e204b67f7c0",
                "75be64b5a153f287b7a779130b847f13e7b17b1ba8cf55fe3d1612270614425e",
                "a06562913a021673d612655f39201b50fc4a0f89de728e278cb4570fbd934e87",
                "765d8e7fdbdedac630f584498e4e79e82659fe825d71efa97172077d76a93aad",
                "df461c2e369ce377385d0375799abb1efb6b340aef5d5ebd0995c2a01e88a841",
                "fa34d86ff67f1dc607c9d354df065669dd85638e6fa4cb97c3221769be1ddd2c",
                "5ecea3af6c934199c2a3218d534b9e38b3e85019bd31ccb986b18620915ce5be"
            ],
            "type": "Script",
            "firstPartyCookies": {
                "_awl": {
                    "ttl": 94608000,
                    "length": 94,
                    "prevalence": 0.000006903741137322315,
                    "uniqueness": 1
                },
                "_admrla": {
                    "ttl": 94608000,
                    "length": 40,
                    "prevalence": 0.000006903741137322315,
                    "uniqueness": 1
                }
            },
            "firstPartyCookiesSent": {},
            "exampleSites": [
                "cbslocal.com",
                "boston.cbslocal.com",
                "chicago.cbslocal.com",
                "denver.cbslocal.com",
                "dfw.cbslocal.com",
                "gooddaysacramento.cbslocal.com",
                "losangeles.cbslocal.com",
                "minnesota.cbslocal.com",
                "newyork.cbslocal.com",
                "philadelphia.cbslocal.com",
                "pittsburgh.cbslocal.com",
                "sacramento.cbslocal.com",
                "sanfrancisco.cbslocal.com",
                "www.cbsnews.com"
            ]
        },
        {
            "rule": "uninterestedquarter\\.com\\/v2hqrqGoSvno_DG7iXDB5aOUgVH2VqyxvB9340hI3eEXL8AnwTNIpbiuAdGOiuahGBdpFr08IFg",
            "cookies": 0,
            "fingerprinting": 0,
            "subdomains": [],
            "apis": {},
            "sites": 2,
            "prevalence": 0.0000138,
            "cnames": [],
            "responseHashes": [],
            "type": "Ping",
            "firstPartyCookies": {},
            "firstPartyCookiesSent": {},
            "exampleSites": [
                "cbslocal.com",
                "boston.cbslocal.com"
            ]
        },
        {
            "rule": "uninterestedquarter\\.com\\/v2cupkFdMN5TSmeb7eeTXck9CTTC5-QOhE5tw8IRZkS4jaigfuTRXEfMnGOgqYpAj3089Exm1",
            "cookies": 0,
            "fingerprinting": 0,
            "subdomains": [],
            "apis": {},
            "sites": 2,
            "prevalence": 0.0000138,
            "cnames": [],
            "responseHashes": [
                "c5f5fa90c91193b2702771327d6196d28cb9e7a696e9ae04ad603d66d729bf72"
            ],
            "type": "Fetch",
            "firstPartyCookies": {},
            "firstPartyCookiesSent": {},
            "exampleSites": [
                "cbsnews.com",
                "www.cbsnews.com"
            ]
        },
        {
            "rule": "uninterestedquarter\\.com\\/v2zobo8rM_-OCxuCaC6qixlVXGiqW9NPI93XViuBJK9b2J-Q1-xMb91ZKvtzedrw24ArSQxh_",
            "cookies": 0,
            "fingerprinting": 0,
            "subdomains": [],
            "apis": {},
            "sites": 2,
            "prevalence": 0.0000138,
            "cnames": [],
            "responseHashes": [
                "b4afdce11f7221b5ab3ec0ff73e919fb08cf8a41ef65f59458bfd14e831ccbce"
            ],
            "type": "Fetch",
            "firstPartyCookies": {},
            "firstPartyCookiesSent": {},
            "exampleSites": [
                "cbsnews.com",
                "www.cbsnews.com"
            ]
        }
    ],
    "categories": [],
    "performance": {},
    "cookies": 0.0000552,
    "types": {
        "Script": 14,
        "Ping": 2,
        "Fetch": 4
    },
    "nameservers": [
        "ns-1627.awsdns-11.co.uk",
        "ns-305.awsdns-38.com",
        "ns-697.awsdns-23.net",
        "ns-1212.awsdns-23.org"
    ]
}