{
    "domain": "uol.com.br",
    "owner": {
        "name": "Universo Online S.A.",
        "displayName": "Universo Online"
    },
    "source": [
        "DuckDuckGo-US"
    ],
    "prevalence": 0.000152,
    "sites": 22,
    "subdomains": [
        "tm",
        "udr",
        "tracker.bt"
    ],
    "cnames": [],
    "fingerprinting": 1,
    "resources": [
        {
            "rule": "uol\\.com\\.br\\/mercurio\\.html",
            "cookies": 0,
            "fingerprinting": 1,
            "subdomains": [
                "tm"
            ],
            "apis": {
                "Date.prototype.getTime": 1,
                "Event.prototype.timeStamp": 1
            },
            "sites": 11,
            "prevalence": 0.0000759,
            "cnames": [],
            "responseHashes": [
                "9120bd86f7501823599a79f60f432e7742f2fd00b17984230cd6641085548690",
                "e9a2b4fa0887a2e682a00fd569d9e0e18d8e17996842d88a19998964875266b6"
            ],
            "type": "Document",
            "firstPartyCookies": {},
            "firstPartyCookiesSent": {},
            "exampleSites": [
                "guiamais.com.br",
                "jus.com.br",
                "mobile.guiamais.com.br",
                "olhardigital.com.br",
                "www.dicionarioinformal.com.br",
                "www.gazetadopovo.com.br",
                "www.guiadasemana.com.br",
                "www.guiamais.com.br",
                "www.infoescola.com",
                "www.mensagenscomamor.com",
                "www.netshoes.com.br"
            ]
        },
        {
            "rule": "uol\\.com\\.br\\/",
            "cookies": 0.000069,
            "fingerprinting": 0,
            "subdomains": [
                "udr"
            ],
            "apis": {},
            "sites": 10,
            "prevalence": 0.000069,
            "cnames": [],
            "responseHashes": [
                "f00ce9bd47995f4ecbc1476d22f018202ec300033447591427261f8bf89ed05a",
                "d0923edea9808830eef777db38bbf3279644c55f0967f0c8664e366a019ec251",
                "4e365c4eafb854e8b96a19c7e39648f7e53a0584ec234790c946e866057adcc0",
                "0c0e8f8bc209ed4a97139872a2e6226f811222f72d8b2188d9b87a25783840ae",
                "627c51b564ef60be943cf5e4c5f2050e23c6213aaa9d9fc3d2dd4b273de5dabd",
                "666ca687143b792cd880c9428db9eb4fd041d653e258de4be6c932c7efdeb788",
                "341cd09f75eddefb0403832f5d487cac1915c8bbb41a87b8766718aa83d6d9c9",
                "cf2af1b6b3e1d0fbeff582f560ca3725c730a1dd51d9d5f456faea119590de35",
                "963d84d2936dae84786050d9f1778aa404a97bbe837502e17a1563741edc0df6"
            ],
            "type": "Fetch",
            "firstPartyCookies": {},
            "firstPartyCookiesSent": {},
            "exampleSites": [
                "guiamais.com.br",
                "jus.com.br",
                "mobile.guiamais.com.br",
                "olhardigital.com.br",
                "www.dicionarioinformal.com.br",
                "www.gazetadopovo.com.br",
                "www.guiadasemana.com.br",
                "www.guiamais.com.br",
                "www.infoescola.com",
                "www.mensagenscomamor.com"
            ]
        },
        {
            "rule": "uol\\.com\\.br\\/partner",
            "cookies": 0.0000621,
            "fingerprinting": 0,
            "subdomains": [
                "tracker.bt"
            ],
            "apis": {},
            "sites": 9,
            "prevalence": 0.0000621,
            "cnames": [],
            "responseHashes": [
                "e3b0c44298fc1c149afbf4c8996fb92427ae41e4649b934ca495991b7852b855"
            ],
            "type": "Script",
            "firstPartyCookies": {},
            "firstPartyCookiesSent": {},
            "exampleSites": [
                "guiamais.com.br",
                "jus.com.br",
                "mobile.guiamais.com.br",
                "olhardigital.com.br",
                "www.dicionarioinformal.com.br",
                "www.gazetadopovo.com.br",
                "www.guiadasemana.com.br",
                "www.guiamais.com.br",
                "www.mensagenscomamor.com"
            ]
        },
        {
            "rule": "uol\\.com\\.br\\/purge-clients\\.html",
            "cookies": 0,
            "fingerprinting": 1,
            "subdomains": [
                "tm"
            ],
            "apis": {
                "Date.prototype.getTime": 1,
                "Event.prototype.timeStamp": 1
            },
            "sites": 10,
            "prevalence": 0.000069,
            "cnames": [],
            "responseHashes": [
                "6a93c477127bad12d08a779a445d4c5962578f57d4171aee20df69a2b3e8c349",
                "2bced2b8f02e2c9a4af194c2766b0d7aead0f17ed8495981d23a23edd1f807c9"
            ],
            "type": "Document",
            "firstPartyCookies": {},
            "firstPartyCookiesSent": {},
            "exampleSites": [
                "guiamais.com.br",
                "cep.guiamais.com.br",
                "jus.com.br",
                "mobile.guiamais.com.br",
                "olhardigital.com.br",
                "www.dicionarioinformal.com.br",
                "www.gazetadopovo.com.br",
                "www.guiadasemana.com.br",
                "www.guiamais.com.br",
                "www.mensagenscomamor.com"
            ]
        },
        {
            "rule": "uol\\.com\\.br\\/store",
            "cookies": 0.0000483,
            "fingerprinting": 0,
            "subdomains": [
                "udr"
            ],
            "apis": {},
            "sites": 7,
            "prevalence": 0.0000483,
            "cnames": [],
            "responseHashes": [],
            "type": "Fetch",
            "firstPartyCookies": {},
            "firstPartyCookiesSent": {},
            "exampleSites": [
                "guiamais.com.br",
                "jus.com.br",
                "mobile.guiamais.com.br",
                "olhardigital.com.br",
                "www.gazetadopovo.com.br",
                "www.guiadasemana.com.br",
                "www.guiamais.com.br"
            ]
        }
    ],
    "categories": [],
    "performance": {},
    "cookies": 0.000131,
    "types": {
        "Document": 21,
        "Fetch": 17,
        "Script": 9
    },
    "nameservers": [
        "charles.uol.com.br",
        "eliot.uol.com.br",
        "borges.uol.com.br"
    ]
}