{
    "domain": "urlhausa.com",
    "owner": {},
    "source": [
        "DuckDuckGo-US"
    ],
    "prevalence": 0.000162,
    "sites": 23,
    "subdomains": [
        "cdn"
    ],
    "cnames": [],
    "fingerprinting": 2,
    "resources": [
        {
            "rule": "urlhausa\\.com\\/sdk\\/push_web\\/",
            "cookies": 0.0000985,
            "fingerprinting": 2,
            "subdomains": [
                "cdn"
            ],
            "apis": {
                "Navigator.prototype.userAgent": 14,
                "Intl.DateTimeFormat.prototype.resolvedOptions": 14,
                "Date.prototype.getTimezoneOffset": 14,
                "Document.cookie getter": 14,
                "Date.prototype.getTime": 14,
                "Document.cookie setter": 14,
                "window.devicePixelRatio": 13,
                "Navigator.prototype.appName": 13
            },
            "sites": 16,
            "prevalence": 0.000113,
            "cnames": [],
            "responseHashes": [
                "9c8b44aef3baeacbbd0d53ce6f8dad891fe08c76e41081d066cdb0d91f82e4e6",
                "ddf1af1b68586a20d205c569584c5f7c89fca85fe04ac60a54061a4c63c42c42",
                "0efb69b0c4676a0b4b852f054a0c33fa67eb449e25b0158621719aa16900c4df",
                "3dba0776c8bfa76b9553972613d1ef1d26f7fabf507a40306f2979044b2b910a"
            ],
            "type": "Script",
            "firstPartyCookies": {
                "rvt_inlpush_cnt_6239": {
                    "ttl": 86415,
                    "length": 1,
                    "prevalence": 0.000035193918490884776,
                    "uniqueness": 0.2
                },
                "rvt_inlpush_max_6239": {
                    "ttl": 86414,
                    "length": 3,
                    "prevalence": 0.000035193918490884776,
                    "uniqueness": 0.2
                },
                "rvt_inlpush_shown_6239": {
                    "ttl": 86419,
                    "length": 1,
                    "prevalence": 0.00004223270218906173,
                    "uniqueness": 0.3333333333333333
                },
                "rvt_inlpush_cnt_6561": {
                    "ttl": 86424,
                    "length": 1,
                    "prevalence": 0.000007038783698176955,
                    "uniqueness": 1
                },
                "rvt_inlpush_max_6561": {
                    "ttl": 86419,
                    "length": 3,
                    "prevalence": 0.000007038783698176955,
                    "uniqueness": 1
                },
                "rvt_inlpush_shown_6561": {
                    "ttl": 86425,
                    "length": 1,
                    "prevalence": 0.000007038783698176955,
                    "uniqueness": 1
                },
                "rvt_inlpush_cnt_5804": {
                    "ttl": 86424,
                    "length": 1,
                    "prevalence": 0.00004223270218906173,
                    "uniqueness": 0.3333333333333333
                },
                "rvt_inlpush_max_5804": {
                    "ttl": 86424,
                    "length": 3,
                    "prevalence": 0.00004223270218906173,
                    "uniqueness": 0.16666666666666666
                },
                "rvt_inlpush_shown_5804": {
                    "ttl": 86430,
                    "length": 1,
                    "prevalence": 0.00002815513479270782,
                    "uniqueness": 0.5
                }
            },
            "firstPartyCookiesSent": {},
            "exampleSites": [
                "bananamovies.net",
                "dogporn.net",
                "hdsex.pro",
                "pornwatch.ws",
                "speedporn.net",
                "streamporn.pw",
                "videosdex.net",
                "watchpornx.com",
                "www.bestiality.zone",
                "www.hun.run",
                "www.z00.world",
                "xopenload.me",
                "xtapes.me",
                "xxxscenes.net",
                "xxxstream.me",
                "zoo.zone"
            ]
        }
    ],
    "categories": [],
    "performance": {},
    "cookies": 0.000148,
    "types": {
        "Script": 16
    },
    "nameservers": [
        "dell.ns.cloudflare.com",
        "ray.ns.cloudflare.com"
    ]
}