{
    "domain": "urlhausa.com",
    "owner": {},
    "source": [
        "DuckDuckGo-US"
    ],
    "prevalence": 0.000194,
    "sites": 28,
    "subdomains": [
        "cdn"
    ],
    "cnames": [],
    "fingerprinting": 2,
    "resources": [
        {
            "rule": "urlhausa\\.com\\/sdk\\/push_web\\/",
            "cookies": 0.000132,
            "fingerprinting": 2,
            "subdomains": [
                "cdn"
            ],
            "apis": {
                "Navigator.prototype.userAgent": 19,
                "Intl.DateTimeFormat.prototype.resolvedOptions": 19,
                "Date.prototype.getTimezoneOffset": 19,
                "Document.cookie getter": 19,
                "Date.prototype.getTime": 19,
                "Document.cookie setter": 19,
                "window.devicePixelRatio": 19,
                "Navigator.prototype.appName": 18
            },
            "sites": 19,
            "prevalence": 0.000132,
            "cnames": [],
            "responseHashes": [
                "79233f06bb9e4540e758b0b7345adeb5c9577b7e22d8b65b2c9a28d3f5eb3f3b",
                "0e7f657321aca2cdaa0d7ec4de36f5f6fff6e527bee5a19a6574ebb5f2da9a1a",
                "83dd6c4d57f85b6d85f01e7217fb753800c2ad6a2c50eace5a22c214c2e32631",
                "740bc89ddbc4799cbf1000a431daabeefc3226f9aea58c0440a7f69f2ec91b31"
            ],
            "type": "Script",
            "firstPartyCookies": {
                "rvt_inlpush_cnt_5804": {
                    "ttl": 86403,
                    "length": 1,
                    "prevalence": 0.000034715713026029843,
                    "uniqueness": 0.2
                },
                "rvt_inlpush_max_5804": {
                    "ttl": 86403,
                    "length": 3,
                    "prevalence": 0.00004165885563123581,
                    "uniqueness": 0.16666666666666666
                },
                "rvt_inlpush_shown_5804": {
                    "ttl": 86405,
                    "length": 1,
                    "prevalence": 0.000034715713026029843,
                    "uniqueness": 0.2
                },
                "rvt_inlpush_cnt_6239": {
                    "ttl": 86401,
                    "length": 1,
                    "prevalence": 0.000027772570420823875,
                    "uniqueness": 0.5
                },
                "rvt_inlpush_max_6239": {
                    "ttl": 86401,
                    "length": 3,
                    "prevalence": 0.000020829427815617906,
                    "uniqueness": 0.3333333333333333
                },
                "rvt_inlpush_shown_6239": {
                    "ttl": 86403,
                    "length": 1,
                    "prevalence": 0.000034715713026029843,
                    "uniqueness": 0.2
                },
                "rvt_inlpush_cnt_6561": {
                    "ttl": 86402,
                    "length": 1,
                    "prevalence": 0.000006943142605205969,
                    "uniqueness": 1
                },
                "rvt_inlpush_max_6561": {
                    "ttl": 86401,
                    "length": 3,
                    "prevalence": 0.000006943142605205969,
                    "uniqueness": 1
                },
                "rvt_inlpush_shown_6561": {
                    "ttl": 86402,
                    "length": 1,
                    "prevalence": 0.000006943142605205969,
                    "uniqueness": 1
                }
            },
            "firstPartyCookiesSent": {},
            "exampleSites": [
                "adultdvdparadise.com",
                "bananamovies.net",
                "dogporn.net",
                "hdsex.pro",
                "pandamovies.pw",
                "pornwatch.ws",
                "speedporn.net",
                "streamporn.pw",
                "verpeliculasporno.gratis",
                "videosdex.net",
                "watchpornx.com",
                "www.bestiality.zone",
                "www.hun.run",
                "www.z00.world",
                "xopenload.me",
                "xtapes.me",
                "xxxparodyhd.net",
                "xxxscenes.net",
                "zoo.zone"
            ]
        }
    ],
    "categories": [],
    "performance": {},
    "cookies": 0.000194,
    "types": {
        "Script": 19
    },
    "nameservers": [
        "ray.ns.cloudflare.com",
        "dell.ns.cloudflare.com"
    ]
}