{
    "domain": "vasstycom.com",
    "owner": {},
    "source": [
        "DuckDuckGo-US"
    ],
    "prevalence": 0.000242,
    "sites": 35,
    "subdomains": [
        "kts"
    ],
    "cnames": [],
    "fingerprinting": 0,
    "resources": [
        {
            "rule": "vasstycom\\.com\\/in\\/in_stream\\/",
            "cookies": 0.0000829,
            "fingerprinting": 0,
            "subdomains": [
                "kts"
            ],
            "apis": {},
            "sites": 12,
            "prevalence": 0.0000829,
            "cnames": [],
            "responseHashes": [
                "108b136fcadebbea598a0619bb2e925ba05b0a7de41af4fe4244f42ff6af7000",
                "6308b790bad13e800d61feff6e7ed67f0e95f8766411f171cc297dbfaf836c24",
                "f83090e13c2327656cb604fd517e2e307b9325e19108f2c5a5d01b26ea76c1c3",
                "2ad4309bfa92282db44fdb79fd731ab336b5d1673b5dcbe3a2efab9fc9cd93e4",
                "d09c6d8812f6f7cab479d9cb683d87f7b9619dc4d734e8c8598f3dcee754fedc",
                "122a5ef784fb3dda8103a4688fdbd2181ed4a8c854fe8c4645d119e9e687ff83",
                "86c26c191ee4988999ba19f64131aa7c4544df8eb1a1c1af5258907dbbe3e3d1",
                "499ebfc85cc6331e4b86ee8255aa2d16a64dec7e1a65012020d00c4ebfdba104",
                "383705c7dc0d85677edfa8bad333236aba90c6790fd8d5ce7bc9fbf801d3fcff",
                "b774554c1ff12a3a170f3ee7461b117c4571cbbc87addb613f422a24beac2337",
                "57df29aaf1d83307d9b1ab910be0c1e8d3e9a3902c25b1944b433769218eed13"
            ],
            "type": "Fetch",
            "firstPartyCookies": {},
            "firstPartyCookiesSent": {},
            "exampleSites": [
                "bananamovies.net",
                "bokepdino24.blogspot.com",
                "hentaihaven.me",
                "matureclub.com",
                "nakedolderwomen.net",
                "pornwatch.ws",
                "streamporn.pw",
                "x-xx.pro",
                "xnxx-xxx.pro",
                "xnxx.club",
                "xxxparodyhd.net",
                "xxxstream.me"
            ]
        },
        {
            "rule": "vasstycom\\.com\\/in\\/959\\/",
            "cookies": 0.0000207,
            "fingerprinting": 0,
            "subdomains": [
                "kts"
            ],
            "apis": {},
            "sites": 3,
            "prevalence": 0.0000207,
            "cnames": [],
            "responseHashes": [
                "ef04268d8fd3ac8bc554aa8116cfa2a7e823339deeb2949a8dc9153fe92283d1",
                "4ef475be6dce2c1346cceb0597d941de9eb4737aaf167ae9332a6bdf6f954489"
            ],
            "type": "Fetch",
            "firstPartyCookies": {},
            "firstPartyCookiesSent": {},
            "exampleSites": [
                "bananamovies.net",
                "pornwatch.ws",
                "xxxstream.me"
            ]
        },
        {
            "rule": "vasstycom\\.com\\/in\\/in_stream\\/",
            "cookies": 0.0000483,
            "fingerprinting": 0,
            "subdomains": [
                "kts"
            ],
            "apis": {},
            "sites": 7,
            "prevalence": 0.0000483,
            "cnames": [],
            "responseHashes": [
                "6b8ab360c75341c92f8cfa8bf0670cf6704f7e3b7d7db4ed463ab9adbfb74adf",
                "d3294a8c11f8fce8f085ab6f11e19f930eef1f8d0913a0370de9583288c9a883",
                "576779fa89de168a38fef0640a29adc4b4f033ff2254f54d59e89b5170c09e33",
                "deac85b931c4e576e71a573741d92fd07c83962c1071216fa4674bb71c9ebc4f",
                "f329da595ad1cff99e2e3ca5850d0d5fc69f4f62ef416b559f13799daff4307e",
                "460fb7393914401af2d5a2ccc8c8109a595d5af1e0ae1c3aa218ed51b2e1654a"
            ],
            "type": "XHR",
            "firstPartyCookies": {},
            "firstPartyCookiesSent": {},
            "exampleSites": [
                "givemenudes.com",
                "m.porn555.com",
                "pornktube.video",
                "porno-asia.tv",
                "see.xxx",
                "thegramgirls.com",
                "thicc.com"
            ]
        },
        {
            "rule": "vasstycom\\.com\\/in\\/vtcevents\\/",
            "cookies": 0.0000552,
            "fingerprinting": 0,
            "subdomains": [
                "kts"
            ],
            "apis": {},
            "sites": 8,
            "prevalence": 0.0000552,
            "cnames": [],
            "responseHashes": [
                "e3b0c44298fc1c149afbf4c8996fb92427ae41e4649b934ca495991b7852b855"
            ],
            "type": "Image",
            "firstPartyCookies": {},
            "firstPartyCookiesSent": {},
            "exampleSites": [
                "givemenudes.com",
                "matureclub.com",
                "pissrip.net",
                "pornktube.video",
                "porno-asia.tv",
                "tabooporn.me",
                "thegramgirls.com",
                "thicc.com"
            ]
        },
        {
            "rule": "vasstycom\\.com\\/in\\/algernon",
            "cookies": 0.0000138,
            "fingerprinting": 0,
            "subdomains": [
                "kts"
            ],
            "apis": {},
            "sites": 2,
            "prevalence": 0.0000138,
            "cnames": [],
            "responseHashes": [
                "ae00cb00509f8877edf53fd6938ffd092d7b21093e25166566eec12f32f26616"
            ],
            "type": "XHR",
            "firstPartyCookies": {},
            "firstPartyCookiesSent": {},
            "exampleSites": [
                "hotmovs.com",
                "shemalez.com"
            ]
        },
        {
            "rule": "vasstycom\\.com\\/in\\/1074\\/",
            "cookies": 0.0000138,
            "fingerprinting": 0,
            "subdomains": [
                "kts"
            ],
            "apis": {},
            "sites": 2,
            "prevalence": 0.0000138,
            "cnames": [],
            "responseHashes": [
                "d8717db5f3f896f4998f2b5620e4d638d340a80b95ae47987a9727733d78e81c"
            ],
            "type": "XHR",
            "firstPartyCookies": {},
            "firstPartyCookiesSent": {},
            "exampleSites": [
                "porn555.com",
                "m.porn555.com"
            ]
        },
        {
            "rule": "vasstycom\\.com\\/in\\/1686\\/",
            "cookies": 0.0000138,
            "fingerprinting": 0,
            "subdomains": [
                "kts"
            ],
            "apis": {},
            "sites": 2,
            "prevalence": 0.0000138,
            "cnames": [],
            "responseHashes": [],
            "type": "Fetch",
            "firstPartyCookies": {},
            "firstPartyCookiesSent": {},
            "exampleSites": [
                "pandamovies.pw",
                "xvideousa.com"
            ]
        }
    ],
    "categories": [],
    "performance": {},
    "cookies": 0.000242,
    "types": {
        "Fetch": 17,
        "XHR": 11,
        "Image": 8
    },
    "nameservers": [
        "gabe.ns.cloudflare.com",
        "kay.ns.cloudflare.com"
    ]
}