{
    "domain": "vasstycom.com",
    "owner": {},
    "source": [
        "DuckDuckGo-US"
    ],
    "prevalence": 0.000256,
    "sites": 37,
    "subdomains": [
        "kts"
    ],
    "cnames": [],
    "fingerprinting": 0,
    "resources": [
        {
            "rule": "vasstycom\\.com\\/in\\/in_stream\\/",
            "cookies": 0.000131,
            "fingerprinting": 0,
            "subdomains": [
                "kts"
            ],
            "apis": {},
            "sites": 19,
            "prevalence": 0.000131,
            "cnames": [],
            "responseHashes": [
                "0299e8e3a51214b14fda32e35977ee5d5513848cb9b9bad80e096b2bf8df93b9",
                "d45b50ee77b67cb3e3bfd2caca07479207b9afa4e74a89cb3f4b30f323b25acc",
                "8da51c180579b6345dbf200d1f62dcddf4f76e30b06011c07ed4cef84b030981",
                "4035c8e19f8f041886c0bf1ec8f979341f9cd5f2770d37f484bbede4da3613b5",
                "37ebc97d9291df6d3d97750d668bb6c596127db272203521e98c3fe275858b32",
                "5b27ea697685056f1f8f2e341bece1a7c11aa33cfc3fa5b862f6b3986e574afa",
                "c636306ed3d13df7816ce7cab94a4a8e71dcf113de94a7c86bd9d0d4b37fac0e",
                "913d366c40595d32c6d1b4838f86554881b1c996a44fc5e59c2e2110ba6131ce",
                "c65a3e20956502787ac86ff1945d22a573e667ee4463d656d83705d24718222c",
                "9bcc52e69689334c8520ad7ac585370ecae87721fc4bb7511eba853dbfde2c49",
                "ad660f1182204210371f35b41857232b34888a90eb81720ff00918feeec745f7",
                "6d1ee62b30c41334a3d8647e19a21424665b0023db0f2b5839f12cf9d518d17a",
                "40596badcc15de60b903e77b7566363ee50613c53c1e0d10ad363a5990f3b2a0",
                "be9b9eee0ab90c2d4e825022fecf99669a7029f781b53fc3a4c2995674dcd52b",
                "bd7ddf591d0fe2bf1409c000bad6fc6a81676fb46433db53ac53f9fe3dde1bf8",
                "3951815300773f9a4487fdb55a79df9ccd756b3d568f8186c29e57bccb9c7382",
                "90ba164ba5ca851b6538c0d6522b3b6120ab64ab806f0480d0b2e9e8f3070892",
                "af5a99504aad5f805c16bf75dd1ca45c4a825775352bc8a3819914c2b6c2d4c4"
            ],
            "type": "Fetch",
            "firstPartyCookies": {},
            "firstPartyCookiesSent": {},
            "exampleSites": [
                "bokepdino343.blogspot.com",
                "javct.net",
                "javplayer.org",
                "javrip.net",
                "madou.club",
                "matureclub.com",
                "nakedolderwomen.net",
                "pissrip.net",
                "pornwatch.ws",
                "sextb.net",
                "www.afreshporn.com",
                "www.rivanimation.com",
                "www.sexsitehd.com",
                "www.tamilsexvideos.info",
                "x-xx.pro",
                "xnxx-xxx.pro",
                "xnxx.club",
                "xopenload.me",
                "xxxscenes.net"
            ]
        },
        {
            "rule": "vasstycom\\.com\\/in\\/1223\\/",
            "cookies": 0.0000138,
            "fingerprinting": 0,
            "subdomains": [
                "kts"
            ],
            "apis": {},
            "sites": 2,
            "prevalence": 0.0000138,
            "cnames": [],
            "responseHashes": [
                "2442618bdec89c3305517d74ead5c041b43ae0858429f603b3ba62ef9b6a9f38"
            ],
            "type": "Fetch",
            "firstPartyCookies": {},
            "firstPartyCookiesSent": {},
            "exampleSites": [
                "bokepdino343.blogspot.com",
                "nakedolderwomen.net"
            ]
        },
        {
            "rule": "vasstycom\\.com\\/in\\/vtcevents\\/",
            "cookies": 0.0000553,
            "fingerprinting": 0,
            "subdomains": [
                "kts"
            ],
            "apis": {},
            "sites": 8,
            "prevalence": 0.0000553,
            "cnames": [],
            "responseHashes": [
                "e3b0c44298fc1c149afbf4c8996fb92427ae41e4649b934ca495991b7852b855"
            ],
            "type": "Image",
            "firstPartyCookies": {},
            "firstPartyCookiesSent": {},
            "exampleSites": [
                "javrip.net",
                "matureclub.com",
                "porn555.com",
                "pornktube.video",
                "porno-asia.tv",
                "thicc.com",
                "thots.network",
                "thotpacks.com"
            ]
        },
        {
            "rule": "vasstycom\\.com\\/in\\/in_stream\\/",
            "cookies": 0.0000553,
            "fingerprinting": 0,
            "subdomains": [
                "kts"
            ],
            "apis": {},
            "sites": 8,
            "prevalence": 0.0000553,
            "cnames": [],
            "responseHashes": [
                "70790ef1e02044f2fa89dcb1794468f83b82d1815fe5d78788a64c930a9e75b6",
                "bbb9ae40b6a46f85d21b9165f856176ea40e3b844aa156c655d87f2f68226043",
                "aa88749977a7f036042d3a3d5cca4c0ff49b6b0a98f9fdd45fd4f99e3f1e7f93",
                "2f6a2569e9dfd491ae19dc2ee9dfdda537208e9ffb7afe247a068f611ada73ac",
                "8f99a75f01d376051b6e4ecb62840e6f392b22b3c18fee587dbc634a984b72b6",
                "bae4f47d2034572572861b3d67c3296bb121e12d63b8a21c4b18b8ff2fc9cacd"
            ],
            "type": "XHR",
            "firstPartyCookies": {},
            "firstPartyCookiesSent": {},
            "exampleSites": [
                "porn555.com",
                "pornktube.video",
                "porno-asia.tv",
                "see.xxx",
                "thegramgirls.com",
                "thicc.com",
                "thots.network",
                "thotpacks.com"
            ]
        }
    ],
    "categories": [],
    "performance": {},
    "cookies": 0.000256,
    "types": {
        "Fetch": 21,
        "Image": 8,
        "XHR": 8
    },
    "nameservers": [
        "gabe.ns.cloudflare.com",
        "kay.ns.cloudflare.com"
    ]
}