{
    "domain": "verifyzone.net",
    "owner": {},
    "source": [
        "DuckDuckGo-US"
    ],
    "prevalence": 0.00012,
    "sites": 17,
    "subdomains": [
        "www"
    ],
    "cnames": [],
    "fingerprinting": 0,
    "resources": [
        {
            "rule": "verifyzone\\.net\\/cp\\/js\\/captcha\\.js\\.php",
            "cookies": 0,
            "fingerprinting": 0,
            "subdomains": [
                "www"
            ],
            "apis": {},
            "sites": 16,
            "prevalence": 0.000113,
            "cnames": [],
            "responseHashes": [
                "b93acb6eab31d5a7d5bef45e5fde119f1d0381ecbf5fd5e6b4e6e8e4c70f6a1d",
                "00d15d9e27d8126467d7cfeca3553acd1247e781257a8bcd0d1cca77576f2eb7",
                "fd5f799084a0376c689a20690bbbed7dc4fed64468c56e3e873d941f16ca6151",
                "567c0beec0e927e5677e78ad369a4ee49e4d8161f41040b2d07e700e58c0da60",
                "99471052af207ef454d8f8be800c2748f15ed3983f3c48ef1e84dbccd653c015",
                "c545654b8094585a27ac30f99d133a51d0ebd26f207377c628ca870400da9bfa",
                "853e0b109e2f77e534816127b09c769f8ddc6785c83096e41ebd09fa79d09a61",
                "0dd2ac6f763816517b996bd622b27935839e42997807f4a6c5578c469e909021",
                "4dcbde0bbadf3eb774a74ed02ab7dc6c728c50b40fc8641167a0375e94a91d31",
                "76a6cdde3247a2acd770827a5bf61349c1a8177354793b1f44bb47ad1fe33269",
                "7c3b9f1dfa7db7fa7b349c801ec5691b11de574a244023a7a2850b519e0da88e",
                "6bc9d745e0c7fcf107e32aa071a56d669ce1d932ac07b5ede52ccdcce4e8171a",
                "19d462a43be665cdddc6e5feae0b5979787d8a54ec630319e7b6e58ff28320ba"
            ],
            "type": "Script",
            "firstPartyCookies": {},
            "firstPartyCookiesSent": {},
            "exampleSites": [
                "camleaked.com",
                "freeofnudes.com",
                "freeofleaks.com",
                "getleaksof.com",
                "getofleaks.com",
                "leakedfanscontent.co",
                "leakedofworld.com",
                "leaksio.com",
                "myofleaks.com",
                "ofansfree.com",
                "of-leaked.com",
                "ofleaks.net",
                "ofleakedcontent.com",
                "ofleaksdaily.com",
                "onlyleakedfree.com",
                "uleaks.net"
            ]
        }
    ],
    "categories": [],
    "performance": {},
    "cookies": 0,
    "types": {
        "Script": 16
    },
    "nameservers": [
        "ns-689.awsdns-22.net",
        "ns-265.awsdns-33.com",
        "ns-1921.awsdns-48.co.uk",
        "ns-1520.awsdns-62.org"
    ]
}