{
    "domain": "viacomcbs.digital",
    "owner": {},
    "source": [
        "DuckDuckGo-US"
    ],
    "prevalence": 0.000166,
    "sites": 24,
    "subdomains": [
        "fms"
    ],
    "cnames": [],
    "fingerprinting": 0,
    "resources": [
        {
            "rule": "viacomcbs\\.digital\\/lookup",
            "cookies": 0,
            "fingerprinting": 0,
            "subdomains": [
                "fms"
            ],
            "apis": {},
            "sites": 21,
            "prevalence": 0.000145,
            "cnames": [],
            "responseHashes": [
                "46649f6644a3d2dba6ddeee81f7b8d91713841770460c06b6d4651a49804f4d7",
                "88c01f9d4d0d3a5cc1852d25f5950e31fd1c83978e36b6de43c557d154e28e5a",
                "121af8ced353d060b550c17e6a78477b77db9a164579ef93de7bbc88df9e799c",
                "b82e71279ed74c6bee818a61a63c0f17a451f29800694ee2c07f15519efc6937",
                "6686aad5d16ad97f7561032f01e439210c9b90ed510da9085e6e1b12a68859c4",
                "74620519005bbb993dce780c2f6d429b27e5f7dc369c06b9bf64695ad7517990",
                "092ddef0464e4269bff39eee1273a364524416b7d89f79407425a264c55b3c85",
                "97d467427b021e185c085750c2e14880fbc51b98fb3fb1b035757ea5859d93d2",
                "d07c72a5de2f3f1380cd7534993a785174a7e17a5a71f9434fbc16d469b03ae2",
                "aa18ac3a00a75e47dd5f8f62878b1cdc06c48207be2c9d5f6afd6c5e68652827",
                "6533f5d70bca1359e138bd28990a4f8d2244cdd03135e962fa053ffcaa8da254",
                "6ff21b4f58b1734eadb90250eec0e30b8d137fc80ff334637a63901508e90be5",
                "c7b7b5a44dad8fbebb1e8c83f851b9ba0eda6a83cc79d0a10c901a2ed43b9ac9",
                "febb8d34468099756ec8ec34035bdd3d9eca14dfdc2c9958ac4cad034124d9d2",
                "b7fb8c3ae4e1b88b720365d54e9a4b4dc0c72f2e8ebaf0f1686d4235f8a5e1fd",
                "ec168979cf3d55a68e4672538d417622cc3ca5d2ba50eb33f0268763bd758695",
                "c267496452e1f767a322d6ceb8fc5f46cca3cffe8b92a66c443257afeb68a72d",
                "7a7af96005b48d558613d7a99f474d40078b2be92c4c2d4fb980666c9d0c75d3",
                "31c9718001ea4f84ce9507bea21c247a87bc7fb6112f322d84773fb8cdeabe1c",
                "8eac6c079092affef48a3553fb97ddf614c81fdc39dc9192d80707e04f2e1cff"
            ],
            "type": "Fetch",
            "firstPartyCookies": {},
            "firstPartyCookiesSent": {},
            "exampleSites": [
                "www.cbsnews.com",
                "denver.cbslocal.com",
                "www.maxpreps.com",
                "dfw.cbslocal.com",
                "chicago.cbslocal.com",
                "cbslocal.com",
                "www.rachaelrayshow.com",
                "www.startrek.com",
                "sanfrancisco.cbslocal.com",
                "www.drphil.com",
                "sacramento.cbslocal.com",
                "gooddaysacramento.cbslocal.com",
                "www.thedoctorstv.com",
                "www.insideedition.com",
                "philadelphia.cbslocal.com",
                "losangeles.cbslocal.com",
                "www.etonline.com",
                "boston.cbslocal.com",
                "minnesota.cbslocal.com",
                "newyork.cbslocal.com"
            ]
        }
    ],
    "categories": [],
    "performance": {},
    "cookies": 0,
    "types": {
        "Fetch": 21
    },
    "nameservers": [
        "dns4.p09.nsone.net",
        "dns3.p09.nsone.net",
        "dns1.p09.nsone.net",
        "dns2.p09.nsone.net",
        "ns0243.secondary.cloudflare.com",
        "ns0004.secondary.cloudflare.com"
    ]
}