{
    "domain": "viacomcbs.digital",
    "owner": {},
    "source": [
        "DuckDuckGo-US"
    ],
    "prevalence": 0.000118,
    "sites": 17,
    "subdomains": [
        "fms"
    ],
    "cnames": [],
    "fingerprinting": 0,
    "resources": [
        {
            "rule": "viacomcbs\\.digital\\/lookup",
            "cookies": 0,
            "fingerprinting": 0,
            "subdomains": [
                "fms"
            ],
            "apis": {},
            "sites": 15,
            "prevalence": 0.000104,
            "cnames": [],
            "responseHashes": [
                "267637e39036b03f9ec9e472fe11e36bebc09f26232608dda534ba54c02fa397",
                "8d9b4dded3e89fe4ffd180c56fc01ff85a2921e78cadf26310b353267a2387fa",
                "6487a903e4a59bd217e6f852b7ef7c0a38f0441dbb5b04b74889480c45c1464a",
                "d8672a7ac12c0ff3dc4feda7e532d40e0a2debd8fd26cf595ac6a86bca9f74dc",
                "5c51f40a2c3b3afc1522472a4ea9e5424709241d01cf12d6aff5e210c21744ee",
                "097a8d5eada17ed77268051c3bb92475ae479405a4bdad72e46544407b984c18",
                "8e31f1304c70a21f5905a494fdd70dc4a4bff4eeed9bb31dc519afaf2626ef2f",
                "8878dcae1bb7b0ce25d58b23fc069fb15c1b33780c5492287d84a25af6bcac05",
                "def35b9d0902e0ebfcebafd8eda09bd27c0cbab53e322d579b64d27300cb67da",
                "de5a2feda280d5b718ea311dce5c81dcda45020a5f60e838296f4ff43bd5e795",
                "1836b284518e75e1e8a57a75bc3082df0e9b4b98a5dd8c42e8575eb03c4c2dcd",
                "2324df8d66d6b49dab34d28215bf68a4fa00e39fbb4fc49e9b69978ad2b9e9ee",
                "3baaf0977b6498e9ce8e7a7c681d4fdb935962e5a55445b9f41b8674a6432a02",
                "c31dbc1ca91306573c7a52766604c186f6060bffa2310566ccc47631c31ee1e4"
            ],
            "type": "Fetch",
            "firstPartyCookies": {},
            "firstPartyCookiesSent": {},
            "exampleSites": [
                "cbslocal.com",
                "denver.cbslocal.com",
                "dfw.cbslocal.com",
                "gooddaysacramento.cbslocal.com",
                "losangeles.cbslocal.com",
                "minnesota.cbslocal.com",
                "newyork.cbslocal.com",
                "pittsburgh.cbslocal.com",
                "sacramento.cbslocal.com",
                "www.cbsnews.com",
                "www.drphil.com",
                "www.etonline.com",
                "www.maxpreps.com",
                "www.rachaelrayshow.com",
                "www.thedoctorstv.com"
            ]
        }
    ],
    "categories": [],
    "performance": {},
    "cookies": 0,
    "types": {
        "Fetch": 15
    },
    "nameservers": [
        "dns3.p09.nsone.net",
        "dns4.p09.nsone.net",
        "ns0004.secondary.cloudflare.com",
        "ns0243.secondary.cloudflare.com",
        "dns1.p09.nsone.net",
        "dns2.p09.nsone.net"
    ]
}