{
    "domain": "viacomcbs.digital",
    "owner": {},
    "source": [
        "DuckDuckGo-US"
    ],
    "prevalence": 0.000138,
    "sites": 20,
    "subdomains": [
        "fms"
    ],
    "cnames": [],
    "fingerprinting": 0,
    "resources": [
        {
            "rule": "viacomcbs\\.digital\\/lookup",
            "cookies": 0,
            "fingerprinting": 0,
            "subdomains": [
                "fms"
            ],
            "apis": {},
            "sites": 18,
            "prevalence": 0.000124,
            "cnames": [],
            "responseHashes": [
                "0d0660f839e668c8051b9911f141cf65acfc477d6aacc91cd685a1966e5a3af9",
                "964ea3158b37376c5ec6543439db8dc9eb8bbc964e3dbd06886a566359977089",
                "b5437cd8089fdc21e27ab7bbf51c87bb9022513985179c82ed9064ef283704e2",
                "5a6988381219038a9398dea994ed707da1f863f1433a2d953256c90d96c8b938",
                "cdb55b4e56b2c2460baa306eebb875e01094db4109f699bdd64d7ab075267ffe",
                "9b204e517c04c97a7cc28242da6d2fbb3ba26e8b4dd02c23f9ed0115b9bcab92",
                "9f6f2aac72171a8186edf72afc9241782a394669293ab6133a63d4f7b615ab7e",
                "c18a641762cf9aef64401ef5945b5825554e96703746ba7a448199f5a7584963",
                "2b7672497756674689dbb4149c070a1674d2c7f389c2c42b1a59c915594a16df",
                "65460c6e79c399d944e3ea83d3bda4f539385fbbd25eac63ccfb8a6cf7379ac4",
                "6cb3235f22f8090c6d70bfde4fedd2b64b4a39e84841255acdd5b230bb6fe713",
                "61bf643f172358938e317e54f832570c95aa7f0a8d74171caf1cdb1f11255c2b",
                "8a87af63763dc0d9dd29863fcef007ee59cbca1186abc9d91d87c6cd38e18165",
                "80ea24dfc4f08ac363a901502f29c55ac491f849306331296cbfec413ea12cd2",
                "c867e0ebcc34c5c8c5940e4080d4d474ca18331e22aebc2b487053c1ae8794d0",
                "7ba2c56c3518a00ad03fa720014aa2085b5dc8a75518f6b8cf5e22e3609ef082",
                "d89366ffc5b4ae762a71f7380d45ba875d30fe2fe02602322356fbc987f7f834"
            ],
            "type": "Fetch",
            "firstPartyCookies": {},
            "firstPartyCookiesSent": {},
            "exampleSites": [
                "cbslocal.com",
                "boston.cbslocal.com",
                "chicago.cbslocal.com",
                "denver.cbslocal.com",
                "dfw.cbslocal.com",
                "losangeles.cbslocal.com",
                "minnesota.cbslocal.com",
                "newyork.cbslocal.com",
                "philadelphia.cbslocal.com",
                "pittsburgh.cbslocal.com",
                "sacramento.cbslocal.com",
                "sanfrancisco.cbslocal.com",
                "www.cbsnews.com",
                "www.drphil.com",
                "www.maxpreps.com",
                "www.rachaelrayshow.com",
                "www.startrek.com",
                "www.thedoctorstv.com"
            ]
        }
    ],
    "categories": [],
    "performance": {},
    "cookies": 0,
    "types": {
        "Fetch": 18
    },
    "nameservers": [
        "dns1.p09.nsone.net",
        "dns2.p09.nsone.net",
        "dns3.p09.nsone.net",
        "dns4.p09.nsone.net",
        "ns0004.secondary.cloudflare.com",
        "ns0243.secondary.cloudflare.com"
    ]
}