{
    "domain": "viralize.tv",
    "owner": {},
    "source": [
        "DuckDuckGo-US"
    ],
    "prevalence": 0.000387,
    "sites": 56,
    "subdomains": [
        "ads",
        "static"
    ],
    "cnames": [],
    "fingerprinting": 2,
    "resources": [
        {
            "rule": "viralize\\.tv\\/vast\\/",
            "cookies": 0,
            "fingerprinting": 0,
            "subdomains": [
                "ads"
            ],
            "apis": {},
            "sites": 19,
            "prevalence": 0.000131,
            "cnames": [],
            "responseHashes": [
                "90e40f5520960d3bf2e169ae37e9e3671c25ed0eb78bedf37d750467538e1f68",
                "83cae794aad4e1f54ca6e37e1e7581af5636624dc47928e71cb2e1582a8dc128",
                "2e6aad0816b0e13d4727e8df42a4ba86b45016a3f942a66f47a31cd830d53e83",
                "2c32c331c6e8de3b9aa3cfaec1cd5c295e848484d7925832a6aae6c2e0c3ea14",
                "2486ef245b0a006266c20fa9c943842a03d835aa4c90bacbbe1fb32f6efb8f07",
                "3d28c9c4c526b46c41658208356b93866e5ba0985a1963d5ff1764a4694b4251",
                "f3bcc194d8c4d25bc3ef0d2993c8463ce259f50bd435225333e035e69bbe5074",
                "541b8e59a233d188d76163993ebd5690c3501b66e5177aca4d8392940399e6fd",
                "35f588bb5e951daa973328357dfbafb9afac55e4beb671d615a8e4fea63b59d9",
                "8729218f1e6e6093846d73bfd4ff2d85dcbe10a9bd2b7d6d922d647a50522094",
                "5cc5163416b154a8bc8f43e09b97ccf24ea9980800d07e158cdc6d82ddf2f46b"
            ],
            "type": "XHR",
            "firstPartyCookies": {},
            "firstPartyCookiesSent": {},
            "exampleSites": [
                "adventuregamers.com",
                "klse.i3investor.com",
                "stoppapressarna.se",
                "urbanpost.it",
                "www.babelli.de",
                "www.baby-vornamen.de",
                "www.beurs.nl",
                "www.beursgorilla.nl",
                "www.cumhuriyet.com.tr",
                "www.dagelijksestandaard.nl",
                "www.ensonhaber.com",
                "www.fiets.nl",
                "www.ilparagone.it",
                "www.kochbar.de",
                "www.oozo.nl",
                "www.tutiempo.net",
                "www.tvazteca.com",
                "www.wetter.de",
                "zilliongamer.com"
            ]
        },
        {
            "rule": "viralize\\.tv\\/viralize_vpaid\\.min\\.6b563557\\.js",
            "cookies": 0,
            "fingerprinting": 1,
            "subdomains": [
                "static"
            ],
            "apis": {
                "window.name": 10,
                "Navigator.prototype.userAgent": 10,
                "Date.prototype.getTime": 10,
                "Screen.prototype.width": 10,
                "Screen.prototype.height": 10
            },
            "sites": 10,
            "prevalence": 0.000069,
            "cnames": [],
            "responseHashes": [
                "bef13697380c2fe5833846b0b45a06b03299a5b4d777cb5d5af33d29bcc5ef06"
            ],
            "type": "Script",
            "firstPartyCookies": {},
            "firstPartyCookiesSent": {},
            "exampleSites": [
                "adventuregamers.com",
                "klse.i3investor.com",
                "stoppapressarna.se",
                "urbanpost.it",
                "www.beurs.nl",
                "www.cumhuriyet.com.tr",
                "www.dagelijksestandaard.nl",
                "www.ensonhaber.com",
                "www.fiets.nl",
                "www.ilparagone.it"
            ]
        },
        {
            "rule": "viralize\\.tv\\/player\\/",
            "cookies": 0.0000898,
            "fingerprinting": 0,
            "subdomains": [
                "ads"
            ],
            "apis": {},
            "sites": 13,
            "prevalence": 0.0000898,
            "cnames": [],
            "responseHashes": [
                "5aaf764e5fcc2dd411d2bcf900c0f91e2ee03df4d530ea32fcaff2fb43f90e62",
                "5a872bb1c2a37aac437dd55fb2f86986b2f30eaa9affa5ad9b03cefb7dbc0fe3",
                "fd492dec5cb7f6925c1563f3dbaaf1935b74fcf87b4659bf2f33ee4b3b6f3b00",
                "ed10b2c78ef58f035f5d628fc2b782ea907be2c5dd6d345eeb2e39757f7043b3",
                "f19b567b19b1b37947ae7f8b5df7b4c7348075977fd68c05e233e54fffea04fb",
                "55adca79fef9d00388eafe6c6327ace9025bbc8161586d1ab93cdb56c842b33b",
                "e7006bfc599600c1afc344bcc49240c782fd3ebe1643a109a01f1349953f6ddc",
                "34bf067a34355dc9da89dc71721062dde259d60e39a37fc1112d59a5fd91afd6",
                "54be33bba2eb48ab6cfff7ce63fd873a3f8daed08196149c079ba203105c0eb1",
                "e645301326c530b1604e1fe19a71e2a2b0bc2f31f4b6cab07a54be297d3801b3",
                "a58c25f34328152a3dfc9a4dafae3cf515503051330c626c1b91110b377f0a4e"
            ],
            "type": "XHR",
            "firstPartyCookies": {},
            "firstPartyCookiesSent": {},
            "exampleSites": [
                "adventuregamers.com",
                "klse.i3investor.com",
                "stoppapressarna.se",
                "urbanpost.it",
                "www.beurs.nl",
                "www.beursgorilla.nl",
                "www.cumhuriyet.com.tr",
                "www.dagelijksestandaard.nl",
                "www.ensonhaber.com",
                "www.forocoches.com",
                "www.ilfoglio.it",
                "www.ilparagone.it",
                "www.ilrestodelcarlino.it"
            ]
        },
        {
            "rule": "viralize\\.tv\\/viralize_player\\.min\\.df0b05d7\\.js",
            "cookies": 0,
            "fingerprinting": 2,
            "subdomains": [
                "static"
            ],
            "apis": {
                "Navigator.prototype.userAgent": 12,
                "Navigator.prototype.cookieEnabled": 11,
                "window.sessionStorage": 12,
                "Navigator.prototype.appName": 11,
                "Date.prototype.getTime": 5,
                "Navigator.prototype.doNotTrack": 3,
                "Screen.prototype.height": 3,
                "Screen.prototype.width": 3,
                "Navigator.prototype.language": 3,
                "Navigator.prototype.vendor": 3,
                "Screen.prototype.colorDepth": 3,
                "Date.prototype.getTimezoneOffset": 3
            },
            "sites": 13,
            "prevalence": 0.0000898,
            "cnames": [],
            "responseHashes": [
                "f6815ea7b8b365f2791f83e7faaf74bdd6c37cb1531181ae2063617a0fd020db"
            ],
            "type": "Script",
            "firstPartyCookies": {},
            "firstPartyCookiesSent": {},
            "exampleSites": [
                "adventuregamers.com",
                "klse.i3investor.com",
                "stoppapressarna.se",
                "urbanpost.it",
                "www.beurs.nl",
                "www.beursgorilla.nl",
                "www.cumhuriyet.com.tr",
                "www.dagelijksestandaard.nl",
                "www.ensonhaber.com",
                "www.forocoches.com",
                "www.ilfoglio.it",
                "www.ilparagone.it",
                "www.ilrestodelcarlino.it"
            ]
        },
        {
            "rule": "viralize\\.tv\\/t-bid-opportunity\\/",
            "cookies": 0,
            "fingerprinting": 0,
            "subdomains": [
                "ads"
            ],
            "apis": {},
            "sites": 12,
            "prevalence": 0.0000828,
            "cnames": [],
            "responseHashes": [
                "e3b0c44298fc1c149afbf4c8996fb92427ae41e4649b934ca495991b7852b855"
            ],
            "type": "Image",
            "firstPartyCookies": {},
            "firstPartyCookiesSent": {},