{
    "domain": "vuemix.com",
    "owner": {},
    "source": [
        "DuckDuckGo-US"
    ],
    "prevalence": 0.0000552,
    "sites": 8,
    "subdomains": [
        "abc-app",
        "abcvs"
    ],
    "cnames": [],
    "fingerprinting": 0,
    "resources": [
        {
            "rule": "vuemix\\.com\\/api\\/v2\\/content\\/search\\.json",
            "cookies": 0,
            "fingerprinting": 0,
            "subdomains": [
                "abc-app"
            ],
            "apis": {},
            "sites": 8,
            "prevalence": 0.0000552,
            "cnames": [],
            "responseHashes": [
                "6272c0307c006502e1fa940ee8de301aea4ba3665e0efaddf3b37cf6ea96c34f",
                "b5c0a64dedda94a5b5d0992285496e3167e4794e7edf9fa68198194b7d2bd482",
                "2218889413fa18e77c851ad76f266268cfc16473c962bf0ffd0061f53ed8c952",
                "f9d1c87f76fa11b0bedd8e380e11a0f6d656d9e23bd3917456cdb6c130d8474a",
                "e5b1de0cc07ea926bcec8cc35bbfb515e17a20a492d24a916c325398de0e0ea2",
                "5ac50e6b31bbd75e442b2071a9e180704e63205764dcb1ecfe03b7fa08281969",
                "0148a7628eaaa79aae00efd84fce06837cfd9ab508cac483c9a5c8a0a8e28f01"
            ],
            "type": "XHR",
            "firstPartyCookies": {},
            "firstPartyCookiesSent": {},
            "exampleSites": [
                "6abc.com",
                "abc11.com",
                "abc13.com",
                "abc30.com",
                "abc7.com",
                "abc7news.com",
                "abc7chicago.com",
                "abc7ny.com"
            ]
        },
        {
            "rule": "vuemix\\.com\\/stls\\/epsync",
            "cookies": 0,
            "fingerprinting": 0,
            "subdomains": [
                "abcvs"
            ],
            "apis": {},
            "sites": 8,
            "prevalence": 0.0000552,
            "cnames": [],
            "responseHashes": [
                "da179bfc5902ec0517e04e1a555efbf98a5ec568804fcfcda9174a0489d728c7",
                "46f6532bdc4f0ff429375c520fb7cc18513174d65305dfe1189327a0c05e43eb",
                "1fe97649062f942e8f41d71d902e2e2534d1ce6a2466bee151c5a791e1d99539",
                "ca1e4b0b78035c2a3e6e5846549a126663c38feb45b308ebfdb8483ff91c0bd6",
                "1b97132972af2cc8b5a99a702fd91ff54ea02e1a1b40f9f248091656865cfc28",
                "b599a3785e6829c31d89387fb64dda280ce3a0302ed51edb75a4e34a34aeb885",
                "b3a5cbbace87a7778ebd835ad111b78ce5f2aafe503c079d7daf3fa6d167d2f4"
            ],
            "type": "XHR",
            "firstPartyCookies": {},
            "firstPartyCookiesSent": {},
            "exampleSites": [
                "6abc.com",
                "abc11.com",
                "abc13.com",
                "abc30.com",
                "abc7.com",
                "abc7news.com",
                "abc7chicago.com",
                "abc7ny.com"
            ]
        },
        {
            "rule": "vuemix\\.com\\/v2\\/stls\\/playme\\.mpd",
            "cookies": 0,
            "fingerprinting": 0,
            "subdomains": [
                "abcvs"
            ],
            "apis": {},
            "sites": 8,
            "prevalence": 0.0000552,
            "cnames": [],
            "responseHashes": [
                "6e227ac2fc36d2a42e757f5ce99eaa01219ea64c990d40f2bf17d1aa4f9f5603",
                "b66e2941debd12ca3883a04e2a2d02d4c896cdf96f4ea6561a7dcbe2a8148492",
                "7691faa6e2d2619a5c7e5cb8cc52799de58861765a3180180b38bf8a1e96e22c",
                "675f09e9ab544bfef2c783feb6dd03f6067071b583cdc27c0712ac70616b5cd0",
                "566f1fd4227ad50e4d0d7de2d55100ab560b2cf6bdc52db98a96377e47e6d3aa",
                "d8ce77acfb01f743dffbb23e0d7be41a55445600006ea36bff0a8c758157346d",
                "03901ec3c258acc45a01073fae9fa8b98159f19cce0027b2e58701cf981e463e"
            ],
            "type": "XHR",
            "firstPartyCookies": {},
            "firstPartyCookiesSent": {},
            "exampleSites": [
                "6abc.com",
                "abc11.com",
                "abc13.com",
                "abc30.com",
                "abc7.com",
                "abc7news.com",
                "abc7chicago.com",
                "abc7ny.com"
            ]
        }
    ],
    "categories": [],
    "performance": {},
    "cookies": 0,
    "types": {
        "XHR": 24
    },
    "nameservers": [
        "ns-79.awsdns-09.com",
        "ns-960.awsdns-56.net",
        "ns-1774.awsdns-29.co.uk",
        "ns-1340.awsdns-39.org"
    ]
}