{
    "domain": "web-2-tel.com",
    "owner": {
        "name": "Telmetrics Inc.",
        "displayName": "Telmetrics"
    },
    "source": [
        "DuckDuckGo-US"
    ],
    "prevalence": 0.000134,
    "sites": 19,
    "subdomains": [],
    "cnames": [],
    "fingerprinting": 1,
    "resources": [
        {
            "rule": "web-2-tel\\.com\\/sdk",
            "cookies": 0,
            "fingerprinting": 1,
            "subdomains": [],
            "apis": {
                "Document.cookie getter": 9,
                "window.localStorage": 9
            },
            "sites": 9,
            "prevalence": 0.0000633,
            "cnames": [],
            "responseHashes": [
                "eda674bd29385642d008fa354d499d80e18329e3e1425715952af1e799ca9503",
                "3a6c37c432f2d075c12e4c1bfd14e8e722319a8df758c4dabb4f3dfc000341e8",
                "cfa87b1a74368b69831f3459e0603309d7c477939f6c0a23f0a547fd5fe9f528",
                "d202b27c3839a2c2b2a6cd5c9b0bdaa13ff9a1c9c8741386b5f8fe3556b3e9ac",
                "31a36339cc41c89c5a92d104168fc865e17edb98dc403f71b027aa31d16554cc",
                "fffafaa51dc60ca852b82353fc01648959178073c82fa9291182d0aad7520c4c",
                "69fed318faeb027f89d9c8abe55b3355f66cc0cc5301b07f351d0ced70bc211c",
                "428d6981bacb7ce68ac6b7708f1f1a73ac8434fc348679d91354887206f7f4a4"
            ],
            "type": "Script",
            "firstPartyCookies": {},
            "firstPartyCookiesSent": {},
            "exampleSites": [
                "centralrestaurant.com",
                "www.centralrestaurant.com",
                "www.displays2go.com",
                "www.honeybaked.com",
                "www.lifestorage.com",
                "www.servpro.com",
                "www.skyzone.com",
                "www.unitedrentals.com",
                "www.wbu.com"
            ]
        },
        {
            "rule": "web-2-tel\\.com\\/jsSdk",
            "cookies": 0,
            "fingerprinting": 1,
            "subdomains": [],
            "apis": {
                "window.localStorage": 1,
                "Navigator.prototype.userAgent": 1,
                "Document.cookie getter": 1,
                "Navigator.prototype.vendor": 1
            },
            "sites": 9,
            "prevalence": 0.0000633,
            "cnames": [],
            "responseHashes": [
                "e3b0c44298fc1c149afbf4c8996fb92427ae41e4649b934ca495991b7852b855",
                "e0f3606e1d737a082fd7768b9d0960ca98cf34d88569e4e5a6026e47663b91ee",
                "c02357c81ee00b93e2ba904b3ffd7eed23f442ec5b6ce919e72bd236722f83ff"
            ],
            "type": "Script",
            "firstPartyCookies": {},
            "firstPartyCookiesSent": {},
            "exampleSites": [
                "centralrestaurant.com",
                "www.centralrestaurant.com",
                "www.displays2go.com",
                "www.honeybaked.com",
                "www.lifestorage.com",
                "www.servpro.com",
                "www.skyzone.com",
                "www.unitedrentals.com",
                "www.wbu.com"
            ]
        },
        {
            "rule": "web-2-tel\\.com\\/jsGetScannedNumbers",
            "cookies": 0,
            "fingerprinting": 0,
            "subdomains": [],
            "apis": {},
            "sites": 4,
            "prevalence": 0.0000282,
            "cnames": [],
            "responseHashes": [],
            "type": "Preflight",
            "firstPartyCookies": {},
            "firstPartyCookiesSent": {},
            "exampleSites": [
                "displays2go.com",
                "www.displays2go.com",
                "www.lifestorage.com",
                "www.unitedrentals.com"
            ]
        },
        {
            "rule": "web-2-tel\\.com\\/jsGetScannedNumbers",
            "cookies": 0,
            "fingerprinting": 0,
            "subdomains": [],
            "apis": {},
            "sites": 4,
            "prevalence": 0.0000282,
            "cnames": [],
            "responseHashes": [
                "72f8ed99b23630598a81da71ebc61c11e3fcfe3d03a212a20445b22e9609d0c2"
            ],
            "type": "XHR",
            "firstPartyCookies": {},
            "firstPartyCookiesSent": {},
            "exampleSites": [
                "displays2go.com",
                "www.displays2go.com",
                "www.lifestorage.com",
                "www.unitedrentals.com"
            ]
        },
        {
            "rule": "web-2-tel\\.com\\/org-sdk",
            "cookies": 0,
            "fingerprinting": 1,
            "subdomains": [],
            "apis": {
                "Document.cookie getter": 1,
                "window.localStorage": 1,
                "Navigator.prototype.userAgent": 1
            },
            "sites": 5,
            "prevalence": 0.0000352,
            "cnames": [],
            "responseHashes": [
                "c6e56cd7467f47e9cd5c69bcced079a95f89477101181d223d556f918584cedb"
            ],
            "type": "Script",
            "firstPartyCookies": {},
            "firstPartyCookiesSent": {},
            "exampleSites": [
                "essilorusa.com",
                "www.essilorusa.com",
                "www.mavistire.com",
                "www.mountsinai.org",
                "www.newrez.com"
            ]
        },
        {
            "rule": "web-2-tel\\.com\\/org-jsSdk",
            "cookies": 0,
            "fingerprinting": 0,
            "subdomains": [],
            "apis": {},
            "sites": 4,
            "prevalence": 0.0000282,
            "cnames": [],
            "responseHashes": [
                "56bb262865a1ec1d0773f936707e89e8fa471e2f50aa4776f228e619444a519e",
                "6f8e73b0638dbe90be240acb3fe05990bd50b4e30eddda9beabfdb4e9fab5c66"
            ],
            "type": "XHR",
            "firstPartyCookies": {},
            "firstPartyCookiesSent": {},
            "exampleSites": [
                "essilorusa.com",
                "www.mavistire.com",
                "www.mountsinai.org",
                "www.newrez.com"
            ]
        },
        {
            "rule": "web-2-tel\\.com\\/org-jsSdk",
            "cookies": 0,
            "fingerprinting": 0,
            "subdomains": [],
            "apis": {},
            "sites": 2,
            "prevalence": 0.0000141,
            "cnames": [],
            "responseHashes": [],
            "type": "Other",
            "firstPartyCookies": {},
            "firstPartyCookiesSent": {},
            "exampleSites": [
                "essilorusa.com",
                "www.mountsinai.org"
            ]
        },
        {
            "rule": "web-2-tel\\.com\\/jsSaveCookie",
            "cookies": 0,
            "fingerprinting": 0,
            "subdomains": [],
            "apis": {},
            "sites": 2,
            "prevalence": 0.0000141,
            "cnames": [],
            "responseHashes": [],
            "type": "XHR",
            "firstPartyCookies": {},
            "firstPartyCookiesSent": {},
            "exampleSites": [
                "lifestorage.com",
                "www.lifestorage.com"
            ]
        },
        {
            "rule": "web-2-tel\\.com\\/org-jsSdk",
            "cookies": 0,
            "fingerprinting": 0,
            "subdomains": [],
            "apis": {},
            "sites": 3,
            "prevalence": 0.0000211,
            "cnames": [],
            "responseHashes": [],
            "type": "Preflight",
            "firstPartyCookies": {},
            "firstPartyCookiesSent": {},
            "exampleSites": [
                "mavistire.com",
                "www.mavistire.com",
                "www.newrez.com"
            ]
        },
        {
            "rule": "web-2-tel\\.com\\/org-jsSaveCookie",
            "cookies": 0,
            "fingerprinting": 0,
            "subdomains": [],
            "apis": {},
            "sites": 3,