{
    "domain": "webstats1.com",
    "owner": {},
    "source": [
        "DuckDuckGo-US"
    ],
    "prevalence": 0.000167,
    "sites": 24,
    "subdomains": [],
    "cnames": [],
    "fingerprinting": 0,
    "resources": [
        {
            "rule": "webstats1\\.com\\/www\\/delivery\\/afr\\.php",
            "cookies": 0.0000902,
            "fingerprinting": 0,
            "subdomains": [],
            "apis": {},
            "sites": 13,
            "prevalence": 0.0000902,
            "cnames": [],
            "responseHashes": [
                "9ced7ce87791ab25170d6fb4ed695891b5af496eeb67ce1c3614ebd3e8fccae1",
                "00e351409b9d97cc9bd9f9433f6029a45a94d41e3b0f253a9136fbecd0b6930f",
                "b06b99f9a4af77598bd5a20905ad578a712a22ecf744b0a53fe489f48bf6864f",
                "6a8f128e656b5438e07a43f95669635d254b16ebce0229e6c4c0b5ca58850457",
                "a5a849b41b7bf6ec92f9c9fa7b09093ebc8ed5da40aedbe1adc7f17f683e4a1a",
                "0740c885e36b304dcdf20da1242b40958a2ded014652c47894609cb47e895626",
                "9d086edf1cf2c9e7b588ddf7da2edf3b6bee81581bb2eb521c7dcf35ce2fe8c3",
                "0f92ca09b99244bf84c1f0b875c7f3f59f39556a967b017efdd9d1b609b2cb72",
                "aa7b7a78c89a25ee6678436978b45794c71839725d99c8e1c663fbc0b5b9e3c5",
                "348bb265f447301b8c8a751e21de3634f7dc9c3647fe3418b2abd52fa0156aa5",
                "93ec1b72d4b147d6c14f983017fe10856f36b2d1c424f14ca7a24243c37cd569",
                "5e6b3324ef7ce9bb0547a4756c834aa0c28bf7c34bf175898ef15b3fb5cf1510"
            ],
            "type": "Document",
            "firstPartyCookies": {},
            "firstPartyCookiesSent": {},
            "exampleSites": [
                "hentaikai.com",
                "hqhentai.online",
                "meuhentai.com",
                "thehentaicomics.com",
                "www.assistirhentai.com",
                "www.casadoscontos.com.br",
                "www.hentaistube.com",
                "www.hentaihome.net",
                "www.naoconto.com",
                "www.quadrinhosdesexo.com",
                "www.quadrinhoseroticos.blog",
                "www.superhq.net",
                "www.sweetlicious.net"
            ]
        },
        {
            "rule": "webstats1\\.com\\/www\\/images\\/7ab0c25a331b2b9a6d6d394600227564\\.gif",
            "cookies": 0,
            "fingerprinting": 0,
            "subdomains": [],
            "apis": {},
            "sites": 3,
            "prevalence": 0.0000208,
            "cnames": [],
            "responseHashes": [
                "e45a8bf63498d041a343c2ff5c941f2f44889804afecb5e04b87b9187fec691e"
            ],
            "type": "Image",
            "firstPartyCookies": {},
            "firstPartyCookiesSent": {},
            "exampleSites": [
                "hentaikai.com",
                "hqhentai.online",
                "www.assistirhentai.com"
            ]
        },
        {
            "rule": "webstats1\\.com\\/www\\/delivery\\/lg\\.php",
            "cookies": 0.0000902,
            "fingerprinting": 0,
            "subdomains": [],
            "apis": {},
            "sites": 13,
            "prevalence": 0.0000902,
            "cnames": [],
            "responseHashes": [
                "4e0705327480ad2323cb03d9c450ffcae4a98bf3a5382fa0c7882145ed620e49"
            ],
            "type": "Image",
            "firstPartyCookies": {},
            "firstPartyCookiesSent": {
                "lotame_domain_check": 0.0000069415521310565046
            },
            "exampleSites": [
                "hentaikai.com",
                "hqhentai.online",
                "meuhentai.com",
                "thehentaicomics.com",
                "www.assistirhentai.com",
                "www.casadoscontos.com.br",
                "www.hentaistube.com",
                "www.hentaihome.net",
                "www.naoconto.com",
                "www.quadrinhosdesexo.com",
                "www.quadrinhoseroticos.blog",
                "www.superhq.net",
                "www.sweetlicious.net"
            ]
        },
        {
            "rule": "webstats1\\.com\\/www\\/images\\/dbab3efc174b3f1e1fd705a473fb32f6\\.jpg",
            "cookies": 0,
            "fingerprinting": 0,
            "subdomains": [],
            "apis": {},
            "sites": 3,
            "prevalence": 0.0000208,
            "cnames": [],
            "responseHashes": [
                "81cf9c0a7b3c7ee692adddf31fa42b03abd3a2996124aed42d4a57d0be317c6e"
            ],
            "type": "Image",
            "firstPartyCookies": {},
            "firstPartyCookiesSent": {},
            "exampleSites": [
                "hentaikai.com",
                "www.hentaistube.com",
                "www.hentaihome.net"
            ]
        },
        {
            "rule": "webstats1\\.com\\/www\\/images\\/c8e4872cb84b8e5e6fed3fd26e6c4250\\.jpg",
            "cookies": 0,
            "fingerprinting": 0,
            "subdomains": [],
            "apis": {},
            "sites": 5,
            "prevalence": 0.0000347,
            "cnames": [],
            "responseHashes": [
                "856d55d5417497e858d7f3629fb043bb083c0bec165848b75d4e549afd49d230"
            ],
            "type": "Image",
            "firstPartyCookies": {},
            "firstPartyCookiesSent": {},
            "exampleSites": [
                "hentaikai.com",
                "hqhentai.online",
                "www.casadoscontos.com.br",
                "www.hentaihome.net",
                "www.quadrinhoseroticos.blog"
            ]
        },
        {
            "rule": "webstats1\\.com\\/www\\/images\\/210ebbd2ac3aee33d0bb04cbc52ab1e6\\.gif",
            "cookies": 0,
            "fingerprinting": 0,
            "subdomains": [],
            "apis": {},
            "sites": 2,
            "prevalence": 0.0000139,
            "cnames": [],
            "responseHashes": [
                "dd9a8ccced9d48d18e1a069de82d710e668c2ab5a43c1a13d062b8ec3f0bf824"
            ],
            "type": "Image",
            "firstPartyCookies": {},
            "firstPartyCookiesSent": {},
            "exampleSites": [
                "hentaikai.com",
                "hqhentai.online"
            ]
        },
        {
            "rule": "webstats1\\.com\\/www\\/images\\/1b7310c36d8185c7905c41d19cedbba0\\.gif",
            "cookies": 0,
            "fingerprinting": 0,
            "subdomains": [],
            "apis": {},
            "sites": 3,
            "prevalence": 0.0000208,
            "cnames": [],
            "responseHashes": [
                "f0742e1e1005680fcda415b8e59312f7cf830bfd65afe325589655bed3293c80"
            ],
            "type": "Image",
            "firstPartyCookies": {},
            "firstPartyCookiesSent": {},
            "exampleSites": [
                "hentaikai.com",
                "meuhentai.com",
                "www.quadrinhosdesexo.com"
            ]
        },
        {
            "rule": "webstats1\\.com\\/www\\/images\\/46568f6b0fed86e6da842c3c23c21fe2\\.gif",
            "cookies": 0,
            "fingerprinting": 0,
            "subdomains": [],
            "apis": {},
            "sites": 5,
            "prevalence": 0.0000347,
            "cnames": [],
            "responseHashes": [
                "35d0d218b2b054e91b1a07326d0a82f8c04ee71a897e6c4b7812fe977b62826b"
            ],
            "type": "Image",
            "firstPartyCookies": {},
            "firstPartyCookiesSent": {},
            "exampleSites": [
                "hentaikai.com",
                "www.hentaistube.com",
                "www.hentaihome.net",
                "www.naoconto.com",
                "www.quadrinhosdesexo.com"
            ]
        },
        {
            "rule": "webstats1\\.com\\/www\\/images\\/8923f72eedd3141d9435d3aee943cf33\\.gif",
            "cookies": 0,
            "fingerprinting": 0,
            "subdomains": [],
            "apis": {},
            "sites": 6,