{
    "domain": "whatfinger.com",
    "owner": {},
    "source": [
        "DuckDuckGo-US"
    ],
    "prevalence": 0.000251,
    "sites": 33,
    "subdomains": [
        "videos"
    ],
    "cnames": [],
    "fingerprinting": 0,
    "resources": [
        {
            "rule": "whatfinger\\.com\\/widgets\\/wfw\\.js",
            "cookies": 0,
            "fingerprinting": 0,
            "subdomains": [
                "videos"
            ],
            "apis": {},
            "sites": 13,
            "prevalence": 0.0000987,
            "cnames": [],
            "responseHashes": [
                "ac770dfa9460926ac722ef408172a14038e22b04b1cbb94377b27a83d1e24462"
            ],
            "type": "Script",
            "firstPartyCookies": {},
            "firstPartyCookiesSent": {},
            "exampleSites": [
                "bitnamiapp.com",
                "dbdailyupdate.com",
                "flagandcross.com",
                "libertyunyielding.com",
                "lidblog.com",
                "newswithviews.com",
                "thenewamerican.com",
                "thewashingtonsentinel.com",
                "thewashingtonstandard.com",
                "welovetrump.com",
                "www.independentsentinel.com",
                "www.investmentwatchblog.com",
                "www.theburningplatform.com"
            ]
        },
        {
            "rule": "whatfinger\\.com\\/widget-videos\\/",
            "cookies": 0,
            "fingerprinting": 0,
            "subdomains": [
                "videos"
            ],
            "apis": {},
            "sites": 21,
            "prevalence": 0.000159,
            "cnames": [],
            "responseHashes": [
                "15e8a9721d4175f811119fcad8be3069c5b22dab2ba7c518dcaecc693684b496",
                "657bdac1d7e0c3406da06db008a724f5dbe0fcdbac27749e2f9c8947c875f9d1",
                "99ab3953bcb8926a42af13ea2c057dbedbdddab567bd38d06a26d06f8bf966c0",
                "c3d91596dadd662fc12b1d639cd32bf145084d0def7475e9c75dd0f3ff220979",
                "7bac3194d3ab38673b475f4c44d018197f68630807fda1ec65709200f592ebdf",
                "d6dd636a6c3957dfbd9fe11d358a202c9f626f23b89f4e445c0610fa9f3d0aa2",
                "419265915d542685613e0b6591411ccfd15df39b09351d206ec9bb1e944e1fe2",
                "e359dfa0a39299f97aa60f7ac4a612f5296463792ed8fb42c6ea0e7f872625f0",
                "3cc1c0af7de18c6e8bc7b0a427cb563f66251bcad6514140161f28119cff40af",
                "639ea00af983ce2eb5dec0967766a34efb8026e7114ee20d9f3d491874fb0c09",
                "71019e745f499eee7942ebe5a98a3a07c09d0ed0af2f3a78d7c6114c05174b0f",
                "c78d2e346f7c78f710160914fd6e4259f9f9456f75746c7347122ff378f83217",
                "9e93b224ac65ca1fe2aacec1330ebec369fe9a7af1d0e7d4332950e2a74aa552",
                "841cffce10086ed7a597ccb2ab537291ca20be4bd4f8cd59aa3eb0cfe0a40801",
                "45f408a78375bcd9a8c1398e33cd8c5e312ed08427439e4e2bd161f6edd072c8",
                "609ca635584184f84b9cc8772716ea18bafadf984f3525756cbbdc78dd486e54",
                "4e80e848b54d78220438176c919d2d7d8ac2b73e0fe5c3371d68dac7e1a03cba",
                "845b0aca576f2d4a8e46edd38d5c943230a4428ca7153ea79a3ad50950fed91e"
            ],
            "type": "XHR",
            "firstPartyCookies": {},
            "firstPartyCookiesSent": {},
            "exampleSites": [
                "thepoliticalinsider.com",
                "thenewamerican.com",
                "www.independentsentinel.com",
                "flagandcross.com",
                "genzconservative.com",
                "bitnamiapp.com",
                "www.peoplespunditdaily.com",
                "libertyunyielding.com",
                "conservativechoicecampaign.com",
                "trendingpolitics.com",
                "newswithviews.com",
                "welovetrump.com",
                "thewashingtonsentinel.com",
                "conservativeus.com",
                "www.investmentwatchblog.com",
                "thewashingtonstandard.com",
                "lidblog.com",
                "noqreport.com",
                "dbdailyupdate.com",
                "presscalifornia.com"
            ]
        },
        {
            "rule": "whatfinger\\.com\\/wp-content\\/uploads\\/2020\\/10\\/latest-email-drop-implicates-joe\\.jpg",
            "cookies": 0,
            "fingerprinting": 0,
            "subdomains": [
                "videos"
            ],
            "apis": {},
            "sites": 21,
            "prevalence": 0.000159,
            "cnames": [],
            "responseHashes": [
                "488f13381dd27c4267ebabc73253d4b38628ce676a86881744fa5398b132dd78"
            ],
            "type": "Image",
            "firstPartyCookies": {},
            "firstPartyCookiesSent": {},
            "exampleSites": [
                "gunsinthenews.com",
                "lidblog.com",
                "thewashingtonsentinel.com",
                "conservativechoicecampaign.com",
                "welovetrump.com",
                "www.independentsentinel.com",
                "thepoliticalinsider.com",
                "newswithviews.com",
                "noqreport.com",
                "flagandcross.com",
                "genzconservative.com",
                "bitnamiapp.com",
                "dbdailyupdate.com",
                "thenewamerican.com",
                "thewashingtonstandard.com",
                "conservativeus.com",
                "presscalifornia.com",
                "trendingpolitics.com",
                "www.theburningplatform.com",
                "www.investmentwatchblog.com"
            ]
        },
        {
            "rule": "whatfinger\\.com\\/wp-content\\/uploads\\/2020\\/10\\/biden-candidacy-is-over-as-big-t-600x400\\.jpg",
            "cookies": 0,
            "fingerprinting": 0,
            "subdomains": [
                "videos"
            ],
            "apis": {},
            "sites": 20,
            "prevalence": 0.000152,
            "cnames": [],
            "responseHashes": [
                "942ad7481e411ddf9a9cc5e8fa808656ad44eaec375c6ccc10879f2700daa69d"
            ],
            "type": "Image",
            "firstPartyCookies": {},
            "firstPartyCookiesSent": {},
            "exampleSites": [
                "bitnamiapp.com",
                "conservativechoicecampaign.com",
                "conservativeus.com",
                "dbdailyupdate.com",
                "flagandcross.com",
                "genzconservative.com",
                "gunsinthenews.com",
                "lidblog.com",
                "newswithviews.com",
                "noqreport.com",
                "presscalifornia.com",
                "thenewamerican.com",
                "thepoliticalinsider.com",
                "thewashingtonsentinel.com",
                "thewashingtonstandard.com",
                "trendingpolitics.com",
                "welovetrump.com",
                "www.independentsentinel.com",
                "www.peoplespunditdaily.com",
                "www.theburningplatform.com"
            ]
        },
        {
            "rule": "whatfinger\\.com\\/wp-content\\/uploads\\/2020\\/10\\/kayleigh-mcenany-banned-by-twitt-600x400\\.jpg",
            "cookies": 0,
            "fingerprinting": 0,
            "subdomains": [
                "videos"
            ],
            "apis": {},
            "sites": 18,
            "prevalence": 0.000137,
            "cnames": [],
            "responseHashes": [
                "3a9190f12b8c0e787035c39b119128da06023eb8be4843879bf0d38b17c13648"
            ],
            "type": "Image",
            "firstPartyCookies": {},
            "firstPartyCookiesSent": {},