{
    "domain": "wts2.one",
    "owner": {},
    "source": [
        "DuckDuckGo-US"
    ],
    "prevalence": 0.000117,
    "sites": 17,
    "subdomains": [
        "app",
        "www"
    ],
    "cnames": [],
    "fingerprinting": 1,
    "resources": [
        {
            "rule": "wts2\\.one\\/count7\\.pl",
            "cookies": 0.0000552,
            "fingerprinting": 1,
            "subdomains": [
                "app"
            ],
            "apis": {
                "window.localStorage": 8
            },
            "sites": 10,
            "prevalence": 0.000069,
            "cnames": [],
            "responseHashes": [
                "9a4359e9f9f5c69f53bf2a61f35d752abcb57c5e2a216bd41d07d331c870d55d",
                "213cc121bdd18e8520a40ecd1049c8e055d7312eacf6be1f76676527865a1a26",
                "68bf0612059828f8cac34f66e157ea1d3ad395378dc99800eda126d050857c0e",
                "515dcd215243b9597ce38f1361b9a4fe867f9afc77cee5428cac26b3b2379bf3",
                "efff40ef24f291090093a57583c65173a40dce78f1994ecf5a9714c26ac0e6b0",
                "ded3b4494e35e10f25e877599d8ca018e68af2d34c5898b4608aed7c559f491b",
                "8d120ea05f58629f146ecc4b041b62a0ca8a8009a3e45306734346984cc788d4",
                "33c9b19ffa9030c815c5862699d0def212e4e59c33d73337fa380f646ddfcb18",
                "2c69654985a6a3640d93a02b177652e772505ea1fdcd27c003a764f0d8b1e907"
            ],
            "type": "Script",
            "firstPartyCookies": {},
            "firstPartyCookiesSent": {},
            "exampleSites": [
                "hobbies9ja.com",
                "specialtyproduce.com",
                "thekey.company",
                "themahjong.com",
                "www.perfprotech.com",
                "www.redpilldocumentaries.com",
                "www.specialtyproduce.com",
                "www.tragedyinfo.com",
                "zstack.vladimirzelenkomd.com",
                "zstacklife.com"
            ]
        },
        {
            "rule": "wts2\\.one\\/web_stat_wix3\\.png",
            "cookies": 0,
            "fingerprinting": 0,
            "subdomains": [
                "www"
            ],
            "apis": {},
            "sites": 2,
            "prevalence": 0.0000138,
            "cnames": [],
            "responseHashes": [
                "308c5a73442877cf382e6491b53022bf7cdeacf8449f39c1d1c8b0ea7059acdb"
            ],
            "type": "Image",
            "firstPartyCookies": {},
            "firstPartyCookiesSent": {},
            "exampleSites": [
                "specialtyproduce.com",
                "www.specialtyproduce.com"
            ]
        },
        {
            "rule": "wts2\\.one\\/ping_timer\\.pl",
            "cookies": 0,
            "fingerprinting": 0,
            "subdomains": [
                "app"
            ],
            "apis": {},
            "sites": 3,
            "prevalence": 0.0000207,
            "cnames": [],
            "responseHashes": [
                "e3b0c44298fc1c149afbf4c8996fb92427ae41e4649b934ca495991b7852b855"
            ],
            "type": "XHR",
            "firstPartyCookies": {},
            "firstPartyCookiesSent": {},
            "exampleSites": [
                "specialtyproduce.com",
                "www.perfprotech.com",
                "www.specialtyproduce.com"
            ]
        },
        {
            "rule": "wts2\\.one\\/shopifyScript\\.htm",
            "cookies": 0.0000207,
            "fingerprinting": 0,
            "subdomains": [],
            "apis": {},
            "sites": 3,
            "prevalence": 0.0000207,
            "cnames": [],
            "responseHashes": [
                "db5bd4e862333c20dc9619477ede33ac100d04d876b5ef61c2d99087ababc452"
            ],
            "type": "Script",
            "firstPartyCookies": {},
            "firstPartyCookiesSent": {},
            "exampleSites": [
                "thekey.company",
                "zstack.vladimirzelenkomd.com",
                "zstacklife.com"
            ]
        },
        {
            "rule": "wts2\\.one\\/log7\\.js",
            "cookies": 0,
            "fingerprinting": 1,
            "subdomains": [
                "app"
            ],
            "apis": {
                "Navigator.prototype.userAgent": 3,
                "Navigator.prototype.doNotTrack": 3,
                "window.localStorage": 3,
                "Document.cookie getter": 3,
                "window.sessionStorage": 3
            },
            "sites": 3,
            "prevalence": 0.0000207,
            "cnames": [],
            "responseHashes": [
                "8657b7aabd5f1eb5729b3c703a654a7c8d2dbf1f3a0def4fc31106e36e78d583"
            ],
            "type": "Script",
            "firstPartyCookies": {},
            "firstPartyCookiesSent": {},
            "exampleSites": [
                "thekey.company",
                "zstack.vladimirzelenkomd.com",
                "zstacklife.com"
            ]
        }
    ],
    "categories": [],
    "performance": {},
    "cookies": 0.000104,
    "types": {
        "Script": 16,
        "Image": 2,
        "XHR": 3
    },
    "nameservers": [
        "ivan.ns.cloudflare.com",
        "rafe.ns.cloudflare.com"
    ]
}