{
    "domain": "xtremepush.com",
    "owner": {},
    "source": [
        "DuckDuckGo-US"
    ],
    "prevalence": 0.000111,
    "sites": 16,
    "subdomains": [
        "api",
        "sdk.us"
    ],
    "cnames": [],
    "fingerprinting": 0,
    "resources": [
        {
            "rule": "xtremepush\\.com\\/push\\/api\\/deviceCreate",
            "cookies": 0.0000694,
            "fingerprinting": 0,
            "subdomains": [
                "api",
                "sdk.us"
            ],
            "apis": {},
            "sites": 10,
            "prevalence": 0.0000694,
            "cnames": [],
            "responseHashes": [
                "fbdcc58c3505e75818a01445cce20f4d8c684b83d27b564ccf9b6ff07308f286",
                "23c1a9852ea416157c0030ae610516b02465924107a37067ac7e5d38c806a354",
                "0cb24d43660c14bece7f469cc93c93ae6a851252940c4438814bb4717a4761b2",
                "086b7106df89a2439495c8c32574a051c5dea240262a3797dffea3c2306d27b3",
                "6bd8535d9669b0c60608001666e6194d4dc143c3fe6e8020f91b73005ccd9c7a",
                "c031a684af3560fc7c4583c9502f88912c1f05424303c259f92ee2696ff6b3fa",
                "52b0a4926855780f713a3fbeca8b277a660ab69d623478225527fdedd6b42517",
                "059a54f296de633a29eca0c35bd9a9a44573c2979446757a49aa7bb301e36948",
                "d7a5a7c28a8e733ff3a1bbddaa5febd971580fcfb314d0a19a01c5aa09cc8f24"
            ],
            "type": "XHR",
            "firstPartyCookies": {},
            "firstPartyCookiesSent": {},
            "exampleSites": [
                "entertainment.ie",
                "www.betonline.ag",
                "www.betus.com.pa",
                "www.bigbustours.com",
                "www.casino.org",
                "www.gametwist.com",
                "www.garageclothing.com",
                "www.irishtimes.com",
                "www.oddschecker.com",
                "www.wowcher.co.uk"
            ]
        },
        {
            "rule": "xtremepush\\.com\\/push\\/api\\/tagsHit",
            "cookies": 0,
            "fingerprinting": 0,
            "subdomains": [
                "api",
                "sdk.us"
            ],
            "apis": {},
            "sites": 4,
            "prevalence": 0.0000278,
            "cnames": [],
            "responseHashes": [
                "33cf9635b62dfc0a9f749b5e6a97c281d10b4791460559460658dc3220e9311f"
            ],
            "type": "XHR",
            "firstPartyCookies": {},
            "firstPartyCookiesSent": {},
            "exampleSites": [
                "entertainment.ie",
                "www.bigbustours.com",
                "www.garageclothing.com",
                "www.oddschecker.com"
            ]
        },
        {
            "rule": "xtremepush\\.com\\/push\\/api\\/eventHit",
            "cookies": 0.0000208,
            "fingerprinting": 0,
            "subdomains": [
                "api",
                "sdk.us"
            ],
            "apis": {},
            "sites": 3,
            "prevalence": 0.0000208,
            "cnames": [],
            "responseHashes": [
                "ed91436df65a32d3279eeef148d78d04bbb1126339fb56b572113478860c0642"
            ],
            "type": "XHR",
            "firstPartyCookies": {},
            "firstPartyCookiesSent": {},
            "exampleSites": [
                "entertainment.ie",
                "www.garageclothing.com",
                "www.oddschecker.com"
            ]
        },
        {
            "rule": "xtremepush\\.com\\/push\\/api\\/deviceUpdate",
            "cookies": 0,
            "fingerprinting": 0,
            "subdomains": [
                "api",
                "sdk.us"
            ],
            "apis": {},
            "sites": 10,
            "prevalence": 0.0000694,
            "cnames": [],
            "responseHashes": [
                "33cf9635b62dfc0a9f749b5e6a97c281d10b4791460559460658dc3220e9311f"
            ],
            "type": "XHR",
            "firstPartyCookies": {},
            "firstPartyCookiesSent": {},
            "exampleSites": [
                "entertainment.ie",
                "www.betonline.ag",
                "www.betus.com.pa",
                "www.bigbustours.com",
                "www.casino.org",
                "www.gametwist.com",
                "www.garageclothing.com",
                "www.irishtimes.com",
                "www.oddschecker.com",
                "www.wowcher.co.uk"
            ]
        }
    ],
    "categories": [],
    "performance": {
        "time": 0,
        "size": 0,
        "cpu": 0,
        "cache": 3
    },
    "cookies": 0.000111,
    "types": {
        "XHR": 27
    },
    "nameservers": [
        "ns-1451.awsdns-53.org",
        "ns-1751.awsdns-26.co.uk",
        "ns-781.awsdns-33.net",
        "ns-112.awsdns-14.com"
    ]
}