{
    "domain": "youradexchange.com",
    "owner": {},
    "source": [
        "DuckDuckGo-US"
    ],
    "prevalence": 0.000673,
    "sites": 97,
    "subdomains": [],
    "cnames": [],
    "fingerprinting": 0,
    "resources": [
        {
            "rule": "youradexchange\\.com\\/script\\/suurl4\\.php",
            "cookies": 0,
            "fingerprinting": 0,
            "subdomains": [],
            "apis": {},
            "sites": 55,
            "prevalence": 0.000382,
            "cnames": [],
            "responseHashes": [
                "7f1985d67096185c7b834509d4af5fa62dec94f35c2e93008f4454c70b087662",
                "5e122ddc6bbdeeab93cadb5d842c681457a15a8784d1b1d44c319d9ae22f4579",
                "8bb7a5fb06efba7342d22cf97b034f3fe97562e63ffbab778332318663a4f175",
                "d63b70173e865c2154d12e382834d1883f88baa5a03b6357f1616fc39177f0ba",
                "00b18d0bf5ab8606a55dfc0a9e232d756d2b860b6c66bdc4c72523c6664e80ed",
                "8ffc3674225a393583f90bbb158152588f35ae51b070d6687c38f449766916e5",
                "434c63f73878e010486e1ff419497f201c355c421195c7efc2f38e452dac4ccc",
                "8680fdf73113acf849232cf7f2e197b6f8feef64f5ab05f54a3fc9054c81cc33",
                "cdc1b86efd412c619cfae83c80777e14256ffaad1cfebd176e5949b4d573e5d3",
                "e39ea0e324a54a3208393d2892b3bf71f32f65cab247fcd289dc717d0f42d5a4",
                "1a05270335ed3f33f9b38b44eccbcc15bab80e4f88c7a08da74aa00fab392238",
                "46f3d46fbc02b43a79a83978557c3ed59f483241e8fa9e69fbcb5cb44c801034",
                "d170c53cb700b15a426799bc6bc820a1844f62ec11e68ebd4fef9f5b8c7bd291",
                "2dfce170cc0bc27a39e1ae2de4e24d3df6c899157814c01d1592f516c8224d14",
                "a963d0f4bbabc62e2367ddc3ddaf858e5b2e17b8244a86c399d2c590d6ee03c5",
                "9b9b69c69c4cd695ba720de674f4afc0c9325bed1bd066792b2517fbca843f5e",
                "bad207ebb9eece8fe76f973dbd741b17d6e2eb305671053a2df30194c163007d",
                "2849c55a5d5c74bf90a0c98bc46938168fb823d05363723cf6cd6efd4c03e23f",
                "459fa6fdd623a354cf975dead915f3f0adcbf5e6d9486b0c160efd51f2a12701",
                "0aec5f7831cc3f96d3a7f7861c53fa228ebd2f95c94839021e274d2061409bb2",
                "482a316ec7962a3f8184be2f07875583a27fd5cd6820df6e25c0edf02f32b6a1",
                "a448e9c6c110be8c59d9a8fc752ed885caf4afc21c2be6642c6f5d07148dff49",
                "27891bd18e54114b3b94321fd272202cfecfcaa23a932a59383f52ef01e896c4",
                "bc125b7901b12baaa85ecc05d19f59ee5bf2372d33be731d2121cd8f312d46ba",
                "a5beee666b941b764480b3f4412e64cb70ec04c55dcb94590a7d42bad30ea307",
                "e47a09661f7fbad85cdf6ed5ddc15493922d57e0328641a71aef910eef188cd2",
                "7c7a59376f61709623187dbaa7d4a94c23c307a67165cc009b0a93e334229360",
                "0e7f84e7dedecc492d449219c7e5879ebe1ebbec02a3eb248e6950daa3d8f185",
                "6b9bfb89879fc6afcd4d50196078b789307733c0ed259ae627db00a4898eb6af",
                "175cb17613b3467c51027d17804289f43ee143d65ca48ca85bf09d81abc275a1",
                "e11e4b8b8350e20ceaf1deb68948c2f11552a95471dac78bc11d30693dff2a98",
                "492c78a7c1c75901fb2ffbea549d3495d2cdeac239f912d7dfd1edef1a91682e",
                "26ebd308c485dc0383e9cedd00185b32dc316e6038b4643c301ef361babbb8ac",
                "bd7fd22f62352d0b09f980829359d1962864e0c0df2da5e2eeffd54831c2188c",
                "0926cfdfc0bdfaa3cdcc4a2cb40b3a68914d83fe1460724c3ba84ead87d16ac5",
                "32a8c7a2de1f808979a0cdb2c088be3479bc6292911c51d7fd18426414794070",
                "61e131ef916ea6971ca463aded0a32ae835dfd243f21758b1058eb6cd40ab960",
                "6127c8586c46bafe1443c80599370dbaaa249792b94496b2babbb1b160debcee",
                "71fb8673bb8c781076be0df529e96b2a30d4cd4fc2b2420ec0998492bf0170b5",
                "3a42386efb53300be335754fd36a275a25010a322f6c0d5db62f7583ff5a3fde",
                "d857981ac8784a3a0d051c6562160cbd602dd2c3ace8700046b405a0ed10addb",
                "21086523a2151ab212852a143b6986c9f4d47909dbb5900bf5a3ec45297c4415",
                "ab76b256e136ba55ee6588b90c775ab7ee7b7a3f8e4bc821a00cb2345474c20d",
                "887d702e40c3b60bbbdf4ee52e5ad2a0d7a106210a10c5cdb0d0c2ef15c55f18",
                "84d0ad7b6f0ccf2e8c9e564355dcd570b000f8d947df13cf01eae70cc5be4c71",
                "eface9f6e97acb78c2288e9f57e7b63f4ff874e78503b1fcd75e1e14588ad5ab",
                "c630d9a1b6e9728efb0e14d80595f961886e756a345d51d7fdb15ecb0687285d",
                "16ec363a324dac2666dd8512a5eef554e73ba96992ed132917185959bcc5c7bc",
                "96555a5f5df4247054bd86ca40645fa8ee56bce03321ecca340f1d42ba4047b5",
                "5f3f539f1d89e7d4e508d15c03cdaf006c12136c4e249979162cd5b03f558be0",
                "28ca1e53509592d320ec46275db56bc3c75c25bb4ad518f708f567044eb3bb89",
                "266fd4db7657b777f786389ce8623ec53cc8bc879718628d0b265865a3a03bcf",
                "bb6c7827270b39467ec537a38c68c9b230b9c5168999753b9bb092e1dabdabe1"
            ],
            "type": "Fetch",
            "firstPartyCookies": {},
            "firstPartyCookiesSent": {},
            "exampleSites": [
                "solarmovie.unblockit.uno",
                "m.hotstrix.my.id",
                "www.pirlotv.fr",
                "crackstreams.biz",
                "kimcartoon.unblockit.uno",
                "hdseries.cc",
                "movgotv.unblockit.uno",
                "otorrents.unblockit.uno",
                "hindilinks4u.unblockit.uno",
                "epublibre.unblockit.uno",
                "torrentdownload.unblockit.uno",
                "formula1live.stream",
                "skidrowreloaded.unblockit.uno",
                "yifytorrent.unblockit.uno",
                "vercanalestv.live",
                "www.worldofmagazine.com",
                "www.limetorrents.info",
                "www.hotstrix.my.id",
                "www.limetorrents.pro",
                "ufcstream.me"
            ]
        },
        {
            "rule": "youradexchange\\.com\\/script\\/push\\.php",
            "cookies": 0,
            "fingerprinting": 0,
            "subdomains": [],
            "apis": {},
            "sites": 9,
            "prevalence": 0.0000625,
            "cnames": [],
            "responseHashes": [],
            "type": "Fetch",
            "firstPartyCookies": {},
            "firstPartyCookiesSent": {},
            "exampleSites": [
                "edoujin.net",
                "f1gp.stream",
                "javhdtv.xyz",
                "kucingpoi.negumo.com",
                "m.hotstrix.my.id",
                "oltnews.com",
                "torrent-finder.com",
                "vidboz.com",
                "www.hotstrix.my.id"
            ]
        },
        {
            "rule": "youradexchange\\.com\\/ad\\/czcf\\.php",
            "cookies": 0,
            "fingerprinting": 0,
            "subdomains": [],
            "apis": {},
            "sites": 7,
            "prevalence": 0.0000486,
            "cnames": [],
            "responseHashes": [
                "c81e40059250b3acfe6bb2e3120f9c5a02e8aa8055bec995d204be0bc31e1b22",
                "d7947141fba963867b11e4db4326bbc852459072b13938119aac86c07d4bbdc9",
                "385788b3294db18b1cca2747de768bdb8d5a2f5729d3a6eaa9aaac3287b22101",
                "a9d8724696461ae82947e79f80b2e6fcfa7d747350cf5a7f81505081cbc81a6f",
                "84134f7d81fe44875e03de5357f8390399d05a9311ccbaee39f16fbcdde5202e",
                "2553c19c29d9d4b782d33e35e248d5ae6005126a353a9ca95d4d66ab2f5dc1fa"
            ],
            "type": "Fetch",
            "firstPartyCookies": {},
            "firstPartyCookiesSent": {},