{
    "domain": "adcalls.nl",
    "owner": {},
    "source": [
        "DuckDuckGo-NL"
    ],
    "prevalence": 0.00181,
    "sites": 18,
    "subdomains": [
        "api"
    ],
    "cnames": [],
    "fingerprinting": 1,
    "resources": [
        {
            "rule": "adcalls\\.nl\\/API\\/v2\\/createCookie\\.json",
            "cookies": 0,
            "fingerprinting": 0,
            "subdomains": [
                "api"
            ],
            "apis": {},
            "sites": 13,
            "prevalence": 0.00131,
            "cnames": [],
            "responseHashes": [
                "03ba8f512534b50ef91442a42e92d9133eb275c3ca0c499456b942d15d0b7fb5",
                "add48d3d03e861012fce454ed5a95bb9c4f7bf6b96b81220d9441b444aaf0baf",
                "00cbf0413a80c633b57da91ee11c3670b184b52bb5db9ff2bd9dc8f4f8022fd3",
                "0bd305be4ff20c18ddd9ef57eb670eba980167e5ab1a957d46fc61ec199cc22b",
                "02fd87409265b31ba8872a5acd7d12c8b8f34476a1da1e7360ed055ec820a887",
                "52556b44804850201614d27b9886bcd49f2e0dc0380cf1bd126e38525d9b24b9",
                "67b72c62cca40802e6c0883c656b0beed9844b3c54438935194fa00a48788baa",
                "f4b3ec194724d08664913fcd4c3e53ff1fb6901ea620a838459f8bb853bd0ac2",
                "6e33bf140a8915fa5d287789086537934db89cf6cb420b1553f387fe2a5cda2b",
                "a3e0016ed629819e012c27da6f867c7f56e81815a2ed084d42f0d8b101dd14b7",
                "35a8a709f3f726ab2e0d7eb159c8acc76bbba71cf4fa170fd248f00d49085b42",
                "4bd8b2f0d34935365caa00643e3428e154a3d715f1e96262b46b7a647813f34e"
            ],
            "type": "XHR",
            "firstPartyCookies": {},
            "firstPartyCookiesSent": {
                "_ga": 0.0006031363088057901
            },
            "exampleSites": [
                "beestjeskwijt.nl",
                "serviceright-autos.nl",
                "vandebron.nl",
                "www.bochane.nl",
                "www.das.nl",
                "www.diks.nl",
                "www.judex.nl",
                "www.laminaatenparket.nl",
                "www.sanidump.nl",
                "www.schoonenberg.nl",
                "www.vanmossel.nl",
                "www.viabovag.nl",
                "www.vvvcadeaukaarten.nl"
            ]
        },
        {
            "rule": "adcalls\\.nl\\/acalltracker\\.js",
            "cookies": 0.000201,
            "fingerprinting": 1,
            "subdomains": [
                "api"
            ],
            "apis": {
                "Document.cookie getter": 2,
                "Date.prototype.getTime": 2,
                "Document.cookie setter": 2
            },
            "sites": 2,
            "prevalence": 0.000201,
            "cnames": [],
            "responseHashes": [
                "7015a979c0dcd654962dae183cd62d3adb5eae327cd14ee40e4c400da7156d27"
            ],
            "type": "Script",
            "firstPartyCookies": {},
            "firstPartyCookiesSent": {},
            "exampleSites": [
                "dela.nl",
                "www.sanidump.nl"
            ]
        }
    ],
    "categories": [],
    "performance": {},
    "cookies": 0.00121,
    "types": {
        "XHR": 13,
        "Script": 2
    },
    "nameservers": [
        "ns01.nexthost.nl",
        "ns02.nexthost.nl"
    ]
}