{
    "domain": "futurehybrid.tech",
    "owner": {},
    "source": [
        "DuckDuckGo-NL"
    ],
    "prevalence": 0.00211,
    "sites": 21,
    "subdomains": [
        "sommelier"
    ],
    "cnames": [],
    "fingerprinting": 0,
    "resources": [
        {
            "rule": "futurehybrid\\.tech\\/config",
            "cookies": 0,
            "fingerprinting": 0,
            "subdomains": [
                "sommelier"
            ],
            "apis": {},
            "sites": 21,
            "prevalence": 0.00211,
            "cnames": [],
            "responseHashes": [
                "ca3dfd43934471633d24e00e7becfe3e510c1982279de1d4a9103d3426cf1d03",
                "f4a6defe2beb774fe29f834fc01ddc7813a563d3e11a7b66303f4484481f59de",
                "978e8a4b829640c45b65d1ca40f197049bcb1191a0d4dcb823773b54b60ab9e8",
                "8a4cc97380a79bb50693a481ebe9dd42541825d403d67a6e20f56c944f2462f2",
                "6b938d969643a08c69de83beb4f30c8dee6a14d2caa9cb5d4458cb4d55220fd9",
                "8427743bdbc11825749706de289c073be626c324e458c4628d0bd13b1f96745a",
                "e2c76baa4e1298f01a703ae6d43bd5656fa864193b60f512ec22e5a9d46271a4",
                "94eee8673125c9baafd8fbf2be9f01bff8fa283080838f95ccc7cbd3cdc923ef",
                "bf76b3ef950867815d104168a604499c40ccfc392d9c2c0875242e86e2b9c326",
                "40c8078bcce50bda62618bb5f42195af93f5b697e2dc74651d52c5451da697dd",
                "c3a4aae4173203f57617909472ddb55aaf9dbbb7062ea8792e6e74961f7c021a",
                "232d9710431abae46cf76524c07cd9b2b4a2bf3a37ee113830ad8124857651ca",
                "fd5f31c40768bfa191376cad7aaf378945ed9dc0ec65cd430fa0f3308aee08da",
                "a876157338ade392091e374b567a8938e3ce98b832d7d21a95f9aa3ab9c9b3b5",
                "bc806ecc07f1480014a51d4be5aa1b75225d76deff85afd80b93a55c066f612d",
                "dcdaa96b72e89c2c38fc8955dfaad3843fb8ae5e068463634f28b37213402276",
                "10f045fb3ec0db64fac8ab0f8a9882b7c9bd3bbeee139fefe8fe0c651a7149ba",
                "a5cd1b790783b663ed232a54b3eac5a5c3e2ef9f314135809a95b9aa5694f32f",
                "9a310b5d42dfabb5c8cf9a2269845bd4a16f153adac60f2a2fe1821bb76d8d6a",
                "8cd97ba3e862cf401fb82e15bcf2169b7590ec04568e12a08f135a747ce06e03"
            ],
            "type": "Fetch",
            "firstPartyCookies": {},
            "firstPartyCookiesSent": {
                "_li_dcdm_c": 0.0015051173991571343
            },
            "exampleSites": [
                "techradar.com",
                "www.techradar.com",
                "www.tomshardware.com",
                "www.tomsguide.com",
                "www.marieclaire.com",
                "www.cinemablend.com",
                "www.whathifi.com",
                "www.t3.com",
                "www.laptopmag.com",
                "www.sciencealert.com",
                "www.guitarworld.com",
                "www.musicradar.com",
                "www.cyclingnews.com",
                "www.space.com",
                "www.cyclingweekly.com",
                "www.digitalcameraworld.com",
                "www.gamesradar.com",
                "www.loudersound.com",
                "www.creativebloq.com",
                "www.pcgamer.com"
            ]
        }
    ],
    "categories": [],
    "performance": {},
    "cookies": 0,
    "types": {
        "Fetch": 21
    },
    "nameservers": [
        "ns-786.awsdns-34.net",
        "ns-1419.awsdns-49.org",
        "ns-1705.awsdns-21.co.uk",
        "ns-55.awsdns-06.com"
    ]
}