{
    "domain": "linkconnector.com",
    "owner": {
        "name": "LinkConnector Corporation",
        "displayName": "LinkConnector"
    },
    "source": [
        "DuckDuckGo-NL"
    ],
    "prevalence": 0.0012,
    "sites": 12,
    "subdomains": [
        "www"
    ],
    "cnames": [],
    "fingerprinting": 1,
    "resources": [
        {
            "rule": "linkconnector\\.com\\/uts_lp\\.php",
            "cookies": 0.0011,
            "fingerprinting": 1,
            "subdomains": [
                "www"
            ],
            "apis": {
                "Document.cookie getter": 11,
                "window.localStorage": 10,
                "Date.prototype.getTime": 11,
                "Document.cookie setter": 11
            },
            "sites": 11,
            "prevalence": 0.0011,
            "cnames": [],
            "responseHashes": [
                "2ee46d7d0990dbe368bb2247cd0b2730ce98ee1caf343ae9ed1a79a555b9c696",
                "a4069e09cda9c419d3be4c900a4c238e22260dbbd9d36cb4905e2f01a26fa449",
                "659f6752c6d41d4b489d4e451c6f10bdc7fd95987de54f30f726b43af4dadf9c",
                "edcfad5e4db720365127c570594e3245def14d32edfdb1c91b6a87e9fedb1a30",
                "5979af9932fd2232b183338049ca199b6505b50b7f1143cd8ad9f51602ff94ac",
                "4b492031332157be8ca6321b2f4cb793755934e498ab26b68d9e798605f05872",
                "50e31363a054eb6354aaf23d5b15f63c464de743d96ed343f622c3e8623f048c",
                "da157717dbc874bec6aac6719af06846d0bc956ab30d30dad21e341e2ba8dd53",
                "c1507af2a496dd417524800f35d54644f199dbea13147b3ceb333a72449ee03b",
                "f5bb836894d60774e4d307b423d4d5ef04f51c78bc3f8b20d2c2ec7a67d4d3fc"
            ],
            "type": "Script",
            "firstPartyCookies": {
                "uts_id": {
                    "ttl": 157680004,
                    "length": 17,
                    "prevalence": 0.0010030090270812437,
                    "uniqueness": 1
                },
                "LCUTS_UID_900133": {
                    "ttl": 3604,
                    "length": 6,
                    "prevalence": 0.0008024072216649949,
                    "uniqueness": 0.125
                },
                "LCUTS_UID_901602": {
                    "ttl": 3603,
                    "length": 6,
                    "prevalence": 0.00010030090270812437,
                    "uniqueness": 1
                },
                "LCUTS_UID_901609": {
                    "ttl": 3604,
                    "length": 6,
                    "prevalence": 0.00010030090270812437,
                    "uniqueness": 1
                }
            },
            "firstPartyCookiesSent": {
                "LCUTS_UID_900133": 0.0008024072216649949,
                "LCUTS_UID_901602": 0.00010030090270812437,
                "LCUTS_UID_901229": 0.00010030090270812437,
                "LCUTS_UID_901609": 0.00010030090270812437
            },
            "exampleSites": [
                "wondershare.com",
                "famisafe.wondershare.com",
                "filmora.wondershare.com",
                "mobiletrans.wondershare.com",
                "pdf.wondershare.com",
                "recoverit.wondershare.com",
                "videoconverter.wondershare.com",
                "www.aimersoft.com",
                "www.minitool.com",
                "www.movavi.com",
                "www.videoproc.com"
            ]
        },
        {
            "rule": "linkconnector\\.com\\/tu\\.php",
            "cookies": 0.000903,
            "fingerprinting": 0,
            "subdomains": [
                "www"
            ],
            "apis": {},
            "sites": 9,
            "prevalence": 0.000903,
            "cnames": [],
            "responseHashes": [
                "942fa519ebb6234f59c3d8c8c66c6b2671b69364c1c31a6788f722e4baca9a94"
            ],
            "type": "Image",
            "firstPartyCookies": {},
            "firstPartyCookiesSent": {
                "_gcl_au": 0.0008024072216649949,
                "__atuvs": 0.00030090270812437313,
                "_uetsid": 0.0005015045135406219,
                "_uetvid": 0.0005015045135406219,
                "_ga": 0.0016048144433299899,
                "_gid": 0.0007021063189568707,
                "_ga_24WTSJBD5B": 0.0006018054162487463,
                "_ga_L8Z74D7ZEQ": 0.00010030090270812437,
                "_fbp": 0.00010030090270812437,
                "_gaexp": 0.00010030090270812437,
                "__utmzz": 0.00010030090270812437
            },
            "exampleSites": [
                "wondershare.com",
                "famisafe.wondershare.com",
                "filmora.wondershare.com",
                "mobiletrans.wondershare.com",
                "pdf.wondershare.com",
                "recoverit.wondershare.com",
                "videoconverter.wondershare.com",
                "www.aimersoft.com",
                "www.movavi.com"
            ]
        },
        {
            "rule": "linkconnector\\.com\\/js\\/uts_uid\\.php",
            "cookies": 0.000903,
            "fingerprinting": 0,
            "subdomains": [
                "www"
            ],
            "apis": {},
            "sites": 9,
            "prevalence": 0.000903,
            "cnames": [],
            "responseHashes": [
                "942fa519ebb6234f59c3d8c8c66c6b2671b69364c1c31a6788f722e4baca9a94"
            ],
            "type": "Image",
            "firstPartyCookies": {},
            "firstPartyCookiesSent": {
                "LCUTS_UID_900133": 0.0008024072216649949,
                "LCUTS_UID_901229": 0.00010030090270812437
            },
            "exampleSites": [
                "wondershare.com",
                "famisafe.wondershare.com",
                "filmora.wondershare.com",
                "mobiletrans.wondershare.com",
                "pdf.wondershare.com",
                "recoverit.wondershare.com",
                "videoconverter.wondershare.com",
                "www.aimersoft.com",
                "www.movavi.com"
            ]
        },
        {
            "rule": "linkconnector\\.com\\/uts_clickcounts\\.php",
            "cookies": 0,
            "fingerprinting": 0,
            "subdomains": [
                "www"
            ],
            "apis": {},
            "sites": 3,
            "prevalence": 0.000301,
            "cnames": [],
            "responseHashes": [
                "e3b0c44298fc1c149afbf4c8996fb92427ae41e4649b934ca495991b7852b855"
            ],
            "type": "Script",
            "firstPartyCookies": {},
            "firstPartyCookiesSent": {
                "LCUTS_UID_901602": 0.00010030090270812437,
                "LCUTS_UID_901609": 0.00010030090270812437
            },
            "exampleSites": [
                "clevguard.com",
                "www.minitool.com",
                "www.videoproc.com"
            ]
        }
    ],
    "categories": [],
    "performance": {},
    "cookies": 0.0011,
    "types": {
        "Script": 14,
        "Image": 18
    },
    "nameservers": [
        "edna.ns.cloudflare.com",
        "sri.ns.cloudflare.com"
    ]
}