{
    "domain": "loptyinterva.xyz",
    "owner": {},
    "source": [
        "DuckDuckGo-NL"
    ],
    "prevalence": 0.00351,
    "sites": 35,
    "subdomains": [],
    "cnames": [],
    "fingerprinting": 0,
    "resources": [
        {
            "rule": "loptyinterva\\.xyz\\/utx",
            "cookies": 0.00341,
            "fingerprinting": 0,
            "subdomains": [],
            "apis": {},
            "sites": 35,
            "prevalence": 0.00351,
            "cnames": [],
            "responseHashes": [
                "e3b0c44298fc1c149afbf4c8996fb92427ae41e4649b934ca495991b7852b855"
            ],
            "type": "XHR",
            "firstPartyCookies": {},
            "firstPartyCookiesSent": {},
            "exampleSites": [
                "justpicsplease.com",
                "www.heavy-r.com",
                "www.homemoviestube.com",
                "thothub.to",
                "forced-porn.net",
                "cartoonprn.com",
                "www.pornrewind.com",
                "putlocker9.watch",
                "notfans.com",
                "dramacool.ac",
                "pornvibe.org",
                "rape-tube.me",
                "muchohentai.com",
                "www.mypornhere.com",
                "teens.ooo",
                "xnxx97.com",
                "xnxx90.com",
                "prothots.com",
                "influencersgonewild.com",
                "www.xrares.com"
            ]
        },
        {
            "rule": "loptyinterva\\.xyz\\/floater",
            "cookies": 0.00281,
            "fingerprinting": 0,
            "subdomains": [],
            "apis": {},
            "sites": 29,
            "prevalence": 0.00291,
            "cnames": [],
            "responseHashes": [
                "ca74e2d6dd3925af2bfb3a903c57e03af209e6df7de438b244c0d09034aca552",
                "d9d7d19495c95d5b2742b92736fdd0528241e1dff061d12a5d68ef1d1c5b25ac",
                "4cbfeab9847fd6a1c0c377e6dc1f44a4ca114b1c00f29f7f11c7312fb485d3cf",
                "077b2e29b88a8f2b208959325853cfd02f8c4554964d1989b2686ba0a0ec21e5",
                "ebb95a88e29b447b64a1e911d4f92a551be47b07bafb12ae28f672c30b0da1cb",
                "f0760636a936898f94c7a631617a55c5e39f24728766729bdffb5b364893cc1f",
                "f33b641b03e494076ec87c6352c0c99a39d0f8ea52c35b3ec04a67f711f92151",
                "06636f0ca5294a262c2318ae0b6a98cea85a9d3afcebfa5ef3cd66cb25e021c8",
                "e8569776fa937501b7dc7ec9369b7b64e88a229936024c766e5af5ce436cdde5",
                "2e6ff5a316db584e89f465ec3956d702f4bf4ae9704e85366868d3ce27741538",
                "6411e7234f651974cfce15a6efb11873eeeae443c8a1727beb027dd5ef8f9b81",
                "41c81cdc1ed7eb443b2e2c966edaa3792024911ad573963dfafbeea2d433c66e",
                "1061e4de5229b74ead8f06d43722faa1805e608d7115265ead69b8d3c6728976",
                "17b8ebd0ca3d52f3144850addbe694857f259444fd39200ac76936946783b354",
                "c2237b72cb8bec8abf68cc3f6831b5d329a0bd52176a644ab13d3f903ed93299",
                "c59c1c88e6feb8092b3ba21fa9416c89972bc732ec43945a1dc11eac8aa3fe71",
                "11d7aef02dac85b607dacc80eebacf2bf3ce8ea7fdb0e1d644ba09e4ed2f4a76",
                "4f81c013c9b685ab10cf56b455ec4d6d3331b802cf7df2c969930a0d49e0ba0f",
                "f824bbc61c6015efe941ab64bfd9b7430d209e63397400a56c57f0d88d6a1eb1",
                "aeb7931b8aa35507d6bb73acf95de3df02d7b06e1806204c10852207848f2b2f",
                "bdfd55a9b85e2b948c7dcb4faf653427cfd68e8ec82f8fa9fb4bf779d911fa99",
                "0ae6f8dbff7dc9ca6d4ae853195db9070cfdd2a340b61b355050b450c4a5ad96",
                "e6a6b6e361786df0bd3f88efb6f5a939fc83823a2b9eb8f02a1501c315ff04e8",
                "6605765955d9a805c55a28830ee5afd10a2fcca5d387676cce6580b81734cdfa",
                "0b4fba71045441af0706de92a53f6e71f8550723a736c6a872712094d021d6f2",
                "b1b3a7adfcf98d0fdf19c523eb93da992a859a6a9f9bb9f24d33f75f40ae43bf",
                "cef0378c2bdb18867cf7c28376de97c427c45318a95cb4091b700cae01de21bc"
            ],
            "type": "XHR",
            "firstPartyCookies": {},
            "firstPartyCookiesSent": {
                "_ym_d": 0.00010033109260559848
            },
            "exampleSites": [
                "justpicsplease.com",
                "www.heavy-r.com",
                "www.homemoviestube.com",
                "pornvibe.org",
                "xnxx90.com",
                "influencersgonewild.com",
                "teens.ooo",
                "milfnut.com",
                "rape-tube.me",
                "biqle.org",
                "prothots.com",
                "www.pornachi.com",
                "www.sexnarxnxx.com",
                "animeporn.xxx",
                "www.amateurporn.me",
                "forced-porn.net",
                "xnxx97.com",
                "dramacool.ac",
                "notfans.com",
                "xnxx95.com"
            ]
        }
    ],
    "categories": [],
    "performance": {},
    "cookies": 0.00341,
    "types": {
        "XHR": 64
    },
    "nameservers": []
}