{
    "domain": "meredithcorp.io",
    "owner": {},
    "source": [
        "DuckDuckGo-NL"
    ],
    "prevalence": 0.000702,
    "sites": 7,
    "subdomains": [
        "imagesvc"
    ],
    "cnames": [],
    "fingerprinting": 0,
    "resources": [
        {
            "rule": "meredithcorp\\.io\\/v3\\/mm\\/image",
            "cookies": 0,
            "fingerprinting": 0,
            "subdomains": [
                "imagesvc"
            ],
            "apis": {},
            "sites": 7,
            "prevalence": 0.000702,
            "cnames": [],
            "responseHashes": [
                "cd92c4953fdd2d4de1396def64d4ece443925bbfa6cc13b457fe37279df87035",
                "ee573b5b813859604dc212b4710def82c0ac8d1bd240b64704b46f3acbd621fb",
                "4e92debb922c2a24499159ef67d9098cbdbc36903c520b4d607580e07ac40277",
                "cc2516592880ba9701d73ed22dc09ca12b79fc404007990cd033b0c1461412b9",
                "e27ae6940f49ca5766292e3fdc7425a0b443cf27430074222c0f4fb89f5f5dbb",
                "e25b4c28141a01568c10b32b0567a922d6844272fc96391b0353fcce7840be9a"
            ],
            "type": "Image",
            "firstPartyCookies": {},
            "firstPartyCookiesSent": {},
            "exampleSites": [
                "ew.com",
                "people.com",
                "www.allrecipes.com",
                "www.health.com",
                "www.instyle.com",
                "www.marthastewart.com",
                "www.shape.com"
            ]
        }
    ],
    "categories": [],
    "performance": {},
    "cookies": 0,
    "types": {
        "Image": 7
    },
    "nameservers": [
        "ns-61.awsdns-07.com",
        "ns-912.awsdns-50.net",
        "ns-1420.awsdns-49.org",
        "ns-1840.awsdns-38.co.uk"
    ]
}