{
    "domain": "ntvpinp.com",
    "owner": {},
    "source": [
        "DuckDuckGo-NL"
    ],
    "prevalence": 0.00391,
    "sites": 39,
    "subdomains": [],
    "cnames": [],
    "fingerprinting": 0,
    "resources": [
        {
            "rule": "ntvpinp\\.com\\/in\\/multy",
            "cookies": 0,
            "fingerprinting": 0,
            "subdomains": [],
            "apis": {},
            "sites": 39,
            "prevalence": 0.00391,
            "cnames": [],
            "responseHashes": [
                "0d610b05149eba809ed8f123cc190bcfd8f289c9533cba42fec8e12d9089351b",
                "52de4f4432122c19c0e532c0431e61ad44c7a8b69504655aa75266b3b10c5d6f",
                "14ba714883e6cc57b68c204d301e80153daab98fe19ef30ae567ab0bd674af34",
                "a6265bb3e65836fc23d38aa5e9543056e605ae5614b27b958a708c2632406a14",
                "272a33c6a093e54ab0715f53809140e8a540cc20030cb3bc7178c13229ed6a82",
                "af24e0b06e2565c0516d16fd737722b9f2e3fe2877908f1d6f0dbfe5d0de4874",
                "0bbdb41e340b456bc01cec21e9a82275fd6d232a4e509efb8f0955575926553a",
                "263563f58b065b38791b3c2065837c5f2b7796e2a9e3cb5918624b36514fd7cd",
                "bb1241d4c43725265347f15481b1c3569a2b07bb8224caabe837f65028709b94",
                "d8fe859f5a9976636ad2fb4b1db3aeb3970f88be796ef3bce9441d585ebd5429",
                "ceda7d031a1cb42aa80fcbf64df34c1691383e219bb5c1f377facf4009c898de",
                "42e330ac12ba7eea4d4fa756f8649e123babcb5d6b4c6fbd742b2cc69bf71c70",
                "25a948e5c1f2b0e3c87cf320286bed272a4117477eba2b2fcd0873fb6c5e1917",
                "3ea576ae3de22a850ea6234680438543f05a44d4db72dfd7c01b1fb869d95211",
                "e46bac7baddc0166e55c4b10be44ada00550f13ebd6d151354d91189e58f85f7",
                "eec238ef69def4b1dede3a2a680ce73744a4e3050a4b0054d2f9cb4a1827489b",
                "d4dc31917edd4dcd2fbfff5a78838943d349f063e1879255f3752e66fcea819b",
                "da264e60daf9b9430423ec0cfa0d13b2149d36e92f133a35df7d6524fddb4475",
                "d7a84afb35ea48feff5aa05700f13014bd7a8d916f646ab8f760647c6100f508",
                "5223959f3d0c909b6227fa295048b8cdc3a5642d8cc07cdd67b18f123cb0890e",
                "653117a431bf7e9d55fc05cdeac5f45d41c65b08eada37a4dc80160de0377db1",
                "7f73c7bba762cd6f9056262184b2f80ae0087d80781e7e45e6700bc59a13b081",
                "7bff0553b85b2eee423195e2f2634120ae70ebc3ccb39e6dd976f189e8fc6de5",
                "64f774c92056d6fe1b1aa9fc48b335311cb01dd9655405ca130b895cf2e0c696",
                "65df5c7fdcbe073770dc66cbc49367fcc8719769908e74f267d41bba2cd0cb7a",
                "38adf8abfd635de037b6f6ee78cdbf6ecccee474ac29d6c857c10bebe04c3e22",
                "14e963f4008b88ac6e64fadede7bf952d5f0e85365294661e407f67b12754e28",
                "e11049e5aba1677c9307645bc798438be8fddb5d8ab5ce9d2efe844d79b84f8e",
                "c9622b10eed5437f2be2675525c29821d3875e7e66ecd0c6ebf818fbc9ed8317",
                "5298a8e6eeac14461305f3474a27a92fdb27890a1e1489e1208f248d4eb726f5",
                "f5af4c26ad8fe339ce8549e35c19d918f85d575afec38bd43a2175e1f520b4c8",
                "25938eb96e1992b331acaec622f9073425cfbb62573782fc1d0488a0fed96ff8",
                "14274cf1064cb73d8c6ac52eaf88120e1628eb25bf7f6676f3415e7d55833f28",
                "264462f15acf4d4b0ead6fb3717cc05446a2325d877d6569614cf1da23303d8e",
                "2d7a98d92e5215ebe30f81d69f1ba9d061210ecf5b9a20ffec6c1d5ab617d1a4",
                "88914677d30d0d0d30f92e1754f92513e045ae2ccdd0349efed2fa114b495260",
                "53ffe5f4e381cfc674a3a8292ac00e04a45be6110dcc94bf60518675518d6cf0",
                "84cf06a9b0526784e8ba566ef3eae48307087820bbd6464ddeed3bf2dfa0af8f"
            ],
            "type": "XHR",
            "firstPartyCookies": {},
            "firstPartyCookiesSent": {},
            "exampleSites": [
                "smallnudist.eu",
                "javhub.net",
                "www2.javhdporn.net",
                "darknetdesires.top",
                "txxx.com",
                "javtiful.com",
                "extremescatporn.com",
                "nudistsmall.eu",
                "www.perverttube.com",
                "highporn.net",
                "www.wahedsex.com",
                "deepgoretube.site",
                "pornzog.com",
                "javgg.net",
                "xhamster.pet",
                "pornone.com",
                "www2.bestjavporn.com",
                "myscatporn.com",
                "xxnxx.fun",
                "www.xpee.com"
            ]
        }
    ],
    "categories": [],
    "performance": {},
    "cookies": 0,
    "types": {
        "XHR": 39
    },
    "nameservers": [
        "ns1.digitalocean.com",
        "ns2.digitalocean.com",
        "ns3.digitalocean.com"
    ]
}