{
    "domain": "ntvpinp.com",
    "owner": {},
    "source": [
        "DuckDuckGo-NL"
    ],
    "prevalence": 0.00351,
    "sites": 35,
    "subdomains": [],
    "cnames": [],
    "fingerprinting": 0,
    "resources": [
        {
            "rule": "ntvpinp\\.com\\/in\\/multy",
            "cookies": 0,
            "fingerprinting": 0,
            "subdomains": [],
            "apis": {},
            "sites": 35,
            "prevalence": 0.00351,
            "cnames": [],
            "responseHashes": [
                "0cd48de301ac63aa236bf4e90486e828d2bbd698e37643d42fb5356cb22e85df",
                "61d575175fe67e8a4d432c1bf4c8053a493c6c0fe483504ddb26134d3c3e6611",
                "49ab09024776f6dd9cb128d5446b8fd2f021c7e984f13bbadaa0f2dac9582173",
                "ef3b13007c1ade67de824d0d8c9a1f6a2b242b0b669af74470b98a118f5d7fc4",
                "91b2a4456a223cb2f50cf01f6bc98a3af89b86387755c2d270bf43b36e1ba9e5",
                "ef8d500fb07e233e3c1c47a70ad531522d385f11b08cd4836d8323b0752adeb1",
                "4dc5ba3484cab62140b1a63755545427c3565de2d80ef06ca53b3ee4982ddbeb",
                "63bda224b114af517f1ca511439561d04783f03097d240eee473b9dfcd27a5c7",
                "bf6903f02906da68b6ba6e47a31af13017de79a543dc7350150457270b5222eb",
                "f51fd184ffdf1a2648ae0b44427964c339d21c6b00b39e7fdf852a1ed763684a",
                "8ff2c1ea9ef22385aa1492ff7e62587b46d28130b732e5e010ff7ccab8f310a8",
                "28d3db59d76629e8e07f0d37b40987fcef0f6d3082574dea5111e1f26bbc4507",
                "b67593273790f98cab454bf93efd1b07e7ba3a78db014af73b62ec705334fe0f",
                "cdd9ef94512bbb39294729eda7aae2a28e14d0cc75937fba60cc5248b2e7d984",
                "74e33e818a772f99c81d3bd917ddd6326b4d6140d2784b2ddc254740c0d346ab",
                "c6fb0487f234fd1e653f63dafd4173e5e2760bc0402e0b25c3c32a3bc7cfb278",
                "936d0ac8b8c7a720abe0829d7d5fc4c0b1a26c96ea8ff03483aef20525f54dc1",
                "8baec2c303992aa60ed003c3e4c5af3cba505cfcb7c7f74873b6ce531d29f1ed",
                "9b2e4952f716498521d7869fcb50ebed625cc50db3d3ed5a287a20a5c126480a",
                "41a2dbf125a5f61854dcd7e4d414a06b78d4a5aed91f1b6b74ee021a58cf97fb",
                "b1ddbafa674a3ee872ee5e0f924671bcd8cfd755f7ae9b4b329737f9b69c86bb",
                "ba33b77353a05c111d58e4e79c4820f4d9129ced330044ebfe80b40a6497569a",
                "5ae2c5bb8ab3b88281f3db773b0970f1bf197133cb7e2f981fb0430cb919d902",
                "bfd5405b0dcef0347a7c2f67f8f218483c80a5cb16ae176a8e1de13d60a812d0",
                "cb7eec2611102849117b86788f96ec784f3f0122f62d9380689569157eec9761",
                "db44d53f92a4e8348a19eaee8c41642857a17aaa82ae77efcd98595162a968b7",
                "06b945cb558d0a4deaf9aa1379edf8ec84c840c5ba7d8e8fda06e6e055dab753",
                "972ba8722e7732925acc16b26cf1acdad3ec9cf54042f04058a3d6bc0563bf1d",
                "c7355d83ef952016a2443b15def11c6fade4f6f3a3336f427dd2a083f36ba430",
                "60af8c77b386e7f0ab1e934c90fe293c2c6f4c039bb0e9ee988f2f5163f7712c",
                "2c4c4628a80ec099851ec6793a92734a286d2978fc68635553616ff90df11eca",
                "ba6b168ce087778996c6cc64fc769eb0bf4d5c9e85851433d1d21834cdea56f1",
                "8e8c732818a56760a4f342a174d77a0be0c743645095e55d4d606e227735fb56"
            ],
            "type": "XHR",
            "firstPartyCookies": {},
            "firstPartyCookiesSent": {},
            "exampleSites": [
                "vjav.com",
                "nudistsmall.eu",
                "www.hitprn.com",
                "nekopoi.care",
                "pornone.com",
                "extremescatporn.com",
                "en.pornosearch.guru",
                "www.perverttube.com",
                "shittytube.com",
                "www.xmegadrive.com",
                "javgg.net",
                "www2.bestjavporn.com",
                "www.eroclips.org",
                "upornia.com",
                "hclips.com",
                "messytube.com",
                "bokepah.com",
                "javsubindo.com",
                "sandraorlow.xyz",
                "pornogids.net"
            ]
        }
    ],
    "categories": [],
    "performance": {},
    "cookies": 0,
    "types": {
        "XHR": 35
    },
    "nameservers": [
        "ns1.digitalocean.com",
        "ns2.digitalocean.com",
        "ns3.digitalocean.com"
    ]
}