{
    "domain": "promo-bc.com",
    "owner": {
        "name": "BongaCams",
        "displayName": "BongaCams"
    },
    "source": [
        "DuckDuckGo-NL"
    ],
    "prevalence": 0.00622,
    "sites": 62,
    "subdomains": [],
    "cnames": [],
    "fingerprinting": 1,
    "resources": [
        {
            "rule": "promo-bc\\.com\\/promo\\.php",
            "cookies": 0,
            "fingerprinting": 1,
            "subdomains": [],
            "apis": {
                "Navigator.prototype.userAgent": 54
            },
            "sites": 62,
            "prevalence": 0.00622,
            "cnames": [],
            "responseHashes": [
                "429abae2f5d31ebfa7c3d51a46d604cf63aa60f35c7fd8b21192b470a4666a5c",
                "6cc918f9359d7ca0b10df892c811fbccfc8de36bd9145042d0e8ed9756a85adc",
                "d2a634cb095f9cfd647b7e506832f5a6f0a4508a3183e852c8151446483baab9",
                "81ac72e69e8008ea6f3e5416086c49ceb4b487e012323107991cd05a6d39b470",
                "4125072de0313fc3931037d0680dfcd32d7af7f53911fbaf72fbd9a2fa4b2e58",
                "9a8ecee4a391dcc4381544e7564ce34b825c37731b77cd514305f97253619f72",
                "b4530885b24e4d32dbf35d2130cfecc72a5024584fbd9e2929d9e1fc2da97dbd",
                "8aadb2d5cc47cc6108ccb6a802761c51b43ba02be0fabad7cb376ba6ec29b621",
                "2d4bc04b3766202c48dab5b30750f379f7b1cd6b644f0f3a5798959a5498f221",
                "f0c632c4ab38c6dcc42538b73e684ad2e55bbc92653e44372a602228f4c7a909",
                "adb13fe0d9d98f8a82a7bf1339a08d0073fc94f8fd10ed0eaf516920f40e7a78",
                "3cecc86c7d52ddbc7e48bcf0b184aeaed3173a9b8523cc291860fd108aab0007",
                "ab1dd6a5a6c4d465889d2adbdb302e8fcc181dfc221d8626e1bc81e77c31f693",
                "f582ab5e4203871cabd28e14560fc7f1998db57af22c160eae68bf3830f50137",
                "f9840169a1a67d52e8677cc53c74c5833e7deffc83b5fa2c38e40f436bc61cc0",
                "f6e9d82aed055b091410c8f6dd183dc1f5139baf97852efc7908931b85da07eb",
                "4662601a383ffd726e663f95e5e437b9ed9a3d6ff274a8227b191ad6bb9ba436",
                "34352d9957b62ac4d95a99f29374e7178422f0c40fd697b6415fa64438d6b468",
                "05fc9eb2675bc87b5b65d4252748a5e1898dea919cedd1213dc4252371915156",
                "516a7a9b88dfcd972ba06a08ddce8dedfd5188c195d40c84099f249983388259",
                "0c54927640eda15746fa1fdcc368973784ed411bb5b63c18c8696f51466cc5d1",
                "ea3f11b260954f79e2096b4b5897623db15b0db1436a4470161d8d9bf37643c3",
                "b0f86fa69394d24e6e0789c8fca30d6aebde53cb12082820d2ad3d6a98579b96",
                "cea422889ebbc02de0719f1d56dfa98d1fb2cae611bf74133178edc28eaae684",
                "523eb6057b54665ea55a59dd7a5d966a023f1cde4c03d261ab0d0fc1f182c569",
                "e7b68a79e9aec3cb50606ac5b2b35f637ceb560dca1b0b22341291968cf54156",
                "f74a79f28b76eff6962ee12c00d210339a8b3a07208555c066f562f19a2f0c1b",
                "e2cf36b6f2cac8896dfb55414eee10a155b4ac649ba059ec6fd895d7535b8704",
                "ca76c68a7b3bfc9d0c0c9f71afecd52e56ff21febbecdf838f8be3c20f02e28b",
                "84f46bf0bfcad12c158b26c64a7da028feb66961df030ca0f592bcd91127d5e6",
                "9b6bff66ed447495d6bacdd382bbe03426d523817d4dbca7803754da95203185",
                "5519d2fab7d7765d94f4abda101bde83f27dd431960af7a9b1566ce9b24bf1d8",
                "3d4af269c6d4fd0bd9220eff45b77ea6c30e1df88cf604d100d9961bafbd603b",
                "d53950d26107d179220ac089e601db7c2b713825937fa91ee1b47e311d4a3016",
                "655cba309c4def668716435fb768b0b64267fa2a32e85ecf2745b918cad67fbe",
                "e127e34767cf507aa98782f0a47e3a3fdfae9e64324b8250ce133bd733837712",
                "80d9ff3e794c5d9b315f1c8d649d4d1e218b2a9ab8b39f582842c2ab40381462",
                "d372c120b1a75e0badf53e3a047ec297eeb2c7cc214d3c9869c38b8be6f81063",
                "39db4943699fe6f6669f63502cf1c21f9da9ef166d652bd38fe844ca73b6396a",
                "c190b3ec4c6f3c5563dc63835e7ccba43eab1f066998da2bcdfea50103692b0c",
                "66198be16e9c34bd1902dd690f6854ce08ce68ee740adad2e1d09d3bb610ad59",
                "6cf5aecc8261a97080cdb8a59fd1d3fd5bfb23a94b88f52e23c458084a049ad6",
                "89649213898d63a33962fafd2b74eabca554c3cedc940d2c129f4f5e4ea9e197",
                "8a90d81d7eda00b419e6a9ddedd18b029473fd8877a003dcbd4bbb005ff4ce1f",
                "cd72fdd696ede39b7557157bc4dbf9295a1c4de715dbdcaca897f85d4fff834f",
                "a0ea0fbeb84921459c75aa0bf32a41ae41b531a89c02c99100e191ad76ecd0f5",
                "f54e5614d5b42238b0632d22b5dc86cd6f539ec144275231797e68267022de78",
                "234c67fbde92e8ac0f104562d0df561623d603cb5e952e26f63f9167e45edcf1",
                "121f145f017e57b3ccf350d0c02ced1af14dbe74e449fa54aa669695bdbde41e",
                "c978971a03997a5edf08b53181b1f4c08f46d3245ffd78c9e07711986f4b8593",
                "f685293509e47dae001c7331fd7f7c585924f2cf6eb198e66e7f1f5d65bf205d",
                "bdb3ee0dfc08aeabe5d62bf98c74fa1bbc5747f7b8484e7fd0d5e55839d837cb",
                "ff07d7ab20ad552c9479766e5bb33cd70c243fde3e9c45d9cd45beb406d34a2d",
                "ee36e49ba12fc1928d8ad78d6dd0f837d146bde53b2fdee4b9ca3eb963445be3",
                "262d46bf89aea84fcedec2825569cf6bd2a73137f36ac60e4d18432c4901e4ca",
                "d42a7e4820cf36aa3f93de3dbcae516341b80eebbe0e21a83489d817ac8f1bd8",
                "79be255191092c02eb192e3c8436f18cf81d6bc290b8ff1399badf1e5f452c07",
                "2b15325409e846e7bec7f47efd8f57f37926030d96c73f35091cfabffd734861",
                "81bfe71750ae061d0738cdca038faf9388ef57b4c43f1575747d94335fefc61a"
            ],
            "type": "Document",
            "firstPartyCookies": {},
            "firstPartyCookiesSent": {},
            "exampleSites": [
                "abgcrot.site",
                "pornofaps.com",
                "javsex.guru",
                "www.iceporncasting.com",
                "xart.letfap.com",
                "en.pornohd.porn",
                "fullxcinema.com",
                "m.mylust.com",
                "www.trannyvideosx.com",
                "xnxx.party",
                "redtube.zone",
                "myhentaicomics.com",
                "lewdstars.com",
                "www.indianporn365.net",
                "picsninja.com",
                "fullscatmovies.club",
                "beeg.porn",
                "m.3movs.com",
                "camgirlfap.com",
                "www.pornjk.com"
            ]
        }
    ],
    "categories": [
        "Advertising",
        "Embedded Content"
    ],
    "performance": {},
    "cookies": 0,
    "types": {
        "Document": 62
    },
    "nameservers": [
        "ns2.gnsbc.com",
        "ns3.gnsbc.com",
        "ns1.gnsbc.com"
    ]
}