{
    "domain": "puwpush.com",
    "owner": {},
    "source": [
        "DuckDuckGo-NL"
    ],
    "prevalence": 0.00271,
    "sites": 27,
    "subdomains": [],
    "cnames": [],
    "fingerprinting": 0,
    "resources": [
        {
            "rule": "puwpush\\.com\\/popunder\\/in\\/show\\/",
            "cookies": 0,
            "fingerprinting": 0,
            "subdomains": [],
            "apis": {},
            "sites": 18,
            "prevalence": 0.00181,
            "cnames": [],
            "responseHashes": [
                "06797e35ab40c8a6b4f3d8ae23cd67dc1dbb573673f24850524a52d51ef0d370",
                "1e3d6bda3d3d76bdb4de6bd5916b429230219a0f549b06d82e4c565733331f68"
            ],
            "type": "Image",
            "firstPartyCookies": {},
            "firstPartyCookiesSent": {},
            "exampleSites": [
                "babesflirt.com",
                "bokepah.com",
                "deepgoretube.site",
                "en.pornosearch.guru",
                "javgg.net",
                "javhdmost.com",
                "javsubindo.com",
                "loligifs.archivexxx.xyz",
                "messytube.com",
                "nudistsmall.eu",
                "pornogids.net",
                "shittytube.com",
                "teen-nudist.top",
                "vjav.com",
                "www.eroclips.org",
                "www.xmegadrive.com",
                "www.xpee.com",
                "www2.bestjavporn.com"
            ]
        },
        {
            "rule": "puwpush\\.com\\/get\\/",
            "cookies": 0,
            "fingerprinting": 0,
            "subdomains": [],
            "apis": {},
            "sites": 12,
            "prevalence": 0.0012,
            "cnames": [],
            "responseHashes": [
                "bf4e715fcc7bbc686ec6a93ada9f70bae59a0d103507e6417a6688b6003670db",
                "6ea3eee57d73c9247b057b3216ccbac3f3c985b517582f8a7bd1080b3d92955e",
                "e3b0c44298fc1c149afbf4c8996fb92427ae41e4649b934ca495991b7852b855",
                "7bbca4ee3d83205f7b71350e40bd654d73500d134500ff1a861a0507470f8711",
                "b407b23dff09bdeecd600f243962d03c4e2dd0578321077519d86531421cfd7b",
                "2e1d6ddd1e2e3f05a6366433301405c3ca96b766a2ac364b9cbe376488e75a1f",
                "d2c47811b1e8c8b6d36ac0766488a35b9c9cc514037357bbd61822e74de16568",
                "d5c6dd0e63a5f99148c7cdc7e9ca24956cf796f41dc2ad4e2dcc3eb0fde57531",
                "f8a09139a7054ca28ac3383a227735501a07c08ec38b2652552f9c7d104b2f68"
            ],
            "type": "XHR",
            "firstPartyCookies": {},
            "firstPartyCookiesSent": {},
            "exampleSites": [
                "extremescatporn.com",
                "hcbdsm.com",
                "hclips.com",
                "javhdmost.com",
                "messytube.com",
                "thegay.porn",
                "txxx.com",
                "upornia.com",
                "vjav.com",
                "waridnews.com",
                "www.perverttube.com",
                "www.xtremehard.net"
            ]
        },
        {
            "rule": "puwpush\\.com\\/get\\/",
            "cookies": 0,
            "fingerprinting": 0,
            "subdomains": [],
            "apis": {},
            "sites": 12,
            "prevalence": 0.0012,
            "cnames": [],
            "responseHashes": [],
            "type": "Preflight",
            "firstPartyCookies": {},
            "firstPartyCookiesSent": {},
            "exampleSites": [
                "extremescatporn.com",
                "hcbdsm.com",
                "hclips.com",
                "javhdmost.com",
                "messytube.com",
                "thegay.porn",
                "txxx.com",
                "upornia.com",
                "vjav.com",
                "waridnews.com",
                "www.perverttube.com",
                "www.xtremehard.net"
            ]
        }
    ],
    "categories": [],
    "performance": {},
    "cookies": 0,
    "types": {
        "Image": 18,
        "XHR": 12,
        "Preflight": 12
    },
    "nameservers": [
        "ns1.digitalocean.com",
        "ns2.digitalocean.com",
        "ns3.digitalocean.com"
    ]
}