{
    "domain": "pzz.io",
    "owner": {
        "name": "Kizitos Holding B.V.",
        "displayName": "Kizitos Holding"
    },
    "source": [
        "DuckDuckGo-NL"
    ],
    "prevalence": 0.0013,
    "sites": 13,
    "subdomains": [],
    "cnames": [],
    "fingerprinting": 1,
    "resources": [
        {
            "rule": "pzz\\.io\\/pzz\\.js",
            "cookies": 0.000602,
            "fingerprinting": 1,
            "subdomains": [],
            "apis": {
                "window.localStorage": 12,
                "Document.cookie getter": 5,
                "Document.cookie setter": 6
            },
            "sites": 13,
            "prevalence": 0.0013,
            "cnames": [],
            "responseHashes": [
                "6761800a0a26d86ba337724897f4c6dd2298b79037a159c50db08ca552212cb7",
                "4cee65b5c8d0a55c4d04a56b5c3beeea8a5603b22f73e7db60391a12a6991e92",
                "dd6f9bf85f4b35381a115d70c468bad633e52352384a27e4f7ef8cc3f23e9bb1",
                "4f1aa91f749bba60dd22487d8009df26c09e402bb28691e88fa368ed7a9b162c",
                "7d243df50146c37b73730a2bf5d7aa65c80b3665f76b5db53a6aa7ff0f7611b3",
                "215a6e87be00fd7254472a3a1a3d033c9c4e10babc28d5c6d65074cf1d857bca",
                "4afe81973ea37e81f405dec69569275443592072193e4d05309debb99e1b7c79",
                "f503f7b92c3e5a4f6c68480c24614dd3771cbdc9634486aeb3efa01eb8c08338",
                "a3f9c44254a992608f981f2d5d2fd23ea432bd88f458f386c70af3a796bf85e4",
                "785f3ff72284148d697c4c6778f79fa18a6a3db1925817ad272c555f13909f59",
                "dd2435ec8049896ea24927fd07dcd5ba8bf67838603ca636cc5d80f27ea9c94d"
            ],
            "type": "Script",
            "firstPartyCookies": {
                "pzz_session_id": {
                    "ttl": 31536000,
                    "length": 36,
                    "prevalence": 0.0006019865556335909,
                    "uniqueness": 1
                }
            },
            "firstPartyCookiesSent": {},
            "exampleSites": [
                "dirksdotter.com",
                "familieoverdekook.nl",
                "girlswhomagazine.nl",
                "www.bartsboekje.com",
                "www.culinea.nl",
                "www.huisvlijt.com",
                "www.ingoedendoen.nl",
                "www.kinderliedjes.info",
                "www.mamaliefde.nl",
                "www.mamsatwork.nl",
                "www.nederlandinbedrijf.nl",
                "www.oudersenzo.nl",
                "www.wereldreis.net"
            ]
        },
        {
            "rule": "pzz\\.io\\/pzz\\.words\\.js",
            "cookies": 0,
            "fingerprinting": 0,
            "subdomains": [],
            "apis": {},
            "sites": 4,
            "prevalence": 0.000401,
            "cnames": [],
            "responseHashes": [
                "19e55706d3f17c72f3850c9ed3a8ed5fb6274f51d7d7a2688d1740dd29dec2cb"
            ],
            "type": "Script",
            "firstPartyCookies": {},
            "firstPartyCookiesSent": {},
            "exampleSites": [
                "dirksdotter.com",
                "familieoverdekook.nl",
                "www.kinderliedjes.info",
                "www.mamaliefde.nl"
            ]
        }
    ],
    "categories": [],
    "performance": {},
    "cookies": 0.000602,
    "types": {
        "Script": 17
    },
    "nameservers": [
        "ns-cloud-d2.googledomains.com",
        "ns-cloud-d3.googledomains.com",
        "ns-cloud-d4.googledomains.com",
        "ns-cloud-d1.googledomains.com"
    ]
}