{
    "domain": "pzz.events",
    "owner": {
        "name": "Kizitos Holding B.V.",
        "displayName": "Kizitos Holding"
    },
    "source": [
        "DuckDuckGo-NL"
    ],
    "prevalence": 0.00121,
    "sites": 12,
    "subdomains": [],
    "cnames": [],
    "fingerprinting": 0,
    "resources": [
        {
            "rule": "pzz\\.events\\/view",
            "cookies": 0,
            "fingerprinting": 0,
            "subdomains": [],
            "apis": {},
            "sites": 12,
            "prevalence": 0.00121,
            "cnames": [],
            "responseHashes": [
                "0c7f4e7e7f5f0ac718ff707c7842f57922d89478b51f605e20dff9d1e9879650",
                "a53e51fcecc90869e84a3eec7a21858d109bf6f6dc772c11bd46fb3ac41d2b8f",
                "10249d5c4d6dd61d857636127a7d4f505207193ed927dad2155c60d8ba516719",
                "56a2044ca8185d98b16042289e1e1d912f0d1b8d4dd2a9e427f9df8738bdf513",
                "deeaded4cd8598b9b408d73a63299998aab460f152f64ad1564c1ebebae5ed06",
                "ddb8c83e3cc9978edfd18b409bb4a895da2cca6e9c6a7847d92dcfdd5b67a71f",
                "dfdfe73443d14becdb0bf53b3d0ccc79a369de78c9735804df6d5ab8b99b1552",
                "a7aba1cacdb8134b20d4ec90618b4e6064f70df91010daeafd6579e76fd2280c",
                "3d7b5b17f2f95d1ace21d935bf9d9f666977471e34e5da885aedffc050ca810f",
                "b58398389f92aef685b0e130f26f2d312bdf01a05d9fc2982e60818110df27fe",
                "128f7abea81d0933a9eca1f49ad3f87abf87917e538696cbb7cec833ca981910"
            ],
            "type": "XHR",
            "firstPartyCookies": {},
            "firstPartyCookiesSent": {},
            "exampleSites": [
                "familieoverdekook.nl",
                "girlswhomagazine.nl",
                "manly.nl",
                "www.bartsboekje.com",
                "www.kampeermeneer.nl",
                "www.kinderliedjes.info",
                "www.mamaliefde.nl",
                "www.mamsatwork.nl",
                "www.nederlandinbedrijf.nl",
                "www.voetbalshirts.com",
                "www.wellnessspots.com",
                "www.wereldreis.net"
            ]
        }
    ],
    "categories": [],
    "performance": {
        "time": 0,
        "size": 0,
        "cpu": 0,
        "cache": 0
    },
    "cookies": 0,
    "types": {
        "XHR": 12
    },
    "nameservers": [
        "ns1.transip.nl",
        "ns0.transip.net",
        "ns2.transip.eu"
    ]
}