{
    "domain": "pzz.io",
    "owner": {
        "name": "Kizitos Holding B.V.",
        "displayName": "Kizitos Holding"
    },
    "source": [
        "DuckDuckGo-NL"
    ],
    "prevalence": 0.00121,
    "sites": 12,
    "subdomains": [],
    "cnames": [],
    "fingerprinting": 1,
    "resources": [
        {
            "rule": "pzz\\.io\\/pzz\\.js",
            "cookies": 0.000803,
            "fingerprinting": 1,
            "subdomains": [],
            "apis": {
                "Document.cookie getter": 7,
                "window.localStorage": 12,
                "Document.cookie setter": 8
            },
            "sites": 12,
            "prevalence": 0.00121,
            "cnames": [],
            "responseHashes": [
                "68e531ce178e9db1ad9e1ebf4212cccb7320085e35cb09265ab0b5db59d3e644",
                "799b57dd2a506cb49a1361e865e9f317e64eecd2620a43f34988fb95589e3e56",
                "4568b6539f30118426f7bb9913e4e4196d36b4a0c4289096d73b04fe1b487ebb",
                "81d2183bf3da2736bc3896ab313fb271c410e7167ad2580329ae144e48b3b640",
                "12527241e8e104d2160bf465c9e730eabf0a9c112b831461b15d358db499128c",
                "1514a289fb925098d3d08bef20f2cfa570554932fe3f1b8cc9c20a06334f3645",
                "53530c517a59c8f85e516a9b6134fd68a22303a17144fd7038152d90c57613dd",
                "18d560267509d88d3f168e601fb654e37c63f58b5dab2afed3e33bda717ddafa",
                "cdf74fd01c18f89ef7e3d806822cc3041f577487b45294968a7994b9e0a30c0f",
                "f1a272f190899cba45aa2b8d20c75d3d1657160cd496dc988d0e512667a9b44d",
                "4496b53b85766a0af7b5952fb58e517f44fb73e37c66e914d282e49ed40c797b"
            ],
            "type": "Script",
            "firstPartyCookies": {
                "pzz_session_id": {
                    "ttl": 31536000,
                    "length": 36,
                    "prevalence": 0.0008033741715203856,
                    "uniqueness": 1
                }
            },
            "firstPartyCookiesSent": {},
            "exampleSites": [
                "familieoverdekook.nl",
                "girlswhomagazine.nl",
                "manly.nl",
                "www.bartsboekje.com",
                "www.kampeermeneer.nl",
                "www.kinderliedjes.info",
                "www.mamaliefde.nl",
                "www.mamsatwork.nl",
                "www.nederlandinbedrijf.nl",
                "www.voetbalshirts.com",
                "www.wellnessspots.com",
                "www.wereldreis.net"
            ]
        },
        {
            "rule": "pzz\\.io\\/pzz\\.words\\.js",
            "cookies": 0,
            "fingerprinting": 0,
            "subdomains": [],
            "apis": {},
            "sites": 3,
            "prevalence": 0.000301,
            "cnames": [],
            "responseHashes": [
                "19e55706d3f17c72f3850c9ed3a8ed5fb6274f51d7d7a2688d1740dd29dec2cb"
            ],
            "type": "Script",
            "firstPartyCookies": {},
            "firstPartyCookiesSent": {},
            "exampleSites": [
                "familieoverdekook.nl",
                "www.kinderliedjes.info",
                "www.mamaliefde.nl"
            ]
        }
    ],
    "categories": [],
    "performance": {
        "time": 0,
        "size": 0,
        "cpu": 0,
        "cache": 0
    },
    "cookies": 0.000803,
    "types": {
        "Script": 15
    },
    "nameservers": [
        "ns-cloud-d3.googledomains.com",
        "ns-cloud-d2.googledomains.com",
        "ns-cloud-d1.googledomains.com",
        "ns-cloud-d4.googledomains.com"
    ]
}