{
    "domain": "servenobid.com",
    "owner": {
        "name": "Prebid.org",
        "displayName": "Prebid.org"
    },
    "source": [
        "DuckDuckGo-NL"
    ],
    "prevalence": 0.00181,
    "sites": 18,
    "subdomains": [
        "public",
        "ads"
    ],
    "cnames": [],
    "fingerprinting": 1,
    "resources": [
        {
            "rule": "servenobid\\.com\\/nobidtag\\/nobidtag\\.js",
            "cookies": 0,
            "fingerprinting": 1,
            "subdomains": [
                "public"
            ],
            "apis": {
                "Date.prototype.getTimezoneOffset": 1,
                "Navigator.prototype.languages": 1
            },
            "sites": 2,
            "prevalence": 0.000201,
            "cnames": [],
            "responseHashes": [
                "344541f0089c7e6a32af65e54b373fd3096259860b3fe516b8d982e36f3b1bae"
            ],
            "type": "Script",
            "firstPartyCookies": {},
            "firstPartyCookiesSent": {},
            "exampleSites": [
                "digitaltrends.com",
                "www.digitaltrends.com"
            ]
        },
        {
            "rule": "servenobid\\.com\\/adreq",
            "cookies": 0.00161,
            "fingerprinting": 0,
            "subdomains": [
                "ads"
            ],
            "apis": {},
            "sites": 17,
            "prevalence": 0.00171,
            "cnames": [],
            "responseHashes": [
                "1625b6c82c9b30db46aae2de2c0483e09b2b83c2e108af76a9e5d2b791328262",
                "075b6c91eb9c75d758e19746de5e2cbf4ab7b715b7d49a701902ae9f9c9214a8",
                "adc2eaade8907eae261b2ca6e306268b718e22f7142b246580f84805fac4af51",
                "946af9ec66937ffc53d58fe85af9dbfce393966fd02aa52423ccde950a68e860",
                "3e3ded6d24803605760c65bea37e63e9ddc062d48710091754e676af086a062f",
                "91573654f841199786bdde3ae2294bc12d3d422325cd61107a90cafa97531a46",
                "f6bf939ad5ea64a23fd99bac5f8f93953009dd3daa5b58d66a25932b70912823",
                "3d7b5b66a64c0c50ec189d7d8c77d7b51e8de15b12613f058dfcb580dc617857",
                "0d45330dacf9f5de4ff435f15d5f322b954396da5ee48e15f6e82b67011824d6",
                "4604c9a51a21b969e044b4c841facedda3d9aa4d9c8b8bb73c32fd791e32e55c",
                "d6059d50a6adefa0104ba849b14ebf96e37468ac6e981828651adacf1eccf198",
                "dfa563041cc8fe2185f90e57a804b09fb97e3223abc7914531bb404ab641b0f1",
                "523e27fd241746f34daa6721bdb2c27b4c6308843c0b39081aa93390865b93e9",
                "8cd6afd47a2f63df2867b31fde8fbf2f9226684171e6acb6a477dd9a1bb9f66c",
                "9185dff8cad33e6fac245df4c53241d17e73ece3d04fc3721b8de15a6488eda6"
            ],
            "type": "XHR",
            "firstPartyCookies": {},
            "firstPartyCookiesSent": {},
            "exampleSites": [
                "digitaltrends.com",
                "downloads.digitaltrends.com",
                "findanyanswer.com",
                "golangdocs.com",
                "myanimelist.net",
                "pokemon.gameinfo.io",
                "pythonexamples.org",
                "trends24.in",
                "www.askpython.com",
                "www.behindthename.com",
                "www.digitbin.com",
                "www.iplocation.net",
                "www.linuxfordevices.com",
                "www.scoopwhoop.com",
                "www.speedtest.net",
                "www.thefamouspeople.com",
                "www.thingiverse.com"
            ]
        },
        {
            "rule": "servenobid\\.com\\/sync",
            "cookies": 0.00181,
            "fingerprinting": 0,
            "subdomains": [
                "ads"
            ],
            "apis": {},
            "sites": 18,
            "prevalence": 0.00181,
            "cnames": [],
            "responseHashes": [
                "e3b0c44298fc1c149afbf4c8996fb92427ae41e4649b934ca495991b7852b855"
            ],
            "type": "Image",
            "firstPartyCookies": {},
            "firstPartyCookiesSent": {},
            "exampleSites": [
                "digitaltrends.com",
                "downloads.digitaltrends.com",
                "golangdocs.com",
                "myanimelist.net",
                "pokemon.gameinfo.io",
                "pythonexamples.org",
                "trends24.in",
                "www.askpython.com",
                "www.behindthename.com",
                "www.digitbin.com",
                "www.digitaltrends.com",
                "www.iplocation.net",
                "www.linuxfordevices.com",
                "www.redvoicemedia.com",
                "www.scoopwhoop.com",
                "www.speedtest.net",
                "www.thefamouspeople.com",
                "www.thingiverse.com"
            ]
        },
        {
            "rule": "servenobid\\.com\\/sync\\.html",
            "cookies": 0,
            "fingerprinting": 0,
            "subdomains": [
                "public"
            ],
            "apis": {},
            "sites": 15,
            "prevalence": 0.00151,
            "cnames": [],
            "responseHashes": [
                "31d5648df5eebdf3d492b355285870ced53b93143889c04edf9deb94357dd6e6"
            ],
            "type": "Document",
            "firstPartyCookies": {},
            "firstPartyCookiesSent": {
                "_dbid": 0.00010034115994380895
            },
            "exampleSites": [
                "findanyanswer.com",
                "golangdocs.com",
                "pokemon.gameinfo.io",
                "pythonexamples.org",
                "trends24.in",
                "www.askpython.com",
                "www.behindthename.com",
                "www.digitbin.com",
                "www.iplocation.net",
                "www.linuxfordevices.com",
                "www.redvoicemedia.com",
                "www.scoopwhoop.com",
                "www.speedtest.net",
                "www.thefamouspeople.com",
                "www.thingiverse.com"
            ]
        }
    ],
    "categories": [],
    "performance": {},
    "cookies": 0.00171,
    "types": {
        "Script": 2,
        "XHR": 17,
        "Image": 18,
        "Document": 15
    },
    "nameservers": [
        "ns-1273.awsdns-31.org",
        "ns-1852.awsdns-39.co.uk",
        "ns-396.awsdns-49.com",
        "ns-736.awsdns-28.net"
    ]
}