{
    "domain": "stripst.com",
    "owner": {},
    "source": [
        "DuckDuckGo-NL"
    ],
    "prevalence": 0.00221,
    "sites": 22,
    "subdomains": [
        "c-eu14",
        "c-eu8",
        "c-eu6",
        "c-us12",
        "c-eu16",
        "c-us9",
        "cdn",
        "c-us7",
        "snapshot",
        "c-eu13"
    ],
    "cnames": [],
    "fingerprinting": 0,
    "resources": [
        {
            "rule": "stripst\\.com\\/snapshot\\/58482565",
            "cookies": 0,
            "fingerprinting": 0,
            "subdomains": [
                "c-eu14",
                "c-eu8"
            ],
            "apis": {},
            "sites": 5,
            "prevalence": 0.000502,
            "cnames": [],
            "responseHashes": [
                "c395b1b172c9d7eb886c2475c2f7d9b6ebf25397c3b3520c3feedd52e5ebfdfa",
                "f602538bf8582ba7fc9ced74695227e078b0b31fc2e45a3dcf2500b0977547b6",
                "bd59e80a73ca20e79f33fdc67151164ea11048f5a92d4f44e354f687b56a5a2a",
                "b3745d7f83d53692f1ee0c4877a39cda9424cecd8e800b4c1bff10cb4b446695"
            ],
            "type": "Image",
            "firstPartyCookies": {},
            "firstPartyCookiesSent": {},
            "exampleSites": [
                "bossvideotube.com",
                "www.maturemoms.tv",
                "www.megatube.xxx",
                "www.yepporn.com",
                "zbporn.com"
            ]
        },
        {
            "rule": "stripst\\.com\\/snapshot\\/50961685",
            "cookies": 0,
            "fingerprinting": 0,
            "subdomains": [
                "c-eu6"
            ],
            "apis": {},
            "sites": 5,
            "prevalence": 0.000502,
            "cnames": [],
            "responseHashes": [
                "742c9812d77bc4ec5f425a579561fe2e2422b267ac880ce9800d8b0b3c4b2082",
                "ed6713456a7c0b185394f2c53fe157ed6df79ca1c0937fc4c7675a3728a83325",
                "732ffef43a8973b0122c90c5093fb823bdd7aa6c6970fb84ccf7ea1927a0d49e",
                "e48a176c0be12a27c4ccc948e5968091756e0237f47c2734986c2e90d06c7220"
            ],
            "type": "Image",
            "firstPartyCookies": {},
            "firstPartyCookiesSent": {},
            "exampleSites": [
                "bossvideotube.com",
                "chinaporn.me",
                "www.maturemoms.tv",
                "www.megatube.xxx",
                "zbporn.com"
            ]
        },
        {
            "rule": "stripst\\.com\\/snapshot\\/18670719",
            "cookies": 0,
            "fingerprinting": 0,
            "subdomains": [
                "c-us12"
            ],
            "apis": {},
            "sites": 2,
            "prevalence": 0.000201,
            "cnames": [],
            "responseHashes": [
                "7beada8b156699b763e401f39e232a3c8ba66e1bb8158854a1a6636fd3d24235"
            ],
            "type": "Image",
            "firstPartyCookies": {},
            "firstPartyCookiesSent": {},
            "exampleSites": [
                "chinaporn.me",
                "indian-sex.me"
            ]
        },
        {
            "rule": "stripst\\.com\\/snapshot\\/13971979",
            "cookies": 0,
            "fingerprinting": 0,
            "subdomains": [
                "c-eu16",
                "c-eu8"
            ],
            "apis": {},
            "sites": 6,
            "prevalence": 0.000602,
            "cnames": [],
            "responseHashes": [
                "345d1300d20eee8eda6de334b7ec4d41513d717b38df90cd20ccf83b33e34081",
                "b9212c6acadfd6d6190a5cdf42b22e3a675a58192762ee19a98c68f0edbbf43a",
                "5875dead890e48ebf7fdd1a9b267b419a6ace2475d3a89026271d6994ff48620",
                "7d2ddeee25172301b3fcd5f2470058f71484c8ee148fd278b7cb65afa2bf78cd",
                "9c6133ff3fd601e2e8c1be251c2c73eb800d70d1839aa4bf9196d776fe1598d3"
            ],
            "type": "Image",
            "firstPartyCookies": {},
            "firstPartyCookiesSent": {},
            "exampleSites": [
                "indian-sex.me",
                "onlyfansforum.famousinternetgirls.com",
                "tokthots.com",
                "www.milffox.com",
                "www.yepporn.com",
                "xxnxx.fun"
            ]
        },
        {
            "rule": "stripst\\.com\\/snapshot\\/30550559",
            "cookies": 0,
            "fingerprinting": 0,
            "subdomains": [
                "c-us9"
            ],
            "apis": {},
            "sites": 5,
            "prevalence": 0.000502,
            "cnames": [],
            "responseHashes": [
                "c6f6c33fe85f197d369aa52a077a31b07612ab717a317ec00d1baef028f41785",
                "80250afb38f9edea5bc046836af14b200dd65f1d9cb838a4560ba420faab7e8f",
                "5ce853c8eff2d11144f9cec80d63d7c678ab6c6a317a8735262bb62147b9f4e4",
                "05d2365dafdb9381a92e3f4cb51deec302c19c80c75d5d43f26374245fd07ad3"
            ],
            "type": "Image",
            "firstPartyCookies": {},
            "firstPartyCookiesSent": {},
            "exampleSites": [
                "masalaseen.com",
                "tokthots.com",
                "www.maturemoms.tv",
                "www.milffox.com",
                "www.teenyounggirl.com"
            ]
        },
        {
            "rule": "stripst\\.com\\/assets\\/prefetch_stripchat\\.com\\.json",
            "cookies": 0,
            "fingerprinting": 0,
            "subdomains": [
                "cdn"
            ],
            "apis": {},
            "sites": 5,
            "prevalence": 0.000502,
            "cnames": [],
            "responseHashes": [
                "9f39f5b843f16853a732b8ba4b073cc62f3dde7ae745a3a67ec6a33a8d54f71b",
                "63bda5b96b2364f14db3de94c4003aa8cb82a9f9877332d1e31f8ac244c6e17d"
            ],
            "type": "Fetch",
            "firstPartyCookies": {},
            "firstPartyCookiesSent": {},
            "exampleSites": [
                "naaktebners.nl",
                "sendleaks.com",
                "thotvids.com",
                "www.camhub.cc",
                "www.pervertium.com"
            ]
        },
        {
            "rule": "stripst\\.com\\/assets\\/vendors\\.20211014113208\\.js",
            "cookies": 0,
            "fingerprinting": 0,
            "subdomains": [
                "cdn"
            ],
            "apis": {},
            "sites": 4,
            "prevalence": 0.000401,
            "cnames": [],
            "responseHashes": [
                "e3b0c44298fc1c149afbf4c8996fb92427ae41e4649b934ca495991b7852b855"
            ],
            "type": "Other",
            "firstPartyCookies": {},
            "firstPartyCookiesSent": {},
            "exampleSites": [
                "naaktebners.nl",
                "thotvids.com",
                "www.camhub.cc",
                "www.pervertium.com"
            ]
        },
        {
            "rule": "stripst\\.com\\/assets\\/shared\\.20211014113208\\.js",
            "cookies": 0,
            "fingerprinting": 0,
            "subdomains": [
                "cdn"
            ],
            "apis": {},
            "sites": 4,
            "prevalence": 0.000401,
            "cnames": [],
            "responseHashes": [
                "e3b0c44298fc1c149afbf4c8996fb92427ae41e4649b934ca495991b7852b855"
            ],
            "type": "Other",
            "firstPartyCookies": {},
            "firstPartyCookiesSent": {},
            "exampleSites": [
                "naaktebners.nl",
                "thotvids.com",
                "www.camhub.cc",
                "www.pervertium.com"
            ]
        },
        {
            "rule": "stripst\\.com\\/assets\\/main\\.20211014113208\\.js",
            "cookies": 0,
            "fingerprinting": 0,
            "subdomains": [
                "cdn"
            ],
            "apis": {},
            "sites": 4,
            "prevalence": 0.000401,