{
    "domain": "tradetracker.net",
    "owner": {
        "name": "TradeTracker FZ-LLC",
        "displayName": "TradeTracker"
    },
    "source": [
        "DuckDuckGo-NL"
    ],
    "prevalence": 0.00722,
    "sites": 72,
    "subdomains": [
        "tm",
        "ti",
        "sc",
        "rotator",
        "static"
    ],
    "cnames": [],
    "fingerprinting": 1,
    "resources": [
        {
            "rule": "tradetracker\\.net\\/tag",
            "cookies": 0,
            "fingerprinting": 1,
            "subdomains": [
                "tm"
            ],
            "apis": {
                "Navigator.prototype.language": 5,
                "Screen.prototype.width": 5,
                "Screen.prototype.height": 5,
                "Screen.prototype.colorDepth": 5
            },
            "sites": 47,
            "prevalence": 0.00472,
            "cnames": [],
            "responseHashes": [
                "f096c3976fb0f5088f743fd8f2dd0de3ac1f3a74064f5e32a3476cb70b237530",
                "7f28e02aa44cfbf072d71d623062b46c60928aa8fdaf67b1135f01cf5809eb0c",
                "6afc0eb841f1902f8ea08dcca6d61dc9ae3d74bd788ff97cc2101a7dc208590d",
                "a2b2bc5c8d5d709da7b381efcdbb17ca1b9d40e5a1f00208619b3ccf3a98bd03",
                "cf519dee4a35a44f30c9dc0377ad13c62fe4d4df769c9b51d42e71f41b511c35",
                "358b6cd32913e14d1fb487318fd0cd1c0ddada31bed27c82baa60283bcfcb880",
                "c79348554a32419d37575a8dfbabb15366c358a6175175077fd029b14a573753",
                "dbdf194f6095995bb5b380d909f6339ff5176cfc2ebde789bd55fe7c636e67fd",
                "c0575880ecdf330d367d9e7db53fedebab6ea7d7085b4e41c7814222cb1ac767",
                "1afa943cba90cfc1f5edf0ea6de9bb78211f0ce2222ee431d543ca883ab9d5dc",
                "7b6266d12a2cb97508c533ba2e2bf3811e91abc5b9d3f17ef9a60fc3d563f3b8",
                "20bd3b2aea3f30b2a089144922db30f3caf9ad05a261589e1e12ccc2176519bf",
                "b168376ff75853acda1e6cfbb3ff241d2da6c1a1dc206e08a5da59ded1a851e9"
            ],
            "type": "Script",
            "firstPartyCookies": {},
            "firstPartyCookiesSent": {},
            "exampleSites": [
                "manly.nl",
                "lifehacking.nl",
                "www.speelgoedprijs.nl",
                "poetsprins.nl",
                "www.slow-cookers.nl",
                "www.gezondaantafel.nl",
                "bbq-junkie.nl",
                "dejuistekooktijd.nl",
                "www.yourlittleblackbook.me",
                "www.verkooppunten.nl",
                "bigsellers.nl",
                "www.mamabotanica.nl",
                "producten-vergelijker.nl",
                "1001gedichten.nl",
                "gloednieuw.nl",
                "laagst.nl",
                "www.duurzaamnieuws.nl",
                "www.vollemaankalender.nl",
                "www.budgetgaming.nl",
                "www.allesoverhaken.nl"
            ]
        },
        {
            "rule": "tradetracker\\.net\\/pageview",
            "cookies": 0,
            "fingerprinting": 0,
            "subdomains": [
                "tm"
            ],
            "apis": {},
            "sites": 6,
            "prevalence": 0.000602,
            "cnames": [],
            "responseHashes": [
                "f4eef8263281c0b26486637831251059757bc3fdc4c3a48045a8ef8646b36e8f"
            ],
            "type": "Image",
            "firstPartyCookies": {},
            "firstPartyCookiesSent": {},
            "exampleSites": [
                "bbq-helden.nl",
                "bigsellers.nl",
                "manly.nl",
                "www.goalsandglamour.nl",
                "www.vergelijkstreaming.nl",
                "www.verkooppunten.nl"
            ]
        },
        {
            "rule": "tradetracker\\.net\\/",
            "cookies": 0.00211,
            "fingerprinting": 0,
            "subdomains": [
                "ti"
            ],
            "apis": {},
            "sites": 24,
            "prevalence": 0.00241,
            "cnames": [],
            "responseHashes": [
                "f4eef8263281c0b26486637831251059757bc3fdc4c3a48045a8ef8646b36e8f"
            ],
            "type": "Image",
            "firstPartyCookies": {},
            "firstPartyCookiesSent": {},
            "exampleSites": [
                "bbq-junkie.nl",
                "doemaarnatuurlijk.nl",
                "www.radiofm.nl",
                "gratissportkijken.nl",
                "vindikhier.nl",
                "www.huisjetehuur.nl",
                "www.christmaholic.nl",
                "www.italie.nl",
                "www.cirkelzaagkopen.nl",
                "www.zaagspecialist.nl",
                "www.naturescanner.nl",
                "bigsellers.nl",
                "www.vergelijkstreaming.nl",
                "tipsvoorjou.com",
                "www.grieksegids.nl",
                "coquinaria.nl",
                "vlaamskijken.nl",
                "www.hiking-site.nl",
                "kerstfee.nl",
                "www.leukespreuk.nl"
            ]
        },
        {
            "rule": "tradetracker\\.net\\/tracker\\/merchant",
            "cookies": 0,
            "fingerprinting": 1,
            "subdomains": [
                "sc"
            ],
            "apis": {
                "Date.prototype.getTime": 8
            },
            "sites": 8,
            "prevalence": 0.000803,
            "cnames": [],
            "responseHashes": [
                "a836e9c143430b58f5f10553c883b22d2aec0f26d6d203afb4cf9f34ca60a48b"
            ],
            "type": "Script",
            "firstPartyCookies": {},
            "firstPartyCookiesSent": {},
            "exampleSites": [
                "wondershare.com",
                "filmora.wondershare.com",
                "mobiletrans.wondershare.com",
                "pdf.wondershare.com",
                "recoverit.wondershare.com",
                "videoconverter.wondershare.com",
                "www.pricewise.nl",
                "www.vliegtickets.nl"
            ]
        },
        {
            "rule": "tradetracker\\.net\\/",
            "cookies": 0.000201,
            "fingerprinting": 0,
            "subdomains": [
                "rotator"
            ],
            "apis": {},
            "sites": 2,
            "prevalence": 0.000201,
            "cnames": [],
            "responseHashes": [
                "778cb6a19029532a7a0e3c00db59b0fd6e7780a7f8eb5d1da364eb650bd2b6e5"
            ],
            "type": "Script",
            "firstPartyCookies": {},
            "firstPartyCookiesSent": {},
            "exampleSites": [
                "gratissportkijken.nl",
                "www.radiofm.nl"
            ]
        },
        {
            "rule": "tradetracker\\.net\\/nl\\/material_image\\/e1\\/297b278c985448e7f5032030862b4f12ba7cba\\.png",
            "cookies": 0,
            "fingerprinting": 0,
            "subdomains": [
                "static"
            ],
            "apis": {},
            "sites": 2,
            "prevalence": 0.000201,
            "cnames": [],
            "responseHashes": [
                "de9f116c48d9489d81b836abd9b64eab37a7d24d1e75fa6f570fe2a417a7cd0c"
            ],
            "type": "Image",
            "firstPartyCookies": {},
            "firstPartyCookiesSent": {},
            "exampleSites": [
                "cirkelzaagkopen.nl",
                "www.zaagspecialist.nl"
            ]
        }
    ],
    "categories": [],
    "performance": {},
    "cookies": 0.00241,
    "types": {
        "Script": 57,
        "Image": 32
    },
    "nameservers": [
        "ns-5.awsdns-00.com",
        "ns-991.awsdns-59.net",
        "ns-1719.awsdns-22.co.uk",
        "ns-1392.awsdns-46.org"
    ]
}