{
    "domain": "unless.com",
    "owner": {},
    "source": [
        "DuckDuckGo-NL"
    ],
    "prevalence": 0.000702,
    "sites": 7,
    "subdomains": [
        "5d347243-25ba-42c4-b444-0250e1e292b4",
        "30b89a28-b6df-472b-aba2-b745583b71a4",
        "c9c1ada6-0ebb-479c-9698-1070e971ffed",
        "e997390d-0238-4753-b4bf-68d301fb6928",
        "dfb1fc80-dc2b-418d-8973-a93c31070827"
    ],
    "cnames": [],
    "fingerprinting": 1,
    "resources": [
        {
            "rule": "unless\\.com\\/js\\/v5\\/latest\\/txt\\.min\\.js",
            "cookies": 0.000401,
            "fingerprinting": 1,
            "subdomains": [
                "5d347243-25ba-42c4-b444-0250e1e292b4",
                "30b89a28-b6df-472b-aba2-b745583b71a4",
                "c9c1ada6-0ebb-479c-9698-1070e971ffed",
                "e997390d-0238-4753-b4bf-68d301fb6928"
            ],
            "apis": {
                "window.sessionStorage": 6,
                "window.localStorage": 6,
                "Navigator.prototype.language": 3,
                "Date.prototype.getTime": 6,
                "Document.cookie getter": 5,
                "Document.cookie setter": 4
            },
            "sites": 7,
            "prevalence": 0.000702,
            "cnames": [],
            "responseHashes": [
                "d9ec83321db3a7207e174159e17bb9a1283fa52e93d93b0b4ffa3e3b7235829a",
                "2b0e06b26c4c0235c5632a90a5dc9b0398d2043db1e0033b24f5c39c29c499a1",
                "69e3eac4c72811fbe6c24604f476402058d82abd8f8b79d950ead2c30b82fc55",
                "bc0864aeb378f96caa31840065489a8b9eea18598d42de63377c98939e21894b",
                "6306d5d2ccb04185f02bca4ed4d26ef29d444f787d154793aa7e73e6f1f375b5"
            ],
            "type": "Script",
            "firstPartyCookies": {
                "unless_id": {
                    "ttl": 31536005,
                    "length": 36,
                    "prevalence": 0.00020066218521119696,
                    "uniqueness": 1
                },
                "unless_opt_out": {
                    "ttl": 31536003,
                    "length": 9,
                    "prevalence": 0.00020066218521119696,
                    "uniqueness": 0.5
                },
                "unless_sid": {
                    "ttl": null,
                    "length": 36,
                    "prevalence": 0.00010033109260559848,
                    "uniqueness": 1
                }
            },
            "firstPartyCookiesSent": {},
            "exampleSites": [
                "kamernet.nl",
                "www.blokker.nl",
                "www.kruidvat.be",
                "www.kruidvat.nl",
                "www.prenatal.nl",
                "www.trekpleister.nl",
                "www.vismaraet.nl"
            ]
        },
        {
            "rule": "unless\\.com\\/api\\/v1\\/txt-api\\/get-experiences",
            "cookies": 0,
            "fingerprinting": 0,
            "subdomains": [
                "5d347243-25ba-42c4-b444-0250e1e292b4",
                "e997390d-0238-4753-b4bf-68d301fb6928"
            ],
            "apis": {},
            "sites": 2,
            "prevalence": 0.000201,
            "cnames": [],
            "responseHashes": [
                "894bbb4c482a8ffc918dcc10ab70d8cbbd7521a6493064f57b29d600be17d885"
            ],
            "type": "XHR",
            "firstPartyCookies": {},
            "firstPartyCookiesSent": {},
            "exampleSites": [
                "kamernet.nl",
                "www.prenatal.nl"
            ]
        },
        {
            "rule": "unless\\.com\\/api\\/v1\\/txt-api\\/update-visitor",
            "cookies": 0,
            "fingerprinting": 0,
            "subdomains": [
                "5d347243-25ba-42c4-b444-0250e1e292b4",
                "e997390d-0238-4753-b4bf-68d301fb6928",
                "dfb1fc80-dc2b-418d-8973-a93c31070827"
            ],
            "apis": {},
            "sites": 3,
            "prevalence": 0.000301,
            "cnames": [],
            "responseHashes": [
                "692aea779228f927ed112e082d833d2027b101470f5d430aa3126853eaed47eb",
                "f5d2a1f6f2809d477a40dac91be8e8922d5b37338ae9d0374f0930ab9876b94b"
            ],
            "type": "XHR",
            "firstPartyCookies": {},
            "firstPartyCookiesSent": {},
            "exampleSites": [
                "kamernet.nl",
                "www.prenatal.nl",
                "www.vismaraet.nl"
            ]
        }
    ],
    "categories": [],
    "performance": {},
    "cookies": 0.000401,
    "types": {
        "Script": 7,
        "XHR": 5
    },
    "nameservers": [
        "ns-521.awsdns-01.net",
        "ns-410.awsdns-51.com",
        "ns-1843.awsdns-38.co.uk",
        "ns-1497.awsdns-59.org"
    ]
}