{
    "domain": "vlitag.com",
    "owner": {},
    "source": [
        "DuckDuckGo-NL"
    ],
    "prevalence": 0.00111,
    "sites": 11,
    "subdomains": [
        "services",
        "assets",
        "tag",
        "stats"
    ],
    "cnames": [],
    "fingerprinting": 2,
    "resources": [
        {
            "rule": "vlitag\\.com\\/adv1\\/",
            "cookies": 0,
            "fingerprinting": 0,
            "subdomains": [
                "services"
            ],
            "apis": {},
            "sites": 11,
            "prevalence": 0.00111,
            "cnames": [],
            "responseHashes": [
                "a7d967c16e599bb850d1034e2496bbd5c766b28cbc996d8b2a2c5fd65f81bde1",
                "75e9645d0a51bb0435fef43d928ecb1c985ab4dfd88418916c8e1f0726adc518",
                "e6d143e81159b31c4d025f84cf965713c74d6036e646907d696e12ed6584cf0e",
                "67407d9500da0dec6e5fbdc5edcb6d5dffb9ede26c8e1fc322d24a1e805ab9f4",
                "c5d0f70ea1834fb56c5db76c76af18c591d362278ec7e5bbe8bb784ccbc6c9cd",
                "2060301bb8cc76c4546e65ac53e43f22d8cf6c415c10f1ac374b88fb8f3ec71f",
                "3773ced63bebb4036417d40ef099e926321935bfb0ae05eab8355d423ebd75c4",
                "b3178da978afad191adf2dbf0b28e2f944ee4eb0283344e55021f93cf7e64245",
                "5e04872de3f27f7f1136f035b3c6885d8857d1792c7eb7801d53dedac5fb0f50",
                "5d4e124fc519fc006670d9fd1202015358bce7d41c5b8135562e21d2b560cfc3"
            ],
            "type": "Script",
            "firstPartyCookies": {},
            "firstPartyCookiesSent": {},
            "exampleSites": [
                "10minutemail.com",
                "nanoreview.net",
                "pastebin.com",
                "www.codespeedy.com",
                "www.concretepage.com",
                "www.eemskrant.nl",
                "www.how2shout.com",
                "www.includehelp.com",
                "www.mangaread.org",
                "www.poftut.com",
                "www.thetopsites.net"
            ]
        },
        {
            "rule": "vlitag\\.com\\/uv\\/",
            "cookies": 0,
            "fingerprinting": 0,
            "subdomains": [
                "services"
            ],
            "apis": {},
            "sites": 11,
            "prevalence": 0.00111,
            "cnames": [],
            "responseHashes": [
                "76aacba4eece592e3a3281e69a5762c6f10b527a29fbba5eae5ac091f47ae554"
            ],
            "type": "XHR",
            "firstPartyCookies": {},
            "firstPartyCookiesSent": {},
            "exampleSites": [
                "10minutemail.com",
                "nanoreview.net",
                "pastebin.com",
                "www.codespeedy.com",
                "www.concretepage.com",
                "www.eemskrant.nl",
                "www.how2shout.com",
                "www.includehelp.com",
                "www.mangaread.org",
                "www.poftut.com",
                "www.thetopsites.net"
            ]
        },
        {
            "rule": "vlitag\\.com\\/prebid\\/default\\/prebid-v5\\.12\\.0\\.js",
            "cookies": 0,
            "fingerprinting": 1,
            "subdomains": [
                "assets"
            ],
            "apis": {
                "Navigator.prototype.userAgent": 10,
                "Navigator.prototype.cookieEnabled": 10,
                "window.sessionStorage": 10,
                "Navigator.prototype.appName": 10,
                "Date.prototype.getTime": 10,
                "window.localStorage": 10,
                "Document.cookie getter": 10
            },
            "sites": 10,
            "prevalence": 0.001,
            "cnames": [],
            "responseHashes": [
                "e69c37fdfb938853b195b56b6e47e215c275fc85f28be01017e9074fb38be736"
            ],
            "type": "Script",
            "firstPartyCookies": {},
            "firstPartyCookiesSent": {},
            "exampleSites": [
                "nanoreview.net",
                "pastebin.com",
                "www.codespeedy.com",
                "www.concretepage.com",
                "www.eemskrant.nl",
                "www.how2shout.com",
                "www.includehelp.com",
                "www.mangaread.org",
                "www.poftut.com",
                "www.thetopsites.net"
            ]
        },
        {
            "rule": "vlitag\\.com\\/plugins\\/safeframe\\/src\\/js\\/sf_host\\.min\\.js",
            "cookies": 0.001,
            "fingerprinting": 1,
            "subdomains": [
                "assets"
            ],
            "apis": {
                "Navigator.prototype.userAgent": 10,
                "Date.prototype.getTime": 10,
                "Document.cookie setter": 10,
                "Document.cookie getter": 10
            },
            "sites": 10,
            "prevalence": 0.001,
            "cnames": [],
            "responseHashes": [
                "1916cf4455a526aadafd82710bf7304154905dcdf69dd9e0b516a63cc82e27e0"
            ],
            "type": "Script",
            "firstPartyCookies": {
                "sf_ck_tst": {
                    "ttl": 4,
                    "length": 4,
                    "prevalence": 0.0010047221943132723,
                    "uniqueness": 0.1
                }
            },
            "firstPartyCookiesSent": {},
            "exampleSites": [
                "nanoreview.net",
                "pastebin.com",
                "www.codespeedy.com",
                "www.concretepage.com",
                "www.eemskrant.nl",
                "www.how2shout.com",
                "www.includehelp.com",
                "www.mangaread.org",
                "www.poftut.com",
                "www.thetopsites.net"
            ]
        },
        {
            "rule": "vlitag\\.com\\/passback\\/",
            "cookies": 0,
            "fingerprinting": 0,
            "subdomains": [
                "tag"
            ],
            "apis": {},
            "sites": 2,
            "prevalence": 0.000201,
            "cnames": [],
            "responseHashes": [
                "e3b0c44298fc1c149afbf4c8996fb92427ae41e4649b934ca495991b7852b855"
            ],
            "type": "Script",
            "firstPartyCookies": {},
            "firstPartyCookiesSent": {},
            "exampleSites": [
                "nanoreview.net",
                "www.mangaread.org"
            ]
        },
        {
            "rule": "vlitag\\.com\\/pi\\/",
            "cookies": 0,
            "fingerprinting": 0,
            "subdomains": [
                "stats"
            ],
            "apis": {},
            "sites": 2,
            "prevalence": 0.000201,
            "cnames": [],
            "responseHashes": [
                "e3b0c44298fc1c149afbf4c8996fb92427ae41e4649b934ca495991b7852b855"
            ],
            "type": "Image",
            "firstPartyCookies": {},
            "firstPartyCookiesSent": {},
            "exampleSites": [
                "nanoreview.net",
                "www.mangaread.org"
            ]
        },
        {
            "rule": "vlitag\\.com\\/plugins\\/cmptcf2\\/cmp-v2\\.0\\.1\\.js",
            "cookies": 0,
            "fingerprinting": 1,
            "subdomains": [
                "assets"
            ],
            "apis": {
                "Navigator.prototype.userAgent": 7,
                "Navigator.prototype.product": 7,
                "window.localStorage": 7,
                "Document.cookie getter": 7,
                "Date.prototype.getTime": 7
            },
            "sites": 7,
            "prevalence": 0.000703,
            "cnames": [],
            "responseHashes": [
                "645c745c972fa286538b481ff3da9a58bf2a8b2fba6b8a195853f6d221a4775e"
            ],
            "type": "Script",
            "firstPartyCookies": {},
            "firstPartyCookiesSent": {},