{
    "domain": "wisepops.com",
    "owner": {
        "name": "Benjamin Cahen",
        "displayName": "Benjamin Cahen"
    },
    "source": [
        "DuckDuckGo-NL"
    ],
    "prevalence": 0.000904,
    "sites": 9,
    "subdomains": [
        "loader",
        "popup"
    ],
    "cnames": [],
    "fingerprinting": 1,
    "resources": [
        {
            "rule": "wisepops\\.com\\/get-loader\\.js",
            "cookies": 0.000502,
            "fingerprinting": 1,
            "subdomains": [
                "loader"
            ],
            "apis": {
                "window.localStorage": 6,
                "Document.cookie getter": 5,
                "Date.prototype.getTime": 6,
                "Document.cookie setter": 5,
                "Navigator.prototype.cookieEnabled": 6,
                "window.sessionStorage": 1
            },
            "sites": 9,
            "prevalence": 0.000904,
            "cnames": [],
            "responseHashes": [
                "66dd5f0051de3526f39c55dd4329f4f9a587bb0624cc58966b35178970f8d66d",
                "54c46f982d7009d0ba05f6b5a6aa3cef6b51c734a269c94ae861d14b1def1907",
                "53d4fd7884de06010c4e406f22fce8c36018efcde26d02a4bf504e2a9ab33876",
                "e3b0c44298fc1c149afbf4c8996fb92427ae41e4649b934ca495991b7852b855",
                "303e2c589b3d0f99dbb3f7f1b2b929e56478560ae321153b848ea6adca36f542",
                "0f268f3d81cc13e05f43f53d5859ec6968af95c0e9d7d3167bd874ad1ef6d413",
                "63ef3afb4f6ee1f57548b362ac0bb341c5ca8124d0d5cdf0e67d8fbc286fa5b0"
            ],
            "type": "Script",
            "firstPartyCookies": {
                "wisepops": {
                    "ttl": 63072004,
                    "length": 176,
                    "prevalence": 0.000401888877725309,
                    "uniqueness": 1
                },
                "wisepops_session": {
                    "ttl": null,
                    "length": 254,
                    "prevalence": 0.000401888877725309,
                    "uniqueness": 1
                },
                "wisepops_visits": {
                    "ttl": 63072004,
                    "length": 40,
                    "prevalence": 0.000401888877725309,
                    "uniqueness": 1
                }
            },
            "firstPartyCookiesSent": {},
            "exampleSites": [
                "techpulse.be",
                "www.bouwmaat.nl",
                "www.dailywire.com",
                "www.frankwatching.com",
                "www.kidsweek.nl",
                "www.khn.nl",
                "www.siebeljuweliers.nl",
                "www.zamnesia.com",
                "www.zamnesia.nl"
            ]
        },
        {
            "rule": "wisepops\\.com\\/my-wisepop",
            "cookies": 0,
            "fingerprinting": 0,
            "subdomains": [
                "popup"
            ],
            "apis": {},
            "sites": 7,
            "prevalence": 0.000703,
            "cnames": [],
            "responseHashes": [
                "94ab7ef002bd1cf660a664847b69b7a7610fa21f5e1c1a56a3c8d031347406d3",
                "4c17cb03f0efd7bd644fe428e3316847aee761b4e1473e05d838bf3873189470",
                "a13f41cbe7e184cb8536d279e02249e02174a794c48de00405f8309f3e6a7e77",
                "2e62a34527221263a53f395906fb54f115d8ee1abe9bfd2dc05edd9c716a9960",
                "53fcd5e34ce3e022c2581282513fc33f2647377c43958d9eacf3ba76c9c26cf1"
            ],
            "type": "XHR",
            "firstPartyCookies": {},
            "firstPartyCookiesSent": {},
            "exampleSites": [
                "techpulse.be",
                "www.bouwmaat.nl",
                "www.dailywire.com",
                "www.frankwatching.com",
                "www.siebeljuweliers.nl",
                "www.zamnesia.com",
                "www.zamnesia.nl"
            ]
        }
    ],
    "categories": [],
    "performance": {},
    "cookies": 0.000603,
    "types": {
        "Script": 9,
        "XHR": 7
    },
    "nameservers": [
        "wally.ns.cloudflare.com",
        "marek.ns.cloudflare.com"
    ]
}