{
    "domain": "yfetyg.com",
    "owner": {},
    "source": [
        "DuckDuckGo-NL"
    ],
    "prevalence": 0.00542,
    "sites": 54,
    "subdomains": [],
    "cnames": [],
    "fingerprinting": 0,
    "resources": [
        {
            "rule": "yfetyg\\.com\\/wnload",
            "cookies": 0,
            "fingerprinting": 0,
            "subdomains": [],
            "apis": {},
            "sites": 54,
            "prevalence": 0.00542,
            "cnames": [],
            "responseHashes": [
                "e4a74fa8c6e1f912b9539faa89dabd30c1e78d5614efcdbb76dc5a6476703caa",
                "c977fad2483c344200662a448a8344a2b7aaaec2714bd2fc57b0e2ca56e6551d",
                "b816f821aa27767d3f9a328e54005f348b6275f30a2950ab03f37392b5e534e6",
                "5c394004c6be67d4b7feeca0d4f81ef3e148a5d08f15f7ccc814bd940733b876",
                "acc6e0806ad89d3bdc73da13c6b2de1e90da83e9c63cd81637b4495b7b9d3e74",
                "3b9977a32ee9e76a0e5d8400de1778465a65d13b8691acee79838a718d604cb1",
                "3233b168e6c15c1d8e8c9f1baef92df13d9da60cec0c098d3795ece349af5d16",
                "fb21190bb8eba3e441da8659883a52a787acb07515d076abe449d0d138baaf06",
                "c167bb663e063f0bc2858283cad5f0a8d1205d1e1e0a6f1c8266192848e3d8a5",
                "e158f1b6ea2e35389b887252217920c11fa9a556ff4f9a6104c958cf73468ee7",
                "ed571c6861520204d851a4fc94dd5f4f481cc24288be7110f2f414f5e64fae56",
                "f222be8b5b0a77be0c68c52105f6b3900ede9e92084b0439880adc170694a2c9",
                "0f9b94e1f35f0919c57879dd1b7b032457864947e97d3248209e76ffb3322fb2",
                "9522ee09e9d97d7c7c27b6d823a1db2461c5572971f5afaa08d8cd9d28f1ee1a",
                "540b6198d182faa173166ef4a02640c7dd9c0a10e795fb9e403b4f72c0740eff",
                "dc0df2a73869abab6cc467decc87a00edc099ab789e2d89e08a818ae6519e514",
                "edb4d2507e7d2a7fc34fb2854e51f6f79b6ccaf8abf67a82300ea9fdc23fe3d0",
                "209758267bb1cda8b72d619b77d6f8e7c12727ce5c7bb994a82e58e1134f0dfc",
                "5eafc6120d17ef0a82ad30a531b151a391c2d4f21cedc30764caae9404f33d57",
                "991ee3fa2cf0c312dc561ea3259accedc001c7700ed15ab80dc0e179dca1852f",
                "171f98452fac7c47c4cb919b1c168df5229c35fde709ef220a1d3479de140ddd",
                "76fdddad139cbf364ed6441592c5b0e411e0b1a0e72821cae11e61ca539e2ee5",
                "3d99aee0a32b7896c875d8491d6e1dc10b6954aa142f5f108a4b774accab2e5c",
                "21438348da8d15853d601bf09ec2f923d2d5cf45208f526b8247cc9bb2ef5461",
                "d337b7eaf48a07583c3a20e25e3f7dd25f25a0dca0c4535a60ccf022c72cad37",
                "fa2bd5fbbe9791b3bf2b75330f79bb42ae12ddee1dfdec02e3382d3dcbfba5a8",
                "667dcd71e45e5e03bc5722eb4805a027e1fb8ece82ec6410509bb7888ac2184c",
                "a19a26b12b76f7ab9e9b3a7112b180b09c32055d354c9d731e14f2604909b410",
                "3384d8ab6fba1556066422c6a82f0970564cfa315298c615374d2d30d6958993",
                "5e18846c5e7e10e21dc1f5dcb6bebf4054bc8aaea4f4dbb98962d8a29017c1e7",
                "b677d6c46a5fd760d1f3fc61f1a61d20a5a282578957d77dacc6e386ae71b542",
                "2975b927f5a72d96b457ba5ce4c78ea4988b32fcc9722586d1218ba7baaaa57f",
                "8dfc37f5cf8a8f4b6915e555ef3dbb4fb9d00178355ea939131e069bb8955e95",
                "361225b2a902013244940213b1a827df81f991d69ef1c87162aa37d9232c268a",
                "318016ce4954860c6e1f5101f82d00d5112c1f0a542fb00dfe3eeda88a127f57",
                "bb6ccfde7841384666a9249617d5d4af971bcb0871ac88a7b0520faeedd7b285",
                "a0b259a040b8950c1e715905f5b1d18aec066077162ce38bed45108a7f445221",
                "acda8020d39c93d2095f54a37a78a140e5b04c7324dd44756b92e96fd1ab645b",
                "2a3dec042ba1488e145f7f40e0be7a2d56f29ebcb0c969b6327a7c420725b1b2",
                "2ca05d601b1510ef549cda6cbfc22d1daab89f1b2fa72ca5299260d932873752",
                "ded1fbd2430ed51c0aae7c7f95db512f7b9cd9d5c6408b13c7f3c72ebd4fba54",
                "6f33abc76207eacd51bdd6607498c21bcb17d367b05c27cce9889d15b8e630f5",
                "10a7599b0f1114e672a5f43916a3d06636900e33824867c858d15a77bbbe9d6e",
                "cc8fa928803f586eecbc3381130f420b9a13d9cc6b26a1841118864e3a878cec",
                "755cdab4ee3cb6c9b04e5a5c72287d63e4c9392b2d5d3942f926caf94852c0f8",
                "679bb1557eda355a0edd393e1ffd857dc76f27578bfb3d930eda63ce1a45e308",
                "e6f3b6914087394807892c25a0065f0fd7bf7615f5c0653d331c1cc47fe5151d",
                "0327e0223226cb1409b5b35662e640c37b80854e002059885eb5d460b69d6fcd",
                "d0b99e30cb08bc7f444c972a82356704cfae7a94120f138e6afc4be36d44a2f2",
                "e46c24a7e1ce7a37f2ae613236088266df16107aa2ed75baa7225d75a704ebdb",
                "100229eb753bcff1510ebb64bdb5c5bfee03fc6ed961d02029ac1fe584accca9",
                "b2c684792426ce063f997fb9eece67ab99d0f61bb4a2d58471899a0b31e3a987"
            ],
            "type": "Fetch",
            "firstPartyCookies": {},
            "firstPartyCookiesSent": {},
            "exampleSites": [
                "justpicsplease.com",
                "thefappeningblog.com",
                "www.homemoviestube.com",
                "milfzr.com",
                "goreforum.com",
                "vip.pornbraze.com",
                "pornone.com",
                "www.3rab-naar.com",
                "www.bestialitytaboo.tv",
                "shittytube.com",
                "www.bestialitysextaboo.com",
                "beastiality.tv",
                "mixrolik.ru",
                "nudostar.cc",
                "www.onlyanimalporn.com",
                "www.xpee.com",
                "www.darkcategories.com",
                "nudesleaked.net",
                "xnxx.news",
                "www.newarabsex.com"
            ]
        },
        {
            "rule": "yfetyg\\.com\\/wnrw",
            "cookies": 0,
            "fingerprinting": 0,
            "subdomains": [],
            "apis": {},
            "sites": 53,
            "prevalence": 0.00532,
            "cnames": [],
            "responseHashes": [],
            "type": "Fetch",
            "firstPartyCookies": {},
            "firstPartyCookiesSent": {},
            "exampleSites": [
                "justpicsplease.com",
                "thefappeningblog.com",
                "www.homemoviestube.com",
                "xnxx-films.com",
                "www.xmegadrive.com",
                "www.pornrewind.com",
                "www.mypornhere.com",
                "nudostar.com",
                "pornone.com",
                "fullxcinema.com",
                "milfzr.com",
                "severeporn.com",
                "leakedmodels.com",
                "www.bestialitysextaboo.com",
                "www.3rab-naar.com",
                "animalzoosex.world",
                "www.xxxsexxx.pro",
                "beastiality.tv",
                "www.spermyporn.com",
                "swingerpornfun.com"
            ]
        }
    ],
    "categories": [],
    "performance": {},
    "cookies": 0,
    "types": {
        "Fetch": 107
    },
    "nameservers": [
        "ns1.kiphost.ru",
        "ns2.kiphost.ru"
    ]
}